:020000040800F2
:1000000028450020AD54000859DE00089954000826
:10001000995400089954000899540008995400080C
:1000200000000000000000000000000079550008FA
:100030009954000800000000595700087D8000080E
:10004000D1570008D1570008D1570008D1570008F0
:10005000D1570008D1570008D1570008D1570008E0
:10006000D1570008D1570008D1570008D1570008D0
:10007000D1570008D1570008D1570008D1570008C0
:10008000D1570008D1570008D1570008D1570008B0
:10009000D1570008D1570008D1570008D1570008A0
:1000A000D1570008D1570008D1570008D157000890
:1000B000D1570008D1570008D1570008D157000880
:1000C000D1570008D1570008D1570008D157000870
:1000D000D1570008D1570008D1570008D157000860
:1000E000D1570008D1570008D1570008D157000850
:1000F000D1570008D1570008D1570008D157000840
:10010000D1570008D1570008D1570008D15700082F
:10011000D1570008D1570008D1570008D15700081F
:10012000D1570008D1570008D1570008D15700080F
:10013000D1570008D1570008D1570008D1570008FF
:10014000D1570008D1570008D1570008D1570008EF
:10015000D1570008D1570008D1570008D1570008DF
:0C016000D1570008D1570008D157000803
:1001700053B94AB9002908BF00281CBF4FF0FF310E
:100180004FF0FF3000F00CB8ADF1080C6DE904CE73
:1001900000F010F8DDF804E0DDE9022304B0704758
:1001A000704700BF034613F8012B002AFBD1181A31
:1001B000013870472DE9F0478C468E46089E15465B
:1001C00004461946002B40F0D080724547D9B2FA58
:1001D00082F74FB1C7F120030EFA07FCBD40BC40C7
:1001E00020FA03F343EA0C0C4FEA154EA8B2230C95
:1001F000BCFBFEF80EFB18CC08FB00F943EA0C43ED
:10020000994528D9EB1808F1FF3204D2994502D953
:10021000A8F102022B44A3EB0903A4B2B3FBFEFC3A
:100220000EFB1C330CFB00F044EA0344A04214D93B
:100230002C190CF1FF3304D2A04202D9ACF1020315
:100240002C44241A43EA02401EB1FC4000233460CF
:100250007360BDE8F0874246DDE76346F1E7002AB8
:1002600079D0B2FA82F3002B3FD01946C1F12003B6
:1002700002FA01F500FA01F42EFA03F20EFA01FE79
:1002800020FA03F3AFB243EA0E034FEA154EB2FB76
:10029000FEFC0EFB1C201A0C0CFB07F842EA004285
:1002A00090455AD9AA180CF1FF3004D2904502D9D2
:1002B000ACF102002A44A2EB08029BB2B2FBFEFCA6
:1002C0000EFB1C220CFB07F743EA02439F4246D970
:1002D000EB180CF1FF3204D29F4202D9ACF10202BA
:1002E0002B44DB1B42EA004202E0AEEB0203012298
:1002F0004FEA154EAFB2200CB3FBFEFC0EFB1C33D5
:100300000CFB07F840EA034398452AD9EB180CF197
:10031000FF3004D2984502D9ACF102002B44A3EB84
:100320000803A4B2B3FBFEFC0EFB1C330CFB07F767
:1003300044EA0344A74216D92C190CF1FF3304D226
:10034000A74202D9ACF102032C44E41B43EA00406B
:100350000F46114678E71F2188E76046ABE7624603
:10036000BFE76046DBE76346EFE7734506D916B99A
:10037000002108466DE7C6E9000EF9E7B3FA83F7F6
:1003800087B9734501D3824207D8841A6EEB030301
:1003900001209C461EB900215BE73846FAE7C6E912
:1003A000004CF8E7C7F1200CBB4000FA07F422FA32
:1003B0000CF520FA0CF1BA401D432EFA0CF30EFA9C
:1003C00007FE4FEA154941EA0E011FFA85FEB3FB0D
:1003D000F9F809FB18300B0C08FB0EFA43EA00434E
:1003E0009A4540D9EB1808F1FF3004D29A4502D95A
:1003F000A8F102002B44A3EB0A0389B2B3FBF9F87E
:1004000009FB183308FB0EFE41EA03418E452CD947
:10041000691808F1FF3304D28E4502D9A8F102030E
:10042000294443EA0040A1EB0E01A0FB029841459C
:10043000CE46434602D306D14C4504D20138B9EB2F
:10044000020E68EB0503002EA5D0B4EB0E0261EBA3
:10045000030101FA0CFC22FA07F3F9404CEA03030A
:10046000C6E9003197E74046C5E74346D9E70000B3
:100470002DE9F04F9BB002AF8D480EF048FB0028ED
:1004800000F092808B480EF042FB002800F08C8038
:10049000894D07F130040FCD0FC40FCD0FC495E87F
:1004A000070084E80700002407F1300555F8043BF5
:1004B00018680EF02CFB002876D001340B2CF5D1F7
:1004C0004FF480317D4800F011FB7D4904467D48A2
:1004D00000F00CFB4FF4B01104437B4800F006FB26
:1004E0004FF4B0110443794800F000FB4FF4D011F1
:1004F0000443774800F0FAFA4FF4B011044375480A
:1005000000F0F4FA4FF4D0110443734800F0EEFA0F
:100510004FF4D0110443714800F0E8FA70490443E5
:10052000704800F0E3FA4FF4D01104436E4800F035
:10053000DDFA4FF4B01104436C4800F0D7FA0443DD
:1005400032D16B4B6B4A6C4C53601023A56893609F
:10055000EB694BB3012220466649984720BBAD6941
:100560006268236905B31268D1060ED4634940F26C
:10057000A533634A63480CF0C4FF63480CF0C1FF25
:1005800040F2A5315E480CF0B3FF1B684FF0A0723B
:1005900013F0100F14BF4FF000734FF0806304216D
:1005A0002046A847064658B10121584A58480DF040
:1005B00048FA6FF0120420466437BD46BDE8F08F5C
:1005C0003B480121836807F13002FB605B68984774
:1005D000041EF0DBD7E90C4A41F28833A4FB03B2D6
:1005E00003FB0A234FF0FF39BB6058462EA3D3E923
:1005F0000023B968FFF7BCFDDFF81881BB68D94557
:1006000078EB0303054602D26FF08504D3E740F68A
:10061000C413A4FB03B403FB0A4423A3D3E90023BC
:1006200021465846FFF7A4FDD94578EB040403465C
:10063000EAD3854202D26FF01504BCE70096FA684F
:10064000012114681A482A46A04704460028B2D15E
:100650000321314A2E480DF0F4F940F2DC500CF041
:10066000A6FE224605212D4800F0F2FA0A200CF0E1
:100670009EFE01220521294800F0EAFA64200CF0D0
:1006800096FE27480EF043FA48B1204603F018FDC5
:10069000034620B10121234A1D480DF0DBF9002457
:1006A0004CE000BFAFF3008000CA9A3B000000009E
:1006B00018F0000834F000080CF40008C0F400083A
:1006C00010000100B0F40008B8F40008A8F4000815
:1006D000A0F4000898F4000890F4000888F40008DA
:1006E0002000010080F4000878F4000870F400088D
:1006F000450C0008F4170020C4EF000851FA000868
:10070000BEF8000828F900088FFA0008A1FA0008CE
:100710005CF30008FFC99A3BCAFA000870EF0008B2
:10072000FCEF0008E9FA00080121A64AA6480DF0EE
:1007300088F944F6206000210BF066FB00220821B6
:10074000A24800F085FA00220A21A04800F080FAB1
:1007500064200CF02CFE01220A219C4800F078FA5B
:100760004FF4FA700CF023FE02200CF025FE11204D
:100770000CF022FE964D0A200CF01EFE01202C707B
:1007800000F04AFB0028CFD000F002FB0321914A81
:100790008D480DF056F90CF002FE8F4E00F59C547A
:1007A00008348E4B1B7843B10CF0F9FD8C4B1B6861
:1007B000C01A1D2801D900F06DFC2B78EBB900F0B0
:1007C0008FFF03200CF0F3FD4FF00408DFF814A2B4
:1007D000DAF8243033B108F1FF3800F081FF18F067
:1007E000FF08F5D10CF0DBFD2B788046002B40F0A4
:1007F0000D81002000F054FA11E1C82200237A484C
:1008000009F0A6FF002840F0DA80042000F0ECF99F
:10081000F86007F069FD8246042000F0E5F98146A2
:100820000028D1D107F1140800F064FAC346002073
:1008300000F07CFA09F10109B9F11B0F08F8010B6E
:10084000F5D100F065FA07F04FFD07F04DFDA0EB84
:100850000A0ABAF5700F38BFF023644A38BFBAFBF2
:10086000F3FA13684FF0000103F10103136007F17D
:1008700038004FF0280228BF4FF6FF7A0EF038FA02
:100880005B4A3E631368591C11607B630CF087FD63
:100890004FF47A735843DBF80030B863BB871B0C06
:1008A00087F83E303B7D03F0F003A3F1C0025342D2
:1008B0005341FA680AB943F002034E4A1278042AF7
:1008C00065D143F0080387F83F3007F1400E07F188
:1008D000170307F12F08F446186859680833ACE885
:1008E00003004345E646F6D100234FF001082E21D0
:1008F00007F13000A7F858A087F85A8087F85B20E6
:10090000A7F85C300CF00FFDA7F85E0007F130008F
:1009100000F08CFC00284DD1374A13684344136023
:100920000CF03DFD354B1860404600F0B9F900234E
:100930003B61DFF8CCA050460EF0E9F800283FF408
:1009400043AFDAF808B0DBF85030002B3FF43CAF8F
:100950000421504607F11002984700287FF434AF75
:100960003B69002B3FF430AF804607F1300919F89E
:10097000011B5046DBF8043008F101089847B8F134
:10098000300FF4D11F4A1368013313601CE7032AA8
:1009900002D143F0100396E7012A08D822B143F0B0
:1009A000200343F080038EE743F06003F9E7022A57
:1009B000F7D088E7144A136801331360B7E700F0F3
:1009C0008FFE01E703FB00085CF3000854EF00080A
:1009D000B61B002032FB0008A55A01019E1B002017
:1009E000D0170020E806002014070020EC17002094
:1009F000F017002058060020E8170020D417002028
:100A0000FCEF0008E0170020E41700202A4B1B68C9
:100A1000002B3FF4EEAEC31A632B3FF6EAAEA8EB11
:100A20000408B8F1000FFFF6BCAE244BC7F800D0A5
:100A3000D3F800A0224B92B0D3F80090214B297834
:100A40001B6802AAFB60204B1B68BB601F4B1B6826
:100A50007B601F4B18681F4BB3F800801E4B93F848
:100A600000E01E4B93F800C01D4B1B7813640D2350
:100A7000C2F81C90D7F80C90DFF868B0C2F820904C
:100A8000D7F80890C2E905BAC2F82490D7F80490C4
:100A9000C2E90C18C2E90A90C2E90EEC42F8103F14
:100AA000002346F6C001104804F59C5402F090FA69
:100AB0000834D7F800D074E6D4170020EC170020D3
:100AC000E8170020E4170020E0170020DC170020C2
:100AD000D81700202C0600205806002057060020BA
:100AE000560600208AFB00085CF3000803460A460D
:100AF0002DE9F0411979DB880068134303F03002D7
:100B0000302A0669D0E901470ED12C4940F2F7336B
:100B10002B4A2C480CF0F5FC2B480CF0F2FC40F270
:100B2000F73127480CF0E4FC284A294D1A40AA4224
:100B30000CD1284940F2FB33214A22480CF0E1FC59
:100B400025480CF0DEFC40F2FB31EAE703F0060238
:100B5000042A09D1214940F2FE33194A19480CF000
:100B6000D0FC40F2FE31DCE7012513F4E01F18BF92
:100B700043F30002246818BF02F4402205FA01F58D
:100B800018BF5340254223F480120CD1144940F27F
:100B900011430B4A0B480CF0B4FC12480CF0B1FCAA
:100BA00040F21141BDE73468DB074CBF2C43AC4336
:100BB00034603B68BDE8F041184700BFEFF800081B
:100BC000BEF8000828F9000845F9000802000300F3
:100BD0000200010082F90008CFF900081EFA00089F
:100BE00051FA00088FFA000813B501248440104818
:100BF00043681B681C420ED10E4940F224630E4A22
:100C00000E480CF07EFC0E480CF07BFC40F2246198
:100C100009480CF06DFC836801A95B68984720B90E
:100C2000019B1C40201E18BF012002B010BD00BF58
:100C3000C4EF000851FA0008BEF8000828F90008BF
:100C40008FFA0008014809F007BD00BF1407002013
:100C5000012310B503FA01F143681B6819420ED154
:100C60000B4940F279630B4A0B480CF04AFC0B48E5
:100C70000CF047FC40F2796106480CF039FC22B1D7
:100C80008368DB68BDE81040184783681B69F9E793
:100C900051FA0008BEF8000828F900088FFA000889
:100CA00008B502460E4841680369096889070ED4F1
:100CB0000C4940F2A2630C4A0C480CF022FC0C4890
:100CC0000CF01FFC40F2A26107480CF011FC1B78ED
:100CD0000121C3F340035A40BDE80840FFF7B8BF05
:100CE000C4EF000851FA0008BEF8000828F900080F
:100CF0008FFA000808B5002202210448FFF7A8FF78
:100D0000BDE8084004200DF0F4BE00BFA8EF0008C5
:100D100008B504200DF0EDFEBDE8084001220221D7
:100D20000148FFF795BF00BFA8EF0008F8B50646D9
:100D300007250024012746FA05F20721134802F08F
:100D40000102FFF785FF01200DF0D3FE01220521EE
:100D50000E48FFF77DFF01200DF0CBFE0620FFF7C8
:100D600043FF0028C4BF07FA05F31C434FF00002FD
:100D70004FF005010548C8BFE4B2FFF769FF012045
:100D80000DF0B7FE013DD6D22046F8BDC4EF0008F5
:100D900010B50D4C2378ABB90C4B1B7893B10C48B4
:100DA00009F050FD012208210A48FFF751FF0220F7
:100DB0000CF0FDFA10200CF0FFFA08200CF0FCFA01
:100DC0000123237010BD00BFB61B0020B51B0020FF
:100DD0001407002054EF000810B50C4C0020FFF75A
:100DE0005FFF23788BB1002208210948FFF730FF0D
:100DF0000A200CF0E1FA11200CF0DEFA0023237037
:100E00000448BDE8104009F01DBD10BDB61B002010
:100E100054EF0008140700202DE9F74F954B0446C6
:100E20001D78002D40F02481DFF84C92022899F8BB
:100E3000007000F2F780914B1D783D40904B1B787D
:100E40001F40002C00F0FB80012C4FF0000B00F045
:100E5000F9804FF00008474600268A4B01201E709B
:100E6000894BDFF828A219780CF0B4FA042C14BFCF
:100E7000C021D12102200CF0ADFAEC2103200CF0AE
:100E8000A9FA524612F8011B99F800000901F04036
:100E9000C30701F0700106F105004CBF41EA0B01E8
:100EA00041F08101C0B2013600920CF093FA082E95
:100EB000009AE7D139460D200CF08CFA41460E20FD
:100EC0000CF088FA291E18BF0121042049000CF0FB
:100ED00081FA29460F200CF07DFA002110200CF039
:100EE00079FA002111200CF075FA022C8CBF002138
:100EF00001214B011946152000930CF06BFA644B4D
:100F0000022C99F800601C7000F29E805B4B1F78E9
:100F100037405B4B1B781E40002C00F0A480012C56
:100F20004FF0000800F0A28000252E4601200CF0B2
:100F300067FA554B1A78101A424242410220019238
:100F40000CF05EFA042C14BFC021D121441AD4F154
:100F5000000B4FF003004BEB040B0CF051FAEC28A4
:100F600014BF4FF0000B0BF0010B019A02EA0B04C7
:100F700000221AF801BB99F80010501DD1404FEA29
:100F80000B1BC9070BF0700BC0B24CBF4BEA080B30
:100F90004BF0810B01920CF033FA019A584514BFC3
:100FA000002404F001040132082AE2D10D200CF0E3
:100FB00027FA831B5E424FF00E005E410CF020FAD0
:100FC000A84214BF002606F0010604200CF018FA0F
:100FD0003B1E18BF0123B0EB430F4FF00F0004EA94
:100FE00006040CBF012600260CF00AFAB84214BF12
:100FF000002404F0010410200CF002FA002814BFB1
:10100000002404F0010415200CF0FAF9009A26409F
:10101000824214BF002006F001001A4B187003B082
:10102000BDE8F08F032807D004287FF407AF4FF006
:10103000050BA8462F460FE74FF0010B09E7A34623
:10104000B84609E7D84607E7032C4FF0000707D05A
:10105000042C7FF45EAF4FF005083D463E4665E741
:101060004FF0010860E7A04635465FE745465DE77B
:101070000020D4E7B61B002057060020B41B002038
:1010800056060020B51B0020590600204E06002001
:101090005806002037B5124C2378FBB10025114AC1
:1010A0001046D5540DF02CFE431E172B257015D875
:1010B0000D4B1B7893B90DF10701C0B20CF04DF93F
:1010C00060B108229DF8071008480DF011FE084B8A
:1010D000187803B0BDE83040FFF79EBE03B030BDC6
:1010E0009E1B00209F1B0020B61B00204E060020E8
:1010F00058060020BC2330B58FB08DF80430FF2394
:101100008DF807306FF07F4302933E4B8DF805005A
:101110001B788DF806108DF80C3000238DF80D30FB
:10112000394B1B788DF80E30384B1B7893B9AA28B1
:101130003CD101200CF064F9354B8DF807001B8879
:10114000ADF80830334B1878334B8DF80A001B7814
:101150008DF80D3001AB0B2100251C4613F8012B37
:10116000013911F0FF0185EA0205F7D11A220DF1CC
:101170001D000DF0BDFD0C238DF8103023468DF8B9
:101180000F5003CBCDF811001868CDF81510CDF82D
:10119000190000220023214804A90DF0CBFC18B946
:1011A0001F4A1368013313600FB030BDA92811D155
:1011B0001C4B0F201B788DF807300CF021F98DF8AF
:1011C000080010200CF01CF98DF8090004200CF028
:1011D00017F9B9E7A72812D101F00701481D0CF053
:1011E0000FF98DF807000D200CF00AF98DF80800B2
:1011F0000E200CF005F98DF809001520E7E70A4BE1
:101200001878EEE75806002057060020B61B00208D
:101210002C060020B71B0020B51B0020E80600208C
:10122000D8170020B41B0020560600202DE9F04FEF
:10123000302406469BB00EAD2246002128460DF014
:1012400057FDCDE90464CDE90654012404AB0893AD
:10125000002206AB0921A348CDE90A340994FFF71F
:10126000F7FCA148A149836808AA1E680AABB047E9
:101270000646224609219B48FFF7EAFC86BB9DF8FB
:101280003830C32B2CD19DF839303C2B28D19DF818
:101290003A30A34224D19DF83E70262F20D8FC1D61
:1012A000214628460CF03FF807F168036B4413F819
:1012B000282C07F16F030DEB030414F8303C43EACC
:1012C000022383420CD19DF83B30012B08D1B0465C
:1012D0000DF13E03DFF818A2864C0193B84503D305
:1012E00030461BB0BDE8F08FDAF800300133CAF8A1
:1012F0000030019B13F8015F019323780C2B0BD86E
:101300009BB1013B0B2B10D8DFE803F07A7E0F0F67
:101310000F0F0F0F0F94989C282B34D01AD8142B32
:1013200000F086801E2B00F0C480AA2D0FD8A42DBB
:1013300000F2CE80392D00F27E812F2D00F29881AF
:10134000202D04D000F26C810A2D00F2F380FFF70B
:10135000A1FE52E0322BE8D1022D11D8664B33F8B2
:101360001590FFF739FD654B654AA3F80090C5F16C
:1013700096031370634B1D70634B1878FFF74CFD99
:101380002946AA2052E0DFF88491DFF884B199F869
:101390000020531CDBB20C2B89F800300BF80250F4
:1013A0002BD15C4B1D78FDB90BF103030CAA13F88C
:1013B000010F5119CDE902330BF0CFFFA0B1013578
:1013C000082D029BF3D19BF8013053490B709BF819
:1013D00002100B4051490B70514B03CA1860596001
:1013E000494B1878FFF718FDA5209BF80110FFF76F
:1013F00081FE002389F80030237008F101086DE7B1
:10140000484B1D700223F7E7464B1B780D2B0FD17D
:10141000404B1B7863B9404B404A1B782B401370FC
:10142000394B1878FFF7F8FC2946A620FFF762FE33
:101430000023E1E73C4B1D700B23DDE73B4B1D70A8
:101440000C23D9E7334BDFF8E0901B786BBB99F89E
:101450000020072A29D8354B0CA918780BF07DFFFE
:1014600018B301239DF830002D49DFF8B0C088542F
:101470002948934015F0010F02789CF80010DBB268
:1014800008D005F003051A43032D027006D021EAA7
:10149000030104E022EA03020270F8E719431A4B41
:1014A0008CF800101878FFF7B7FCA72099F8001007
:1014B000BCE7184B1B7843B9174B1D4A1B782B40D0
:1014C0001370114B1878FFF7A7FC2946A920ADE748
:1014D000A63D042D00F2B180DFE805F0B6BABEC229
:1014E000C60000BFA8EF000834F0000854F400085C
:1014F000DC170020B31B0020B8F800082C060020E1
:1015000059060020B71B002058060020A31B00200E
:10151000A41B0020B61B0020570600205606002002
:101520004E060020B21B0020B11B0020B01B002083
:10153000B41B00200D2D3FF40AAFFFF7ABFD423D79
:10154000EBB2322B3FF659AF322D3FF656AF01A327
:1015500053F825F091160008FB130008FB13000850
:101560002F160008FB130008FB130008FB130008EC
:10157000FB130008FB130008FB130008FB13000813
:101580002F1600089D160008A11600082F16000847
:10159000A5160008AD16000897160008A916000841
:1015A000FB130008FB130008FB130008FB130008E3
:1015B000FB130008FB130008FB130008FB130008D3
:1015C000FB130008FB130008FB130008FB130008C3
:1015D000FB13000891160008FB130008FB1300081A
:1015E0002F160008FB130008FB130008FB1300086C
:1015F000FB130008FB130008FB130008FB13000893
:101600002F1600089D160008A11600082F160008C6
:10161000A5160008AD16000897160008A9160008C0
:101620002C2D3FF494AEFFF735FD2A2D87D10120F4
:10163000FFF7F2FBE1E63B2D7DE7FFF72BFD0022F4
:101640001F4B1A702823D7E6FFF724FD0123D3E6AA
:10165000FFF720FD0A23CFE6FFF71CFD1423CBE69E
:10166000FFF718FD1E23C7E6FFF714FD3223C3E67C
:10167000144B1A78022A08D8511C1970124B9D5429
:101680000BF08DFE114B1860B7E600221A70B4E61D
:10169000FFF77EFBB1E6FFF79FFBAEE60020C7E752
:1016A0000220C5E70320C3E70420C1E70023084A5E
:1016B0001360084A1360084A1360084A13609CE6E6
:1016C000A31B00209E1B00209F1B0020D017002082
:1016D000E0170020E4170020E8170020EC17002096
:1016E00030B597B0302200210AA80DF001FB00228E
:1016F00000236946234808F00FFD23490A88531C3C
:101700009BB20B8068BB9DF80040262C1FD81F4B56
:10171000ADF82C200A938DF82E4034B122460DF1FD
:1017200001010DF12F000DF0D6FAE51D29460AA89A
:101730000BF0F9FD04F15F030DEB030504F1580311
:1017400005F8300C0DEB0304000A04F8280C0AA875
:10175000FFF76CFD18B10E4A13680133136017B020
:1017600030BD0C4B07210A9300230AA8ADF82C20AA
:101770008DF82E300BF0D7FD8DF82F00000A8DF874
:101780003000E4E7E80600209C1B0020C33C010277
:10179000E4170020C33C01032DE9F84F04460BF089
:1017A00045FEB0FA80F0C0F11F0004EB8006D6F8C9
:1017B0001090CD0005F1040A0B4606358FB2B9F141
:1017C000000F0AD10121E26881400A43E2603361DF
:1017D00024F80A706753BDE8F88F4FEAC90604364B
:1017E00034F806B04FEACB0808F1060834F80830A0
:1017F00099450CD001210A4A0A480CF022F900232D
:1018000083F31188BFF36F8F0423184602DF24F897
:101810000AB024F8059024F80870A753DBE700BF4E
:10182000F2FB00089CF30008B2F5802F2DE9F84385
:101830000ED33E494FF437733D4A3E480BF061FEEC
:101840003D480BF05EFE4FF4377139480BF050FE07
:10185000042A0CD8394940F2E323354A35480BF0C5
:1018600050FE37480BF04DFE40F2E321EDE7043A1D
:10187000CD1D114425F0070521F00706A6EB05084C
:10188000B8F1170F4FEAD8070CD82E494FF43B7325
:10189000274A28480BF035FE29480BF032FE4FF45A
:1018A0003B71D2E7B7FA87F44FF00009C4F1200288
:1018B000C4F12404A4000734E408631CBB4205609F
:1018C000AF60C5F80C900CD91F4940F20233184A9A
:1018D00018480BF016FE1A480BF013FE40F20231C6
:1018E000B3E74946920005F110000DF001FAA2B2EB
:1018F000530043F001036B803B1B9BB205EBC4011B
:101900005800A5F80090488025F83420A6F80290E9
:1019100025F8083005EBC7035A88214642F001023A
:101920005A802846BDE8F843FFF736BF71FC00082F
:1019300016FC000828F9000887FC00089EFC000837
:10194000BFFC0008D8FC000801FD00082DE9F04F9D
:1019500091B0009302F004030293C2F3C203013377
:10196000840705460E46DDF868A00392059340F013
:10197000C781041D002837D101F00706341DC6F1C8
:101980000806009B4FF0000804275A1E4FF0FF3353
:10199000C1460193C3463B46CDF810800DB1009976
:1019A00021600598002800F3C08094480099814286
:1019B00003D393488142C0F0B8800399601B11F0B3
:1019C000020C40F0CB80B9F10F0F40F2CA808D4974
:1019D00040F281238C4A8D480BF093FD8C480BF02C
:1019E00090FD40F28121B6E00729CAD86FF01B00B4
:1019F00011B0BDE8F08F7A285AD84B280FD8472865
:101A000056D829282DD825284FD051D8202818BF9E
:101A100023280CBF4FF0010B4FF0000B6EE04C3849
:101A20002E2845D8DFE800F06A4444444444444446
:101A30004444444447444444444444444454444750
:101A4000475454546A4768446A4418471844447CCD
:101A50007A47444447447A0000204FF0000B0427A3
:101A600034E001212A38C0B201FA00F010EA0E0F6A
:101A700044D110F0625C2BD110EA010B3ED06046DD
:101A8000013C3C44B4FBF7F47C4325B1A3EB050CCB
:101A9000A444B445AAD8002800F0978005990139DC
:101AA00005915AF8041B009178E7019901390191D9
:101AB0004FF0000B22E012F8010C6C2832D100200C
:101AC00012F8023C83466C2BC9D108273B46D7E766
:101AD0000AF1070A2AF0070A073424F00704FAE893
:101AE00002BC35B106982044B0423FF67FAFC4E94E
:101AF00000BC4FF0000B083408273B4612F8010FDA
:101B0000002800F08980BBF1000F7FF474AF252816
:101B1000F4D14FF0010B019B013301930427ECE753
:101B200058469AE700208346AAE7039988072FD5ED
:101B30004FF0010C601BB0F5007FFFF444AF31495A
:101B40004FF41F73304A31480BF0DBFC31480BF087
:101B5000D8FC4FF41F712C480BF0CAFC4FF0000C5E
:101B6000E9E705B309F140010DEB010E0199C0F35E
:101B700087000EF8200C0EF8101CBCF1000F0ED0E0
:101B800060F07F000EF8200C08F1010809F101094E
:101B9000C5F108014FF6DA7E04340691AEE70498E9
:101BA00001300490F2E7BCF1000F01D00136EDE7FF
:101BB000029802360028E9D10098CDE90632FEF7F6
:101BC000F1FADDE906320644E0E7042B08D10AF118
:101BD000040015B1DAF800102160824604348DE764
:101BE0000AF1070323F0070303F1080A1DB1D3E943
:101BF0000001C4E90001082308347FE7E4ED000890
:101C000048260108621A010834FD000828F9000876
:101C100083FD000862FD0008631BB3F5806F0CD3E1
:101C2000394940F2D223394A39480BF06AFC394825
:101C30000BF067FC40F2D2218DE71DB9A6F1080434
:101C4000E018D5E6029A9B0828602B709DF81030AA
:101C5000BAB1EB7085F80280B8F1000F05D0002210
:101C600008A8C5F1010791450DD14FF0000AC5F153
:101C7000010308AF01930DF1300BD14512D1601B68
:101C8000B6E66B70E6E710F8013B190608D507EBDE
:101C9000040CB44503F07F033FF6A8AE04F8013B03
:101CA0000132E0E7B8F1000F03D097F90020002AD5
:101CB00016DB029BC3B11AF80B2004F8012B00229B
:101CC000019B18191044B0423FF690AE3878009945
:101CD00004F8010B204603920CF0FDFF039A144414
:101CE0000AF1010A0137C8E73A7855F82230009323
:101CF000029B009845F82230FEF754FA421CDFE7B9
:101D00006FF00D0074E600BF621A010834FD000890
:101D100028F900089DFD00082DE9F04F95B000AFAF
:101D20008A460546C7E9083258B99A4940F29933BC
:101D3000994A9A480BF0E5FB40F2993196480BF02E
:101D4000D7FB49B903784678807800EB83002844B4
:101D5000564521D8A0EB050ABB6F95F8028003F029
:101D60000103BC6F3B61EB78B8F1000F0CBF00249E
:101D700004F00104FB6113B1BB6F9A0715D4A4B939
:101D80007B6A1BB1514628463A6A98475646304608
:101D90005437BD46BDE8F08F441C2046FEF702FADA
:101DA000013020440AF1010AD2E7BB6FC3F3C0033C
:101DB0007B612B78FB609B007B606B68BB60FB6882
:101DC00005EB830B7B6A002B71D15646D844ACB12E
:101DD0001C461BF8013B55F82300FEF7E3F9FB6FA7
:101DE00001303BB1D7F88030A34282BFFB6F23F8AC
:101DF00014000134C3450644EBD1D846BB6F4FF005
:101E0000000913F0050F0CBF4FF0020B4FF0010B50
:101E1000FB699945BBD298F8013008F1020855F8E2
:101E200023A05F4B9A45C0F080815E4B7A699A454A
:101E30002CBF002301230AB318F8021CB8687B6288
:101E40000BF02AFB7B6AC8B1EA468AB06A46564B59
:101E50000593BB68CDE906314FF40073ADF820302F
:101E6000524B42F8103F00234FF41251504801F0FA
:101E7000AFF8D546023E09F10109C9E723B13B6934
:101E80002BB9A6EB0B06F6E7BB6F9B07F3D55046C5
:101E9000FEF788F9FB6F43B1D7F880309C423FBF13
:101EA000FA6F431C22F8143001340644E3E7002C97
:101EB00065D1B8F1000F68D0BB6F580768D5C1462F
:101EC00007F14000424659460CF005FF0BEB0803B2
:101ED000BB610023334AF9698B426BD3BA6F95F823
:101EE00001B03969920704EB0B0348BF0022DBB253
:101EF00058BF4FEA5902002940F0E180B96F11F054
:101F0000040F14BF494600216B70A970EA7028467F
:101F10003A6A79687B6A9847061EFFF638AFFB6815
:101F200049462B70FB693A6AEB7085F801B07B6A11
:101F300085F8028007F140009847B0F10009C0F22F
:101F4000F0807B68FA69B86903EB420141443A6A60
:101F50007B6AAAEB010198470028C0F2E4804FF0A9
:101F6000000BB14409EB000607F1300AA345C0F0AD
:101F7000A88000213A6A08467B6A984707E74446EA
:101F80004FF0000907F130009CE74446C1469DE749
:101F9000A1469BE7B4FD000834FD000828F90008BD
:101FA000E4ED000848260108CFFD00080400000108
:101FB0006CF30008B869DFF88CC110F8021B10F848
:101FC000016CB86155F826006045C0F0B4809042BD
:101FD00078692CBF4FF0000B4FF0010B30B1B8689F
:101FE0003B600BF059FA3B68574A60BBBBF1000FEE
:101FF0002BD0396959B10F2C36D9544940F243439B
:10200000534A54480BF07DFA40F2434196E6B96FCB
:10201000490718D5B9F10F0F09D94F4940F2464386
:102020004B4A4C480BF06DFA40F2464186E609F106
:10203000280007F1280C09F1010100EB0C0909F84F
:10204000106C5FFA81F9013345E7B86F800715D549
:102050000F2C09D93D4940F24D433D4A3D480BF014
:1020600050FA40F24D4169E6611C04F1280007F185
:102070002804041904F8206CCCB2E4E7B9F10F0F7E
:1020800009D935494FF48A63314A32480BF039FA9D
:102090004FF48A6152E609F1280C07F1280EF44446
:1020A00009F101000CF8101C07F1500109F10209B7
:1020B00051FA80F05FFA89F900F8106CC3E700214B
:1020C00022E71BF80A3055F8239087F82F30FB6F72
:1020D00023B3D7F880309B4520D2FB6F33F81B80A9
:1020E00001213A6A7B6A07F12F00984700281ADB22
:1020F0000644B8F1000F06D14846FEF753F800F148
:1021000001081FFA88F8414648463A6A7B6A9847B0
:10211000002808DB06440BF1010B27E74FF000080D
:10212000DEE74E4633E6064631E67B69002B3FF498
:10213000ABAE002380E67869002886D04FF0000B14
:102140004DE700BFE4ED00084826010872FE0008D4
:1021500034FD000828F9000891FE000880B5054606
:102160000E461746984609F0DBFE034603F042FB95
:10217000DFF83C90044649F8003042463946304684
:10218000A8470C4B1B7873B90B4940F246330B4AF6
:102190000B480BF0B6F90B480BF0B3F940F246319F
:1021A00006480BF0A5F954F8090003F0BFFA00BF88
:1021B00008000000E01B0020EDFE0008C2FE000841
:1021C00028F9000800FF000838B50D460446202213
:1021D00000210CF08DFD0022EB68E361AB68A36188
:1021E0002B6823626B68A26263622A6923B1591E5D
:1021F000194208BF42F0010222610122002104F1CC
:102200002C000CF0A6FC48B1054906482F23064ACD
:102210000BF077F92F2104480BF06AF938BD00BFA5
:1022200048FF000828F9000822FF00082DE9F04FB8
:10223000002789B0CDE90123436A04468B428846D2
:10224000BA460597079754D300F11406EFF31185AA
:10225000102383F31288BFF36F8F3046A9460AF02C
:10226000DDF858B984234D4A4D494E480BF049F9E1
:1022700031464D480BF045F9842163E030460AF0C1
:10228000F1F8079A2AB1394620460BF020FA0023CC
:10229000079306A920460BF041F90699834641456C
:1022A00030D32268236A204613F8221003EB820AF7
:1022B00021F0030103F82210216842460BF052F985
:1022C000E3682060984218D04FF0000B30460AF0C7
:1022D000B3F850B389F31188BFF36F8F059929B113
:1022E000A2690AB12046904700230593BBF1000F75
:1022F000ACD1504609B0BDE8F08F236943F0080324
:102300002361E1E718B120460BF046F9DEE7DDE98D
:102310000132134339D003910CF049FC0399A0BB5F
:102320009DBB30460AF088F878B94FF499731B4A80
:102330001E491C480BF0E5F831461D480BF0E1F84A
:102340004FF4997115480BF0D3F885F31188BFF35A
:102350006F8F04F12C00DDE9012308F0F9F98346C1
:10236000EFF31189102383F31288BFF36F8F304688
:102370000AF054F800283FF475AFBBFA8BFB3046E7
:102380000AF070F84FEA5B1BA0E7204607AB05AAEE
:1023900027680BF020F9834698E700BF51FF00083B
:1023A0007EFF000828F9000893FF0008A9FF000835
:1023B000C0FF00082DE9F0410446C36908460E46F7
:1023C000984704F114050746EFF31188102383F3AF
:1023D0001288BFF36F8F28460AF020F868B984236B
:1023E0001A4A1B491B480BF08CF829461A480BF077
:1023F00088F8842115480BF07BF828460AF032F85B
:1024000033783A4643F001033370616820460BF09D
:10241000A9F8606020460BF075F928460AF00CF820
:1024200068B94FF49973094A0C490A480BF069F8E6
:1024300029460B480BF065F84FF49971DAE788F3F9
:102440001188BFF36F8FBDE8F08100BF51FF000816
:102450007EFF000828F9000893FF0008A9FF000884
:10246000C0FF00082DE9F0470446002700F11406DC
:10247000EFF31188102383F31288BFF36F8F304678
:1024800009F0CCFF054668B98423394A39493A48EE
:102490000BF037F8314639480BF033F884213448D3
:1024A0000BF026F8304609F0DDFF2369A168180714
:1024B00002D463688B4200D2636A5B1A002B41D05E
:1024C000206A10F8213000EB810913F003023CD0A0
:1024D000022A04D150F821205FEA920A05D1DA07D6
:1024E00020D44846E36998478246A1685246204670
:1024F0000BF038F85146A06020460BF041F82F460B
:10250000304609F099FF10BB4FF49973184A1C49E3
:1025100019480AF0F6FF31461A480AF0F2FF4FF464
:102520009971BCE743F0020300F82130E3694846A3
:10253000A56898472946024620460BF013F8002567
:10254000A060DDE71D46A946DAE71546FBE788F3FC
:102550001188BFF36F8F002D8AD137B1B9F1000F09
:1025600003D104F12C0008F077F84846BDE8F08765
:1025700051FF00087EFF000828F9000893FF0008BB
:10258000A9FF0008C0FF00082DE9F0410446C36917
:1025900008460D46984704F114060746EFF31188E4
:1025A000102383F31288BFF36F8F304609F036FF94
:1025B00068B98423274A284928480AF0A2FF3146EF
:1025C00027480AF09EFF842122480AF091FF3046F6
:1025D00009F048FF2B7823F001032B7023699B0738
:1025E00005D5E268236A03EB82039D4222D12B7852
:1025F00023F002032B70D4E90231994204D13A4608
:1026000020460AF0AFFFA060394620460AF0B8FF26
:10261000304609F011FF90B94FF499730D4A1149F2
:102620000E480AF06EFF31460F480AF06AFF4FF479
:102630009971C9E72B6867F39F032B60E8E788F37C
:102640001188BFF36F8F04F12C00BDE8F04108F052
:1026500003B800BF51FF00087EFF000828F90008FA
:1026600093FF0008A9FF0008C0FF000870B50446EA
:1026700000F11405EFF31186102383F31288BFF3E2
:102680006F8F284609F0CAFE68B984231A4A1B498D
:102690001B480AF036FF29461A480AF032FF842107
:1026A00015480AF025FF284609F0DCFE2369A068DA
:1026B0001B0702D46368834213D2646A241A284633
:1026C00009F0BAFE78B94FF499730B4A0E490C48D9
:1026D0000AF017FF29460D480AF013FF4FF49971CD
:1026E000DEE71C1AEBE786F31188BFF36F8F201E1D
:1026F00018BF012070BD00BF51FF00087EFF000819
:1027000028F9000893FF0008A9FF0008C0FF00088F
:102710002DE9F34106460F4615464FF000082A46BC
:10272000304601A90BF013F8044640B10246394681
:1027300001980CF0D0FA2D1BA0442744EFD142465B
:102740003046311D0BF021F848B1074907484823AE
:10275000074A0AF0D6FE482105480AF0C9FE40465D
:1027600002B0BDE8F08100BF48FF000828F900086A
:10277000E0FF00082DE9F34107460E4615464FF0ED
:1027800000082A46384601A90AF0F0FF044648B17D
:102790002EB10246019930460CF09DFA26442D1BBD
:1027A000A044EED14246384607F10A010AF0EDFF97
:1027B00048B1074907486323074A0AF0A2FE63218C
:1027C00005480AF095FE404602B0BDE8F08100BF22
:1027D00048FF000828F90008E0FF000800200A4B25
:1027E00082B0D3F8882042F00102C3F88820D3F8E1
:1027F0008830064A03F001030193019B536843F0BC
:102800000203536002B07047000C024400400244CF
:1028100008B5416805480C3183681B681BB19847AF
:1028200000EAE07008BD6FF05700F9E7ACEE000871
:10283000192810B502D90024204610BD044B53F8C6
:10284000204020460CF063F90028F5D1F3E700BFE3
:102850007CF5000808B504F007F9024B024A1A603B
:1028600008BD00BF1C0600200048E80108B558B9A3
:102870000749084840F23513074A0AF042FE40F281
:10288000351105480AF034FE4368587908BD00BF89
:10289000D900010828F90008A100010810B548B9BD
:1028A00008490948A023094A0AF02BFEA02107483D
:1028B0000AF01EFE03681B6913B1BDE810401847FB
:1028C000184610BDD900010828F90008A100010828
:1028D0002DE9F843044606460127DFF8408094FAC4
:1028E000A4F5B5FA85F507FA05F308EB05156FEAC7
:1028F000030924EA03042B7B5BB12846FFF7CEFFD4
:1029000038B96B6804222846196806EA09060BF0F4
:1029100028F8002CE3D13046BDE8F883FCF300082A
:1029200010B5002288B00E490E480CF0BDF9002207
:1029300000230024CDE906230E234FF40062CDE9E5
:102940000334CDE90144084B08490094084808F0D5
:10295000D9FB084906480CF030F9204608B010BDF4
:10296000552A0008B00C00208D2D0008E81B00201F
:1029700028080020F00001082DE9F047DFF8B490A6
:102980002D4C8046A9EB04038F2B0F460BD92B4906
:1029900040F253132A4A2B480AF0B3FD40F2531178
:1029A00027480AF0A5FD28480AF0B7FF064660B39D
:1029B00000252846BDE8F087237B8BB12368DB68C0
:1029C0000BB1204698476368204683F806A0FFF7BE
:1029D00065FFB0B963680422204619680AF0C1FF98
:1029E000013610344C4514D9184940F25F13144A8B
:1029F00014480AF086FD16480AF083FD40F25F1184
:102A0000CEE70AFA06F31D43EAE705464FF0010A4E
:102A1000E8E7D1D3B8F1000FCBD0002DC8D02846BD
:102A2000FFF756FF0546002FF7D00021642009F07C
:102A3000EBF9F2E70CF40008FCF3000825010108AB
:102A4000F800010828F90008A41800205501010821
:102A500076010108014807F0FFBD00BF24070020F0
:102A6000014B53F820007047F8F5000808B50346FD
:102A700008462BB1044A136000F08CFD002008BD0D
:102A80006FF01500FBE700BF7005002010B5044C87
:102A9000237813B9034807F0DFFD0123237010BD2D
:102AA000B81B00202407002010B5044609480AF08E
:102AB00034FF3CB1084BD3E8EF1F0139C3E8E21FF4
:102AC000002AF8D105480AF097F8BDE810400448FC
:102AD00007F0C2BD9C180020A0180020B00C0020F8
:102AE000240700200022044BD3E8EF0FC3E8E12FB6
:102AF0000029F9D1704700BF9C18002070B5FFF77E
:102B0000F1FF0546104C114EB4421AD9104940F25B
:102B10001623104A10480AF0F4FC10480AF0F1FCA1
:102B200040F216210B480AF0E3FC2046FFF79EFE18
:102B300028B123685B6813B12946204698471034B2
:102B4000E2E7F2D370BD00BFFCF300080CF400080C
:102B500055010108F800010828F90008760101086C
:102B600010B5044C04492046FFF72EFB034B1C60B4
:102B700010BD00BF7C060020E4F50008901800207E
:102B80000023154A10B51370144A4FF47A7113607C
:102B9000134A14481360FFF769FFFFF7E1FF124B78
:102BA000124918468B4215D9114940F22B13114A8C
:102BB00011480AF0A6FC11480AF0A3FC40F22B11C0
:102BC0000C480AF095FC1A1A5C6812110132227145
:102BD0001033E7E7F7D310BDB91B00209C18002085
:102BE000A01800202DD90008FCF300080CF4000800
:102BF00055010108F800010828F9000876010108CC
:102C00000146002200230148FFF710BB7C0600208C
:102C10000148FFF727BC00BF7C060020024B01469D
:102C20001868FFF7B1BC00BF901800200148FFF7FB
:102C30001DBD00BF7C06002070B52D4B1B78002BFE
:102C400054D0FFF7E5FF044600283FD1294B2A4D19
:102C50001B68002B12DD0CF025F80A220023FDF77B
:102C600087FAD5E90032C01A40F2E93361EB02017C
:102C7000984271F1000101D3FFF740FFD5E900321E
:102C800013F57A7342F10002C5E9003274B3BDE86E
:102C90007040FFF7CBBF2846FFF7E8FD20B12B6857
:102CA000214628461B6898471035B54211D913496B
:102CB00040F20A23124A13480AF023FC12480AF091
:102CC00020FC40F20A210E480AF012FC0F4D104E73
:102CD000EBE7E0D32046FFF7A1FF0E4BD3E8EF1F51
:102CE0000139C3E8E21F002AB0D0F7E7002070BD29
:102CF000B81B00209C180020A80C002055010108DA
:102D0000F800010828F9000876010108FCF3000822
:102D10000CF40008A018002070B5154D297831BBBF
:102D20000120FFF729FE134C134EB44218D9134962
:102D300040F2CF13124A13480AF0E3FB12480AF09C
:102D4000E0FB40F2CF110E480AF0D2FB2046FFF71D
:102D50008DFD18B1236820469B6898471034E4E73E
:102D6000F4D3FFF769FF0028FBD101232B7070BD5E
:102D7000B91B0020FCF300080CF400085501010801
:102D8000F800010828F90008760101082DE9F84348
:102D9000374F384BFB1A1B090AD137494FF46F7371
:102DA000364A37480AF0ADFB4FF46F71334819E0EB
:102DB00000210846FFF7E0FD0446A8B14FF4FA7879
:102DC0004FF000092F4B1B789BB92F4940F2463337
:102DD0002E4A2B480AF095FB2D480AF092FB40F250
:102DE00046312A480AF084FB4FF0FF384FF0FF3994
:102DF000E8E702F0FFFC274B274A1B58136033B16A
:102E0000264B1B68092B02DD254807F025FC002511
:102E100044B12046FFF75CFD044618B94FF0FF3877
:102E20004FF0FF39FFF708FF064628B935B91C48AF
:102E300042464B4607F08CFC3546E9E70D4D08E06D
:102E4000F5D22B689B691BB1002228461146984792
:102E50001035BD42F4D913494FF46C73074A084842
:102E60000AF04FFB10480AF04CFB4FF46C719DE7E1
:102E70000CF40008FCF3000895010108F8000108B3
:102E800028F90008E01B0020EDFE0008C2FE000843
:102E900000FF00080800000098180020A01800207B
:102EA00024070020550101087601010813B52C48BC
:102EB0000AF033FD2B4B1B78002B35D0EFF3118438
:102EC000102383F31288BFF36F8F274809F0A6FA07
:102ED00068B98423254A264926480AF012FB22496C
:102EE00025480AF00EFB842120480AF001FB1E4809
:102EF00009F0B8FAFFF7A0FE1B4809F09DFA68B97F
:102F00004FF49973194A1D491A480AF0FAFA1649FA
:102F10001B480AF0F6FA4FF49971E5E784F311883B
:102F2000BFF36F8F02B010BD164B1B68002BF9D09A
:102F300050B9002200231448CDE9002342F2107258
:102F4000002309F0EBFDEDE70928EBD10E4809F06D
:102F500053FE0E4802B0BDE8104007F07DBB00BF35
:102F6000A0180020B91B00209418002051FF000871
:102F70007EFF000828F9000893FF0008A9FF000859
:102F8000C0FF000898180020B00C00202407002083
:102F900010B5064B04461B6898472146A0600448BC
:102FA000FFF708FABDE81040FFF780BF700500206A
:102FB0007C060020044A054B9B1AB1EBD30F34BFAB
:102FC00052F83100002070475CF30008FCF3000861
:102FD0002DE9F04F8FB0C1F34A2604AF0D4690465D
:102FE000B8607B600C0D002E66D04FF000090A23FC
:102FF0004FF0040B07F1140AFE60C7E90799C7F800
:1030000024900093CDF808B0CDF804A007F11C037C
:103010004A464046F968FEF77FFEB0F5006F03466A
:103020001CD36C468AB0D8F8041004AB2B481A465F
:10303000C3E9050140F2FF71D9614FF400711984B1
:10304000274B42F8103F4FF412514B462548FFF7EB
:10305000BFFFA5462C37BD46BDE8F08FC0F30A067A
:1030600004F11700184420F0070080083B60FFF7C8
:10307000C7FD66F35325044630B33B6800F11001E9
:10308000C7E908390A23F961CDE901AB009340464D
:10309000154AF96807F11C03FEF73EFE002813DA13
:1030A0001249134840F24913124A0AF02AFA40F230
:1030B000491110480AF01CFA04F1170020F007002B
:1030C0008008FFF79DFD044666F353252A462046F7
:1030D0007B68B9680AF065FCBCE700BFBE01010867
:1030E000040000017CF3000875D900082A020108D9
:1030F00028F90008FD0101082DE9F04F87B00546C9
:10310000DDE9106BDDE9127A8846144699462FB343
:103110003B465A4610210020CDF800A0CDF814A05F
:10312000FEF714FC00280BDA27494FF4B473274A42
:1031300027480AF0E6F94FF4B47124480AF0D8F9A8
:10314000B0F5006F01460BD340F2FF730221214A14
:10315000214807B0BDE8F04F0AF07CBC394638463C
:1031600004F0070305F00704E40044EA831444EA8A
:10317000402444EA065406F11700084420F00700F2
:1031800080080391FFF73CFD0546A0B19FB13B4687
:103190005A460399CDF800A01030FEF7D7FB00285F
:1031A00009DA094940F28D13084A09480AF0A9F9D9
:1031B00040F28D11C1E74B4622464146284607B0F2
:1031C000BDE8F04F0AF0EDBB29020108FD0101083E
:1031D00028F90008330201087CF30008406820B198
:1031E000034BC01A40F3CF0070474FF0FF307047D9
:1031F0005CF300080EB403B503AB53F8042B01468F
:103200000448019302F09CFD02B05DF804EB03B0AA
:10321000704700BF35320008CA0605D48B064CBF84
:1032200002490349FFF7E6BF704700BF291D0108A7
:103230006B02010838B54B6805461A68CB680C4626
:103240009A4202D108460AF029FC6368D3E8EF2FBE
:10325000511CC3E8E01F0028F8D1A3689D5463689F
:103260001A68E3689A4209D9054906487223064A52
:103270000AF047F9722104480AF03AF9002038BDF3
:103280009D02010828F900086E0201082DE9F04F9F
:1032900089B099469DF85080159B044606930D46CB
:1032A000DDE916A3189F05920493B8F1000F00F012
:1032B000A180B8F1040F0BD988494FF41573884ADF
:1032C00088480AF01EF94FF4157185480AF010F984
:1032D00007F4807307930AF042FB07F0020B0246E3
:1032E000002856D020468049FFF784FF0646BBF1F0
:1032F000000F08D017F0440F4DD12A4620467B49D5
:10330000FFF778FF064407F0010353B1784B2046DE
:1033100053F82820774B7849002A08BF1A46FFF750
:1033200069FF07F48073002B07F0080318BF4FF004
:103330000009002B5BD0714B204653F828207049C0
:10334000FFF758FF0546059B2BB11A4620466D49ED
:10335000FFF750FF0544B9F1000F05D04A4620465B
:103360006949FFF747FF054468483544069B002B31
:1033700047D0224666490AF05EF8002841DA6549DE
:1033800040F2B123564A57480AF0BBF840F2B12147
:103390009BE70646ABE7604B18680028B2D05F4B4E
:1033A0004FF47A7B1B684FF03C0CB5FBF3F5B5FB93
:1033B000F0F14FF4616300FB11550BFB05F5B1FB18
:1033C000F3F2B5FBF0FE03FB121100FB1E55B1FB3F
:1033D000FCF30BFB05F5B5FBF0F50CFB13112046D8
:1033E0000091CDE901E54E49FFF704FF8AE707F0B8
:1033F0000805A8E7B9F1010F45460CBF4348494805
:10340000B4E7049B002B54D0DDF810903946B9F195
:10341000100F204628BF4FF010090026FFF7FCFED2
:10342000B54218DC0026334620461AF803203E49F0
:10343000FFF7E0FE0136102E13D0710703D12046AE
:103440003A49FFF7D7FE4E453346EDD3204638497B
:10345000FFF7D0FEEEE720463449FFF7CBFE0136FA
:10346000DEE7002620463349FFF7C4FE33461AF84C
:1034700003202046A2F120035F2B28BF2E222E49D5
:10348000FFF7B8FE0136102E0DD0720703D120468B
:103490002649FFF7AFFE4E453346E8D32046234981
:1034A000FFF7A8FEEEE7049BCA44B3EB09030493BD
:1034B000AAD1B8F1000F0AD0FB0704D520460D4A67
:1034C0000D49FFF797FE39462046FFF7A5FE204637
:1034D00009B0BDE8F04F0AF0E1BA00BFD20201081E
:1034E0006E02010828F90008DD020108E102010866
:1034F00008F60008CD020108A61801081CF600080D
:10350000060301080C030108100301083532000806
:10351000415D000815030108AC180020A818002020
:10352000EA020108B7DA00081E03010826030108B1
:1035300024030108280301082A03010842F20F733B
:1035400073B58B4228BF0B460568044605216846C3
:103550000D4A09F007FC0646636828460B225B68A3
:103560000A490AF08DFA63683246694628465B6864
:103570000AF086FA63681B2228465B6804490AF051
:103580007FFA02B070BD00BFB6150108CE25010854
:10359000B225010800210123064A904206D8064AB6
:1035A00001B901231360054B1860704701214008E1
:1035B0005B00F2E740420F00A8180020AC18002082
:1035C0000122014B1A707047BA1B0020014B0020EA
:1035D00019607047C41800200148FFF7AFBF00BF53
:1035E0004CF6000810B5064B0C461868FFF738FA81
:1035F0002146BDE8104003460F220248184700BF8D
:10360000C41800204CF600080122F8B5084B094DFB
:10361000094E1A70D5E900470CB92C60F8BD214657
:1036200030463A4600F01EF8241A0644F4E700BF7C
:10363000BB1B0020B8180020BC1B002010B9074B92
:1036400018707047064B1B781BB141F288300BF0A5
:1036500050BA3220002108F0D7BB00BFBA1B0020AF
:10366000BB1B00202DE9F04780460F460425DFF8FC
:103670007C901F4E99F80040ACB90AF09BFF3A4687
:1036800082464146204604F0A9FE044650460AF010
:1036900099FFECB10123337099F800307BB93C46B7
:1036A0002046BDE8F0873A464146002004F096FEE9
:1036B0000446EEE728466C1EFFF7C0FF25460020B3
:1036C00004F0D6FE0028EAD03378002BF2D1E6E7EA
:1036D000337833B1013D2846FFF7B0FF3378002B34
:1036E000C8D13378002BDAD0DAE700BFBB1B00204B
:1036F000BA1B0020014B0360002070475CF60008F5
:103700002DE9F04705460E4617461B4CDFF86C8046
:10371000DFF86C90444529D91A494FF4BB631A4A23
:103720001A4809F0EEFE1A4809F0EBFE4FF4BB61AF
:10373000154809F0DDFE6268D9F824309A4213D3A7
:10374000A3698BB1A9889078C9B2884205D13A465D
:1037500031462846BDE8F04718475279012A03D17F
:103760003A463146284698472434D3E7E3D36FF0EE
:103770008500BDE8F08700BF04080020280800206D
:10378000C81800208F0301085D03010828F900080C
:10379000760101082DE9F041154B164F5E6A164B74
:1037A000BB421FD9154940F2BB53154A154809F0D1
:1037B000A8FE154809F0A5FE40F2BB51104809F0DB
:1037C00097FE5C68B4420BD31D694DB194F802C0FA
:1037D0008488E4B2A44503D12B46BDE8F0411847E4
:1037E0002433DDE7EDD36FF08500BDE8F08100BF45
:1037F000C818002028080020040800208F030108B2
:103800005D03010828F90008760101080022024B37
:103810001A605A60704700BF831900202DE9F041FB
:1038200005460E461746124CDFF8488044451AD923
:1038300011494FF4C163114A114809F062FE114861
:1038400009F05FFE4FF4C1610C4809F051FE636955
:103850000BB92434EAE73A4631462846984700280F
:10386000F7D1BDE8F081F2D36FF08500F9E700BF32
:1038700004080020280800208F0301085D030108C8
:1038800028F9000876010108430670B520D0134BD3
:10389000134CA3421ED913494FF47D73124A1348A7
:1038A00009F02FFE124809F02CFE4FF47D710E48EE
:1038B00009F01EFE0022196A1E7F0439D5B2AE42FD
:1038C00001D82433E5E7013211F832508542F5D1B1
:1038D000012001E0EED3002070BD00BF04080020ED
:1038E000280800208F0301085D03010828F900085B
:1038F00076010108F7B584880F46E4B220468DF8BA
:103900000740FFF7C1FF0546B8B114F07F0F164E10
:1039100002D096F8BA3023B397B103212346134A55
:1039200013480AF00CF99DF8070002F0D1FDF36985
:103930001BB108200DF107019847284603B0F0BDE0
:10394000032123460B4A0A480AF0F9F89DF80700BC
:1039500002F0E0FDF369002BEFD009200DF1070123
:10396000EAE71D46E9E700BFC8180020B2030108D6
:10397000ECF30008C503010808B503460121034A1A
:1039800003480AF0DCF8002008BD00BFDA03010894
:10399000ECF3000838B5054602F012FE10F1780F7E
:1039A000044611D102212B460C4A0D480AF0C7F8F3
:1039B00028460AF0C6F80B4A0024D2F8C43023EA9D
:1039C0000003C2F8C43007E00028F1D001212B46E3
:1039D000054A03480AF0B3F8204638BDF50301084C
:1039E000ECF30008C81800201604010808B50948BF
:1039F0000378C3F341130A3350F823303BB100F18D
:103A0000080200F110019847C043C00F08BD1846D6
:103A1000FCE700BFC818002004282DE9F74F044632
:103A20000F46DFF8D4901AD0012834D1DFF8CC80CB
:103A300098F8B9307BB300F039FF314D4D453AD994
:103A4000304940F2C243304A304809F05AFD30480C
:103A500009F057FD40F2C2412B4809F049FDFFF73C
:103A6000D5FEE3E702EBC6063079019202F0A8FD2D
:103A7000834630790AF065F8D8F8C430BBF1000FFE
:103A800023EA0003019AC8F8C4300AF1010A16DAE1
:103A9000002388F8B9301A4D4D451FD9194940F215
:103AA000EE43194A194809F02CFD194809F029FD7F
:103AB00040F2EE41D0E7EBD24FF0000A2A6A2B7FAA
:103AC0005FFA8AF6B342CDD82435B7E7EB681BB16D
:103AD0003A462146284698472435DDE7F6D3074B7A
:103AE0001B6A2BB13946204603B0BDE8F04F18479A
:103AF00003B0BDE8F08F00BF28080020C8180020E0
:103B0000040800208F0301085D03010828F900085C
:103B10007601010873B5044680782B4D8DF80000BE
:103B20002379627943EA0223ADF80230E37803F0A7
:103B300003038DF804300AF004F8D5F8C4300646C3
:103B400018420CD0A478204600F092FE2046FFF7E1
:103B500021FF0BF02CF810B996200BF077F868468F
:103B600002F062FC10F1780F9DF800301BD10221A9
:103B7000164A174809F0E3FF9DF8000002F0F0FC38
:103B800010F1780F19D19DF800300221114A104828
:103B900009F0D5FF0120D5F8C43085F8B9003343CA
:103BA000C5F8C43007E00028E6D00B4A08480121D8
:103BB00009F0C5FF002002B070BD0028EAD09DF8D2
:103BC0000030064AF2E700BFC81800203804010898
:103BD000ECF300087F0401085B0401089F0401085E
:103BE0002DE9F047A94E0446B3690F4690466BB9DC
:103BF000237803F01F03012B00F0A280022B00F0BA
:103C0000078143B16FF01500BDE8F08798470028A1
:103C1000EED10020F8E794F900206178002A2FDA2D
:103C2000062910D00829D8F8002024D00029E9D18D
:103C300001235170137096F8C3305B0043F0010309
:103C40001370022320E16288100A011F0129054632
:103C5000D8D90728D6D8D1B2726A1478002CD1D01E
:103C60005678AE4203D1994200F0088101332244D4
:103C7000F3E7137808E196F8BA301370012303E1F3
:103C800001390829BED801A353F821F0273D0008C7
:103C9000053C0008373D0008053C0008B13C000821
:103CA000053C0008053C0008053C0008BF3C000836
:103CB0006088C0B202F0EEFA0028AAD0A2E76388BA
:103CC0003BB1FF270020B846756A2B786BB90028F6
:103CD00098D0FFF79BFD638886F8BA30F369002B14
:103CE00097D003206A49984793E76B78042B0DD04F
:103CF000052B0ED0022B06D16F796388BB4208BF1B
:103D000040F00100C0B22B781D44DEE795F8038037
:103D1000F9E76388BB42F6D1B8F1000FF3D128462A
:103D2000FFF7F8FEEFE76388012B7FF46BAF00230A
:103D300086F8C3306DE76388012B7FF463AFF7E744
:103D400096F8BA30002B3FF45DAF756AA3882A4617
:103D50005FFA83FC117800293FF454AF50780228B1
:103D600004D192F804E0E64500F294800A44F1E7B9
:103D70000A704A7038604CE7154499E00B2A7FF4CA
:103D800041AF00274FF0FF08BA46C14606E06B7806
:103D9000042B0FD0052B21D02B781D442B78002B22
:103DA000F5D1F36913B1514607209847002F7FF4EE
:103DB00030AF27E795F80280A38895F803909845DF
:103DC000EAD163889945E7D1B8F1070F1DD806EB12
:103DD0000803AA46012783F8BB90DDE7A388434583
:103DE000DAD16388DBB24B450AD0AF78384600F0B1
:103DF0003FFD3846FFF7CEFDB0FA80F77F09CBE7ED
:103E00002846FFF787FE0746C6E7AA460027C3E70E
:103E100094F900206378002A1ADA002B7FF4F2AEBE
:103E2000A488E4B22046FFF72FFD00283FF4EAAE55
:103E3000630604D096F8BA30002B3FF4E3AED8F80E
:103E40000050204629460AF01DF900236B70F8E661
:103E5000012B08D0032B7FF4D5AE6388002B7FF4B1
:103E6000D1AE012103E0618800297FF4CBAE20466A
:103E7000FFF740FD00287FF4CCAEC3E60228C8F867
:103E800000207FF4F6AE53883B60C2E6C8180020DD
:103E90008219002094F9001062780029BFF66EAFF5
:103EA000D8F80010002A3FF463AF0A2A7FF4AAAEC4
:103EB0002A78002A3FF4A6AE687804287FF45CAF25
:103EC000A87883427FF458AF072B8EBF00239B193D
:103ED00093F8BB300B70D1E62DE9F84305460F4649
:103EE0009046994604264B4642463946284602F0FB
:103EF00095FB10F10B0F044609D102212B46054A10
:103F0000054809F01CFE07F067FE013EEBD1204694
:103F1000BDE8F883C0040108ECF3000813B5164CA3
:103F2000237DF3B9E26801AB8020A1680192FFF71D
:103F3000D3FF019AA3681344A360E3689B1AE3606C
:103F40006BB962B12369E2889A4208DD94F8C8200F
:103F500093FBF2F102FB11330BB90123237502B07D
:103F600010BD002380201A461946237502B0BDE813
:103F7000104002F053BB00BFC81800207FB50023DB
:103F80000D4606460193002862D100293AD1082245
:103F90000B460DEB02010AF082F8002803DA8020BC
:103FA00002F096FA1FE0354C029AC4E903552260EC
:103FB000039ABDF80E30626004F13802A2609DF9E8
:103FC00008202575002A10DB802B09D901212C4AF5
:103FD0002C4809F036FD802002F07AFA2846DFE707
:103FE0001BB1C4E9033304B070BDFFF7FFFC002828
:103FF000D5D0E28823699A42D4BFE260E360FFF73C
:104000008DFFF0E71D4C01ABD4E90212002A05DC5C
:1040100002460AF044F80028E5DAC0E70AF03FF863
:10402000002804DA802002F053FA3046B8E7019AFB
:10403000A3681344A360E3689B1AE360002BD2D10A
:1040400004F13803A360FFF7D1FC0028D7D1A6E71D
:10405000802807D1094BDA68002AD0D11B7D002BBC
:10406000CDD1C0E7084909484FF4C573084A09F0A3
:1040700048FA4FF4C571064809F03AFAC81800200A
:10408000E7040108ECF30008621A010828F90008A7
:104090005D030108054B064A58629A62054A0020F2
:1040A000DA62054A1A63054A9A617047C818002007
:1040B000E13B0008953700081D380008013700086B
:1040C0002DE9F3410446554D4FF0FF334FF0FF32D9
:1040D000534806F009F995F8B8306BB10221514AFE
:1040E000514809F0AEFC6FF077044D4806F0C4F972
:1040F000204602B0BDE8F0816E6A6EB900F0EEF8BD
:10410000FFF7C8FF6E6A3EB90121484A464809F0E8
:1041100098FC4FF0FF34E8E745482C62E86102F074
:10412000B3F801F0CDFF041EDFDB00F0E1FB041E5D
:10413000DBDB7378012B01D1F3793BB901213D4AD7
:10414000394809F07EFC6FF01504CEE7002668467A
:1041500085F8C830ADF802308DF804608DF8006045
:1041600002F062F9041EC0DB802768468DF80070FB
:1041700002F05AF9041EB8DB30462F4909F077FFE8
:10418000041EB2DB38462C4909F071FF041EACDB7B
:104190002A4CDFF8AC80444521D92A494FF4C36347
:1041A000294A2A4809F0ADF9294809F0AAF94FF43B
:1041B000C361254809F09CF90026276A227FF3B2E3
:1041C0009A4201D82434E6E707EBC30257F83310CC
:1041D000107909F04CFF01360028EFD099E7EBD3B6
:1041E000002002F0BDF9041EFFF67FAFD5F8C43001
:1041F000802043F00103C5F8C43002F0B1F9041E79
:10420000FFF673AFD5F8C430002443F48033C5F80B
:10421000C430012385F8B83067E700BFC818002014
:10422000D406002000050108ECF30008230501086E
:10423000193A0008480501087D3F000804080020DD
:10424000280800208F0301085D03010828F90008F1
:104250007601010830B51F4B8BB005AA03F110059C
:10426000144618685968083303C4AB422246F7D194
:104270001B781022237001AC002120460AF038FD83
:104280001222002114480AF033FD1021204602F0CA
:1042900009FE00281ADD0828B8BF082000210938C7
:1042A0000D4A044414F8013F0AA800EB131003F070
:1042B0000F0328336B4410F8140C13F8143C01312D
:1042C00008291070537002F10202EBD102480BB0C2
:1042D00030BD00BF82050108CD1B00202DE9F04F45
:1042E00087B09D4B00AF93F800A0BAF1000F04D047
:1042F0009A481C37BD46BDE8F08F984C00264FF019
:1043000001193546B046FE6023783BB9944B023420
:104310009C42F3D10123904A1370E9E76378052B9F
:1043200005D8DFE803F0C80703C82D6BA046237843
:104330001C44E9E7402307F1100087F810A07B82B6
:1043400087F814A002F056F8B8B1082307F110005E
:104350007B8202F04FF880B1824940F28F13824A8B
:104360008248A7F812A009F0CCF8814809F0C9F8F2
:1043700040F28F117C4809F0BBF87B8AE371D6E7E5
:10438000E378002BD3D1A378002B32D1794D03E011
:104390006B689C4228D02435774B9D420CD97749D5
:1043A0004FF49B73704A714809F0ABF8744809F0F8
:1043B000A8F84FF49B71DDE7EAD36D4688B06A46F2
:1043C000704BCDE90534032342F8103F00234FF42E
:1043D000C2516D48FEF7FCFDAD466B4801216B4AAA
:1043E00009F02FFB002084E7AB6813B12046F96881
:1043F0009847FB680133DBB2FB6098E7002D58D18A
:10440000634A0121604809F01CFBE6E72B6AA078AB
:1044100003EBC2010B79984245D14FF0010BE078D4
:1044200094F805C000F00300387520795FFA8BF32B
:1044300040EA0C20788294F90200002826DA4FF036
:10444000010C0BF110000CFA00F010EA090F25D155
:1044500043F08000387407F11000C7E90031BA60FA
:1044600001F0C8FFD7E901123B68B8B93A7C12F0F5
:10447000800FA2700A714FF001021DBF1033DBB232
:104480009A4002FA0BF249EA020950E7012000FAC9
:104490000BF010EA090F01D11846DBE70BF1010B15
:1044A000BBF1100FBBD101322B7F9A42AED3394AF8
:1044B000A7E70022F8E7032E24D1FFF7CBFE8346BF
:1044C000A0B1FBF76FFE034680B1102806D0B8609C
:1044D0000221314A2C4809F0B4FABB68102BA8BF5E
:1044E000102359461A46A01C0AF0F5FB6FF0020093
:1044F0002378001B191904EB5303C84209D5013670
:10450000F6B214E7002EF1D1B8F1000F17D1234A0B
:1045100077E71A78203A5E2A0AD92149CB23124A32
:10452000124808F0EEFF1F4808F0EBFFCB2121E70F
:1045300001F801AC13F8012901F8022DDDE7A4EB25
:10454000080388F80230C3F3072388F80330FB68B8
:1045500088F80430D3E700BFCC1B002034070020CC
:1045600003080020C90501089305010828F900087F
:10457000D205010804080020280800208F03010844
:1045800076010108F9050108E4F300086007010855
:10459000190601085A0601087706010843070108B1
:1045A000C2060108F9060108094B00211A4610B598
:1045B0001C78844204D15C6814B102EB811010BDF8
:1045C0000131042903F14003F2D10020F7E700BFD5
:1045D000941900202DE9FF4150F8283C044610337F
:1045E00010F82C6C0AD1036950F8202C98073DD59F
:1045F000D2B9590715D5002344F8283C54F8283C73
:1046000010330BD054E9077554F8148C0AF0CFFA24
:10461000002857D0214632480AF0B9FA04B0BDE864
:10462000F08143F00403236103AB304654F8241CAB
:10463000FFF752FC034640B101212A4A2A4800965E
:1046400009F012FA6FF01503D6E7039A54F8243CE8
:10465000134444F8243C54F8203C9B1A44F8203C72
:1046600054F81C3C134444F81C3CC7E703AB3046E9
:1046700054F8241C02F03CF803460028DCD1039DCA
:1046800054F8243C2B4444F8243C54F8203C5B1B55
:1046900044F8203C54F81C3C2B4444F81C3C002DAE
:1046A000A9D0304609F009FDB5FBF0F303FB105526
:1046B000002DA0D154F8203C002B9CD0304602F0B5
:1046C0005FF89BE744F8180CA4F1100005F0C4FF54
:1046D000002DA3D0424639463046A8479EE700BF8A
:1046E000E80C00208E070108F4F300084B1E012B94
:1046F00073B506460D4614D8FFF756FF044690B929
:10470000012D0ED101AB012230460DF1030101F064
:10471000EFFF019B002BF5D101210C4A0C4809F059
:1047200090F902B070BD0AF042FA04F12C0108B110
:10473000012D05D1084602B0BDE87040FFF74ABF21
:10474000044802B0BDE870400AF021BAAB07010886
:10475000F4F30008E80C00202DE9F74F0546164653
:104760009846019109F02DFA002871D1EFF31183D9
:104770001022009382F31288BFF36F8F8346DFF815
:10478000D89000220023484605F0E2FFA0B9DFF8E8
:10479000CCA04FEA8B170AEB8B1BDBF8044014F11B
:1047A000100F20D101212B462D4A2E4809F052F935
:1047B000484605F051FF0DE00BF1010BBBF1040F72
:1047C00009F14009DDD10121274A264809F039F9CC
:1047D0006FF00B04009B83F31188BFF36F8F2046AB
:1047E00003B0BDE8F08F0C99019BCBF814100D9924
:1047F000CBF81000CBF818106FF00F012846CBE96A
:1048000002360AF80750CBF83C80CBF8041009F0C8
:1048100054FC68B1284609F050FCB6FBF0F101FBEE
:1048200010662EB1DBF83C1041F00401CBF83C10CF
:1048300018F0020F07D007F12C010C4851440AF080
:10484000A6F90024C6E7284601F09AFF0446C1E70E
:104850006FF00F04C3E700BFB019002094190020C7
:10486000E0070108F4F30008C5070108E80C002080
:1048700010B5EFF31184102383F31288BFF36F8F09
:10488000FFF792FE50B14368103307D16FF08B03EE
:1048900000F12C01436004480AF079F984F311888F
:1048A000BFF36F8F10BD00BFE80C0020F8B50425E2
:1048B00010270D4CEFF3118687F31288BFF36F8F2B
:1048C0006368103307D16FF08B030848636004F10D
:1048D0002C010AF05CF986F31188BFF36F8F013D5C
:1048E00004F14004E6D1F8BD94190020E80C002042
:1048F00038B50025084C2046084906F0EFF901229A
:10490000A4F11000114601350AF023F9042D04F139
:104910004004F0D1002038BDC0190020D545000862
:104920000123016981F84B300B6833B191F84930AC
:104930001BB1024808310AF02AB97047E80C002080
:104940000123016981F84A300B6833B191F848308E
:104950001BB1024808310AF01AB97047E80C002070
:1049600070B50569EFF31186102383F31288BFF346
:104970006F8FD5F89000FDF7CBFE044686F31188C3
:10498000BFF36F8F30B100220023034805F11801F7
:1049900006F0D0FA204670BDE80C0020012370B567
:1049A00082F8483013680D4614463BB192F84A30FD
:1049B00023B10E4802F108010AF0E9F8D4F890306A
:1049C000DA885B899A4205D17DB904F118014FF468
:1049D0007A7204E004F11801002DF8D00022BDE83D
:1049E00070400023014806F0A5BA70BDE80C002015
:1049F000002103460C4AA0F84810106883F89C1068
:104A0000C3F8940090889279A3F8980083F89A20CC
:104A100083F89B104022A3F89E1083F8A01003F1A6
:104A20004C000AF065B900BF40F4000880B500AF43
:104A300088B06A46064BCDE90530032342F8103FA3
:104A400000234FF4C4510348FEF7C2FABD4680BDAF
:104A500016080108D4F30008002310B50469C4F84F
:104A6000A8300C4BC4F8A400596804F1A80269B935
:104A7000C3E9002204F10800074906F02FF904F108
:104A80001800064906F02AFA002010BD0A605A6094
:104A9000F0E700BF981A0020EDDB0008754B000816
:104AA00030B54FF400334268056942F2A10085B089
:104AB000CDE90103002385F89D30106AADF80C1094
:104AC0000A22007901A9FFF707FA054C95F89D30F5
:104AD00023B901200AF00DF8013CF7D105B030BD33
:104AE000A1860100002373B5102504698DF8071015
:104AF00084F84830EFF3118685F31288BFF36F8F87
:104B00000122D4F890000DF10701FDF701FE86F3B4
:104B10001188BFF36F8F012812D00AF048F8C0B196
:104B20000122104BD3E8EF1F002903D1C3E8E02F87
:104B30000028F7D104D102210B4A0C4808F081FF6C
:104B40000A22002304F11801094806F0F3F902B023
:104B500070BD94F8A130002BE2D000210A2007F0AC
:104B600053F9C7E7941A002037080108D4F3000866
:104B7000E80C0020F0B5D0F88C3005465B6885B0B5
:104B80001B6A1F7D384609F01CF8064650BB95F895
:104B900086303BB3A86F0146C38831F80A2F9B1AB1
:104BA0009BB2B3F5806F28BF4FF4806303AA08F06F
:104BB000B6FD0446B0B18306A5F1180385F8306050
:104BC0000193094B08BF00F1FF342246039900937B
:104BD00038460223FFF7C0FDA86F224600F10A0104
:104BE00008F0D3FD05B0F0BD9D4900080346022141
:104BF000014A024808F02EBF56080108D4F3000805
:104C000010B501460446064808F0C5FF20B9204605
:104C1000BDE81040FFF7EABF012300F8073C10BDD4
:104C2000981A002070B50E4681880446C9B218480B
:104C3000154608F0A3FF40B9A38816480221164A7A
:104C400008F008FF6FF0120070BD94F9002063783F
:104C5000002A16DB202B04D0222B0ED06FF085000B
:104C6000F2E72B681A6840F8102C9A8820F80C2C70
:104C70009B7900F80A3C0020E6E7638800F8093CCD
:104C8000F9E7212BEAD10723103828603360F2E7D7
:104C9000981A0020D4F300087C08010873B50D1E93
:104CA000064614462ADD2A46D4F88C0004F14C014D
:104CB000FDF72EFD854205D901212B1A174A184808
:104CC00008F0C8FE012384F8493023683BB194F80A
:104CD0004B3023B1134804F1080109F058FFD4F810
:104CE0008C209388918912695B1A9BB2D31A3F2B4F
:104CF00004D8012384F8A03002B070BD94F89E302F
:104D0000002BF9D0084B4022009330460123019438
:104D100004F14C01FFF720FDEEE700BFA3080108F6
:104D2000D4F30008E80C00209D4C000873B506463B
:104D30000D4601462C4808F016FF044628B93046B7
:104D400002B0BDE87040FFF771BE691EA0F1A40675
:104D5000052922D8DFE801F0282103232E37036834
:104D60005D680321214A224808F06BFE14F8061CF6
:104D700099B9012304F8063C2B6A3246187BFFF7E9
:104D80008DFF14F85C2C42B92B6A1146187D194B23
:104D9000019600930223FFF7DFFC02B070BD0321F0
:104DA000154A134808F04DFE304602B0BDE8704089
:104DB000FFF71EBE0321114A0D4808F042FE0123F1
:104DC00004F8053CE9E703210D4A094808F039FEDB
:104DD00014F8053C002BE0D003210A4A044808F0EF
:104DE00030FE0023ECE700BF981A0020C408010839
:104DF000D4F300089D490008D6080108EA08010814
:104E0000FB0801080A09010813B500244FF0FF331D
:104E10004FF4806205490648009405F0EFFF05490C
:104E2000034809F0CAFE204602B010BDE823002066
:104E3000E80C00203109010808B5044808F04BFBD4
:104E4000034808F048FB002008BD00BF3A090108EC
:104E50006F09010808B50348034A0021121A08F037
:104E6000F3FF08BD28080020E41B0020074808B510
:104E7000074A0849121A08F0E9FFBDE80840064849
:104E8000064A0749121A08F0E1BF00BFC00400201B
:104E90002808002050260108B8040020C004002083
:104EA000482601082DE9F04706460C4600AF0029C8
:104EB00036D0D1E90012E9468AB06D46A3684FF0BA
:104EC000050AE8461F48CDE90723CDE9050148F862
:104ED00010AF002342464FF421511B48FEF778F8EB
:104EE000D4E90312CD466369AD461848C5E90723E6
:104EF000C5E90501C5F810A0002342464FF4215131
:104F00001148FEF765F8CD46E3690121104A0E48C5
:104F100008F0A0FDA36901210E4A0B4808F09AFD94
:104F2000012E07D1EFF305830B4A31460648103BAB
:104F300008F090FD2146304604F0B0FDBD46BDE8C6
:104F4000F08700BF9C09010894F30008CB09010811
:104F5000FA090108090A0108370A010830BFFFF7FA
:104F6000FDBF00BF2DE9F04105460B4EDFF82C8058
:104F7000324606EB0807CC1B2046094909F0ABFE78
:104F8000A01942460021083C09F0B2FE2C6707F147
:104F90000800BDE8F08100BF00000000080000002C
:104FA0000CF4000810B5244C2449254808F05BFF98
:104FB000A36A99013ED52248224908F054FF1E20D9
:104FC000A36ADA0104D51E481F4908F04CFF1F20D0
:104FD000194CA36ADB0204D519481C4908F043FFA9
:104FE0000220A36A1C0304D51548194908F03BFFA9
:104FF0002120114CA36A590304D51148154908F022
:1050000032FF2220A36A9A0304D50D48124908F002
:105010002AFF2320084CA36ADB0304D508480F4964
:1050200008F021FF2420A36A6FEA03436FEA1343C9
:10503000A36210BD1D20C3E700ED00E04A0A01088D
:1050400094F30008620A0108750A01088F0A010832
:10505000B90A0108D70A0108FC0A0108160B010861
:1050600070B506460D46334C3349344808F0FBFE14
:10507000A36AD9064DD53148314908F0F4FE112014
:10508000A36A1A0704D52D482E4908F0ECFE122019
:10509000284CA36A9B0712D52B49284808F0E3FE49
:1050A000636BA26A110609D50121284A234808F03A
:1050B000D1FC1EB1A36A23F08003A36213201D4C10
:1050C000A36ADA0704D51D48214908F0CCFE142054
:1050D000A36A9B0604D519481E4908F0C4FE152092
:1050E000144B9A6AD60602D49A6A940713D59B6A1F
:1050F000D90610D5184940F22D13184A184808F05F
:1051000000FA184808F0FDF940F22D11134808F094
:10511000EFF91020B4E7074B9A6A920642BF5A6A29
:1051200022F400525A629A6A42F0FF029A62002305
:105130002B7070BD00ED00E0410B010894F30008F6
:10514000570B01088A0B01089D0B0108B50B0108DC
:10515000CB0B0108EA0B01084B0C0108190C0108E4
:1051600028F90008950C010870B506460D46284C34
:105170002849294808F077FEA36AD9043CD5264877
:10518000264908F070FE1720A36A1A0504D52248A4
:10519000234908F068FE18201D4CA36A9B0512D510
:1051A0001D48204908F05FFEA36BA26A100409D5D0
:1051B00001211D4A184808F04DFC1EB1A36A23F4D2
:1051C0000043A3621920124CA36A590504D5124862
:1051D000164908F048FE1A20A36ADA050ED50E48D3
:1051E000134908F040FE1B20094A936A43F47F43A9
:1051F000936200232B7070BD1620C5E7A36A9B0441
:10520000F2D505480B4908F02EFE1C20ECE700BF44
:1052100000ED00E0F90C010894F300080F0D0108FF
:105220008A0B0108200D0108390D01084E0D0108F7
:10523000690D0108EA0B0108F0B58BB07A4B044602
:105240005868002500AFC0F3080385F31188BFF349
:105250006F8F02F07F46B6F17F4F07D102F00C0648
:10526000082E12D17149724808F0FDFD714940F2D3
:105270001B43714A714808F044F9714808F041F93C
:1052800040F21B416C4808F033F916074CBF0C463E
:105290000125002CEAD00022FA71DA1E092A00F258
:1052A000A280DFE802F005989B7BA0A0A0A0A09EB2
:1052B00064495F4808F0D7FD00235B4EFB71F36A39
:1052C0009A0705D560495A4808F0CDFD00232DE026
:1052D000F36A002B01DA5D49F5E7F36A5B006DD5EF
:1052E0005B49534808F0BFFD7369A26943F48073BA
:1052F0007361BFF34F8FBFF36F8F32F8023C726957
:1053000022F480727261BFF34F8FBFF36F8F03F48B
:105310007F42B2F55F4F2AD1DBB2022B27D123683F
:1053200001214C4A424808F095FB2368FA79DAB922
:1053300007F1080604F1200C324620686168083441
:1053400003C264451646F7D17A6A002D68D0C2F3CD
:10535000080121B96FEA52226FEA42227A621846A6
:1053600007F10801FFF79EFD2C37BD46F0BD2E4B1F
:105370009A6AD2B22AB10120F91DFFF771FE0346E5
:10538000D4E79A6A12F47F4F04D00120F91DFFF789
:10539000EBFEF4E79B6AB3F5803F02D3FFF702FE12
:1053A000EDE72D4940F2ED23234A244808F0A9F8FF
:1053B0002A4808F0A6F840F2ED2163E726494FF4A9
:1053C0003C731D4A1D4808F09CF8254808F099F8E0
:1053D0004FF43C7156E70020F91DCEE70020F91D7F
:1053E000D5E720496FE7204A6E4610F4F87F8AB06F
:1053F0001E4918BF11466A46103B07934FF40073CD
:105400001B48ADF820301B4BCDE9050142F8103F99
:1054100000234FF411510648FDF7DAFDB54655E774
:105420006FF308029AE700BF00ED00E0AF0D01083E
:1054300094F30008DA0D0108190C010828F9000896
:10544000ED0D01082B0E0108420E0108630E010844
:10545000710E0108900E0108621A0108AC0E0108D5
:10546000D00E0108000F0108960D0108810D0108FA
:10547000240F010804000001064B5A6942F0100293
:105480005A615A6942F480625A615A6922F00802EC
:105490005A61704700ED00E0EFF30880EFF30981F7
:1054A00001B57246FFF7C8FE01BD00BF002080F3C2
:1054B0001488BFF36F8F002080F30A8880F30B8875
:1054C0000E4880F3088800200D490860BFF34F8F15
:1054D00000F02CF8102080F311880A484FF4006186
:1054E000401880F30988EFF314800221084380F309
:1054F0001488BFF36F8F00F0B3F800002845002038
:1055000094ED00E0E82B0020002318460649D1F86E
:105510009020C2F30722934200DB7047C1F8983015
:10552000C1F8A0000133F6E700ED00E010B572B657
:10553000002484F31388FFF7E7FF23464FF0FF3082
:105540000C4A03F120010133102B42F82100F8D15D
:1055500000234FF0FF30074A03F160010133102BA5
:1055600042F82100F8D162B6BFF34F8FBFF36F8FBF
:1055700010BD00BF00E100E01EF0040F0CBFEFF310
:105580000880EFF30980816911F8021C0229FFD01D
:1055900001B5724608F05CFC01BD00BF00B20028F6
:1055A00007DB01234109034A00F01F00834042F852
:1055B0002130704700E100E000B200280CDB01223E
:1055C0000649430900F01F008240203341F82320A0
:1055D000BFF34F8FBFF36F8F704700BF00E100E054
:1055E00038B54B1C0F2B04460D460FD96B23104AC0
:1055F0001049114807F085FF294610480F2322461D
:1056000007F07FFF6B210A4807F072FF00B2002805
:10561000ACBF00F160400A4A4FEA0313DBB2ABBFF4
:1056200000F5614000F00F0080F80033135438BDDE
:10563000370F01086E0F010828F90008890F0108CB
:1056400014ED00E0044B054A23F07F039360BFF3A1
:105650004F8FBFF36F8F70470000000800ED00E030
:1056600008B5FFF7EFFF074AD2F8883023F470033C
:10567000C2F88830FFF7EEFBFFF7F8FB00F09CF86C
:1056800004F068FB00ED00E042F8203C009B0B4971
:1056900042F81C3C019B21F0010142F8183C029B9E
:1056A00042F8081C42F8143C4FF0807342F8043C66
:1056B0000023203A02654367704700BF5D21000860
:1056C00000B50D4B15469860026F0C4B0E461A60E4
:1056D000036E83F30B882C4686F309880020044B65
:1056E00098472046002100220023024C204700005A
:1056F00085DE00085D210008501B0020A01A002054
:105700001022014B1A61704700ED00E0054B5A6909
:105710009B689A421FBF044A536843F0805353600A
:10572000704700BF501B002000ED00E0084B9B6855
:1057300083420BD1EFF3058343B1064B5A6842F025
:1057400080525A605A6A22F400425A6206F0EEBB56
:10575000501B002000ED00E014498A684FF0300033
:105760001044EFF3098C80E8F01F102080F31288BA
:10577000BFF36F8F0E4F4FF000664A698A603E603C
:10578000106F0C4C2060506F0023536780F311881A
:1057900002F1300090E8F01F8CF3098802F100005C
:1057A00004B508F068FBBDE804407047501B0020BA
:1057B00004ED00E0A01A0020002310210348C218C5
:1057C00001334B2B82F80013F9D1704700E100E060
:1057D00008B5EFF30583064A103B02EBC30152F80C
:1057E000330049688847BDE80840FFF78FBF00BF16
:1057F00050F000080148006870470000A01A00201F
:105800001FB50121094B0A4A0A4800F00FF900238D
:10581000064A0393084B0121019301A8D31A02936E
:1058200000F028F905B05DF804FB00BF000004207B
:10583000000000205CF60008280800200A7A0B68A7
:1058400010B562F304031C46CB68520923F01F0312
:1058500043EA4203044A43F00103C2F89800C2F845
:105860009C40C2F8A03010BD00ED00E010B50A4B1E
:10587000D3F89030C3F30723013B984208D90121A4
:105880000346064A064808F0E5F86FF0150010BD1B
:10589000FFF7D4FFFBE700BF00ED00E0CD0F0108EC
:1058A0008CF300082DE9F04F8946144606464FF068
:1058B00000084F4D85B0C84527DAD6F804A0BAF1E4
:1058C000000F44D0BAF11F0F17D91AF01F0F14D1CF
:1058D000D6F800B01BF01F0F0FD1584608F0E6FABB
:1058E00007460AEB0B00013808F0E0FA874210D0B7
:1058F0006FF015073F4A3B4601E043463E4A01210F
:105900003E4808F0A7F86FF01504204605B0BDE842
:10591000F08F17F1160FEDD0BC42EBDDC5F8987093
:10592000D5F89C10C5F89870D5F8A03021F01F016B
:1059300043F01F0BD6E900321A44994202F1FF3AB4
:105940001AD1D34507D13146F8B208F0B8FA08F1B8
:1059500001080C36AFE73146C5F89870D5F89C3091
:10596000E0B263F30402C5F89C2008F0A8FA10F135
:10597000160FC8D0441CEAE7C5F89870D5F8A020E7
:10598000013B23F01F0302F01F021343D3453146AE
:10599000E0B2C5F8A030E8D008F091FA10F1160F87
:1059A000B1D0C5F89870D5F89C209DF808300BF15F
:1059B000FF3B62F304038DF80830D5F8A0309DF862
:1059C00008205B0863F347128DF80820D6E90032FF
:1059D0001344009323F01F035B44A3EB0A0301303D
:1059E00023F01F036946C0B20393FFF73FFFBEE7F2
:1059F00000ED00E019100108F30F01088CF3000816
:105A00000522044BC3F89420BFF34F8FBFF36F8F71
:105A1000704700BF00ED00E0BFF35F8F0022024B34
:105A2000C3F89420704700BF00ED00E038B50C4D7E
:105A30000C462A78FFF736FF287016300FD140F257
:105A40008913084A0849094807F05BFD21460848C0
:105A500007F057FD40F28911024807F049FD38BDB3
:105A6000DF1B00203C100108621A010828F9000819
:105A70006B1001082DE9F74F314D894606464FF06E
:105A80000008AB462F4FC84502DB03B0BDE8F08FDE
:105A9000D6F804A0BAF1000F4CD031680846019145
:105AA00008F004FA019904460AEB0100013808F0F5
:105AB000FDF984424FF01402234B15D002FB08F38A
:105AC0006FF015024BF8032040F299131F4A20494A
:105AD000204807F016FD49461F4807F012FD40F226
:105AE00099111A4807F004FD14F1160F2C60EBD041
:105AF0001978A142E8DD02FB08B0C7F89840C7F862
:105B00009840D7F89C4000F10801007B64F3040042
:105B10000871D7F8A0000C79400860F347140C71A5
:105B2000D7F89C1021F01F016960D7F8A01021F070
:105B30001F01296108F1010814350C36A3E700BFE5
:105B4000A41A002000ED00E0DF1B00203C1001083B
:105B5000621A010828F90008971001082DE9F041A0
:105B60006B4D6C4ED5F890303468C3F307239C42DC
:105B700086B013D940F20223674A6849684807F0A3
:105B8000C0FCD5F8902021466648C2F3072207F0F2
:105B9000B8FC40F20221604807F0AAFC0020FFF7A1
:105BA0003BFF614BC5F8C03084421BD15F4D01A85B
:105BB0002C70FDF79FFD002607464FF061085C4CF6
:105BC000B74216D100202B785149D1F89020C2F36A
:105BD00007229342C0F295800020FFF711FF06B024
:105BE000BDE8F081716801EB0011FFF727FE01307D
:105BF000DAE7019A300102EB0613D3F80CC00CEA85
:105C00000401B1F1807F57D00AD8B1F5001F29D027
:105C1000B1F5800F43D0B1F5801F14D00136CFE726
:105C2000B1F1006F48D0B1F1805FF7D159689B683E
:105C30001258013B21F01F000344CDE9021223F06A
:105C40001F0301220BE0596812589B68CDE902122C
:105C50002122013B21F01F00034423F01F038DF894
:105C6000102036E0596812589B68CDE90212412293
:105C7000013B21F01F00034423F01F031CF0010F20
:105C80008DF81020059325D02A498423224A2448E0
:105C900007F037FC284807F034FC84217BE759687B
:105CA0009B681258013B21F01F000344CDE902120A
:105CB00023F01F030622D2E7596812589B6821F08F
:105CC0001F00013BCDE90212034423F01F038DF8AE
:105CD00010800593287802A9FFF7C8FD00280CDA88
:105CE0000E4940F235230C4A0D4807F00AFC1348D0
:105CF00007F007FC40F235214DE72B7801332B707C
:105D00008CE7C1F89830C1F8A00001335DE700BF0F
:105D100000ED00E068F600083C100108621A010876
:105D200028F90008C6100108AAFF4400DF1B002064
:105D30000000F0FFFA100108201101084F110108BE
:105D4000F0B587B007460E4614460021102268467B
:105D50001D4608F0CDFF02238DF80230054B2A4680
:105D600021466846CDE90476019307F099F807B01B
:105D7000F0BD00BFF1DE000808B50649064821F075
:105D80000701C1F1005202F58022FBF74DFD002012
:105D900008BD00BF175D0020B81A002007B5084AEB
:105DA00092E80300CDE9000106488268126822B13A
:105DB0006946904703B05DF804FB6FF05700F9E7C0
:105DC00038F40008ACEE0008024608B500F01F03E6
:105DD00001203F2A00FA03F305D90C480C4908F0CA
:105DE0008DF8002008BD1F2A0A4A09D8D16833EA75
:105DF0000101F7D0126993430CBF01200020F1E7A5
:105E0000D16A33EA0101EDD0126BF4E774F30008B4
:105E1000881101080020024408B5012300F01F0189
:105E20003F28024603FA01F306D90848084908F05A
:105E300065F86FF0150008BD1F28064A03D8D36027
:105E400013610020F7E7D3621363FAE774F30008E5
:105E500088110108002002442DE9F0410546002682
:105E60004FF001080E4F6B78F4B2A34201D8BDE8A1
:105E7000F0812B781C442046FFF7A6FF68B120462E
:105E8000FFF7CAFF57F834303BB107EBC40204F008
:105E90001F04516808FA04F098470136E3E700BF91
:105EA000C41A002008B510B1431E03420CD00E499D
:105EB00060230E4A0E4807F024FB0E4807F021FB32
:105EC00060210A4807F014FBB0FA80F0C0F11F000F
:105ED0000F2807DD08496123044A054807F011FB34
:105EE0006121EEE7C0B208BD4C1201080A12010898
:105EF00028F9000881120108AA120108014B23F8B1
:105F0000101070472E06002010B50446FFF7CAFF98
:105F10000C4B33F91000FF2809D10B490B48CB2358
:105F20000B4A07F0EEFACB21094807F0E1FA094BDA
:105F3000D3F880201443C3F88040BDE81040FFF739
:105F40002DBB00BF2E0600202613010828F90008EB
:105F50000A12010800200244034AD2F8803023EAE2
:105F60000003C2F8803070470020024408B5174B88
:105F700003291ED8DFE801F0020B0E161A6822EA88
:105F800000021A605A6822EA00025A6008BD1A68C4
:105F90000243F6E75A6802435A601A6822EA00028E
:105FA0001A60F3E71A6802431A605A68104358608F
:105FB000ECE7074907484FF48173074A07F0A1FA55
:105FC0004FF48171044807F093FA00BF00200244A7
:105FD000621A010828F900080A12010838B50D46AE
:105FE0001446FFF75FFF0A4B53F83020AA4204D152
:105FF00003EBC0014968A14205D032B943F83050E3
:1060000003EBC0035C60002038BD6FF00F00FBE7BE
:10601000C41A002008B5FFF745FF0022034B43F8E0
:10602000302003EBC0035A6008BD00BFC41A002033
:10603000C300074AC0F38100183052F8202003F053
:1060400018000F238340134023FA00F0704700BF6D
:106050000020024420F08002072A0BDC064B10F0DF
:10606000800FA3F5907114BF18460846242303FB44
:10607000020070470020704790110020014802F094
:1060800017BA00BF880D002008B50246034904482E
:1060900007F0E4FF6FF0150008BD00BF35130108DD
:1060A000DCF3000808B502460349044807F0D6FFB0
:1060B0006FF0150008BD00BF4E130108DCF30008A7
:1060C00070B58AB0594C204608F021FD40B95849B6
:1060D000584807F0C8FF6FF0120420460AB070BDA0
:1060E000554AA568936B43F000739363AB6933B96A
:1060F0005249504807F0B7FF6FF00404EDE7002263
:1061000020464F4998470028F2D12B680BB94D49DA
:10611000EFE720464C4998470028F8D1EB680BB9C7
:106120004A49E6E72046464909AA98470646002814
:10613000F6D1099A464B9A4206D046493D4807F0A7
:106140008DFF6FF08504C8E7434D444B01462B603B
:1061500008232B710223EB714FF40073E87209AA34
:106160003F482B8108F0BDF8041E07DB099B32462F
:106170001979186808F0C7F8041E05DA394922466B
:106180002C4807F06BFFA8E7334808F045FA0246B1
:1061900020B13549274807F061FFADE72E4808F0E8
:1061A000BDFA024608B13149F4E72B4808F0A1FADC
:1061B000024608B12E49EDE740230446A5F8E8322F
:1061C00085F8EC02A5F8083485F80C04C5F8F43716
:1061D000284D012228191146243408F0BAFCB4F5E0
:1061E000907FF6D1244910230222A1F50B7003F011
:1061F00063FF002200230024CDE906236FF00D0386
:106200000122CDE90144CDE903321C491C4B4FF476
:10621000806200941B4804F075FF224621464A2004
:10622000FFF7DEF94A20FFF7B9F956E7ACEE0008B0
:1062300060130108DCF30008000802447F13010822
:10624000B8F60008A1130108B0F60008BC13010855
:10625000006CDC02E0130108880D002000600140A2
:1062600090F60008FC1301081A1401082E14010806
:1062700042140108A41100205C150020E82700202A
:1062800029630008B0120020014BC3F8E4027047F4
:10629000880D002013B504460146074808F054FA5B
:1062A00040B10121009023460448054A07F0DCFB79
:1062B0006FF0040002B010BD880D0020DCF3000870
:1062C000571401081346020613B504460BD580285F
:1062D00000D15BB110482246104907F0BFFE6FF0B5
:1062E000150002B010BD402B28BF402324F08002CF
:1062F0000B48920102F2D4522146024408F091FA6E
:106300000028EED00121009023460348054A07F0FB
:10631000ABFB6FF00400E4E7DCF300084E13010868
:10632000880D00207D140108234B13B5A3F5B56437
:106330004FF0FF3201A94FF0FF331F4803F0ECFE8E
:10634000014658B11D491E4840F20D131D4A07F081
:10635000D8F840F20D111B4807F0CAF89DF8050067
:10636000FF2807D1D4F8E432002BE1D09DF80400D7
:106370009847DDE7242200F07F03534302064CBF19
:1063800003F5816303F53A7323449B68002BCFD058
:106390009DF8041098479DF804000028C8D1B4F86F
:1063A000A222002AC4D094F99C32002BC0DB0649FB
:1063B000FFF788FFBCE700BF30130020D8140108A6
:1063C00028F90008A31401085C130020030610B587
:1063D0000C4600D421B9FFF765FE6FF0150010BD23
:1063E0000146034808F034FA20600020F7E700BFB8
:1063F000880D002008B5027903784AB913F07F00B0
:1064000005D00649064807F02EFE4FF0FF3008BDC4
:1064100013F07800FBD00349F4E700BFE114010852
:10642000DCF3000800150108F8B507780546384682
:10643000FFF710FE044670B16888638883422DD24E
:106440002A79224E012AD6F8F43707D103EB40010E
:10645000B1F5006F11D36FF01500F8BD1844B0F519
:10646000006FF8D200223946304608F073FA6A8885
:106470006280D6F8F43713440EE0184403EB00436F
:106480003946304608F066FA6B885B0063806A889C
:10649000D6F8F43703EB4203C6F8F4372A796B8851
:1064A000012A04BF5B009BB223802B79032BD2D837
:1064B000DFE803F00206080A002300202371CCE77E
:1064C0000123FAE70223F8E70323F6E7880D00200B
:1064D00037B50546FFF7BEFD044690B129460A4888
:1064E00008F0D6F950B1012100902B460748084A20
:1064F00007F0BAFA6FF0040003B030BD01236371F6
:10650000FAE76FF01500F7E7880D0020DCF30008CC
:106510002415010837B50546FFF79CFD0446A8B1D0
:1065200043798BB129460B4808F0E2F950B10121BB
:1065300000902B460848094A07F096FA6FF00400CD
:1065400003B030BD6071E0600020F9E76FF0150026
:10655000F6E700BF880D0020DCF300084B150108AA
:1065600073B50446FFF776FD054600B3114E037977
:1065700002882146304608F0FAF850B10121009017
:1065800023460D480D4A07F06FFA6FF0040002B081
:1065900070BD63B2002BFADD204606EB84112A8819
:1065A00001F2D45102B0BDE87040FFF78BBE6FF02E
:1065B0001500ECE7880D0020DCF3000872150108D7
:1065C00013B50446FFF746FDD0B10F4883681B6939
:1065D00013B9002002B010BD0C4998470228F8D129
:1065E00021460B4808F0F5F80028F2D00121009070
:1065F00023460848084A07F037FA6FF00400E9E735
:106600006FF01500E6E700BFACEE0008B0F600083A
:10661000880D0020DCF30008951501082DE9F743EB
:106620000546894616469846FFF714FD08B12B0625
:106630000AD42A492A462A4807F010FD6FF01504AB
:10664000204603B0BDE8F08300F1140700220023C8
:10665000384604F07DF8044638B122490246204805
:1066600007F0FCFC6FF00A04EAE708F0A0FA10B9A2
:106670004A20FEF7A1FF802D02D1402E28BF4026E0
:106680004A4633462946184808F0EAF80246C0B19F
:10669000012100902B46154A114807F0E5F93846CC
:1066A00003F0DAFF6FF0040408F081FA10B94A2011
:1066B000FEF774FF74B9B8F1000FC1D0C8F80060DC
:1066C000BEE7802DF0D1002EEED001462846FFF720
:1066D000F9FDE9E76FF00404B2E700BF4E130108CB
:1066E000DCF30008B9150108880D0020D715010852
:1066F0002DE9F8430446884691461F46FFF7AAFC59
:10670000054640B922461949194807F0A7FC6FF021
:106710001500BDE8F8832306C66802D51549224650
:10672000F2E7B8F1000F16D04E4528BF4E46036978
:10673000A401114904F2D4541C4432464046214479
:1067400008F0C9FAEB689B1BEB602B6933442B61A3
:106750004FB90020DDE7B9F1000FF9D0074904482F
:1067600007F081FCF4E73E60F3E700BFFE15010887
:10677000DCF3000812160108880D0020331601080A
:1067800010B50446FFF766FC08B1230605D5204680
:10679000FFF77AFC6FF0150010BDC3680BB1002045
:1067A000FAE70449028801EB84112046FFF78AFDCD
:1067B000F5E700BF5C13002037B50023402280219D
:1067C000174807F0D4FF002340221946144807F069
:1067D000CEFF0024134D2819243403F03DFFB4F5F7
:1067E000907FF8D1104B1B88ADF8043000220023B5
:1067F0000E4801A908F09EF9024678B10C490D48EF
:1068000007F02CFC0C490D4840F22A530C4A06F0C4
:1068100078FE40F22A510A4806F06AFE03B030BD05
:10682000880D0020A411002047F400083013002038
:1068300043160108DCF30008621A010828F9000871
:10684000A314010807B50F4BDB88ADF80430002214
:1068500000230D4801A908F06DF9024678B10B49F3
:106860000B4807F0FBFB0B490B4840F23F530B4A28
:1068700006F047FE40F23F51084806F039FE03B0EB
:106880005DF804FB47F400083013002043160108AC
:10689000DCF30008621A010828F90008A3140108B3
:1068A00007B50F4B1B89ADF80430002200230D48BB
:1068B00001A908F03FF9024678B10B490B4807F0EF
:1068C000CDFB0B490B4840F246530B4A06F019FE2C
:1068D00040F24651084806F00BFE03B05DF804FB99
:1068E00047F400083013002043160108DCF30008C9
:1068F000621A010828F90008A314010800230822DD
:1069000013B5134CADF80430C4E9BD23D4E9A70195
:1069100004F2D45282E803000022002301A904F506
:10692000B56008F007F9024678B10A490A4807F04D
:1069300095FB0A490A4840F257530A4A06F0E1FD1E
:1069400040F25751074806F0D3FD02B010BD00BF1A
:10695000880D002043160108DCF30008621A0108C4
:1069600028F90008A314010837B501F07F04204678
:10697000FFF770FB054600F10C012046FFF726FDEE
:1069800000232B6101238DF805408DF8043000228F
:1069900000230C4801A908F0CDF8024678B10A4955
:1069A0000A4807F05BFB0A490A4840F269530A4A61
:1069B00006F0A7FD40F26951074806F099FD03B0C3
:1069C00030BD00BF3013002043160108DCF300087F
:1069D000621A010828F90008A314010813B541F050
:1069E00080042046FFF736FB70B9174940F2745314
:1069F000164A174806F085FD164806F082FD40F25B
:106A00007451124806F074FD143003F025FE022381
:106A10008DF805408DF80430002200230E4801A9AE
:106A200008F088F8024668B10C490D4807F016FBDB
:106A30000C494FF4AF63054A054806F062FD4FF478
:106A4000AF61DEE702B010BD5B160108A3140108B8
:106A500028F90008641601083013002043160108C5
:106A6000DCF30008621A0108074B1A6822F00402DE
:106A70001A605A68D207FCD40222DA601A6842F01F
:106A800001021A60704700BF00040340044B1A68FB
:106A900022F001021A601A68D207FCD4704700BFC6
:106AA00000040340024B1868C0F34000704700BF69
:106AB000000C02440B88C3F30B03102B32D813B91C
:106AC0006FF085007047013B0F2BF9D801A050F8FB
:106AD00023F000BF496B0008C16A0008C16A0008C2
:106AE000C16A0008C16A0008156B0008456B000800
:106AF0003F6B00083F6B00083F6B00083F6B0008CE
:106B00003F6B00083F6B0008496B0008496B0008A9
:106B1000496B0008114B13600968B1F5805F15D20D
:106B200000207047882B0AD003F67473C3F30B035D
:106B30001C2BC5D80A4820FA03F3DB07C0D5094B44
:106B40001B68E8E7084BE6E7084BE4E7C1F31331BD
:106B50000131B3FBF1F31360E2E700BF0090D00313
:106B6000010111111C060020006CDC02001C4E0EFD
:106B700010B55E4CE369236A5D4B1A6942F030023E
:106B80001A615A691007FCD55A4802F0A7FE23691A
:106B900023F4FE0343F480032361FFF783FF0128FE
:106BA00007D0236843F001032360FFF77BFF012830
:106BB000FBD14E4A136823F018031360136843F4A3
:106BC0008053136013689904FCD5D36903F018034C
:106BD000182B18D1FFF766FF012807D0136843F080
:106BE00001031360FFF75EFF0128FBD13F4BDA6919
:106BF00022F00302DA61DA6912F0180FFBD11A6A87
:106C000022F00F021A62394B1A6822F080721A6061
:106C10009A6A22F0030242F001029A629A6A22F40E
:106C20007C5242F480629A629A6A42F00C029A6242
:106C30009A6A22F020029A625A6B6FF3080242F0BD
:106C40001D025A639A6A22F010029A625A6B22F469
:106C50007E4242F400725A639A6A42F480329A6227
:106C60005A6B22F4FE0242F480325A639A6A42F46A
:106C700000329A625A6B22F0FE4242F080725A63EE
:106C80009A6A42F480229A621A6842F080721A600C
:106C90001A689201FCD5DA6A22F00302DA621A6BF2
:106CA00022F003021A631A6A22F00F021A621A6AA9
:106CB00022F070021A621A6A22F4E0621A621A6AF8
:106CC00022F4E0421A62DA6942F00302DA61074B09
:106CD000DA6902F01802182AFAD1DA69002022F4DF
:106CE0000042DA61044B034A1A6010BD000C0244F2
:106CF00000080244001C4E0E1C06002038B5036933
:106D000061B921496423214A214806F0FAFB214850
:106D100006F0F7FB64211D4806F0EAFB486850B90D
:106D20001D496523194A1A4806F0EBFB1B4806F07B
:106D3000E8FB6521EFE7986800B30024884219D189
:106D400008688CB9DC689860A14200D1D860002046
:106D500008602AB19A680A60DA68996002B9D96055
:106D600000200FE02846E9E72060D868814208BF8C
:106D7000DC60ECE705680446002DF3D1002AE9D178
:106D80006FF0150038BD00BFE9160108AD16010807
:106D900028F90008F2160108011701081317010865
:106DA0002DE9F843D0F8049090460746D9F808003A
:106DB0000D461E4607F03AF9B8F5001F044616D1F5
:106DC0002846D9F80840FFF733F984420CD1294608
:106DD00007F02CF90446FFF7BFF82046FFF71AF931
:106DE00000212046FFF7C2F80020BDE8F883B8F57F
:106DF000800F20D0B6F1806F19D0B6F1C06F18D0D7
:106E0000B6F1007F1AD102263A4620460E49FFF716
:106E1000E5F8B0B92846D9F8081007F00CF9204673
:106E20003146FFF7A3F82046FFF76EF8DCE70126AE
:106E3000EAE70326E8E76FF08500D6E76FF0150074
:106E4000D3E76FF00F00D0E74D6E000870B50B6907
:106E50000E469968054609B10C6801B970BD8A688B
:106E60002A4010D04B6863B90A4989230A4A0B4863
:106E700006F047FB0A4806F044FB8921064806F065
:106E800037FB304698471CB1236821461C46E4E78F
:106E90002346FAE72A170108AD16010828F9000869
:106EA0001317010830B50C4685B00546FFF7EEFD17
:106EB0000C4BD3F8082812BA0192D3F8042812BA5E
:106EC0000292D3F800381BBA0393FFF7CDFD0C2CC8
:106ED00028BF0C242846224601A907F0FCFE2046C4
:106EE00005B030BD00F0FF088C462DE9F041194691
:106EF00040680CF1FF33052BBDF81870056809D9FF
:106F00006346A74AA748012106F0A4FD6FF01500CB
:106F1000BDE8F081B5F1804F15D0B5F1A04F12D08A
:106F2000A14CA5420FD004F18054A5420BD0B2F57C
:106F3000803F08D9012113469A489C4A06F08AFDF1
:106F40006FF08500E4E79A4CBCF1040F54F823601D
:106F500096BF984C002454F8234017F4807F03D048
:106F60001CB9954A6346CDE734462AB92B6A23EA11
:106F700004032B620020CBE78068002840F09A8051
:106F800002F1FF3807F00107B4F5807F4FEA470CA4
:106F900000F0B88000F2A380102C00F0B58000F261
:106FA0009980012C00F0B280042C14BF092001202C
:106FB000824F2A6A385C022707FA00FE22EA0E0294
:106FC0000CFA00F002432A627D4A284652F8233028
:106FD0009847C5F82C802B6A34EA0303CAD0B6F56B
:106FE000807F00F0B18000F29C80102E00F0AE8017
:106FF00000F29280012E00F0AB80042E14BF092312
:107000000123704F704817F803C010F803E005F132
:1070100018016E4B51F80C2003FA0EF322EA030319
:10702000602202FA0EF21343B4F5807F41F80C306F
:1070300000F0AC8000F29780102C00F0A98000F2E4
:107040008D80012C00F0A680042C14BF092301239D
:10705000DFF87CC16A681CF803C04FF4807303FA40
:107060000CF322EA03036B602B6AB6F5807F44EAD7
:1070700003042C622B6843F080032B6000F0C28075
:1070800000F2AD80102E00F0BF8000F2A380012E30
:1070900000F0BC80042E14BF09230123FA5CC05CFD
:1070A00008238C58834023438B506B6943F00103C2
:1070B0006B615FE7102801D1013961E720F0400CD6
:1070C000BCF1200F02D040287FF43AAF49084FEAC4
:1070D000520857E7402C14BF0920032068E7B4F595
:1070E000804F15D008D8B4F5806F13D0B4F5805F09
:1070F00014BF092006205BE7B4F5803F14BF0920C8
:10710000082055E7042053E7022051E700204FE70D
:1071100007204DE705204BE7402E14BF092303232A
:107120006FE7B6F5804F15D008D8B6F5806F13D04D
:10713000B6F5805F14BF0923062362E7B6F5803FEA
:1071400014BF092308235CE704235AE73B4658E7AA
:10715000002356E7072354E7052352E7402C14BFCA
:107160000923032374E7B4F5804F15D008D8B4F58C
:10717000806F13D0B4F5805F14BF0923062367E73F
:10718000B4F5803F14BF0923082361E704235FE7B8
:1071900002235DE700235BE7072359E7052357E751
:1071A00036170108A4F30008000C00404B17010833
:1071B00030F7000820F700088F170108042601089F
:1071C00008F70008182601080E26010873000100C0
:1071D000FA250108402E14BF092303235EE7B6F504
:1071E000804F15D008D8B6F5806F13D0B6F5805F04
:1071F00014BF0923062351E7B6F5803F14BF0923C6
:1072000008234BE7042349E7022347E7002345E728
:10721000072343E7052341E72DE9F04F83B0DFF86B
:1072200068824668D8F808B08146DBF80030D0F8AC
:1072300010A03468716900AF73B140469847051ECD
:107240000DDA2B46914A0121914806F003FC2846AD
:107250000C37BD46BDE8F08F6FF05705F1E7B36915
:10726000012B25D97169DBF8183008313BB10022B8
:1072700040469847054628B1864A2B46E3E76FF01B
:107280005705F9E77169DBF80C3008316BB14046FE
:107290003A469847B0F1000812DA43467E4A012187
:1072A0007B4806F0D7FB4546D1E76FF05708F4E777
:1072B00001217A4A764806F0C4FB6FF01505C6E74F
:1072C0003B68DAE90101CAF800308368DB6803B182
:1072D00098470021F0693A1D07F003F8B0F1000863
:1072E00008DB7B6800221979186807F00CF8B0F108
:1072F000000802DA6A4A4346D1E77368A3620023B2
:10730000E362684B9C424CD003F180539C4248D0CE
:10731000B4F1804F45D0B4F1A04F42D0624B9C42B3
:107320003FD003F180539C423BD0604B9C4238D00D
:1073300003F180539C4234D05D4B9C4231D003F129
:1073400080539C422DD05B4B9C422AD003F180534A
:107350009C4226D0584B9C422AD1236823F4407388
:107360002360504B9C425FD10023236363683269E2
:1073700023F0007323F0700313436360494B9C4276
:1073800040F0F080636CF26823F0FF031343636402
:10739000636C43F400436364236843F00103236098
:1073A00055E72368B26823F0700313432360D4E7E2
:1073B000424B9C42D1D0424B9C42CED003F18053F1
:1073C0009C42CAD03F4B9C42C7D003F180539C42A1
:1073D000C3D03D4B9C42C0D003F180539C42BCD0F3
:1073E0003A4B9C42B9D003F180539C42B5D0384B04
:1073F0009C42B2D003F180539C42AED0354B9C42AC
:10740000B4D003F180539C42B0D0334B9C42ADD0FA
:1074100003F180539C42A9D0274B9C42A6D003F194
:1074200080539C42A2D013E02C4B9C429CD0214B19
:107430009C4299D02A4B9C4296D0234B9C4293D09D
:10744000284B9C4290D0214B9C4251D10023236376
:107450003369002B7CD06C4688B0D9F800306A467E
:107460002149CDE905134FF40073ADF81C301F4BD3
:1074700042F8103F00234FF4E2510548FBF7A8FD06
:107480006FF08505A546E2E6ACEE0008B6170108E8
:10749000A4F30008D6170108F5170108151801080C
:1074A00039180108002C0140000400400008004089
:1074B000000C00400034014000180040001800504B
:1074C000001C0040002000400040014000440140FA
:1074D000004801400010004000140040002C015002
:1074E000003401500040015057180108030000010A
:1074F000334B9C42AAD0334B9C42A7D0324B9C4288
:1075000002D100221A63A3E7B4F1804F3FF42EAFFB
:10751000B4F1A04F3FF42AAF2C4B9C423FF426AF6E
:1075200003F180539C423FF421AF294B9C423FF42E
:107530001DAF03F180539C423FF418AF254B9C4292
:107540003FF414AF03F180539C427FF457AF0DE733
:10755000214B9C423FF416AF194B9C423FF412AFB3
:10756000184B0DE01D4B9C423FF40CAF1C4B9C4252
:107570003FF408AF03F180539C423FF403AF194B33
:107580009C423FF4FFAE03F180539C423FF4FAAEBD
:10759000F368002B3FF400AF6C468AB06A46D9F816
:1075A000001011480791CDE9050340F20133ADF811
:1075B00020300E4B42F8103F00234FF411515CE78E
:1075C00000440150004801400048015000040040C0
:1075D00000080040000C004000440140002C015015
:1075E00000340140004001407D1801080400000102
:1075F00038B50B680546988806F03DFF0428034619
:10760000D1E912200C4614D0022B91F858100BD15E
:10761000012902D9616D01290BD8298E89B20AB1DD
:1076200000B11180022509E0032913D9616D0329F6
:1076300012D9296B0AB100B111600425B5FBF3F52D
:10764000E26C2AB1954213D91649174806F04FFF4C
:10765000284638BD012902D9616D0129DDD895F888
:107660003010C9B202B108B90125E9E71170FBE792
:10767000521BE2647AB9626B04F13801083262632A
:10768000A26B04F13400013AA26304F14C0206F04B
:10769000DCFEA064DCE7A26C002AD9D005FB032243
:1076A000A264D5E7C8180108B4F3000838B50B6820
:1076B0000546988806F0DFFE04280C4603460A6C4F
:1076C00015D0022891F858100CD1012902D9216D4A
:1076D00001290CD86AB3616C01B1118889B229847F
:1076E00002250AE0032916D9216D032915D982B193
:1076F000616C01B1116829620425B5FBF3F5626C78
:107700002AB1954219D91A491A4806F0F0FE2846BE
:1077100038BD1146EFE7012902D9216D0129D9D8D9
:107720004AB1616C01B11178C9B285F82010012508
:10773000E5E71146D2E71146F6E7521B62647AB9D3
:10774000E26A04F130010832E262226B04F12C009B
:10775000013A226304F1440206F077FE2064D6E782
:10776000226C002AD3D005FB03222264CFE700BF9E
:10777000C8180108B4F3000870B543680546DA6814
:107780000669012A12D91E489968836808319B69E5
:107790004BB100229847041E08DA1A491A4806F02D
:1077A000A6FE204670BD6FF05704F6E7336923B993
:1077B000736006F1080002F04FFF0121686806F0CF
:1077C000C2FE041E02DA14F1860FEAD16D680021B0
:1077D000284606F0B8FE041E0BDB0948A96883683A
:1077E0001B684BB19847044618B10849064806F093
:1077F0007EFE04EAE474D4E76FF05704F5E700BFB7
:10780000ACEE0008E6180108B4F3000808190108F6
:107810002DE9F04F87B0824688461E46934604699C
:1078200000AF12B9002B00F0F880B8F804309A04C9
:1078300000F1CA804FF0FF324FF0FF3304F108002F
:1078400002F086FFC4F80480DAF81030DAF8049009
:10785000FB601B68D9F800509845B8F8042040F048
:10786000BF80130508D5BBF1000F00F0B6804FF4C0
:10787000C121284606F0DAFDB8F8040006F0FBFD49
:107880000346BBF1000F40F03081C4F82CB0002259
:10789000226304F1300104F1440204F12C00FB6086
:1078A00006F0D3FDFB682064002E40F0278166635C
:1078B0000022A26304F1380104F14C0204F1340007
:1078C00006F0C3FD00231A46A064206BA362824227
:1078D00040F01B8100221146D4F838C0614540F0C9
:1078E0001B8193422CBFE363E2632A68EB6802F4D6
:1078F000006203F4C0231343FB6099F82130D807DA
:1079000029D5B8F80430D90725D4DAF80430DAF8E4
:107910001020BB601B681968D86801F4006100F48E
:10792000C020014340F00181516CD66C29B1002E7A
:1079300000F0F9808E4228BF0E46002E62DBB96847
:10794000C969B142C0F0FF80C2E914665A686FF39A
:107950000F0232435A60DAF804301B681A6842F0AA
:1079600001021A60DA68520206D51A6842F40072FF
:107970001A601A689605FCD5636C1BB9E66C002E7C
:1079800000F06A812268D9F80060928812F0010F35
:1079900000F0E0807269920740F1D981002B00F07D
:1079A000D68121463046FFF781FE7369D80740F142
:1079B000F180A36C002B00F0ED80E36C002B00F055
:1079C000E98021463046B3E12369002B7FF432AFD2
:1079D000636898457FF42EAF36E74FF4C02148E73F
:1079E000D9F81010C2F3451302291BD003291CD06B
:1079F000012939D1043B1C2B8CBF00230123C3B9BF
:107A00006FF08506236813B19B889A0405D4002380
:107A1000636004F1080002F01FFE30461C37BD46CB
:107A2000BDE8F08F043B0C2BE6E7082B01D0102BB0
:107A3000E6D1100448BFEB68A54842BF23F46013A9
:107A400043F40023EB60D9F80C208368012AD9F8AD
:107A50000810DB6832D908315BB99E499E4806F0B0
:107A600046FD6FF00406CDE79C499B4806F03FFDBC
:107A7000C6E707F1140298470028EEDB00227B6975
:107A8000D8F8001023FA02F0884240F20482013252
:107A9000092AF7D16D468AB06A4607931B0A0893F4
:107AA00005238F48CDE9050142F8103F00234FF42C
:107AB00021518948FBF78CFAAD4648E00BB989495A
:107AC000CCE707F1140298470028D7DAF7E74FF41C
:107AD000C02115E21BB1EB6823F010533BE2EB68C9
:107AE00023F0105343F0005335E2DBF80020E2624C
:107AF000002A3FF4CCAEDBF80420C9E632686263AA
:107B0000002A3FF4D5AE7268D3E6E16A01EBC20108
:107B1000496801320B44DAE6606B00EBC100406853
:107B200001310244DAE60E4607E7B1F5C12F14BF72
:107B3000314659464046C7E9003206F0B6FCD7E95F
:107B400000320646F9E66849634806F0D0FC6FF05B
:107B5000150657E799F8213013F0010F3368F268E2
:107B600000F0D78003F4006302F4C02213432DD148
:107B7000726950072DD5226D5AB3626D4AB3214602
:107B8000304606F0CCFC2146304606F0B4FC736962
:107B90001B073CD4D9F80060736913F4787340F084
:107BA000DB80FB68B3F5C12F7FF4E6AE636C002B7E
:107BB00000F0F28000212A68EB6800294AD102F423
:107BC000006203F4C0231343FB60D5E6B3F5C12F75
:107BD00008D07269D10702D5626D002AD3D1B3F5FE
:107BE000C02FD4D073699A07D1D5236D002BCED086
:107BF000626D9342CBD12146304606F090FCC6E739
:107C000021463046FFF7F4FC636D1B1A6365636D14
:107C1000002BF5D1626CE36C22B1002B55D093425E
:107C200028BF1346C4E91433002BB3D0B3693046E0
:107C300043F01003B361B36943F00803B36106F086
:107C400097FC226DD9F81C309A4251D92649224816
:107C500006F04DFC6FF01506DAF80480DAF81050E3
:107C6000D8F800104B69D80700F1DF80CB685A02C2
:107C700040F1DE80DFF87490084606F007FC00282B
:107C800000F0D6800B68D80740F1D28098F82130F8
:107C9000DA070CD42B689B88C3F34513192B06D83D
:107CA00029FA03F3DB0702D5084606F061FC0B68EE
:107CB000CA6803F4006302F4C0221343B3F5C02F73
:107CC000DAD1084606F054FCD6E71346AAE700BF0F
:107CD000ACEE00084B190108B4F3000823190108A1
:107CE000DA19010877190108A31901080002020234
:107CF000736821466FF30F0313437360336843F0D7
:107D000001033360336843F40073336006F007FC0B
:107D100040E703F4006802F4C02348EA0308B8F51A
:107D2000C02F08D1D9F800004369D907FCD52146F6
:107D3000FFF75EFC2EE773699807FCD521463046B5
:107D4000FFF7B4FCB8F5C12F3FF424AFEAE733697D
:107D500023F00203336128E66D468AB06A46A249E1
:107D60000591A249CDE906134FF40073ADF8203018
:107D70009F4B42F8103F00234FF411519D48FBF7F1
:107D800027F97369AD46590603D5B36943F040033B
:107D9000B3616FF004065FE7E36C002B3FF40AAFBA
:107DA000304606F073FB03460028F9D1326822F012
:107DB0000102326022689088C20712D41A46D4F8B1
:107DC00038C0624527D106F056FB93FBF0F200FB6A
:107DD00012323ABBB3FBF0F372686FF30F02134336
:107DE00073604FF4C021304606F020FB336843F047
:107DF00001033360F36859027FF5DCAE336843F466
:107E00000073336033689A053FF5D4AE73691B077E
:107E10003FF5D0AEF6E7616B01EBC2014968013274
:107E20000B44CEE76FF01501C5E691F8303019E745
:107E30004B699B0542BF8B6943F400738B6198F8D3
:107E400021000B68C007CA6810D58B6943F0100386
:107E50008B618B6943F040038B618B6943F00803AE
:107E60008B614B686FF30F034B6007E003F4006313
:107E700002F4C0221343B3F5C02FF2D02B689B88C5
:107E8000D80402D4084606F073FBAE6205F1180070
:107E900002F0E2FBB6E52B68574923F001032B60A3
:107EA000AB6851F8222023F070431343AB6099F87C
:107EB00021309B0703D5EB6843F40043EB60B8F82F
:107EC000043013F0020FEB6814BF43F0007323F08B
:107ED0000073EB60B8F8043013F0040FEB6814BFC4
:107EE00043F0807323F08073EB60B8F8041011F452
:107EF000006105D0BBF1000F3FF4E9AD4FF4C121A3
:107F0000284606F093FAB8F8043013F0100FEB6827
:107F100014BF43F4000323F40003EB60AB6823F4C5
:107F20008003AB60B8F8043098F8142003F0010324
:107F300022B999F8212051077FF5CCAD33B9EB6810
:107F4000DA005EBF2B6843F480532B60EB6823F0AC
:107F5000105343F08063EB60B8F80430274913F006
:107F6000010FEB6814BF23F4800343F48003EB603C
:107F7000B8F80420AB68C2F34512043A51F8222045
:107F800023F01F031343AB60EB68D9F8182023F0EC
:107F90000F031343EB60EB68D9F8142023F0F003D0
:107FA00043EA0213EB6099F821301549DB0741BF22
:107FB000B8F8043099F82020C3F34513073343BFC2
:107FC000DB085B00B2FBF3F30123FA6882F8583058
:107FD000AA68013B51F8233022F4F0721343AB60DE
:107FE000FB68C3F8008047E4CF1901082226010886
:107FF00004000001B4F300084CF700080CF8000876
:10800000CCF700084FF0E0230D4A9969126818690F
:108010009B69002908BF1146002B08BF134610F4C6
:10802000803F084801D1994205D20168114401609E
:108030004FF0E021096900681044C01A704700BF82
:10804000481B0020441B00201022094B002083F80D
:10805000232045F6C052074B1A60074B45F6BF5226
:1080600018604FF0E0235A61072298611A61704747
:1080700000ED00E0481B0020441B0020684620F073
:1080800007018D4631B5FFF7BDFF1348134A03685A
:10809000D2E900411B1941F10001C2E9003100227F
:1080A000026045F6C0520E49D1E900505B1BB3FB9C
:1080B000F2F402FB04F35B1940F10000C1E9003067
:1080C00004F0E6FB0146204604F04AFBFDF71EFBE8
:1080D000BDE8314085467047441B002088150020CC
:1080E000801500202DE9F0414A4F89B1421C0AD188
:1080F0004FF0E022136923F0010313614FF07F4337
:108100003B60BDE8F0813D68012806DC00240AE000
:10811000431C3D68F8D140F2BA2040F2BB2398429C
:10812000A8BF1846441EEFF31186102383F312886C
:10813000BFF36F8F384804F071F968B98423374A68
:108140003749384805F0DDF93349374805F0D9F9A2
:108150008421324805F0CCF92F4804F083F9FFF769
:1081600051FF4FF0E0233149D3F818C0D1E9002383
:1081700080184FF0000243F10003C1E900032C4BCB
:108180001A602C4B1A68831A3AD445F6C05E45F63D
:10819000BF5814FB0E841C44B4FBFEF4131A40F2C7
:1081A000DC520EFB0433934238BF1346224A9342FB
:1081B00028BF13464FF0E0223B60013B94695361B6
:1081C0000023A4459361ACEB0400D1E900321AD23C
:1081D0000544EB1842F100020F48C1E9003204F0F7
:1081E0002BF990B94FF499730C4A14490D4805F0D6
:1081F00088F90949124805F084F94FF49971A8E704
:1082000040F2DC53D6E7C318E4E786F31188BFF3E6
:108210006F8F76E7481B00204C1B002051FF0008A1
:108220007EFF000828F9000893FF00088815002049
:10823000441B002080150020809DFF00A9FF00083E
:10824000C0FF000838B5EFF31185102383F31288BF
:10825000BFF36F8F1B4804F0E1F868B984231A4A12
:108260001A491B4805F04DF916491A4805F049F915
:108270008421154805F03CF9124804F0F3F8164B38
:108280001C68164B1B68E41AFFF7BCFE04440D483B
:1082900004F0D2F868B94FF499730B4A10490C48AE
:1082A00005F02FF907490F4805F02BF94FF49971A4
:1082B000DFE785F31188BFF36F8F45F6C050B4FB3D
:1082C000F0F038BD4C1B002051FF00087EFF000875
:1082D00028F9000893FF0008881500208015002069
:1082E000A9FF0008C0FF000838B5EFF3118510237F
:1082F00083F31288BFF36F8F184804F08FF868B9C2
:108300008423174A1749184805F0FBF81349174802
:1083100005F0F7F88421124805F0EAF80F4804F058
:10832000A1F8134B1C68FFF76DFE04440B4804F0E2
:1083300083F868B94FF49973094A0E490A4805F061
:10834000E0F806490C4805F0DCF84FF49971E2E7D3
:1083500085F31188BFF36F8F204638BD4C1B00207A
:1083600051FF00087EFF000828F9000893FF00086D
:1083700088150020A9FF0008C0FF000808B5124BAF
:10838000A8220021184606F0B3FC03220F4902611F
:1083900042610F4A8161C2614FF480620262002231
:1083A00082624262C26201660A4903464166102146
:1083B000816609490267C266426711F8010D985447
:1083C0000132102AF9D108BD10040020201A01083A
:1083D0001000002000000020442601082DE9F74F7E
:1083E0001826DFF88880814606FB008700FB0666BA
:1083F0007D6AD7F828C046447368AC458B4614465E
:1084000003EB050025D83B6AA3EB050A0AF1FF3E02
:10841000724507D82C4406F05EFC7C62012003B054
:10842000BDE8F08FE64472451ED85246019306F02F
:1084300052FC019B2C44E41A05D0224670680BEBD9
:108440000A0106F048FC182303FB0988C8F82440F9
:10845000E4E70CF1FF3CACEB050C944504D3254458
:1084600006F039FC7D62D9E70020D8E7100400202F
:108470001822034B02FB00339A6A586A801A70472D
:1084800010040020002310B4074A0849C85C12F801
:10849000014D844204D10133102BF7D110BC704739
:1084A00010BCFFF76BBF00BF44260108100400207A
:1084B0002DE9F74F0446006806F0D2FA10F40045A3
:1084C00000F06B84C14FC24ED4F80080D8F844301D
:1084D0001A0451D5D8F8441011F00F0540F09480DB
:1084E00011F01001D8F8003021D13B4043F4004393
:1084F000C8F80030237DA26ADB0003F1804303F556
:10850000B2331B682046C3F309431A442363A262B3
:10851000FEF764FA637C002BD6D0E26A002AD3D13E
:10852000637C216843F08003CB646274CCE713F46E
:10853000006935D094F8540106F05BF8082803462A
:10854000C4F870011BD048F28001D8F80020A14B7C
:10855000134083F480530B43C8F8003022689E4BCD
:108560001068034083F010030B4313602268136804
:10857000334043F08003136003B0BDE8F08F404602
:10858000B4F85A2104F5277106F090FA22682046C3
:108590001368334043F080031360FEF7AFF993E7AD
:1085A0001A0491D5D8F80020894B134043F080037A
:1085B000C8F8003094F85401256806F01AF803460C
:1085C000C4F8700150B92A68824B134083F44053B9
:1085D00043F4004343F080032B6075E7D4F868113F
:1085E00000293FF471AF2846B4F85A2106F05EFA2C
:1085F000D4F86831D4F87021494613442046C4F8B1
:108600006831FEF7B1F95FE758F825A01AF4004F7A
:108610001FFA8AF97FD0282158F8253001FB05413F
:10862000334043F0800348F8253091F8603191F8E9
:10863000542173B91046D4F800B005F0DAFF804633
:10864000002850D00346B1F85A215846D1F8681195
:1086500047E091F85731022B40F0E68019F480434F
:1086600009F0400B00F09780104605F0B0FFD1F8FC
:108670006C318046834210D20023C1F86C312168EE
:10868000544B51F82200034083F4005343F4004359
:1086900043F0800341F8223004E01B1AC1F86C312A
:1086A000002BECD0BBF1000F0FD0282303FB0543B8
:1086B000226893F85411494B52F82100034043F4C7
:1086C000004343F0C00342F82130B8F1000F0AD054
:1086D0002821434601FB0541B1F85C21D1F868111E
:1086E000206806F0E3F9282169436318D3F8702164
:1086F0004244C3F87021D3F86C2122B1D3F864212D
:10870000904580F0BC80282303FB0543204693F866
:108710005411FEF729F91AF0800F3FF4D5AE226804
:1087200052F825303B4043F4004342F825302823DB
:1087300003FB05F02218D17D012940F0EA800021D9
:1087400005FB03332344596092F82030DBB11AF063
:10875000400F537D00F0B380002B40F09C80137DD0
:10876000DB0003F1804303F5B233196821F07C414B
:108770001960137DDB0003F1804303F5B2331A68FF
:1087800042F000421A60282303FB0543197D20466E
:10879000FEF724F998E61046019305F02AFF80467B
:1087A000D1F86C0140451BD2019BC1F86C312168A6
:1087B000084B51F82200034083F4005343F4004374
:1087C00043F0800341F8223010E000BF0F8FFF0715
:1087D0008F0FFF078FBFFF07BF8FFF078F8FFF0729
:1087E000A0EB0800C1F86C010028E0D0BBF1000F3D
:1087F0000FD1282303FB0543226893F85411A14BA2
:1088000052F82100034043F4004343F0C00342F810
:108810002130B8F1000F3FF466AF282101FB05417C
:108820004346B1F85E2159E7206850F8223023F022
:10883000784323F4E04323F0700343F4004343F010
:10884000C00340F82230D4F800B091F854015BF82E
:1088500020305B0409D505F0BAFE804600283FF4BD
:1088600042AF0346B1F85C21EFE605F0C2FE804658
:1088700000283FF438AF0346B1F85E21E5E6D3F8AF
:10888000682101F5AA714244C3F868212068214497
:1088900000F00EFE3FE7012B7FF475AF137DDB0088
:1088A00003F1804303F5B233196889B21960137D6F
:1088B000DB0003F1804303F5B2331A6862E7A3B922
:1088C000137DDB0003F1804303F5B233596821F0D7
:1088D0007C415960137DDB0003F1804303F5B23323
:1088E0005A6842F000425A604DE7012B7FF44BAFCB
:1088F000137DDB0003F1804303F5B233596889B27D
:108900005960137DDB0003F1804303F5B2335A68ED
:10891000E9E71AF4807A117D1CD1CB0003F1804382
:1089200003F5B2331B68D56AC3F309439D4202D8ED
:10893000C2F82CA02BE7916AED1A19449162116BD1
:10894000D5621944116300F114012144206800F03C
:10895000AFFDB9E519F04008084609F4804900F078
:108960001D8105F034FED36A1FFA89F9834294BF52
:1089700000231B1AD362002B40F08880282303FBBE
:1089800005435A7D002A58D1C90001F1804101F503
:10899000B2310A6822F07C420A601B7DDB0003F1E1
:1089A000804303F5B2331A6842F000421A6028226D
:1089B00002FB0542517D137D002950D1DB0003F1FC
:1089C000804303F5B233596821F07C415960137D2F
:1089D000DB0003F1804303F5B2335A6842F00042F2
:1089E0005A60282303FB0543DA7D022A0DD1197D45
:1089F0002268254B52F82100034083F0200343F402
:108A0000004343F0800342F82130282303FB05454F
:108A10002046297DFDF7E2FFB9F1000F3FF454AD88
:108A2000297D2268174B52F82100034043F440434C
:108A300043F0800342F8213046E5012AB7D1C9004E
:108A400001F1804101F5B2310A6892B20A601B7DE2
:108A5000DB0003F1804303F5B2331A68A6E701296E
:108A6000BFD1DB0003F1804303F5B233596889B20B
:108A70005960137DDB0003F1804303F5B2335A687C
:108A8000AEE700BF8F8FFF07BF8FFF07B9F1000F61
:108A90000CD0D4F800C0B44B5CF821E00EEA03031C
:108AA00043F4404343F080034CF82130282101FB7C
:108AB000054191F83830012B44D18B6A03448B6215
:108AC000136B034413634A6B4B6A9A421CD3D21A4A
:108AD0004A63282101FB05414A7D002A49D10A7DCC
:108AE000D20002F1804202F5B232106820F07C40E0
:108AF00010600A7DD20002F1804202F5B23273B9F1
:108B0000116841F0004113E01AB9034681F838209A
:108B1000DFE7002381F838304B631346D9E73E2B5B
:108B20001ED8116803F0010000EB530041EA806198
:108B30001160282101FB05418A8B9BB2896A20685C
:108B400005F090FF282303FB05452268297D874B0C
:108B500052F82100034083F0300343F4004367E7F9
:108B60005809D906116808BF00F1FF3041EA806159
:108B7000C7E7012ADDD10A7DD20002F1804202F569
:108B8000B232106880B210600A7DD20002F18042D9
:108B900002F5B232116841EA0341C9E705F029FD47
:108BA000D36A1FFA89F9834234BF43461B1AD36242
:108BB000002B76D1282303FB05435A7D002A4CD194
:108BC000C90001F1804101F5B2310A6822F07C420E
:108BD0000A601B7DDB0003F1804303F5B2331A68A2
:108BE00042F000421A60282202FB0542517D137DAB
:108BF000002944D1DB0003F1804303F5B233596807
:108C000021F07C415960137DDB0003F1804303F5C3
:108C1000B2335A6842F000425A60282303FB0543EE
:108C2000DA7D022A0DD1197D2268504B52F82100BD
:108C3000034083F0200343F4004343F0800342F8F1
:108C40002130282303FB05452046297DFDF7C6FE7C
:108C5000B9F1000F7FF438ACE2E6012AC3D1C900B4
:108C600001F1804101F5B2310A6892B20A601B7DC0
:108C7000DB0003F1804303F5B2331A68B2E7012940
:108C8000CBD1DB0003F1804303F5B233596889B2DD
:108C90005960137DDB0003F1804303F5B2335A685A
:108CA000BAE7B9F1000F0CD1D4F800C02E4B5CF834
:108CB00021E00EEA030343F4404343F080034CF801
:108CC0002130282101FB054191F83830012B7FF438
:108CD00039AF8B6A03448B62136B034413634A6B93
:108CE0004B6A9A421CD3D21A4A63282101FB0541E0
:108CF0004A7D002A3CD10A7DD20002F1804202F571
:108D0000B232506820F07C4050600A7DD20002F1FF
:108D1000804202F5B23273B9516841F0004113E06C
:108D20001AB9034681F83820DFE700234B6381F846
:108D300038301346D9E73E2B0DD8516803F00100B7
:108D400000EB530041EA80615160282101FB05419D
:108D50009BB2CA8BF2E65809D906516808BF00F1E8
:108D6000FF3041EA8061D8E78F8FFF07BF8FFF0791
:108D7000012AEAD10A7DD20002F1804202F5B23224
:108D8000506880B250600A7DD20002F1804202F544
:108D9000B232516841EA0341D6E7430510D5226853
:108DA0002046536C23F480631B041B0C5364FDF7B3
:108DB00003FD2946204603B0BDE8F04F05F0C4BCD2
:108DC000470408D52268536C23F480431B041B0C12
:108DD0005364FFF7D1BB10F4005104D02268536CE8
:108DE00023F40053F2E7C6041AD52268136C23F06B
:108DF000040313642268136C23F00803136494F8CB
:108E0000CC32012B04D1204684F8CC1205F0CBFDE6
:108E10002046FDF745FD2268536C23F48053D5E7C7
:108E2000050515D52268136C43F008031364226806
:108E3000536C23F400631B041B0C53642268136CF3
:108E400043F0040313642046FDF7FCFCFFF794BBDA
:108E5000010624D52268536C23F080031B041B0CED
:108E6000536494F8CC32002BEDD1012120462268C6
:108E7000136C43F0040313642268136C43F008037B
:108E80001364236884F8CC125B6D9B0803F03C03E9
:108E9000C4F8D03203B0BDE8F04F05F084BD8205C0
:108EA0000BD522682046536C23F400731B041B0C63
:108EB000536405F048FCFFF75FBBC3057FF55CAB6F
:108EC0002268536C23F4807380E700BFF0B50C7800
:108ED0000346B14A50F824000240C878032803D85A
:108EE000DFE800F04E555351012048F280052A4337
:108EF00043F824200C78A94E53F824203240224312
:108F00002A4343F824200C7B0A78002C40F09F80F1
:108F1000D2004C7802F18042A14D02F5B232002C11
:108F200038D014682C4014600A78CD88D20002F141
:108F3000804202F5B2321468AD0844EA8504146038
:108F40000C7853F82420520608D553F824203240D8
:108F500042F4004242F0C00243F82420CA780C7860
:108F6000012A904953F8242002EA010218BF82F036
:108F7000200242F4004242F0800243F82420F0BD77
:108F800042F40072B1E742F4C0620020ADE742F45F
:108F90008062FAE754682C4054600A78CD88D20089
:108FA00002F1804202F5B2325468AD0844EA850409
:108FB00054600A78D20002F1804202F5B23254685D
:108FC00024F07C4454600A780C69D20002F180429B
:108FD00002F5B2321CB9546844F0004408E03E2C5B
:108FE00022D8556804F0010707EB540445EA84646D
:108FF00054600C7853F82420550408D553F82420E5
:10900000324042F4404242F0800243F82420097882
:10901000654C91B91A68224082F4405242F40042F1
:1090200042F080021A60AAE76509E706546808BFA3
:1090300005F1FF3544EA8564CEE753F8212022404C
:1090400082F4005242F4004242F08002DFE0CC7829
:10905000022C0DBF53F8224053F82270534C344079
:1090600015BF3C4044F401442C4344F0800443F8D1
:1090700022400A784A4CD20002F1804202F5B23214
:109080001568254015600A780F89D20002F18042E8
:1090900002F5B2321568BF0845EA870515600A78FF
:1090A000D20002F1804202F5B23255682C40546081
:1090B0000A784D89D20002F1804202F5B23254683A
:1090C000AD0844EA850454604A780F78354C364D33
:1090D000002A40F0BD8053F82720520408D553F8E9
:1090E0002720324042F4404242F0800243F82720D9
:1090F0000F7853F82720520608D553F8272032401E
:1091000042F4004242F0C00243F827204E780A7829
:10911000002E4DD1D20002F1804202F5B232166823
:1091200026F07C4616600A780E69D20002F1804271
:1091300002F5B2321EB9166846F0004608E03E2E2F
:1091400020D8176806F0010C0CEB560647EA866635
:1091500016604E780A78002E65D1D20002F1804266
:1091600002F5B232566826F07C4656600A780E69DF
:10917000D20002F1804202F5B23276BB566846F068
:10918000004633E07709F606166808BF07F1FF3797
:1091900046EA8766D0E700BF8F89FF078F8FFF07FA
:1091A0000000FFFFBF8FFF078FBFFF078F8EFF07F6
:1091B000012ECED1D20002F1804202F5B232166801
:1091C000B6B216600A780F69D20002F1804202F549
:1091D000B232166846EA0746BAE73E2E1AD85768F2
:1091E00006F0010C0CEB560647EA866656600E78D0
:1091F00053F826202A4048F2800582F440522A4340
:1092000043F82620097853F8212022402A4343F8C6
:109210002120B4E67709F606566808BF07F1FF3744
:1092200046EA8766ABE7012EE1D1D20002F1804227
:1092300002F5B2325668B6B256600A780F69D200AB
:1092400002F1804202F5B232566846EA0746CDE79F
:1092500053F82720520408D553F82720324042F40F
:10926000404242F0800243F827200F7853F827202D
:10927000520608D553F82720324042F4004242F00B
:10928000C00243F82720CA780E78012A53F8262016
:1092900002EA040218BF82F0200242F4004242F0C7
:1092A000800243F82620097853F821202A40C9E695
:1092B00070B50A7B4E780B7862BB50F82320C6B19C
:1092C000540609D550F82340494A224042F400424E
:1092D00042F0C00240F823200A78464B50F8221092
:1092E0000B4043F4004343F0800340F82230002059
:1092F00070BD520409D550F823403D4A224042F443
:10930000404242F0800240F823200A783A4B50F85D
:109310002210E5E7364D374C374A9EBB50F82360A4
:10932000760408D550F823602E4046F4404646F0B7
:10933000800640F823600E7850F826305B0608D58A
:1093400050F826302B4043F4004343F0C00340F86C
:1093500026300E7850F826302B4048F2800543F432
:10936000004343F0C00340F826300E7850F8263012
:1093700013402B4340F826300A7850F8223023401F
:109380002B43B2E750F82360760408D550F82360E9
:109390002E4046F4404646F0800640F823600E78A2
:1093A00050F826305B0608D550F826302B4043F4A1
:1093B000004343F0C00340F826300E7850F82630C2
:1093C0002B4043F4404343F0800340F826300D78AF
:1093D00050F82530234048F28004234340F82530DC
:1093E000097850F821301340234340F821307EE7BC
:1093F0008F8FFF07BF8FFF078FBFFF070A784B785C
:1094000050F822105BB1084B0B4083F0100343F47B
:10941000004343F0800340F8223000207047034BA4
:109420000B4083F48053F2E7BF8FFF078FBFFF0726
:1094300010B54B780A78FBB150F822305C0609D59C
:1094400050F82240174B234043F4004343F0C0033D
:1094500040F82230CB78012B0CD00A78124B50F810
:1094600022100B4083F0200343F4004343F08003B9
:1094700040F82230002010BD50F822305B0409D59E
:1094800050F82240074B234043F4404343F080030D
:1094900040F822300A78054B50F822100B4083F434
:1094A0004053E1E78F8FFF07BF8FFF078FBFFF0795
:1094B000F8B54A780646012A0C460B7B40F0C0817D
:1094C0000969A5698D4228BF0D4633BBE288ABB25E
:1094D000616905F0C7FA2378DB0003F1804303F5E7
:1094E000B2331A6892B21A602378DB0003F180432A
:1094F00003F5B2331A6842EA05421A602278A94B92
:1095000056F822100B4083F03003002043F4004350
:1095100043F0800346F82230F8BDE778236A022F33
:10952000227840F06381994280F0408150F8221007
:109530009D4B0B4043F4014343F0800340F822303D
:10954000236A22785B1B236250F82270617817F03F
:109550004007ABB200F0958000294FD1D20002F154
:10956000804202F5B232516821F07C41516022788C
:10957000D20002F1804202F5B2321DB9516841F0C9
:10958000004108E03E2D30D8516805F0010000EBA5
:10959000550041EA8061516062893046616905F099
:1095A00061FA636922692B446361236A934294BF21
:1095B00000225A1B2262627888BF2B46002A4BD1B8
:1095C0002278D20002F1804202F5B232116821F015
:1095D0007C4111602278D20002F1804202F5B23261
:1095E00003BB116841F0004125E068095168EF06AE
:1095F00008BF00F1FF3041EA8061C0E70129CBD10B
:10960000D20002F1804202F5B232516889B2516053
:109610002278D20002F1804202F5B232516841EA6A
:109620000541B8E73E2B0ED8116803F0010000EBAE
:10963000530041EA8061116022899BB23046616922
:1096400005F010FA5AE758091168DD0608BF00F165
:10965000FF3041EA8061C5E7012AEDD12278D200CE
:1096600002F1804202F5B232116889B211602278AB
:10967000D20002F1804202F5B232116841EA0341A0
:10968000D9E700294ED1D20002F1804202F5B23270
:10969000116821F07C4111602278D20002F18042F1
:1096A00002F5B2321DB9116841F0004108E03E2DCB
:1096B0002FD8116805F0010000EB550041EA8061E8
:1096C000116022893046616905F0CCF9636922692D
:1096D0002B446361236A9342627888BF5F1B2762D1
:1096E00088BF2B46002A47D12278D20002F180425F
:1096F00002F5B232516821F07C4151602278D200EB
:1097000002F1804202F5B23203BB516841F00041E0
:1097100025E06809E906116808BF00F1FF3041EA59
:109720008061C1E70129CCD1D20002F1804202F56B
:10973000B232116889B211602278D20002F18042FF
:1097400002F5B232116841EA0541B9E73E2B0AD869
:10975000516803F0010000EB530041EA8061516061
:1097600062899BB26AE75809D906516808BF00F1BF
:10977000FF3041EA8061C9E7012AF1D12278D200A5
:1097800002F1804202F5B232516889B2516022780A
:10979000D20002F1804202F5B232516841EA03413F
:1097A000DDE700BFBF8FFF078F8FFF0750F8225004
:1097B0004749294041F4004141F0800140F822101E
:1097C0002278D20002F1804202F5B232116889B2E9
:1097D00011602278D20002F1804202F5B2321168A3
:1097E00041EA034111609BB222891AE05B1B2362AC
:1097F00050F82210D20002F180424F06ABB202F5BF
:10980000B2324FEA05450ED5516889B251602278CF
:10981000D20002F1804202F5B23251682943516010
:10982000628961690CE7116889B211602278D200FF
:1098300002F1804202F5B23211680D431560D3E7A0
:109840002BBB8B690A78CBB9CB78BBB950F8221007
:10985000204B0B4043F4014343F0800346F8223091
:10986000A3692269934210D99B1AA36122781A4BEB
:1098700056F822100B4083F4405346E656F8221067
:10988000134B0B4043F40043E6E70023EDE7CB78AE
:10989000022B19D1CB69002BE8D00A7850F822109E
:1098A00001F0400349040CD5002BDFD056F82210FC
:1098B000084B0B4043F4004343F0C00346F822300A
:1098C000D4E7002BD2D1F1E7012BDED0012023E633
:1098D0008F8EFF078F8FFF078FBFFF07B8B1384B01
:1098E0001A6902F03002302A13D1364B98425DD902
:1098F000354B98425CD9354B98425BD9344B9842F2
:109900005AD9344B98422ED9334B98423BD9012037
:1099100070471A6902F03002202A10D12F4B98426A
:1099200044D92F4B984243D92E4B984242D92E4BC3
:10993000984241D92D4B984215D92D4BE5E71B692B
:1099400003F03003102B10D12A4B98422ED92A4B0A
:1099500098422DD9294B98422CD9294B98422BD982
:10996000284B9842D3D804230EE0274B98421DD9A8
:10997000264B98421CD9204B98421BD9244B984225
:109980001AD9244BEDE7052323490A6822F00F0278
:109990001A430A600A6802F00F0293420ED0086868
:1099A00000F00F00C01A18BF012070470023EBE73A
:1099B0000123E9E70223E7E70323E5E700207047F7
:1099C0000008024480DE800200BD0105809B820702
:1099D000007A030A8058840C80B2E60E80CC06021E
:1099E00000990D048065140600321B0880FE210AD0
:1099F00000C2EB0B80C3C90100879303804A5D0559
:109A0000000E270780D1F008002D3101005A6202B4
:109A100000B4C40400E1F5050020024038B54369F4
:109A200005463BB90024EA686042537843F00103DD
:109A3000537038BD984704460028F3D000F1FF0367
:109A4000FE2B0ED92123094A09490A4803F059FD82
:109A500029680948224603F054FD2121034803F0F8
:109A600047FDEB6844421C70DDE700BF291A01087E
:109A70004C1A010828F90008641A010810B50446B8
:109A8000F9F74AF903480121034A03F0DAFF2046B7
:109A900005F048F894F30008891A01082DE9F84305
:109AA00004460D4600AFEFF31188102383F31288AC
:109AB000BFF36F8F0428324A98BF324BE9468AB011
:109AC0009668117C98BF53F820306A4688BF2E4BA9
:109AD000CDE9073140F201332C48ADF824302C4B4E
:109AE000CDE9050442F8103F00234FF431512948D5
:109AF000F9F76EFACD4645B1EB69C3F3080323B11C
:109B00000121254A234803F09CFF2EB1304605F081
:109B100057F808B1037803B92048E9468AB06A4685
:109B20001F4B0790CDE9053640F20133ADF82030E8
:109B30001C4B42F8103F00234FF411511548F9F720
:109B400047FA2946CD462046FFF798FF042C0CD152
:109B500015498723154A164803F0D3FC154803F02E
:109B6000D0FC8721114803F0C3FC88F31188BFF3B0
:109B70006F8F3046FBF7DAFDBD46BDE8F88300BFC6
:109B8000501B002080F80008981A0108AE1A01083E
:109B90000500000194F30008D61A0108A61A01086E
:109BA000F71A010804000001311B01080F1B01080E
:109BB00028F900084E1B010838B50A4B53F820401D
:109BC000013053F82050A54200D838BD606830B14C
:109BD000037EDB0701D4FFF721FF0834F3E7236896
:109BE0009847FAE794F80008012270B5364B86B022
:109BF00003201A70FFF7E0FF05F062F80420FFF77A
:109C0000DBFF324C324DAC42264628D93149442341
:109C1000314A324803F075FC314803F072FC4421AC
:109C20002D4803F065FC54F80C3C059354F8103CA7
:109C3000049354F8143C039354F8183C029354F8DA
:109C40001C3C019354F8203C009354E90A2354E946
:109C50000C0101F0F3F954F8303C5E65D3E7AE42F5
:109C600004F13004DFD301F0CBFE184CAC421FD915
:109C700018496823184A194803F043FC184803F0B0
:109C800040FC6821CCE7D4E90A23B3F1FF3F08BFC9
:109C9000B2F1FF3F05D052EA0301206803D102F080
:109CA000E7F83034E2E70F49183002F011FCF8E72A
:109CB000E9D301F017FFF6F7DBFB0B4A938923F09A
:109CC0000103938106B070BDE01B0020A8F20008DC
:109CD000A8F20008EE1B0108CD1B010828F90008B6
:109CE00076010108EDB500081016002000230122BE
:109CF00070B586B0CDE904230F220193CDE902327D
:109D000014234FF4A0720E4D0E4E03FB00550E4966
:109D100006EBC016044602FB00110C4B30460095C2
:109D200001F08CF9337C2C7423F004033374084B5A
:109D3000013403EBC423EE606B6006B070BD00BF5E
:109D4000501B002090150020E8330020659E00087D
:109D5000E82B00207FB50020FFF72EFF334B03F5E3
:109D6000006282F3088883F30A88F023304C84F879
:109D700022300023E37723766376A37684F82030BD
:109D8000636A43F4E0236362FBF776FBFBF7B8FCFE
:109D90004FF0FF33A362E362FBF7E0FEFBF730FD19
:109DA000F8F7EEFE234801F0F3F9234B234A9342E0
:109DB0000ED92349CC23234A234803F0A2FB23488E
:109DC00003F09FFBCC211F4803F092FB1C33EEE70E
:109DD000FCD3F8F73FFD0120FFF7EEFE02201C4CFC
:109DE000FFF7EAFE01F0F0FE1A4B00255C611A4B0A
:109DF0004FF48052059301231849CDE903532046BF
:109E0000174BCDE90155009501F018F90646237C62
:109E1000204623F00403237401F05AFB2846FFF781
:109E200065FF314620460E4AFBF74AFCE82B00202E
:109E300000ED00E090160020ACEE000850F00008A5
:109E40001B1C0108CD1B010828F900087601010838
:109E500010160020501B0020980001082835002013
:109E6000E99B000808B50D4B9B6893F90E30002B59
:109E700009DB1024EFF3118384F31288BFF36F8F93
:109E800004F007F8F6E7064906481C23064A03F0E3
:109E900038FB1C21044803F02BFB00BF501B0020A3
:109EA000571C010828F90008361C010808B583680A
:109EB0004BB90B490B48A4230B4A03F022FBA42106
:109EC000094803F015FBD0E9003213605A60002303
:109ED000027CC0E9003322F002020274836008BDF4
:109EE000AA1C010828F900087F1C01082DE9F74F7A
:109EF0000446884692461E469DF83090EFF305834F
:109F000073B152EA06030BD05E4999235E4A5F485B
:109F100003F0F7FA5E4803F0F4FA99215A4819E081
:109F200004F10805EFF311874FF0100B8BF3128843
:109F3000BFF36F8F284602F071FA68B98423554A3F
:109F40005549524803F0DDFA2946544803F0D9FA3E
:109F50008421504803F0CCFA284602F083FA626A62
:109F600023699A4276D2EFF311838BF31288BFF301
:109F70006F8F83F31188BFF36F8F5BB94849BB23A1
:109F8000484A424803F0BDFA414803F0BAFABB21FF
:109F90004448DFE72668B44219D0C6B13046FFF71F
:109FA00085FF06F1180002F06FFBE26800244146CD
:109FB000706904F090FE3046B46701F089FA3946C2
:109FC000284604F041FE204603B0BDE8F08F206A29
:109FD0006669B04207D3A3695A1E904203D8E2686B
:109FE000191A914207D23049B423274A274803F06F
:109FF00088FAB42192E7B9F1000F21D0414604F06C
:10A000006AFE236AE2681344A2692362934201D183
:10A0100063692362636A013363620024284602F0A5
:10A020000BFA50BB4FF499731A4A2049174803F0B2
:10A0300068FA29461E4803F064FA4FF4997188E7DC
:10A04000E1698E4218BF0B46981A4146E06104F060
:10A0500042FEDFE75AEA06030CD0164B22469B6805
:10A060003946C3F814802846CDE900A601F006FB66
:10A070000446A8E76FF02204D0E787F31188BFF306
:10A080006F8FA0E7E31C0108C11C010828F9000834
:10A09000281D010851FF00087EFF000893FF0008FB
:10A0A0002B1D01087F1C0108431D0108A9FF0008A2
:10A0B000C0FF0008501B002038B5A2FB03545CB958
:10A0C00002FB03F54D1911D30F492F230F4A1048F6
:10A0D00003F017FA2F2106E00E492E230B4A0C48F5
:10A0E00003F00FFA2E21094803F002FAC0E9032316
:10A0F000C0E90515C0E90711C0E90000446280F815
:10A100002840846038BD00BF1E1E0108C11C010824
:10A1100028F90008E91D01082DE9F743044688469F
:10A1200017461D46EFF3058383B152EA05030DD0B0
:10A1300060494FF49773604A604803F0E2F9604861
:10A1400003F0DFF94FF497715B4818E004F108065B
:10A15000EFF31189102383F31288BFF36F8F30461A
:10A1600002F05CF968B98423564A5749534803F012
:10A17000C8F93146554803F0C4F98421514803F029
:10A18000B7F9304602F06EF9636A002B67D0E268D7
:10A190004046E16904F09FFDE369E2681344A26967
:10A1A000E361934204BF6369E361636A013B6362F5
:10A1B000EFF31183102282F31288BFF36F8F83F3C2
:10A1C0001188BFF36F8F5BB94149BB23414A3B48BC
:10A1D00003F097F93A4803F094F9BB213D48CEE7E4
:10A1E0002568AC424BD0002D4AD02846FFF75EFED2
:10A1F00005F1180002F048FA206A6369984207D313
:10A20000A3695A1E904203D8E2681B1A934209D2EE
:10A2100031494FF4A473284A284803F072F94FF4E7
:10A22000A47191E7696904F056FD236AE268284643
:10A230001344A2692362934204BF63692362636A81
:10A24000013363620024AC6701F042F949463046AD
:10A2500004F0FAFC2546284603B0BDE8F08357EA2F
:10A2600005031FD01D4B22469B684946C3F8148046
:10A270003046CDE9007501F001FA0546EBE700250F
:10A28000304602F0D9F880B94FF499730D4A144959
:10A290000A4803F036F93146124803F032F94FF418
:10A2A00099716BE76FF02205EAE789F31188BFF334
:10A2B0006F8FD0E7E31C0108C11C010828F90008D2
:10A2C000281D010851FF00087EFF000893FF0008C9
:10A2D0002B1D01087F1C0108431D0108501B002095
:10A2E000A9FF0008C0FF00082DE9F3410446174606
:10A2F0001E46EFF3058565B154497323544A55480A
:10A3000003F0FFF8544803F0FCF87321504803F0C1
:10A31000EFF8EFF31188102383F31288BFF36F8FE8
:10A320004E4802F07BF860B984234D4A4D494948B4
:10A3300003F0E7F849494C4803F0E3F88421484822
:10A34000E5E7464802F08EF8484BE2689B6892B118
:10A35000A068984227D057EA06022CD13F4802F065
:10A360006BF890B188F31188BFF36F8F6FF00F0017
:10A3700002B0BDE8F08193F90E100132C4E9023257
:10A380003648216102F058F878B94FF49973344A8D
:10A390003749304803F0B5F83049364803F0B1F892
:10A3A0004FF49971CBE72169E7E788F31188BFF390
:10A3B0006F8F0020DCE793F90E1090F90E30994270
:10A3C00005DA9942A8BF194604F0BBFB05462246B0
:10A3D0004146CDE90076214801F050F90028E8D047
:10A3E000EFF31186102383F31288BFF36F8F1B489E
:10A3F00002F014F8002897D0184802F033F8A0684B
:10A40000C0B1236821699C420AD04BB193F90E3048
:10A410009942A8BF19466FF07F039942B8BF194609
:10A4200004F08FFB30B131460C4804F00DFC6FF0A6
:10A430000A009DE7002DF6D1084801F0FDFF002835
:10A44000A3D086F31188BFF36F8FF0E7911E010848
:10A450006F1E010828F90008A31E0108701B0020C8
:10A4600051FF00087EFF000893FF0008501B0020EA
:10A47000A9FF0008C0FF0008F8B50546EFF3058303
:10A4800063B15549EA23554A554803F03AF855480F
:10A4900003F037F8EA21514803F02AF88368002BCB
:10A4A00000F09480504A9268934240F09280C368D2
:10A4B0004BB94E494FF48173484A494803F021F89B
:10A4C0004FF48171E7E7012B03D0013BC36000200B
:10A4D000F8BDEFF31187102484F31288BFF36F8F58
:10A4E000434801F09BFF60B98423424A42493C48FB
:10A4F00003F007F83E49414803F003F884213D4842
:10A50000CAE73B4801F0AEFF2969A86804F019FBCF
:10A51000EFF3118384F31288BFF36F8F83F31188F5
:10A52000BFF36F8F5BB93649BB23364A2C4802F024
:10A53000E8FF354802F0E5FFBB213248ACE72C6864
:10A54000AC4215D100232A48C5E9023301F074FF5B
:10A55000002836D14FF49973264A2C49204802F03E
:10A56000D0FF23492A4802F0CCFF4FF49971C6E787
:10A57000002CE7D0A3683BB92649A423214A1848F8
:10A5800002F0BFFFA421D8E70026D4E9003213600F
:10A590005A60237CC4E9006623F002032374A6609A
:10A5A00004F1180002F070F8AC6094F90E30204607
:10A5B0002B61A66700F08CFF39460D4804F044FB80
:10A5C00085E787F31188BFF36F8F80E76FF0150081
:10A5D0007EE74FF0FF307BE7911E01086F1E0108F8
:10A5E00028F90008A31E0108501B0020C81E0108FE
:10A5F000701B002051FF00087EFF000893FF000839
:10A600002B1D01087F1C0108281D0108A9FF000857
:10A61000C0FF0008AA1C010808B583684BB90B49A4
:10A620000B48A4230B4A02F06CFFA421094802F056
:10A630005FFFD0E9003213605A600023027CC0E95A
:10A64000003322F002020274836008BDAA1C0108D4
:10A6500028F900087F1C010870B50446EFF3118645
:10A66000102585F31288BFF36F8F2F4801F0D6FEB7
:10A6700060B984232D4A2E492E4802F042FF2A4910
:10A680002D4802F03EFF8421284818E0264801F0BA
:10A69000E9FEEFF3118385F31288BFF36F8F83F325
:10A6A0001188BFF36F8F63B92449BB23244A214823
:10A6B00002F027FF234802F024FFBB21204802F0CC
:10A6C00017FF2568AC4212D08DB12846FFF7A4FFD2
:10A6D00005F1180001F0D8FF00232846AB6700F011
:10A6E000F7FE3146BDE870400F4804F0ADBAD4E93A
:10A6F00002329A4218BF01330B48A36001F09CFE5E
:10A7000068B94FF49973094A0F490A4802F0F9FEF3
:10A7100005490E4802F0F5FE4FF49971B4E786F34F
:10A720001188BFF36F8F70BD741B002051FF0008AC
:10A730007EFF000828F9000893FF00082B1D010880
:10A740007F1C0108281D0108A9FF0008C0FF0008A0
:10A75000F7B5044616461D46EFF305837BB152EA72
:10A7600005030CD02D4988232D4A2E4802F0C9FE3E
:10A770002D4802F0C6FE8821294802F0B9FEEFF309
:10A780001187102383F31288BFF36F8F274801F0DE
:10A7900045FE60B98423264A2649224802F0B1FECC
:10A7A0002249254802F0ADFE84212148E5E71F48F3
:10A7B00001F058FEA368D3B1013B1C48A36001F02F
:10A7C0003BFE68B94FF49973194A1C49154802F0C9
:10A7D00098FE16491A4802F094FE4FF49971E4E786
:10A7E00087F31188BFF36F8F002003B0F0BD56EAE6
:10A7F00005030BD10D4801F01FFE0028E2D087F3BE
:10A800001188BFF36F8F6FF00F00EEE722463946D5
:10A81000CDE90065054800F031FFE6E7FF1E0108BD
:10A82000DF1E010828F90008281D0108741B0020FC
:10A8300051FF00087EFF000893FF0008A9FF0008F1
:10A84000C0FF00082DE9F0410546EFF311881027FD
:10A8500087F31288BFF36F8F304801F0DFFD0646A3
:10A8600060B984232E4A2F492F4802F04AFE2B4913
:10A870002E4802F046FE8421294819E0274801F0BD
:10A88000F1FD0023EFF3118287F31288BFF36F8F7E
:10A8900082F31188BFF36F8F62B92549BB23254A24
:10A8A000214802F02EFE244802F02BFEBB21214855
:10A8B00002F01EFE2C68A5420FD074B12046FFF7AF
:10A8C000ABFE04F1180001F0DFFE6FF00A03204632
:10A8D000A36700F0FDFD3346D4E70022AA608BB9E0
:10A8E0000E4801F0A9FD98B94FF499730C4A134929
:10A8F0000D4802F006FE0949114802F002FE4FF42D
:10A900009971B9E74146BDE8F041044804F09CB9AB
:10A9100088F31188BFF36F8FBDE8F081741B0020AE
:10A9200051FF00087EFF000828F9000893FF000887
:10A930002B1D01087F1C0108281D0108A9FF000824
:10A94000C0FF00082DE9FF410446794EEFF311875F
:10A95000102383F31288BFF36F8F764801F05EFDFA
:10A9600068B98423744A7549754802F0CAFD714973
:10A97000744802F0C6FD84216F4802F0B9FD6D48AD
:10A9800001F070FDD4F88450F5B9022104F19C0067
:10A9900004F0EBF8002840D004F1940500220121D6
:10A9A000284601F0F7FB0028F8D100234FF0FF32D2
:10A9B00002934FF0FF333946CDE900235D4804F19F
:10A9C0008C0201F045FCC1E7D4F888202B68954241
:10A9D00008BFC4F88830C4F88430D4F89C30554897
:10A9E00043F00203C4F89C30EB68D5F8048023F0F0
:10A9F000040343F00103EB6001F01EFDF8B94FF4CE
:10AA000099734D4A50494E4802F07BFD49494F48E1
:10AA100002F077FD4FF49971AEE7D4F89C30DD0673
:10AA2000C3D5C4F89C00434801F006FD0028E6D0D9
:10AA300087F31188BFF36F8F04B0BDE8F08187F30F
:10AA40001188BFF36F8FB8F1000F0AD140493C481D
:10AA500040F2F3233F4A02F054FD40F2F3213D4817
:10AA60008BE72846C047EFF31187102383F3128842
:10AA7000BFF36F8F2F4801F0D1FC00283FF471AF76
:10AA80002C4801F0EFFCEB68D90623F0010236D424
:10AA9000EA60EB689A0716D5306823F00203EB6092
:10AAA00088B10022036870B141688D4235D10368D6
:10AAB0006ABB72683360904200D17360002340F833
:10AAC000083BFFF7C9FDD4F89C3023F00203C4F81B
:10AAD0009C30DB0529D4D4F88450003D18BF0125F3
:10AAE000144801F0A9FC002889D087F31188BFF32E
:10AAF0006F8F002D3FF42AAF01F06EF826E723F0A8
:10AB00001103EB6005F11000FFF7A6FDC1E713602C
:10AB10007368984208BF7260D0E702461BB119689B
:10AB200018460B46BFE71946FAE70025D8E700BFED
:10AB3000781B0020801B002051FF00087EFF0008CA
:10AB400028F9000893FF0008A9FF0008C0FF0008CB
:10AB50008E1F01084C1F0108F8B5C36804469A0708
:10AB60000E46C3F340054FD45F074FD40B680BB9B3
:10AB700083680B60E368D80736D5A3685BB92549BD
:10AB8000254840F25713254A02F0BBFC40F257110A
:10AB9000224802F0ADFC02253360376867B3204BD2
:10ABA0009A68D7F880309A4220D104F000F880F0FB
:10ABB0000100C0B2D7F89C30D907C3F380021ED57C
:10ABC00002B308B300232360D7F8883083B9C7E9FC
:10ABD0002144384603F0D4FFE36843F00403E36004
:10ABE0003368A3602846F8BD0125D6E70020E1E7D9
:10ABF0001C60C7F88840ECE76FF0150506E06FF0C1
:10AC0000120503E01B07DDD56FF00F05002333604D
:10AC1000E8E700BF6D1F010828F900084C1F010874
:10AC2000501B002073B50446EFF31185102383F306
:10AC30001288BFF36F8F224801F0F0FB68B98423BC
:10AC4000204A2149214802F05CFC1D49204802F0BD
:10AC500058FC84211B4802F04BFC194801F002FC0F
:10AC600000230193D4E90423B3F1004F08BF012A64
:10AC700011D0134801F0E0FBE0B94FF49973114A89
:10AC80001449124802F03DFC0D49134802F039FC0A
:10AC90004FF49971DEE70321201FA4F1100603F0A1
:10ACA00064FF0028E5D0A369304601A90193FFF7AE
:10ACB00053FFDEE785F31188BFF36F8F02B070BDDD
:10ACC000801B002051FF00087EFF000828F90008C3
:10ACD00093FF0008A9FF0008C0FF000838B50D4623
:10ACE000044648B90C499C230C4A0D4802F009FC63
:10ACF0009C210A4802F0FCFB39B90A499D23074A06
:10AD0000074802F0FEFB9D21F3E71022002103F02B
:10AD1000EFFF656038BD00BFE01F01084C1F010850
:10AD200028F900088E1F010837B50C46019059B963
:10AD3000284940F27D13284A284802F0E2FB40F2FD
:10AD40007D11254802F0D4FB4B684BB924494FF4E0
:10AD5000BF73214A214802F0D4FB4FF4BF71F0E7E2
:10AD6000EFF31185102383F31288BFF36F8F1D4813
:10AD700001F054FB60B984231B4A1C49174802F0B8
:10AD8000C0FB18491A4802F0BCFB84211648D9E7D9
:10AD9000144801F067FB204601A9FFF7DDFE0446D9
:10ADA000104801F049FB68B94FF499730E4A1149F4
:10ADB0000A4802F0A6FB0B490F4802F0A2FB4FF431
:10ADC0009971E3E785F31188BFF36F8F204603B0D5
:10ADD00030BD00BFE01F01084C1F010828F9000822
:10ADE000881F0108801B002051FF00087EFF00081B
:10ADF00093FF0008A9FF0008C0FF0008F0B589B064
:10AE000004460E9D58B92F4940F253332E4A2F481D
:10AE100002F077FB40F253312B4802F069FB49B94D
:10AE20002B494FF45573284A284802F06AFB4FF427
:10AE30005571F1E7D0F89C0010F0010009D02549C8
:10AE400040F25533204A214802F05BFB40F2553175
:10AE5000E2E7C4E9210004F18C00C4E9230004F115
:10AE60009400C4E9250055B32879002840F2011068
:10AE700008BF0120C4F89C0000204FF0FF364FF0BF
:10AE8000FF37CDE90330CDE90100CDE90667204663
:10AE9000114B009400F036F955B1296811B12046E4
:10AEA00003F08BFE6B791BB1A38943F00103A381EF
:10AEB000204600F0DDFFC4F8804009B0F0BD01205D
:10AEC000D8E700BFD91F01084C1F010828F9000866
:10AED00042050108A51F010845A9000838B50D461F
:10AEE000044658B90F4940F20F430F4A0F4802F089
:10AEF00008FB40F20F410C4802F0FAFA49B90C493C
:10AF00004FF48263084A094802F0FBFA4FF4826169
:10AF1000F1E73022002103F0EBFE4FF4807365600F
:10AF2000E36038BDDF1F01084C1F010828F9000845
:10AF30008E1F0108F7B50C4616461D46019058B9FC
:10AF4000334940F28643334A334802F0DAFA40F29A
:10AF50008641304802F0CCFA49B9304940F2874383
:10AF60002C4A2D4802F0CDFA40F28741F1E7EFF389
:10AF70001187102383F31288BFF36F8F284801F0E5
:10AF80004DFA60B98423274A2749234802F0B9FAC9
:10AF90002349264802F0B5FA84212248DAE72048FE
:10AFA00001F060FAE36813F01E0F27D155EA06029C
:10AFB00016D1204601A9FFF7CFFD0446184801F03D
:10AFC0003BFAE8B94FF49973164A1949124802F04E
:10AFD00098FA1349174802F094FA4FF49971DCE794
:10AFE00043F00803E360019B04F11000A3623246C2
:10AFF0002B46114901F06CFA0124DFE70024DDE75C
:10B0000087F31188BFF36F8F204603B0F0BD00BFF8
:10B01000731F01084C1F010828F90008DF1F0108F1
:10B02000801B002051FF00087EFF000893FF0008EE
:10B03000A9FF0008C0FF000825AC00082DE9F04377
:10B0400085B00F9D04460F2D0E46984637D1274BED
:10B05000984538D104F15803C4E91633109B0027F2
:10B06000A38104230732A57322F0070506EB050927
:10B07000494623742046C4E90677A760E773F9F7C9
:10B0800071FF0E9B073020F00700A066C4E9186529
:10B0900002930D9BA9EB000901930C9B4A46009378
:10B0A000314643462046FAF7EFFA114B67659B6835
:10B0B00003B1DB6E4846E36605B0BDE8F08305F1F9
:10B0C00010031E2BC6D940F24B230A4A0A490B48EB
:10B0D00002F017FA29460A486FF00F030E2202F019
:10B0E00010FA40F24B21034802F002FA659E000874
:10B0F000501B0020F41F01081720010828F9000840
:10B1000097200108F0B587B00446DDE91276EFF329
:10B11000058575B1194940F21733194A194802F0EB
:10B12000F0F9194802F0EDF940F21731144802F035
:10B13000DFF90595109D04950F9D03950E9D0295D1
:10B140000D9D01950C9D0095FFF778FFB6F1FF3F2F
:10B1500008BFB7F1FF3F05D056EA070305D12046E7
:10B1600000F086FE204607B0F0BD3A46334604F1B3
:10B170001800064901F0ACF9F4E700BF911E010880
:10B18000F41F010828F90008C8200108EDB50008DF
:10B19000012310B50374838100230446C0E91833EA
:10B1A00001F09CFD014B9C6010BD00BF501B0020B6
:10B1B00070B590F91020037C002A49DBD90647D1ED
:10B1C00063F07F030374264B984209D12549264832
:10B1D0005223264A02F095F95221244802F088F9B8
:10B1E000234C224652F8183FE169934207D1C0E947
:10B1F00000210860E0610FE08B42F8D01B68002B53
:10B20000F5D093F90E6090F90E50AE42F4DD596816
:10B21000C0E9003108605860A569954200D005B9C1
:10B22000E568A3685BB91349EA23134A0E4802F0A4
:10B2300068F9124802F065F9EA210F48CEE71A7C56
:10B24000D20606D1DA897F2A03D9AA690AB96361CD
:10B2500070BDAB4202D0284601F05AF86561F7E7AD
:10B26000901500200F21010828F90008ED200108A1
:10B27000501B00205C21010830210108281D010815
:10B2800038B590F910200146002A037C1BDA224AC7
:10B2900003F07F039042037409D120495A23204AC6
:10B2A000204802F02EF95A211D4802F021F9DC074E
:10B2B00007D51D495B231A4A1A4802F022F95B217F
:10B2C000F2E703F07FFC194D2A4652F8184FAB689D
:10B2D000944200D004B9EC688B4214D05BB9144995
:10B2E000EA23144A0F4802F00CF9134802F009F956
:10B2F000EA211048D9E71A7CD20604D1DA897F2ADC
:10B3000001D9A2692AB1A34202D0204601F000F877
:10B3100023466B6138BD00BF901500200F21010846
:10B32000ED20010828F9000883210108501B0020A6
:10B330005C21010830210108281D010808B5124AC6
:10B34000936880B1197C11F0090F0CD10F49D923F2
:10B350000F4A104802F0D5F80F4802F0D2F8D92170
:10B360000B4802F0C5F86FF00A0199670B4958675E
:10B370004B6843F080534B60002383F31188BFF385
:10B380006F8F9368986F08BD501B0020C62101087D
:10B390009C21010828F900082F22010800ED00E097
:10B3A00070B504460D46F9B9EFF30586E6B91A4BB8
:10B3B0005A699B689A4217D001F03EF878B940F27A
:10B3C0006D13164A1649174802F09BF82146164895
:10B3D00002F097F840F26D11104802F089F83046FB
:10B3E000BDE87040FFF7AABF204601F025F868B914
:10B3F0004FF49973094A0A490A4802F082F8214633
:10B40000094802F07EF84FF49971E5E785F3118859
:10B41000BFF36F8F70BD00BF501B002051FF0008AD
:10B42000A9FF000828F90008C0FF000808B58368D4
:10B430004BB909490948A423094A02F062F8A4213A
:10B44000074802F055F803F0BDFB037C23F002032C
:10B4500003740023836008BDAA1C010828F90008B2
:10B460007F1C010838B5184CA168E0690B6881425F
:10B4700014BF1A46002249680B605960A368E1694D
:10B480002AB9124AC3E900210B60E3610AE092F98C
:10B490000E5093F90E00854212DD5168C3E9002178
:10B4A0000B605360A569094B9D4200D005B9E56862
:10B4B000A3689D4202D0284600F02AFF656138BD8E
:10B4C0008A42DED01268DBE7501B0020681B002098
:10B4D00038B50446EFF31185102383F31288BFF3C8
:10B4E0006F8F174800F09AFF68B98423154A1649F0
:10B4F000164802F006F81249154802F002F88421B5
:10B50000104801F0F5FF0E4800F0ACFF2046FFF7B1
:10B510004FFE0B4800F090FF68B94FF49973094A49
:10B520000C490A4801F0EDFF05490B4801F0E9FF1D
:10B530004FF49971E4E785F31188BFF36F8F38BD3D
:10B54000841B002051FF00087EFF000828F9000836
:10B5500093FF0008A9FF0008C0FF000838B50446A3
:10B56000EFF31185102383F31288BFF36F8F184810
:10B5700000F054FF68B98423164A1749174801F0B0
:10B58000C0FF1349164801F0BCFF8421114801F0A7
:10B59000AFFF0F4800F066FFA36813B12046FFF726
:10B5A00045FF0B4800F048FF68B94FF49973094A0A
:10B5B0000C490A4801F0A5FF05490B4801F0A1FF1D
:10B5C0004FF49971E2E785F31188BFF36F8F38BDAF
:10B5D000841B002051FF00087EFF000828F90008A6
:10B5E00093FF0008A9FF0008C0FF000838B5A0F1CC
:10B5F0001804EFF31185102383F31288BFF36F8FC4
:10B60000174800F00BFF68B98423164A16491748FB
:10B6100001F077FF1249164801F073FF84211148A9
:10B6200001F066FF0E4800F01DFF204603F0F8FA17
:10B630000B4800F001FF68B94FF49973094A0D49AE
:10B640000A4801F05EFF06490B4801F05AFF4FF42B
:10B650009971E4E785F31188BFF36F8F38BD00BFA0
:10B66000841B002051FF00087EFF000828F9000815
:10B6700093FF0008A9FF0008C0FF00082DE9F0476C
:10B68000DFF8D4A0354D1746DDE90898DAF8082030
:10B69000334BA84204460E461A600BD1314932485A
:10B6A00040F2B923314A01F02CFF40F2B9212F4872
:10B6B00001F01EFFEFF31183102383F31288BFF311
:10B6C0006F8F284600F0AAFE60B98423284A2949D2
:10B6D000254801F016FF2946274801F012FF842172
:10B6E0002348E5E7284600F0BDFEDAF80850394661
:10B6F000284603F06FFAB8F1FF3F08BFB9F1FF3FEA
:10B7000006D04A4643461D4905F1180000F0E0FE08
:10B71000204600F091FE68B9194940F26D13144AB1
:10B72000114801F0EEFE2146164801F0EAFE40F213
:10B730006D11D5E7094800F07FFE40B9104940F28D
:10B740006D130B4A084801F0DCFE0449ECE7304673
:10B75000BDE8F047FFF7F2BD501B0020841B00201E
:10B76000881B00205722010828F90008ED20010855
:10B7700051FF00087EFF000893FF0008EDB50008A8
:10B78000A9FF0008C0FF000870B50546EFF3118659
:10B79000102383F31288BFF36F8F1B4800F03EFE27
:10B7A00068B98423194A1A491A4801F0AAFE1649B1
:10B7B000194801F0A6FE8421144801F099FE1248B0
:10B7C00000F050FE2C68A54215D014B12046FFF7BA
:10B7D0002DFE0D4800F030FE78B94FF499730B4AF6
:10B7E0000E490C4801F08DFE07490D4801F089FE15
:10B7F0004FF49971E0E70024EBE786F31188BFF37B
:10B800006F8F204670BD00BF841B002051FF0008D1
:10B810007EFF000828F9000893FF0008A9FF000830
:10B82000C0FF00082DE9F04104460D46EFF31187F3
:10B83000102383F31288BFF36F8F594800F0EEFD99
:10B8400060B98423574A5849584801F05AFE544970
:10B85000574801F056FE8421524818E0504800F045
:10B8600001FE237C03F01F02002A0CBF01260026E4
:10B8700062D103F07F0323744E4B9C4209D14E49A1
:10B880005A234E4A494801F03CFE5A214B4801F0E8
:10B890002FFE204603F096F9237C6DB243F080031F
:10B8A000DA07A573237407D545495323434A3F4814
:10B8B00001F027FE5321E9E7DFF80881424652F8FC
:10B8C000183FD8F81C10934208D1C4E900210C603D
:10B8D000C8F81C400DE08B42F7D01B68002BF4D059
:10B8E00093F90E00A842F6DD5968C4E900310C60F6
:10B8F0005C60D8F81840944200D00CB9D8F80C40DD
:10B90000D8F808309C4202D0204600F001FDC8F86B
:10B910001440234800F090FD00283AD14FF4997369
:10B92000204A2949214801F0ECFD1D49274801F032
:10B93000E8FD4FF499718FE79B0728D5A16841B9BD
:10B9400023491A48A423234A01F0DBFDA4212148FE
:10B950009DE720466DB203F035F9A5730B68994257
:10B9600009D14B68C4E900131C604C60D1E74A68F8
:10B970009342F6D01B68002BF3D093F90E20AA4215
:10B98000F5DD5A68C4E9003214605C60C1E7A57354
:10B99000BFE787F31188BFF36F8F3046BDE8F081B2
:10B9A000841B002051FF00087EFF000828F90008D2
:10B9B00093FF0008901500200F210108ED200108D9
:10B9C00083210108501B0020A9FF0008C0FF0008C8
:10B9D000AA1C01087F1C0108034648B9EFF3058241
:10B9E00032B9064A51699268914201D0FFF7A6BC6C
:10B9F00083F31188BFF36F8F704700BF501B002087
:10BA000010B5EFF31184102383F31288BFF36F8F07
:10BA1000284800F003FD60B98423274A27492848B5
:10BA200001F06FFD2349274801F06BFD8421224876
:10BA300012E0204800F016FDEFF3058373B12249B0
:10BA400040F23B33214A1E4801F05BFD204801F0E3
:10BA500058FD40F23B311D4801F04AFD1D4B9A68EC
:10BA6000D37B012B0CD11C494FF44F73174A144858
:10BA700001F047FD164801F044FD4FF44F71EAE72D
:10BA8000013BD3730B4800F0D7FC68B94FF49973AE
:10BA9000094A12490A4801F034FD0649104801F0EC
:10BAA00030FD4FF49971C2E784F31188BFF36F8FB3
:10BAB00010BD00BF841B002051FF00087EFF00085E
:10BAC00028F9000893FF0008911E0108ED200108E5
:10BAD000281D0108501B002090220108A9FF000822
:10BAE000C0FF000870B5EFF31186102383F31288AE
:10BAF000BFF36F8F2A4800F091FC68B98423294A6C
:10BB000029492A4801F0FDFC2549294801F0F9FCA2
:10BB10008421244801F0ECFC264D214800F0A2FCD1
:10BB2000AB68DA7B6AB9244940F24D33234A1F4897
:10BB300001F0E7FC224801F0E4FC40F24D311F48DF
:10BB4000E8E7EFF3058161B11E4940F24E331B4A2D
:10BB5000164801F0D6FC1A4801F0D3FC40F24E31F1
:10BB6000EDE70132DA732A4652F8184F944200D0BA
:10BB700004B9EC681A7CD20604D1DA897F2A01D98B
:10BB8000A2692AB19C4202D0204600F0C1FB2346A4
:10BB90006B613146BDE870400148FFF701BC00BF52
:10BBA000841B002051FF00087EFF000828F90008D0
:10BBB00093FF0008501B0020C1220108ED2001085E
:10BBC000281D0108911E0108024B03F11802C3E968
:10BBD00006227047501B002070B5EFF3058373B148
:10BBE00038494FF49063384A384801F08AFC3848A5
:10BBF00001F087FC4FF49061334801F079FCEFF3DA
:10BC00001186102383F31288BFF36F8F314800F041
:10BC100005FC60B98423304A30492C4801F071FC9E
:10BC20002C492F4801F06DFC84212B48E5E72D4C71
:10BC3000284800F017FCA168E0690B68814214BF36
:10BC40001A46002249680B605960A368E1692AB965
:10BC5000254AC3E900210B60E3610AE092F90E5026
:10BC600093F90E00854223DD5168C3E900210B6082
:10BC70005360A5691C4B9D4200D005B9E568A368D7
:10BC80009D4202D0284600F043FB1248656100F057
:10BC9000D3FB88B940F26D130F4A14490B4801F0E9
:10BCA00030FC0C49124801F02CFC40F26D11BCE74D
:10BCB0008A42CDD01268CAE73046BDE87040FFF72F
:10BCC0003DBB00BF911E0108ED20010828F90008C6
:10BCD000281D0108841B002051FF00087EFF00087A
:10BCE00093FF0008501B0020681B0020A9FF0008DC
:10BCF000C0FF00082DE9F04106460C46EFF305872A
:10BD000077B134494FF49363334A344801F0F9FB77
:10BD1000334801F0F6FB4FF493612F4801F0E8FB44
:10BD200050EA010304D1FFF757FF0020BDE8F0817E
:10BD3000EFF31188102383F31288BFF36F8F294824
:10BD400000F06CFB60B98423274A2849234801F09E
:10BD5000D8FB2449264801F0D4FB84212248DDE7A2
:10BD6000244D204800F07EFBA868234B1860FFF7A5
:10BD700087FAA868234632462049183000F0A8FB0D
:10BD8000AA680446137C174843F00403137400F0B8
:10BD900053FB68B940F26D13134A19490F4801F07B
:10BDA000B0FB1049174801F0ACFB40F26D11D5E72C
:10BDB0004046FFF7C3FAAB68D3E90A23B3F1004F5B
:10BDC00008BFBA42B1D102F069FF201A20EAE07040
:10BDD000ACE700BF911E0108ED20010828F900081A
:10BDE000281D0108841B002051FF00087EFF000869
:10BDF00093FF0008501B0020881B0020EDB50008B1
:10BE0000A9FF0008C0FF000838B505460C46EFF34F
:10BE1000058373B1124940F2C643124A124801F039
:10BE200070FB124801F06DFB40F2C6410D4801F075
:10BE30005FFBFFF75FFFB4F1FF3F08BFB5F1FF3FC6
:10BE40000AD0C11709304FF00A024FF0000341F148
:10BE50000001F4F78DF938BD4FF0FF30FBE700BF6C
:10BE6000911E0108ED20010828F90008281D01088D
:10BE700038B50446EFF31185102383F31288BFF31E
:10BE80006F8F204800F0CAFA68B984231E4A1F4900
:10BE90001F4801F036FB1B491E4801F032FB84218C
:10BEA000194801F025FB174800F0DCFA237C5B07FA
:10BEB00010D504F1180000F0E7FB237C204623F0A6
:10BEC00004032374FFF774F92946BDE838400D4890
:10BED000FFF766BA0B4800F0AFFA68B94FF49973F0
:10BEE000094A0D490A4801F00CFB06490B4801F0CC
:10BEF00008FB4FF49971D3E785F31188BFF36F8F77
:10BF000038BD00BF841B002051FF00087EFF0008E1
:10BF100028F9000893FF0008A9FF0008C0FF0008E7
:10BF2000014B9868704700BF501B00202DE9F84373
:10BF300004468789EFF31185102383F31288BFF33A
:10BF40006F8F824800F06AFA68B98423804A814979
:10BF5000814801F0D6FA7D49804801F0D2FA842167
:10BF60007B4801F0C5FA794800F07CFA237C180779
:10BF700017D5764800F060FA68B94FF49973744A9F
:10BF80007749754801F0BDFA7049764801F0B9FA71
:10BF90004FF49971E4E785F31188BFF36F8FBDE823
:10BFA000F883D90943F0080240F083802274A36823
:10BFB00013B12046FFF73AFA04F1180000F064FBD1
:10BFC000A66D04F15808B04511D04FF0000976B1C4
:10BFD0003046FFF72BFA06F1180000F055FB30460B
:10BFE000C6F87890FFF7E4F8A66DB045EFD1DFF81A
:10BFF0007881D8F808309C427AD1EFF30589B9F1FD
:10C00000000918BF4FF00109D8F81860574A964246
:10C0100000D00EB9D8F80C60B34202D0304600F020
:10C0200077F92046C8F8146001F029FFB9F1000F34
:10C0300002D04F48FFF7ACF8D8F808309C426AD1DC
:10C04000EFF30586002E66D1A389DA071FD53F4896
:10C0500000F0F2F9002890D085F31188BFF36F8FBC
:10C0600086F31188BFF36F8F0423184602DFEFF3C6
:10C070001185102383F31288BFF36F8F334800F0CC
:10C08000CDF900283FF461AF304800F0EBF92F48BC
:10C0900000F0D2F978BB40F26D132D4A30492E489A
:10C0A00001F02FFA29492F4801F02BFA40F26D11C7
:10C0B00056E7304A03F07F0343F0080394422374A9
:10C0C00008D12D495A232D4A234801F01AFA5A2142
:10C0D0002A4846E7D90707D529495B23274A1E483E
:10C0E00001F00FFA5B21F3E7204602F06BFD5EE7FB
:10C0F0004FF0000988E72846FFF720F921494FF45F
:10C10000EE731E4A144801F0FCF91F4801F0F9F9DA
:10C110004FF4EE71DCE70D4800F08EF900283FF493
:10C120002CAF85F31188BFF36F8FFB077FF537AF17
:10C1300040F2A253114A1549074801F0E2F921469D
:10C14000134801F0DEF940F2A251C1E7841B002040
:10C1500051FF00087EFF000828F9000893FF00083F
:10C16000A9FF0008C0FF0008501B0020681B00202A
:10C1700090160020901500200F210108ED200108E5
:10C1800083210108F2220108FD2201081F23010872
:10C190002A2301082DE9F843064688461746EFF39F
:10C1A0001189102383F31288BFF36F8F214800F0A9
:10C1B00035F9054668B984231F4A2049204801F013
:10C1C000A0F91C491F4801F09CF984211A4801F08C
:10C1D0008FF9184800F046F93468A6421FD004B31E
:10C1E0002046C4F878806761FFF720F904F1180051
:10C1F00000F04AFA2046FEF7DBFF0E4800F01CF97B
:10C2000088B94FF499730C4A0F490D4801F079F938
:10C2100008490E4801F075F94FF49971D6E70025E9
:10C22000EBE72546E9E789F31188BFF36F8F2846CE
:10C23000BDE8F883841B002051FF00087EFF000842
:10C2400028F9000893FF0008A9FF0008C0FF0008B4
:10C25000D3B5DDE90667089CCDE90067FFF70EFA64
:10C260001CB1034B9B685B69236002B0D0BD00BF6B
:10C27000501B0020027C034612F01F0210D10A4915
:10C2800088420DD00949086868B1D9897F2909D841
:10C2900093F90E20064B1B689A42B8BF00207047E6
:10C2A000002070471046704790150020200600209F
:10C2B0008C1B002008B568B10F4B98420AD303F1DC
:10C2C0001802904206D21822C01AB0FBF2F302FB09
:10C2D00013034BB109490A483F230A4A01F011F9F7
:10C2E0003F21084801F004F90122074BC0105843D0
:10C2F000064B1A5408BD00BF101700207023010818
:10C3000028F9000848230108ABAAAAAAE11B0020CB
:10C3100070B50C4B0C4D1E7CFFF7ACFF182303FBD4
:10C3200006550446284600F0AFF90022074B9A55FF
:10C330003CB1621E2846BDE870400549D31700F0A5
:10C34000C7B870BD501B002010170020E11B002053
:10C35000B5C2000838B5EFF31185102383F31288B6
:10C36000BFF36F8F234800F059F868B98423224A3D
:10C370002249234801F0C5F81E49224801F0C1F8BE
:10C3800084211D4801F0B4F81A4800F06BF81E4BE8
:10C390001E4A9C681068A04213D1FFF7B9FF1548E8
:10C3A00000F04AF800BB4FF49973134A1849144837
:10C3B00001F0A7F80F49174801F0A3F84FF499715D
:10C3C000DFE700211B7C1160134AD35C002BE6D011
:10C3D0002046FFF74FFF0028E1D0237CDB0601D188
:10C3E000FFF740F82046D8E785F31188BFF36F8F39
:10C3F00038BD00BF841B002051FF00087EFF0008ED
:10C4000028F9000893FF0008501B0020881B00201B
:10C41000A9FF0008C0FF0008E11B0020006838B138
:10C42000044B00F003001B7CC01A18BF01207047AA
:10C4300001207047501B0020002302680360EFF3C7
:10C440000581074B986811B1017CC90705D41B7C95
:10C450001843831A5842584170470120704700BF63
:10C46000501B0020024B1A7C9B68134303607047EB
:10C47000501B0020024B1868984208BF00207047EC
:10C4800024060020034B1B680BB9FBF7DBBE002022
:10C49000704700BF901B002030B570B10B4B5B683C
:10C4A00098420AD0036843B1D3E90421D0E9044596
:10C4B000121941EB0501C3E90421D0E900321360F0
:10C4C0005A600023C0E9003330BD00BF24060020BD
:10C4D000B3F1FF3F08BFB2F1FF3F2DE9F84F04462B
:10C4E0009B4615461F4600F0B280D0F80090B9F187
:10C4F000000F0CD057496423574A584801F001F8FF
:10C50000574800F0FEFF6421534800F0F1FF8160BE
:10C51000EFF31188102383F31288BFF36F8F514814
:10C52000FFF77CFF824660B984234F4A4F494B484E
:10C5300000F0E7FF4B494E4800F0E3FF84214A48F2
:10C54000E3E74848FFF78EFFBBF1000F494A1FDBC6
:10C55000FFF798FF064601354BF1000B454A2D18B1
:10C560004BEBE073D2E90017C4E904536D1843EBB9
:10C570000707FFF77FFF0346DFF8FCE0DEF80490D3
:10C58000EBB9C4E900E9C9F80040CEF8044028E05E
:10C590006FF00103D2E900125B1A4FF0FF3161EB3B
:10C5A00002025B1B62EB0B02012B72F10001BCBFAC
:10C5B00001234A464FF0000AC4E90432D9E7D3E91F
:10C5C000041CD4E904208A4270EB0C0B2EDA891A81
:10C5D0005A686CEB0000C3E90410C4E9003214602F
:10C5E0005C60FFF747FF84420ED1244B1B685BB9A8
:10C5F000BAF1000F02D1FFF745FF0646304602F0C0
:10C6000036FB0021FBF76EFD1648FFF715FFB0B9AA
:10C610004FF49973144A1A49104800F072FF1149F7
:10C62000184800F06EFF4FF4997188E7521A60EBDA
:10C630000C004B45C4E90420A3D01B68A0E788F395
:10C640001188BFF36F8F28463946BDE8F88F002563
:10C650002F46F8E73F2501081B25010828F90008A7
:10C66000281D0108941B002051FF00087EFF0008D0
:10C6700093FF00082817002024060020901B0020AC
:10C68000A9FF0008C0FF000870B50446EFF311864B
:10C69000102383F31288BFF36F8F2A48FFF7BEFE83
:10C6A00068B98423284A2949294800F02AFF2549E6
:10C6B000284800F026FF8421234800F019FF214874
:10C6C000FFF7D0FE23683BB3FFF7D4FE05462046B4
:10C6D000FFF7E2FE00224FF00043A542C4E9042325
:10C6E00012D000241748FFF7A7FE20BB4FF4997320
:10C6F000154A1949164800F004FF1249174800F07E
:10C7000000FF4FF49971D7E7FFF7BCFE02F0AFFAD4
:10C710000021FBF7E7FCE4E7D4E90423B3F1004F81
:10C7200008BF012A04D100224FF00043C4E90423CA
:10C730006FF01504D6E786F31188BFF36F8F20469C
:10C7400070BD00BF941B002051FF00087EFF000851
:10C7500028F9000893FF0008A9FF0008C0FF00089F
:10C760002DE9F047DFF804910246C9F80000FFF711
:10C7700081FE8846044600260027DFF8F4A04FEA31
:10C78000E27CDAE9001354B1D4E90450AA427CEB0C
:10C79000000E1EDAAD1A60EB0C00C4E90450002450
:10C7A000521843EB0C032046CAE90023C9F80040A5
:10C7B00002F05DFA2146FBF795FC2E48FFF73CFEA0
:10C7C000D0B188F31188BFF36F8FBDE8F047FFF752
:10C7D000C1BD691843EBE5732046C4E90467CAE9A3
:10C7E0000013FFF759FE01224FF000432148C4E92E
:10C7F0000423FFF721FE78B94FF499731E4A1F49AD
:10C800001F4800F07EFE1B491E4800F07AFE4FF4E0
:10C810009971194800F06CFE88F31188BFF36F8F8F
:10C820002046A3689847EFF31188102383F31288FA
:10C83000BFF36F8F0F48FFF7F1FD58B984230E4AFD
:10C8400011490F4800F05DFE0A49104800F059FEFA
:10C850008421DEE70748FFF705FED9F80020521BC8
:10C86000C9F80020FFF706FE044688E7901B002069
:10C8700028170020941B002051FF0008A9FF000882
:10C8800028F90008C0FF00087EFF000893FF000899
:10C8900010B5EFF31184102383F31288BFF36F8F69
:10C8A0000B48FFF7BBFD68B984230A4A0A490B48C5
:10C8B00000F027FE06490A4800F023FE84210548BF
:10C8C00000F016FE0248FFF7CDFD204610BD00BF68
:10C8D000941B002051FF00087EFF000828F9000883
:10C8E00093FF000870B5EFF31186102383F31288CD
:10C8F000BFF36F8F1A48FFF791FD68B98423194A77
:10C9000019491A4800F0FDFD1549194800F0F9FDD4
:10C910008421144800F0ECFD1148FFF7A3FDFFF758
:10C92000B1FD144AD2E90045041945EBE0750C4805
:10C93000FFF782FD68B94FF499730A4A0E490B4814
:10C9400000F0DFFD06490D4800F0DBFD4FF4997162
:10C95000DFE786F31188BFF36F8F2046294670BD4D
:10C96000941B002051FF00087EFF000828F90008F2
:10C9700093FF000828170020A9FF0008C0FF000847
:10C98000F8B50446EFF31187102383F31288BFF341
:10C990006F8F5A48FFF742FD68B98423584A5949B6
:10C9A000594800F0AEFD5549584800F0AAFD8421D1
:10C9B000534800F09DFD5148FFF754FDD4E904238E
:10C9C000B3F1004F08BF012A13D04C48FFF734FDE4
:10C9D000002840F08E804FF49973494A4C494A48E8
:10C9E00000F08FFD45494B4800F08BFD4FF49971E5
:10C9F000DEE7D4E90A566A1C46F10003022A73F105
:10CA0000000334D3013D46F1FF36002EBCBF0025A4
:10CA10002E4602F047F9013041F10001401946EB82
:10CA20000101012871F100015ADB02F03BF96FF0BE
:10CA30000203013041F10001401946EB010183423C
:10CA40006FF000438B4150DB02F02CF9013041F1D3
:10CA500000016FF00102401946EB01034FF0FF3176
:10CA6000121A61EB030320462B49FFF731FD236BBC
:10CA7000256A01332363D5B12048FFF7DDFC002888
:10CA8000A9D087F31188BFF36F8F2046A847EFF333
:10CA90001187102383F31288BFF36F8F1748FFF7B6
:10CAA000BDFC00283FF479AF1448FFF7DBFC54F8D5
:10CAB000185FA54289D0002D87D02846FEF74EFD8D
:10CAC00000230E48AB67FFF7B7FC002883D087F33D
:10CAD0001188BFF36F8F2846BDE8F840FEF7F8BC19
:10CAE0006FF001024FF0FF33BDE700224FF000432B
:10CAF000B9E787F31188BFF36F8FF8BD981B00204B
:10CB000051FF00087EFF000828F9000893FF000885
:10CB1000A9FF0008C0FF000881C900082DE9F843FB
:10CB2000064614461D4691469846EFF3118710239A
:10CB300083F31288BFF36F8F2748FFF76FFC68B944
:10CB40008423264A2649274800F0DBFC2249264850
:10CB500000F0D7FC8421214800F0CAFC1E48FFF7F2
:10CB600081FCB5F1FF3F08BFB4F1FF3F11D11A4876
:10CB7000FFF762FC50BB4FF49973184A1B491948E0
:10CB800000F0BFFC14491A4800F0BBFC4FF4997147
:10CB9000E1E7002D0ADB012C75F100032246BCBF42
:10CBA0000122002512F1FF3945F1FF383046FFF729
:10CBB0006BFDDDE90823C6E90A2300234A463363F7
:10CBC000304643460B49FFF783FCD0E787F31188D3
:10CBD000BFF36F8FBDE8F883981B002051FF00085A
:10CBE0007EFF000828F9000893FF0008A9FF00084D
:10CBF000C0FF000881C9000870B50546EFF3118435
:10CC0000102686F31288BFF36F8F2D48FFF706FCBE
:10CC100068B984232B4A2C492C4800F072FC28491F
:10CC20002B4800F06EFC8421264800F061FC24486B
:10CC3000FFF718FC2846FFF727FD90B12048FFF7C3
:10CC4000FBFB002837D14FF499731E4A21491F4836
:10CC500000F057FC1A49204800F053FC4FF499713A
:10CC6000E2E76B6ACBB11648FFF7E6FB0028EAD093
:10CC700084F31188BFF36F8F28466B6A9847EFF3F0
:10CC8000118486F31288BFF36F8F0D48FFF7C6FB40
:10CC90000028BED00A48FFF7E5FB05F11800FEF7B3
:10CCA00073FD0028CAD0FEF713FC2146BDE8704092
:10CCB000034801F0C9BF84F31188BFF36F8F70BDC3
:10CCC000981B002051FF00087EFF000828F900088B
:10CCD00093FF0008A9FF0008C0FF0008014BC366CE
:10CCE000704700BFBC06002038B50D4C0D4DAC425E
:10CCF00013D90D4925230D4A0D4800F002FC0D48BB
:10CD000000F0FFFB2521094800F0F2FB2046D4E9A2
:10CD1000011201F0D6FF1834E9E7F7D3002038BD3F
:10CD2000BC060020D4060020812501085F250108EB
:10CD300028F900087601010807B5074B4FF4006297
:10CD4000009306494FF0FF330548FEF757F80020DF
:10CD500003B05DF804FB00BFACF800086849002090
:10CD6000301700200CB430B58BB004460D4620229D
:10CD7000002102A801F0BCFF0223002D06948DF8CB
:10CD80000A300C4B039312DB01D06B1E1C440FAA1C
:10CD90000E9902A80794019200F082F815B1069B43
:10CDA00000221A700BB0BDE8304002B0704700247A
:10CDB000EDE700BFCDED0008242A2DE9F04105463E
:10CDC00001D8012A0AD1354B1622F8F713FD1A5063
:10CDD00001B10D600020BDE8F0813046064616F82E
:10CDE000014B202CF9D0A4F109072346042FF4D9D4
:10CDF0002B2C32D02D2C33D14FF0010C3378861CE4
:10CE0000302B34D1307840F0200078282BD132F00C
:10CE1000100028D173783546102202360CF10047F5
:10CE20000020013FB7FBF2FE02FB1E78392B82BFC8
:10CE300003F1FF3343F02003263B303B9A421DD9D8
:10CE4000704502D817D1984515D24CF0020C3446E3
:10CE5000354614F8013B2646E8E74FF0000CCDE7D5
:10CE60004FF0000CCCE7002A08BF0822D6E7002AC2
:10CE700008BF0A22D2E700FB0230E8E701B10D60EB
:10CE80001CF0010F18BF40421CF0020FA3D0034B4F
:10CE90002222F8F7AFFC1A5038469CE70C0000003D
:10CEA0002DE9F04F43688BB080469246009383781B
:10CEB0009C0740F1F98000250878002800F0F680F2
:10CEC00025280AD04B1C019301354146009B984709
:10CED0000028C0F2E3800199EEE74E788B1C252EE6
:10CEE0000193F1D000270A22B9463C461F2C22D8D4
:10CEF000A6F12003102B20D8DFE803F0141F1F1A1F
:10CF00001F1F1F0B1F1F1F121F171F1F090044F099
:10CF10000104019B13F8016B0193002EE6D13AE066
:10CF200044F0020444F00404F3E744F00804F0E79A
:10CF300044F01004EDE77F2C24D8A6F13003092B30
:10CF400008D860064EBF02FB073744F0200402FBFE
:10CF50000939DEE72A2E0DD161065AF8043B53D475
:10CF6000002BA7BF44F020049946C3F1000944F008
:10CF70002804CEE72E2E05D1630600F1978044F0F9
:10CF80004004C6E76C2E2ED028D8682E32D06A2EE8
:10CF900037D04C2E35D0002F46F02003B8BF24F0F8
:10CFA0004004A3F16502BCBF0027A4B2022A01D944
:10CFB000612B2BD10AF1070A07279D4E2AF0070A99
:10CFC0000AF1080A210760D506EB070B34465C45D9
:10CFD0005DD1AE1BA9EB0709A21959E1742E98D0B7
:10CFE0007A2E96D0D7E7260648BF44F4007444F062
:10CFF00080048EE7E00548BF44F4007444F4807474
:10D0000087E744F4207484E71F4682E7A6F16302B1
:10D01000122A00F2D880DFE812F013004D00D6008B
:10D02000D600D600D6004D00D600D600D600D600D9
:10D03000D600E800D100D600D6001A00D600A00025
:10D040005AF8043B012704AE8DF81030BAE75AF8BD
:10D05000046B784B002E08BF1E4614F0400F30467C
:10D0600014BF39464FF0FF3101F04EFE0746A9E7E5
:10D0700041462020009B984700280FDB013CA74237
:10D08000F6D34D44A1462D1B9EE74C46F7E741469B
:10D0900014F8010B009B9847002898DA98F80230A2
:10D0A00043F0040388F802304FF0FF3528460BB0F8
:10D0B000BDE8F08F220630D5A3052AD50AF1070A6C
:10D0C0002AF007039A4659685AF8080B24F0100B07
:10D0D00000291FFA8BFB2FDA40424BF4806B61EB87
:10D0E000410104AC0A23224601F01AFE1BF0400F56
:10D0F000A0EB040200F08E802BF001049742A4B252
:10D1000040F38F80002E40F08E802BF01104A4B2EB
:10D110001DE05AF8040BC117D8E7E0055AF8041BC4
:10D1200001D40846F7E7A20547BF48B241F3C01152
:10D1300008B241F3C031C9E750EA0103D1D1630617
:10D14000CFD5002FCDD124F011043A46A4B23B46EE
:10D1500040F206410C4262D124E024F010040A237C
:10D16000A4B214F0800243D014F4007117BF0AF186
:10D17000070A5AF8040B2AF0070292461CBF5168AE
:10D180005AF8080B50EA01023ED124F0160B620651
:10D190001FFA8BFB3CD5002F3AD124F017043A46F6
:10D1A0003B46A4B221075AD4E10705D5994572DD63
:10D1B000A9EB03039F184B469B464AE044F010043A
:10D1C00010237826CDE7782B04D1C6F1780343F0FD
:10D1D0001003C6E741462520009B98470028FFF62C
:10D1E0005DAF02354146304670E608230026B8E7B9
:10D1F00014F480715AF8040BC4D014F400711ABFEF
:10D20000C0B2114680B2BDE724F006041FFA84FBC9
:10D2100004AC68E713465C46E10699D52EB90133A4
:10D22000C0E71346F8E73B46F6E70233BAE700BF2C
:10D23000AA250108A3250108CDE902324146202094
:10D24000009B98470028FFF629AF0BF1010BDDE9A1
:10D250000232D945F0DCEB1A03EB0B055B46E10625
:10D2600027D541463020CDE90232009B984700285F
:10D27000FFF614AFDDE902327EB901352F44791B88
:10D280008A4229DB144604AE94BB2A44A9EB030965
:10D290001546914440E017468EE702354146304638
:10D2A000CDE90232009B98470028DDE90232E5DA39
:10D2B000F4E640F206410C42E0D014F0020F05F112
:10D2C0000105414614BF2B20202014F4806FCDE9C6
:10D2D000023218BF2D20E5E7CDE902324146009B1E
:10D2E0003020013598470028DDE90232C7DAD5E65B
:10D2F000013C4146CDE90232305D009B9847002851
:10D30000DDE90232C0DAC9E641462020009B013542
:10D3100098470028FFF6C2AEA9EB0503002BF3DC0B
:10D32000D9E500BF7047024670B5014441F22105BE
:10D330004FF6FF70082412F8013B80EA032006B282
:10D34000430098B2002E04F1FF33B8BF684013F0D9
:10D35000FF04F4D19142EDD170BD0C280BD868B117
:10D3600001380B2809D8DFE800F00A0E081008126F
:10D3700008140808081618280FD00020704700234A
:10D3800001200B7070470123FAE70223F8E703231B
:10D39000F6E70423F4E70523F2E70623F0E708B5F0
:10D3A00001F080FC0A220023F2F7E2FE08BD0A2108
:10D3B000A0FB0101FEF728BD10B50446F3F79AFC67
:10D3C0002046F3F7B3FCF3F7A3FCBDE810400220BE
:10D3D000FFF7EDBF38B505460C46F3F78BFC45F07B
:10D3E0004000F3F7A3FC0020F3F7A0FC2046F3F77E
:10D3F0009DFCF3F78DFCBDE838400220FFF7D7BF56
:10D4000010B50446F3F776FC44F02000F3F78EFCE9
:10D410000020F3F78BFC0020F3F788FC0446F3F7B9
:10D4200077FC0220FFF7C3FF204610BD00EBC100D0
:10D430004088400870472DE9F04706460D461746DC
:10D4400098462BB34FF0000A98F8004093F80190EB
:10D45000DB78A40004EB430498F802301C444444F5
:10D46000CA4509D339463046AC46D8F8042008F1FD
:10D470000803BDE8F047604714F8013B0AF1010AD0
:10D48000204648F82340F2F78DFE01300444E7E7D8
:10D490006FF01500BDE8F08730B50246002400208B
:10D4A00012F8013B43B178B18C4207D1702B04D004
:10D4B000A3F140053A2D07D8002030BDA3F1400567
:10D4C0003A2D01D80134EAE7252B08BF80F001008E
:10D4D000E6E700F033BA0FB407B504A951F8040B1E
:10D4E000019100F02BFA03B05DF804EB04B0704733
:10D4F000002383F31188BFF36F8F0423184602DFE4
:10D5000070470FB407B504A951F8040B0191FFF758
:10D51000E0FF03B05DF804EB04B0704710B5036999
:10D52000024613F0080009D11368D4689C429BBFDF
:10D530000120526AE31AD31A0B6010BD002318466B
:10D54000FAE713B501A90446FFF7E8FF20B1019BF4
:10D55000E268013B13440193606A019BC01A0138E1
:10D5600002B010BD10B5044650182269636AD20794
:10D5700002D5013B184010BD984228BFC01AFAE7F7
:10D5800010B504460A46C168FFF7ECFF2369E06066
:10D5900023F00803236110BD38B50D46026A8B00E5
:10D5A000016843F00203044642F8213001682A462C
:10D5B000FFF7D8FFE3686168984208BF23692060DD
:10D5C00008BF43F008032A46204608BF2361FFF73F
:10D5D000C9FF606038BD2DE9F74F0F460021D0F834
:10D5E0000CB0066A009216F82B209A4602F003024D
:10D5F000022A14BF894656F82B2006EB8B030193B1
:10D60000009B08BFC2F39D0919600446CAF80010C8
:10D61000B9F1000F07D04946FFF7B2FFE368A360F6
:10D620004FF0010804E001698A0705D44FF00008B3
:10D63000404603B0BDE8F08FC16906EB8B00884718
:10D6400016F82B10054611F00108EFD08B071DD5F9
:10D650001FB139462046FFF79FFF61682A462046E2
:10D66000FFF780FFD4E902138B42606007D12A469E
:10D670002046FFF777FF4FF000080146A0602369BE
:10D68000216043F00803E1602361D1E701462046B1
:10D69000FFF776FFE168A1601FB12068216A41F8B9
:10D6A0002090EA19CAF8002021682046FFF75AFFA7
:10D6B0002269206042F00802226116F82B2022F035
:10D6C000010206F82B20DDE900321A60A8E770B5E8
:10D6D00004461546FFF746FF2368834205D12369B8
:10D6E000216023F00803236170BD226AAB0043F080
:10D6F000020342F8213061682A462046FFF732FFD4
:10D700006060F1E738B5036904465B0706D5856AB2
:10D71000FFF717FF85422CBFA562A06238BD70B528
:10D7200006460C888888241A3069A4B2844285B2DF
:10D7300024BF641BA4B22D1BA8B2984228BF184670
:10D740003368234413600B8803440B8070BD70B4AE
:10D75000838985880669ED1AADB2731B934228BF91
:10D76000134670BC0A46011DFFF7D9BF70B40E46C0
:10D770000146C58831F80A3FEC1AA3B2934228BF8C
:10D780001346324670BCFFF7CABF10B54B880C88F1
:10D79000E41AA4B294420ED31A4492B28B884A80FF
:10D7A0000A800069D21A92B2824201D2002010BDD2
:10D7B00003448B80FAE76FF01500F8E770472DE916
:10D7C000F0411E46436801205C688840D4F804C0DC
:10D7D000C2F380132CEA000C8B4043EA0C0390FA4E
:10D7E000A0FCBCFA8CFC4FF003086360D4F808E09E
:10D7F0004FEA4C0C08FA0CFC2EEA0C0E90FAA0FC36
:10D80000BCFA8CFCC2F3C1134FEA4C0C03FA0CF3C4
:10D8100090FAA0FCBCFA8CFC43EA0E03A360D4F897
:10D820000CE04FEA4C0C08FA0CFC2EEA0C0E90FAB5
:10D83000A0FCBCFA8CFCC2F341234FEA4C0C02F072
:10D84000300503FA0CF343EA0E03202D6FEA0007BC
:10D85000E36017D1072934D890FAA0F3216A73B393
:10D86000B3FA83F34FF00F0C9B000CFA03F321EA99
:10D87000030190FAA0F3B3FA83F39B0006FA03F3D3
:10D880000B432362E36AD2044CBF03433B40E36291
:10D8900090FAA0F3B3FA83F390FAA0F00321B0FA60
:10D8A00080F022685B0001FA03F340002D0922EAB0
:10D8B000030385401D4325600020BDE8F0812B4611
:10D8C000D0E7030AD4F824C093FAA3F189B1B1FADE
:10D8D00081F193FAA3F34FF00F0EB3FA83F38900AB
:10D8E0000EFA01F19B002CEA01019E400E43666294
:10D8F000C8E72946EDE703785B075FBF0368428806
:10D90000C3F34A2303EB12105DBF173020F007006A
:10D91000800800207047002070470346D3E8EF0FCF
:10D92000421CC3E8E12F0029F8D1704708B501F087
:10D93000B9F90A220023F2F71BFC08BD1FB500232A
:10D94000CDE902011A4619461846CDE90033F5F72C
:10D95000D3FB05B05DF804FB0120F5F7A5B8002066
:10D9600070474368DA7101224368196043685A714D
:10D97000F5F78CB870B515460C4669B1D2E9013699
:10D980009B1B99420AD813680A460146981901F070
:10D99000A2F9AB682344AB60204670BD6FF01B005A
:10D9A000FBE770B50E4615461946044618B9BDE8A2
:10D9B0007040F5F779B833B1C2F34A231030120D35
:10D9C000184401F088F9C4E900562046BDE87040CB
:10D9D000F5F7DEBA2DE9F3415F1C4FEA87080646EA
:10D9E00008F1170020F0070080080C461546F5F7EF
:10D9F00007F900238DF80470ADF805308DF8073075
:10DA000068B10346019AA8F1040143F8102F2A4691
:10DA1000294452F8045B8A4243F8045FF9D1002399
:10DA20003146A20102F4E07242EA482222F07F422B
:10DA300022F4700222F03F0202B0BDE8F041FFF78D
:10DA4000B0BF07B50123019201AAFFF7C3FF03B0DE
:10DA50005DF804FB07B5CDE9002302236A46FFF712
:10DA6000B9FF03B05DF804FB1FB5CDE90123069BA8
:10DA700001AA03930323FFF7ADFF05B05DF804FB94
:10DA8000F8B506460D4614461F4604B9F8BD2146B2
:10DA900028463A46B047241A0544F6E710B54268CE
:10DAA0000446D2E9002381680068FFF7E9FF0022FD
:10DAB00063681A6010BD0A2838B504460D4602D1C5
:10DAC0000D20F5F7B7FB29462046F5F7B3FB0020FC
:10DAD00038BD2DE9F043054689B008460E8891F817
:10DAE00000900C46D1F808801746F5F777FB011E29
:10DAF000C6F38216C9F3C2091FDB4846F5F75AFA86
:10DB00000346214651F8102B6088C2F34A22002AAE
:10DB100001EB020408BF00210022C0F30B10CDE985
:10DB20000507CDE9031428464146CDE900220296B7
:10DB3000F5F7ACFB09B0BDE8F0830023E1E7FFF7A0
:10DB400089BF10F0700F08B500F07F0203D0F5F721
:10DB500013FF002008BD10F0800F4FF0010018BF28
:10DB600010329040F6E7006838B150F8043C0438B1
:10DB70005B688B4201D04068F6E77047006848B1A7
:10DB800050F8043C04385B685B689B788B4201D09A
:10DB90004068F4E7704730B5006888B150F8043C3D
:10DBA00004385B681A6A1D7F0023043ADCB2A54280
:10DBB00001D84068F1E7013312F833408C42F5D1C7
:10DBC00030BD08B5F6F7F0FC28B1406810F1100F31
:10DBD00014BF0020012008BD4B1CDBB28170817690
:10DBE00080F82530C37600F8061C704750E90231F2
:10DBF000D0F89C0018470022036983F84A20704738
:10DC0000036993F84A0050B193F8480038B1D3F84B
:10DC100090209388918910695B1A9BB2C01A704753
:10DC20000022036983F84B207047036993F8490089
:10DC300008B193F84B00704708B50246FFF7F5FFAF
:10DC400028B91046FFF7DCFF003818BF012008BDD7
:10DC50000369C3E9001270470229036908D0042947
:10DC60000BD001290ED1D3F89430002013607047F7
:10DC700093F89B30C3F34003F7E793F89B3003F02E
:10DC80000103F2E76FF085007047CB79026923B199
:10DC9000012B02D06FF085007047002082F8A13080
:10DCA000704710B50369D3F894200A6093F8982060
:10DCB0006AB1012A0CBF022203224A7193F899200B
:10DCC000501E032805D8DFE800F0050505050122F0
:10DCD000F3E700220A7193F89A20062A0BD0072A4C
:10DCE0000BD0052A0CBF002203228A7193F8A130C1
:10DCF0000020CB7110BD0122F7E70222F5E708B53D
:10DD0000402903693DD011D810292ED006D8012909
:10DD10001AD008291CD06FF0120008BD2029FAD1B2
:10DD200093F89C1052BB01F0FB0116E0B1F5807F27
:10DD300033D0B1F5007F39D08029ECD193F89C1015
:10DD400042BB01F0EF0108E0C3F894200020E4E7B3
:10DD500093F89C1032B901F0FE0183F89C10F6F79D
:10DD60009FFEF3E741F00101F7E793F89C1012B929
:10DD700001F0FD01F1E741F00201EEE741F004019D
:10DD8000EBE793F89C1012B901F0F701E5E741F0D9
:10DD90000801E2E741F01001DFE793F89C1012B9A7
:10DDA00001F0DF01D9E741F02001D6E793F89C109C
:10DDB00012B901F0BF01D0E741F04001CDE770B5E5
:10DDC00004690546D4F88C00F4F7D4FC94F8A0302C
:10DDD0000646B3B1D4F88C209388918912695B1AF6
:10DDE0009BB2D31A3F2B0CD994F89E3033B16B6899
:10DDF00022461B6A0021187BF6F750FF002384F8A7
:10DE0000A030304670BD012208B5FFF7D8FF0138B9
:10DE100018BF4FF0FF3008BD0269D2F89010888912
:10DE20008B8809691B1A9BB2994204BF002382F8B0
:10DE30004830D2F88C300120D9885B89994204BFE0
:10DE4000002382F84930704700F052BF00F043BF12
:10DE500001460068F7F726B808B5F7F77FF8BDE880
:10DE60000840F7F753BC0A460121FFF7EABD00213D
:10DE70000120F7F717B8036E83F30B8870476FF034
:10DE80008500704761B662B680F31188BFF36F8F6B
:10DE9000704772B6002383F31188BFF36F8FBFF30F
:10DEA0004F8F30BF62B6BFF36F8F704740E800F30B
:10DEB00013F4803FD8B208BF6FF01500704730B53B
:10DEC0000C684B6885B00A894D890094013B24F0A9
:10DED0001F04234402F01F0242EA451223F01F03ED
:10DEE00069468DF808200393F7F7C0FC05B030BDF4
:10DEF00008B5D1E904319847002008BD13460A4609
:10DF00000121FFF7A7BD002008B50B21F7F7F6FFA9
:10DF1000024601460B20F7F763FB00220C2101208B
:10DF2000F7F7ECFF11460C20F7F75AFB00220D2102
:10DF30000220F7F7E3FF11460D20F7F751FB00220F
:10DF40000E210320F7F7DAFF11460E20F7F748FB02
:10DF500000220F210420F7F7D1FF11460F20F7F719
:10DF60003FFB002210210520F7F7C8FF11461020C3
:10DF7000F7F736FB002211210620F7F7BFFF114605
:10DF80001120F7F72DFB002212210720F7F7B6FF2B
:10DF900011461220F7F724FB002213210820F7F77F
:10DFA000ADFF11461320F7F71BFB002214210920B7
:10DFB000F7F7A4FF11461420F7F712FB00221521F2
:10DFC0000A20F7F79BFF11461520F7F709FB0022FF
:10DFD00016210B20F7F792FF11461620F7F700FBEA
:10DFE000002217210C20F7F789FF11461720F7F7B9
:10DFF000F7FA002218210D20F7F780FF11461820AC
:10E00000F7F7EEFA002219210E20F7F777FF1146F5
:10E010001920F7F7E5FA00221A210F20F7F76EFF13
:10E0200011461A20F7F7DCFA002008BD012001F0A4
:10E030001F018840704710B50F24C20000F00C008B
:10E0400000F1884000F50830036E02F01802944099
:10E0500023EA040391400B43036610BD13460A46AE
:10E060000121FFF7F7BC0A460121FFF7EABC10B512
:10E070000C46F7F7EFFF10B18460002010BD6FF081
:10E080001500FBE710B50C46F7F7E4FF20B11CB113
:10E0900043790020237010BD6FF01500FBE710B529
:10E0A0000446F8F725FB10B16FF0150010BD2046AF
:10E0B000F8F766FB0028F9D0F6E708B5F7F7CAFFCE
:10E0C00008B1008808BD6FF01500FBE70B8882B02F
:10E0D000C3F30B0303F67872C2F30B02202A14D8A1
:10E0E00003F1884303F503331A68486802430020AC
:10E0F0001A600B88C3F30B0303F1884303F5033362
:10E100001B680193019B02B070476FF08500FAE72E
:10E110000B88C3F30B0303F67872C2F30B02202AB9
:10E120009FBF03F1884303F503331A6849689BBF17
:10E1300000208A436FF085001A607047012806D0DE
:10E1400006380B2834BF00206FF085007047002090
:10E15000704770B508884B68C0F30B009AB2C3F3E0
:10E160000445FFF7EBFFA0B9FF2B11D002F1884166
:10E170000122C3F34156013601F50331B2400C6868
:10E18000013AAA401B0E24EA0202AB4013430B6083
:10E1900070BD6FF08500FBE7088808B5C0F30B0081
:10E1A00000F67873C3F30B03202B0AD800F18840E4
:10E1B00000F5033002684B6893430CBF0220012036
:10E1C00008BDFFF7BBFF00280CBF02200120F7E7C6
:10E1D000436800205B681B690B60704743685B689D
:10E1E000586942400A4042405A61002070474368E3
:10E1F00000205B6899617047436800205B68996202
:10E200007047436800205B685A6951405961704704
:10E2100012F4003CF8B50C46134641D0960738D5A9
:10E2200055075BD55022D90635D542F4007203F468
:10E23000C061B1F5806F43D0B1F5C06F3DD0B1F58D
:10E24000007F40D013F44036056912D06F6827FA7A
:10E2500004F1C9075FBF0121A14039436960BCF1E6
:10E26000000F06D01F0331D501234168A340496840
:10E270008B6100232146FFF7A2FA46B96B6823FAA7
:10E2800004F2D20741BF0122A24093436B600020F9
:10E29000F8BD1022C7E79F06C9D542F48062C6E7E1
:10E2A000D60305D5D50605D4C2F340129202BEE7C7
:10E2B0003022BCE74FF40072B9E742F4C072C1E704
:10E2C00042F48072BEE742F08002BBE75903D0D52A
:10E2D00001234168A34049688B62CAE76FF085005B
:10E2E000D6E730B5036813600579046804EBC5040C
:10E2F000A34202D36FF0010030BD5C7908338C4239
:10E30000F1D10020F8E72DE9F84F044600254FF041
:10E31000010900EBC108444502D10020BDE8F88F97
:10E32000D4F800B01BF0100F20D1656845F020052F
:10E33000CBF34420F4F77CFA074608B3CBF343163B
:10E340000BF01F0A53462A463146FFF738FA0028D9
:10E35000E4DBBAF1110F07D17B6809FA06F65B68B6
:10E360002A054CBF9E619E620834D4E70BF01F0360
:10E37000102B03D0112BDBD16568D9E73025D7E707
:10E380006FF01200CAE74163704781637047C16351
:10E39000704701647047836C6FF313030B4383640E
:10E3A0007047C16470474168036949681B6801315F
:10E3B000B3FBF1F30020C2E9003070474368C1F3BA
:10E3C0004B101B6801F01F01C05801238B40034014
:10E3D000003B18BF012300201370704710B543683D
:10E3E000C1F34B101A680123845801F01F018B40C0
:10E3F00023438350002010BD012210B54368C1F3B0
:10E400004B14186801F01F0123588A4023EA0203C5
:10E410002350002010BD38B504460D46FFF7DEFF3F
:10E4200029462046FFF7E8FF002038BD036801F4C5
:10E43000006223F4006313430360C36801F4C02146
:10E4400023F4C0230B43C360704730B5044608680B
:10E4500008B9106008E0206845689D4205D3B5FB07
:10E46000F3F515602368186830BD0830206008682F
:10E4700001380860EBE7C0F34510082804D91028DC
:10E480008CBF042002207047012070474368406918
:10E490009BB223B980F48050C0F300307047C0F3C2
:10E4A000C00080F00100C0B2704738B5D1B1002281
:10E4B00013464D68AA420ED18088FFF7DCFFB3FBFC
:10E4C000F0F100FB11337BB9B1F5803FB4BF0846D2
:10E4D0006FF0790038BD0C6804EBC2046468013247
:10E4E0002344E7E70846F5E76FF01500F2E70A4630
:10E4F0000121FFF7A6BA70B506460C460025214655
:10E500003046F9F775F8636D94F858200544EDB27C
:10E510001B1AAA42636501D9002BF0D170BD70B5FA
:10E5200006460C46002521463046F9F7BFF8236D14
:10E5300094F858200544EDB21B1AAA42236501D96C
:10E54000002BF0D170BD13B5406801AA0C46FFF74F
:10E55000C8FE002805DB019B002219791868FFF727
:10E56000D2FE012C02D1831C08BF002002B010BDD6
:10E570004369DA0702D590F83030F9E7036823F0F1
:10E58000010303600368DB07FCD4704710B503691F
:10E5900044681A6922B95A6003F10800FCF75CF874
:10E5A0002068FFF7E5FF002010BD08B5F9F76AFF06
:10E5B000002008BDEFF31180102383F31288BFF30E
:10E5C0006F8F704780F31188BFF36F8F70470A23F6
:10E5D00082B00193019B4BB9C00000F1804000F56F
:10E5E000B2300068C0F3094002B07047019B013BA4
:10E5F000EFE70A2382B00193019B4BB9C00000F101
:10E60000804000F5B2304068C0F3094002B0704766
:10E61000019B013BEFE77047F7B50446E0B190F886
:10E62000953203F0FF021BB980F89422FFF7F3FF45
:10E630000323206884F8953200F0D4F9237C251D4B
:10E640008DF8003095E80E00206800F0ADF9014625
:10E6500030B1022384F895320125284603B0F0BD7D
:10E66000206800F0C7F90028F3D102460127267977
:10E6700004F11403C1B28E4203F1280321D8002112
:10E680000A4604F5AA73C8B2864203F1280324D8C7
:10E69000237C8DF8003095E80E00206800F0B9F971
:10E6A00005460028D5D10123607484F89532237B78
:10E6B000012B02D1204600F066F9206800F0CAF96B
:10E6C000CBE743E9062203F8277C03F8281C03F86C
:10E6D000252C43F8102C0130CCE743E9062203F83F
:10E6E000272C03F8280C03F8252C43F8102C0131B3
:10E6F000C9E710B590F894320446012B0CD00123E1
:10E7000080F89432006800F066F9206800F09CF907
:10E71000002084F8940210BD0220FCE710B590F8A8
:10E7200094320446012B0CD0012380F89432006807
:10E7300000F058F9206800F08DF9002084F8940268
:10E7400010BD0220FCE7704710B590F894220446F3
:10E75000012A0AD00122417480F89422006800F056
:10E760006EF9002084F8940210BD0220FCE770B519
:10E770002824054601F00700444311F0800F14BF20
:10E7800004F1140104F5AA7105EB040615BF012478
:10E790000024747586F8554114BF49194919022B94
:10E7A000CB7008BF0023C2F30A0208BF0B710870C8
:10E7B0000A6195F89432012B09D00123286885F865
:10E7C0009432FAF783FB002085F8940270BD022092
:10E7D000FCE7282301F00702534311F0800F10B526
:10E7E000044618BF03F1140118440BBF03F5AA71C6
:10E7F0000123002309190ABF0919437580F855310F
:10E800000A7094F89432012B09D00123206884F80F
:10E810009432FAF74DFD002084F8940210BD0220D6
:10E82000FCE770B52824002601F007014C430519C8
:10E83000C5E95A2385F85411C5F8706185F855610A
:10E8400004F5AA7101440068FAF732FE304670BD43
:10E85000282301F0070103FB0100D0F87001704785
:10E8600070B5282501F007014D434419C4E90A2376
:10E8700000260122217584F83820636326636275BF
:10E8800005F1140101440068FAF712FE304670BD2C
:10E8900010B5037901F007029342044624D311F026
:10E8A000800F4FF0280316D0534303F114010144A5
:10E8B00003440120587501230A708B7094F8942248
:10E8C0009A4213D0206884F89432FAF797FD00201A
:10E8D00084F8940210BD4B4303F5AA71014403442C
:10E8E000002083F85501E6E70120F3E70220F1E775
:10E8F00038B5027901F00F039A42044626D3282343
:10E9000001F00702534311F0800F14BF03F114010B
:10E9100003F5AA7118444FF0000515BF0123002329
:10E920000919091914BF437580F855318D700A70A3
:10E9300094F89432012B0BD00123206884F8943290
:10E94000FAF776FD284684F8945238BD0120FCE79A
:10E950000220FAE710B5282411F0800F1BBF01F048
:10E96000070104FB010004FB0100143008BF00F59F
:10E97000AA7099B21AB90273C180002010BD012299
:10E9800083600273F9E701210268C0F8D8120346D8
:10E99000002083F8CC02536D0B435365536D43F055
:10E9A000020353657047704784B010B503AC84E828
:10E9B0000E0070B1036C23F000430364036C43F05A
:10E9C00001030364002343641846BDE8104004B00B
:10E9D00070470120F9E703464BF680720020586427
:10E9E0001A647047036C23F43F4323F080030364ED
:10E9F0000020704729B9036C23F000430364002012
:10EA00007047012903D1036C43F00043F6E701206E
:10EA1000704784B010B5044603A880E80E000123B7
:10EA200000202364236C23F001032364236C23F070
:10EA3000004323646064BDE8104004B0704709B926
:10EA40008023C36400207047836D43F400438365D3
:10EA500000207047836D23F40043836500207047D6
:10EA6000406C704702F1804202F5B232F0B51446B4
:10EA7000D81C800813F0030318BF00F1FF30860094
:10EA800001EB800081420CD153B100210C46455C62
:10EA9000CF00BD4001312C438DB2AB42F7D1945130
:10EAA000F0BD51F8045B44F8045BEBE702F18042EF
:10EAB00002F5B23270B51446D81C800813F0030377
:10EAC00018BF00F1FF30850001EB800081420BD1BF
:10EAD0004BB154590022D10024FA01F18154013282
:10EAE00091B28B42F7D170BD54F8046B41F8046BBE
:10EAF000ECE738B5044648B1F9F7F6FBF0230546D4
:10EB00005C43F9F7F1FB431BA342FAD338BD40B194
:10EB1000C368587810F001001EBF1878B0FA80F072
:10EB200040097047EFF31183102383F31288BFF37A
:10EB30006F8FFEE713B501240094FBF7D7F902B0FD
:10EB400010BD90F90E308B4201D0FCF76BBE002057
:10EB500070473AB18A4205D3C0E90212C0E9000009
:10EB6000002070476FF015007047012302688B404A
:10EB700022EA0303036022FA01F000F0010070476B
:10EB800020B100228C301146FDF704BB704710B550
:10EB9000FCF7CAF8041E08DDEFF31180102383F39D
:10EBA0001288BFF36F8FFCF717FF204610BDEFF3FD
:10EBB0000580003818BF012070476FF0570070477C
:10EBC00000207047D0E9003213605A600023C0E98A
:10EBD0000033704738B504460D46FCF751FB237CE3
:10EBE00043F002032374D5B1A5602B689D4209D17F
:10EBF0006B68C4E900531C606C6010E06A689A425C
:10EC0000F6D01B68002BF3D093F90E1094F90E2068
:10EC10009142F3DD5A68C4E9003214605C6038BD8B
:10EC200010B5037C044613F0280F0CD183680BB198
:10EC3000FCF7FCFB237C204623F004032374BDE88F
:10EC40001040FCF7B5BA10BDFCF7AABBC117633082
:10EC500008B54FF064024FF0000341F10001F1F7F5
:10EC600087FAC117FDF746F86423584308BD08B575
:10EC70000246FDF7FFFB70B1D0E904319B1A61EB4E
:10EC8000E272B3F1004F72F1000104DA002AACBF66
:10EC90001846002008BD6FF00040FBE708B5FDF7FF
:10ECA00021FE08BDFDF71EBE0023C0E9081200F1D9
:10ECB0001802C0E90622C0E90033036343637047CA
:10ECC000704710B400F10C04C0E90344002444610F
:10ECD00010BCF2F7A9BD0A44431E914200D170470F
:10ECE00010B511F8014B914203F8014FF9D110BD55
:10ECF00002440346934200D1704703F8011BF9E731
:10ED00000A220021FEF758B80246014410B58A4293
:10ED1000134603D01C780132002CF8D1181A10BD0C
:10ED2000F0B5C3F13707044603F01F031046FFB2E6
:10ED3000082BE6B232D0102B3DD06508A40845EA76
:10ED4000C17544EA81748A082D1942EB51022909E0
:10ED500041EA02716D1842EB1212290A41EA02617E
:10ED60006D1842EB1222290C41EA02416D1842EB68
:10ED70001242AD1842F10002EC0844EA4274D10894
:10ED800004EB8402A6EB4205EDB2092D0CD9013447
:10ED9000A5F10A0541F10001EDB212E0E40806F028
:10EDA000070544EA4174C908303554EA010200F805
:10EDB000015BBDD1F0BD240906F00F0544EA0174E2
:10EDC0000909092D84BFED19EDB2EDE7D1E904324F
:0CEDD00093421EBF5A1C0A611870704765
:08EDDC00D813FF7F01000000C5
:10EDE40000000000ACEE0008DD2700080000000071
:10EDF400ABE5000800000000E9CC000800000000BA
:10EE040000000000C8EE000800000000E0EF000869
:10EE140000000000C4EF000800000000A8EF000894
:10EE2400000000008CEF00080000000070EF0008F4
:10EE34000000000054EF00080000000038EF000854
:10EE4400000000001CEF00080000000000EF0008B4
:10EE540000000000E4EE000807DF000800000000E6
:10EE640000000000FCEF00084980000800000000DA
:10EE74002129000800000000795D0008000000005E
:10EE8400094E00080000000039CD00080000000011
:10EE94000000000018F000080000000034F0000832
:08EEA400394E000800000000D7
:10EEAC00A016010800000000ECF200087206002019
:10EEBC0000000000716B000800000000B71801088A
:10EECC0048F70008D4F20008760600200000000085
:10EEDC0000000000000000000B000108C8F400084E
:10EEEC00A8F200085C060020001800201128000879
:10EEFC000000000019000108DCF40008A8F200086A
:10EF0C005E060020101800201128000800000000E8
:10EF1C0027000108F0F40008A8F2000860060020A1
:10EF2C0020180020112800080000000035000108FE
:10EF3C0004F50008A8F20008620600203018002032
:10EF4C0011280008000000004300010818F5000813
:10EF5C00A8F20008640600204018002011280008C0
:10EF6C0000000000510001082CF50008A8F2000870
:10EF7C006606002050180020112800080000000030
:10EF8C005F00010840F50008A8F2000868060020A0
:10EF9C006018002011280008000000006D00010816
:10EFAC0054F50008A8F200086A060020701800202A
:10EFBC0011280008000000007B00010868F500081B
:10EFCC00A8F200086C060020801800201128000808
:10EFDC0000000000E111010800000000000000002A
:10EFEC0070060020000000009D5D0008000000007D
:10EFFC00170901080408002008F300086E06002019
:10F00C00C0040020594A000800000000A91801089B
:10F01C00C0F60008CCF2000874060020B4050020ED
:10F02C001972000800000000091A010870F70008A6
:10F03C00E4F2000878060020C0050020797700086B
:04F04C0000000000C0
:10F05000000000006FDE0008000000006FDE000806
:10F06000000000006FDE0008000000006FDE0008F6
:10F07000000000006FDE0008000000006FDE0008E6
:10F08000000000006FDE0008000000006FDE0008D6
:10F09000000000006FDE0008000000006FDE0008C6
:10F0A000000000006FDE0008F8250108595E000826
:10F0B000F6250108595E0008F4250108595E00088C
:10F0C000F2250108595E0008F0250108595E000884
:10F0D000EE250108595E0008EC250108595E00087C
:10F0E000EA250108595E0008E8250108595E000874
:10F0F000E6250108595E0008E4250108595E00086C
:10F10000E2250108595E0008E0250108595E000863
:10F11000DE250108595E0008DC250108595E00085B
:10F12000DA250108595E0008000000006FDE0008C3
:10F13000000000006FDE0008000000006FDE000825
:10F14000000000006FDE0008000000006FDE000815
:10F15000000000006FDE0008000000006FDE000805
:10F16000000000006FDE0008000000006FDE0008F5
:10F17000000000006FDE0008000000006FDE0008E5
:10F18000000000006FDE0008000000006FDE0008D5
:10F19000000000006FDE0008000000006FDE0008C5
:10F1A000000000006FDE0008000000006FDE0008B5
:10F1B000000000006FDE0008000000006FDE0008A5
:10F1C000000000006FDE0008000000006FDE000895
:10F1D000000000006FDE0008000000006FDE000885
:10F1E000000000006FDE0008000000006FDE000875
:10F1F000000000006FDE0008000000006FDE000865
:10F20000000000006FDE0008000000006FDE000854
:10F21000000000006FDE0008000000006FDE000844
:10F22000000000006FDE0008000000006FDE000834
:10F23000000000006FDE0008000000006FDE000824
:10F24000000000006FDE0008000000006FDE000814
:10F25000000000006FDE0008000000006FDE000804
:10F26000000000006FDE0008000000006FDE0008F4
:10F27000000000006FDE0008000000006FDE0008E4
:10F28000000000006FDE0008000000006FDE0008D4
:10F29000000000006FDE0008000000006FDE0008C4
:08F2A000000000007D60000881
:10F2A80011E20008D1E10008DDE10008EFE1000803
:10F2B800F9E1000803E20008A16D0008FD6C0008F0
:04F2C8000000000042
:08F2CC00E96E0008A7E3000849
:10F2D400BDE30008DDE30008F9E3000817E40008D3
:08F2E400117800088DE5000817
:10F2EC00CDE0000811E1000800000000B56A00083C
:0CF2FC0099E100080000000053E1000848
:10F3080007DE0008E54A0008000000008BDC000862
:10F31800A3DC000861490008BFDD00084149000876
:10F32800F7DB000801DC00082149000821DC00089F
:10F33800000000002BDC00080000000000000000B6
:10F3480039DC000819DE000851DC0008FFDC000881
:04F3580059DC000874
:10F35C00E4FB000803000000941601080300000001
:10F36C00B1FE000803000000FF11010803000000BB
:10F37C00B101010803000000B50101080300000001
:10F38C00C90F010803000000331C01080300000032
:10F39C002CFD000803000000AD180108030000005C
:10F3AC009D00010803000000161A0108030000006C
:10F3BC008E160108030000008900010803000000FC
:10F3CC00D5FF000803000000250901080300000018
:10F3DC0087160108030000007F07010803000000E6
:10F3EC00770501080300000009080108030000006C
:10F3FC0030F60008B01800204D0301080100000091
:10F40C00C0F40008B8F40008B0F40008A8F4000830
:10F41C00A0F4000898F4000890F4000888F40008A0
:10F42C0080F4000878F4000870F40008A8000000CC
:10F43C000200000000C2010000000801FF02FF04EE
:10F44C00FF05FF06FF00000080841E000001000085
:10F45C0000000000000000000000000000000000A0
:10F46C0000000000C4EF000801000000A8EF000835
:10F47C000900000070EF00080600200070EF000883
:10F48C000500000054EF00080A00000054EF0008CB
:10F49C0008000000A8EF000802000000C4EF0008FC
:10F4AC0007000000C4EF000806000000C4EF0008CD
:10F4BC0005000000C4EF000804001100FFFF00006D
:10F4CC0000200242080000008C0000000001000037
:10F4DC00FFFF0000001C0242070000008C0000002F
:10F4EC0080000000FFFF0000001802420600000030
:10F4FC008C00000040000000FFFF000000140242DE
:10F50C00050000008C00000020000000FFFF000040
:10F51C0000100242040000008C00000010000000EB
:10F52C00FFFF0000000C0242030000008C000000F2
:10F53C0008000000FFFF000000080242020000006B
:10F54C008C00000004000000FFFF000000040242D9
:10F55C00010000008C00000002000000FFFF000012
:10F56C0000000242000000008C00000001000000BE
:10F57C00C4EF0008A8EF00088CEF000870EF00083B
:10F58C0054EF000838EF00081CEF000800EF0008EB
:10F59C00E4EE000800000000000000000000000085
:10F5AC00000000000000000000000000000000004F
:10F5BC00000000000000000000000000000000003F
:10F5CC00000000000000000000000000000000002F
:10F5DC000000000000000000A8080020000100004E
:10F5EC0059D90008F7D8000802000000D3DA000847
:10F5FC0000000000000000000000000000000000FF
:10F60C002D03010835030108000000000000000074
:10F61C00000000003D0301084103010845030108F7
:10F62C0049030108E5350008D935000809360008FA
:10F63C00C135000800000000CD35000800000000B6
:10F64C0065360008B8180020BC1B00201000000014
:10F65C00C0040020000000000600010002000000B1
:10F66C0070F600080000000879110108060000007F
:10F67C00E0FF0F08000000208111010821000000AC
:10F68C00E0FF032098F6000801000000A0F6000837
:10F69C00020000006A010000000000008A01000066
:10F6AC0000000000A40000000000000107000000A2
:10F6BC00E4002403004001400000000000000000B2
:10F6CC000000000000000000E0F60008020000004E
:10F6DC00F0F60008A4000000000001000D0000007E
:10F6EC00FF000000F8F600080100000000F7000819
:10F6FC0001000000A40800000000000087E30008DF
:10F70C008BE300088FE3000893E3000897E30008FD
:10F71C00A3E3000804000000400000000004000007
:10F72C00004000000100000010000000000100007B
:10F73C00001000000000010000001000000C02444A
:10F74C0000000080000000000000001000000020FD
:10F75C00000000300000004000000050000000607D
:10F76C0000000070003C0040A4F7000894F700086B
:10F77C00020000000100000000000000000000007A
:10F78C00FFFF0000100000009C0000000080000043
:10F79C000F000000E0004600ACF70008010000007C
:10F7AC00B4F70008030000006602000080050000AA
:10F7BC008602000080050000A70200008005000002
:10F7CC00000000002000000040000000600000006D
:10F7DC0080000000A0000000C0000000E00000005D
:10F7EC000001000020010000400100006001000049
:10F7FC0080010000A0010000C0010000E001000039
:10F80C0003000000040000000500000006000000DA
:10F81C000700000008000000090000000A000000BA
:10F82C000B0000000C0000000D0000000E0000009A
:10F83C000F0000001000000011000000120000007A
:10F84C00130000001400000015000000160000005A
:10F85C001700000018000000190000001A0000003A
:10F86C001B0000001C0000001D0000001E0000001A
:10F87C001F000000831B0108911B0108A51B010838
:10F88C00B41B0108C01B0108E4ED0008E4ED0008FE
:10F89C006CEE000874EE0008A4EE0008ACEE000854
:10F8AC009A2501080001000088130000FA00F401F9
:10F8BC00E803574553545F544F504449522F7A65CF
:10F8CC00706879722F696E636C7564652F7A6570D8
:10F8DC006879722F647269766572732F6770696FBD
:10F8EC002E680028666C616773202620282831203A
:10F8FC003C3C203429207C202831203C3C203529DC
:10F90C00292920213D20282831203C3C2034292045
:10F91C007C202831203C3C2035292900415353457B
:10F92C005254494F4E204641494C205B25735D2073
:10F93C00402025733A25640A000950756C6C2055DB
:10F94C007020616E642050756C6C20446F776E2053
:10F95C0073686F756C64206E6F7420626520656EC1
:10F96C0061626C65642073696D756C74616E656F32
:10F97C0075736C790A00212828666C6167732026E0
:10F98C00202831554C203C3C20283136292929206F
:10F99C002626202128666C61677320262028315585
:10F9AC004C203C3C20283137292929202626202888
:10F9BC00666C6167732026202831203C3C2031295D
:10F9CC0029290009496E7075742063616E6E6F741D
:10F9DC0020626520656E61626C656420666F7220C2
:10F9EC00274F70656E20447261696E272C20274F5B
:10F9FC0070656E20536F7572636527206D6F64653B
:10FA0C007320776974686F7574204F757470757492
:10FA1C000A0028666C6167732026202831203C3C44
:10FA2C002031292920213D2030207C7C2028666C27
:10FA3C006167732026202831203C3C203229292064
:10FA4C003D3D203000286366672D3E706F72745FF9
:10FA5C0070696E5F6D61736B202620286770696F0B
:10FA6C005F706F72745F70696E735F7429283155A3
:10FA7C004C203C3C202870696E29292920213D20EE
:10FA8C0030550009556E737570706F727465642013
:10FA9C0070696E0A0050574D2C20535049332C205E
:10FAAC006F72204750494F20696E697469616C69A7
:10FABC007A6174696F6E206661696C6564004E537F
:10FACC004331303032205045352050574D3A20329A
:10FADC003030206B487A2C20353025250055534288
:10FAEC002043444320656E61626C65206661696CDD
:10FAFC0065643A202564004144533132393920720F
:10FB0C00656769737465722076657269666963618D
:10FB1C0074696F6E206661696C65643B20726574F4
:10FB2C007279696E6700414453313239392056314C
:10FB3C003920636F6E74726F6C2072656164793AF0
:10FB4C00203235302F3530302F313030302053507B
:10FB5C00532C20535242312C2072756E74696D6592
:10FB6C00206368616E6E656C2F6761696E2F424908
:10FB7C0041532F4C4F46462F6D6F64657300667270
:10FB8C00616D65733D25752072663D257520657226
:10FB9C00723D2575207573623D2575206374726CFA
:10FBAC003D2575207265706C793D25752072756EDA
:10FBBC003D256420726174653D2575206D6F64650B
:10FBCC003D2575206D61736B3D253032782062695F
:10FBDC0061733D253032780062636962616E645FE7
:10FBEC0073746D3332006865617020636F72727567
:10FBFC007074696F6E202866726565206C69737409
:10FC0C00206C696E6B6167652900574553545F54CE
:10FC1C004F504449522F7A65706879722F6C696223
:10FC2C002F686561702F686561702E630028616CA8
:10FC3C0069676E20262028616C69676E202D203143
:10FC4C002929203D3D20300009616C69676E206DCB
:10FC5C00757374206265206120706F776572206FF8
:10FC6C006620320A006279746573202F2038552083
:10FC7C003C3D2030783766666655000968656170D2
:10FC8C002073697A6520697320746F6F20626967CD
:10FC9C000A006279746573203E20686561705F6646
:10FCAC006F6F7465725F62797465732862797465BD
:10FCBC0073290009686561702073697A652069731E
:10FCCC0020746F6F20736D616C6C0A0068656170D5
:10FCDC005F737A203E206368756E6B737A28736944
:10FCEC007A656F6628737472756374207A5F6865C1
:10FCFC0061702929006368756E6B305F73697A6572
:10FD0C00202B206D696E5F6368756E6B5F73697A0B
:10FD1C0065286829203C3D20686561705F737A0016
:10FD2C006F735F6865617000574553545F544F5053
:10FD3C004449522F7A65706879722F6C69622F6F03
:10FD4C00732F63627072696E74665F7061636B614E
:10FD5C006765642E630009537472696E6720776956
:10FD6C00746820746F6F206D616E79206172677595
:10FD7C006D656E74730A00097374725F7074725FD0
:10FD8C00706F735B5D20746F6F20736D616C6C0AA8
:10FD9C000009746F6F206D616E7920666F726D61F2
:10FDAC007420617267730A00696E5F7061636B61C6
:10FDBC0067656420213D202828766F6964202A29F4
:10FDCC0030290028756E7369676E65642920636835
:10FDDC006172202A207573656420666F7220252558
:10FDEC007020617267756D656E742E20497427736F
:10FDFC00207265636F6D6D656E64656420746F2031
:10FE0C006361737420697420746F20766F69642049
:10FE1C002A2062656361757365206974206D617950
:10FE2C00206361757365206D6973626568617669BD
:10FE3C006F7220696E206365727461696E20636FE6
:10FE4C006E66696775726174696F6E732E20537478
:10FE5C0072696E673A2225732220617267756D652F
:10FE6C006E743A256400736370795F636E74203C22
:10FE7C002073697A656F66286370795F7374725F3B
:10FE8C00706F7329006B6565705F636E74203C2026
:10FE9C0073697A656F66286B6565705F7374725FE2
:10FEAC00706F73290063627072696E74665F706143
:10FEBC00636B61676500574553545F544F50444919
:10FECC00522F7A65706879722F696E636C756465F0
:10FEDC002F7A65706879722F6B65726E656C2E68FF
:10FEEC0000216B5F69735F7072655F6B65726E6525
:10FEFC006C282900096B5F63757272656E745F679D
:10FF0C0065742063616C6C6564207072652D6B6523
:10FF1C00726E656C0A00574553545F544F504449F8
:10FF2C00522F7A65706879722F6C69622F6F732FFC
:10FF3C006D7073635F706275662E630065727220FC
:10FF4C003D3D203000574553545F544F5044495267
:10FF5C002F7A65706879722F696E636C7564652F82
:10FF6C007A65706879722F7370696E6C6F636B2E23
:10FF7C0068007A5F7370696E5F6C6F636B5F76613C
:10FF8C006C6964286C290009496E76616C6964207F
:10FF9C007370696E6C6F636B2025700A007A5F73E7
:10FFAC0070696E5F756E6C6F636B5F76616C6964A4
:10FFBC00286C2900094E6F74206D79207370696E5E
:10FFCC006C6F636B2025700A007379735F676574BF
:10FFDC006F707400574553545F544F504449522F1F
:10FFEC007A65706879722F6C69622F7574696C739D
:04FFFC002F72696E89
:020000040801F1
:10000000675F6275666665722E63006770696F4030
:100010003432303232303030006770696F40343201
:10002000303231633030006770696F4034323032C3
:1000300031383030006770696F40343230323134DB
:100040003030006770696F403432303231303030D8
:10005000006770696F40343230323063303000678F
:1000600070696F4034323032303830300067706938
:100070006F403432303230343030006770696F4056
:1000800034323032303030300073746D33325F626E
:1000900061636B75705F646F6D61696E00736F6330
:1000A00000574553545F544F504449522F7A65705E
:1000B0006879722F696E636C7564652F7A657068F4
:1000C00079722F6C6F6767696E672F6C6F675F62FD
:1000D00061636B656E642E68006261636B656E645C
:1000E00020213D202828766F6964202A29302900A4
:1000F0006C6F6767696E6700574553545F544F5084
:100100004449522F7A65706879722F7375627379DA
:10011000732F6C6F6767696E672F6C6F675F636FB4
:1001200072652E63006C6F675F6261636B656E64FE
:100130005F636F756E745F6765742829203C2028A3
:10014000283332202F20335529202D202831202BF1
:1001500020302929006261636B656E64203C3D207C
:100160005F6C6F675F6261636B656E645F6C697320
:10017000745F656E640009756E657870656374659B
:1001800064206C69737420656E64206C6F636174A5
:10019000696F6E0A006C6F675F6261636B656E64A6
:1001A0005F636F756E745F6765742829203E203029
:1001B000006C6F67006C6F675F6D676D74004D65F5
:1001C0007373616765202822257322292064726F6A
:1001D0007070656420626563617573652069742061
:1001E000657863656564732073697A65206C696DF1
:1001F00069746174696F6E2028257529005745530D
:10020000545F544F504449522F7A65706879722F69
:100210007375627379732F6C6F6767696E672F6C84
:100220006F675F6D73672E6300706C656E203E3D77
:100230002030004D6573736167652064726F707064
:1002400065642062656361757365206974206578F3
:1002500063656564732073697A65206C696D697480
:100260006174696F6E2028257529000D0A005745B5
:1002700053545F544F504449522F7A6570687972D5
:100280002F7375627379732F6C6F6767696E672F51
:100290006C6F675F6F75747075742E63006F757423
:1002A0005F6374782D3E636F6E74726F6C5F626C07
:1002B0006F636B2D3E6F6666736574203C3D206FE7
:1002C00075745F6374782D3E73697A65001B5B30CB
:1002D0006D006C6576656C203C3D203400257320F4
:1002E000005B2530386C755D20005B253032753A37
:1002F000253032753A253032752E253033752C2550
:100300003033755D20003C25733E200025732F009F
:1003100025733A2000657272203E3D203000253062
:1003200032782000202020007C002563001B5B31F8
:100330003B33316D001B5B313B33336D00657272B3
:100340000077726E00696E6600646267006C6F67AA
:100350005F6261636B656E645F72747400574553CE
:10036000545F544F504449522F7A65706879722F08
:100370007375627379732F7573622F646576696321
:10038000652F7573625F6465766963652E630063CC
:1003900066675F64617461203C3D205F7573625FD6
:1003A0006366675F646174615F6C6973745F656ED7
:1003B00064005365742068616C7420657020307827
:1003C0002530327800436C6561722068616C74205E
:1003D00065702030782530327800456E64706F6922
:1003E0006E742030782530327820697320696E76FB
:1003F000616C696400456E64706F696E742030785A
:100400002530327820616C7265616479206469738B
:1004100061626C6564004661696C656420746F207C
:1004200064697361626C6520656E64706F696E7477
:100430002030782530327800456E64706F696E74B4
:100440002030782530327820616C726561647920C3
:10045000636F6E66696775726564004661696C6595
:100460006420746F20636F6E6669677572652065BE
:100470006E64706F696E7420307825303278004574
:100480006E64706F696E7420307825303278206128
:100490006C726561647920656E61626C65640046AA
:1004A00061696C656420746F20656E61626C6520A3
:1004B000656E64706F696E74203078253032780014
:1004C0004661696C656420746F2077726974652079
:1004D000656E64706F696E74206275666665722001
:1004E00030782530327800526571756573742062FA
:1004F000756666657220746F6F20736D616C6C0039
:100500005553422064657669636520737570706F1A
:10051000727420616C726561647920656E61626CD1
:100520006564004661696C656420746F20636F6E5A
:100530006669677572652055534220646576696304
:100540006520737461636B004572726F6E656F75C1
:10055000732064657669636520646573637269708E
:10056000746F72206F7220624D61785061636B65A9
:100570007453697A6530007573625F646576696388
:1005800065003031323334353637383941424344EF
:10059000454600574553545F544F504449522F7AB3
:1005A00065706879722F7375627379732F757362D2
:1005B0002F6465766963652F7573625F6465736325
:1005C000726970746F722E6300726574203D3D20F5
:1005D0003000094661696C656420746F2066696E3D
:1005E000642076616C696420624D61785061636B50
:1005F000657453697A65300A0054686572652069CC
:1006000073206E6F207573625F6366675F646174E9
:100610006120666F7220257000556E696E6974697D
:10062000616C697A6564207573625F6366675F6495
:1006300061746120706F696E7465722C20636F72D3
:10064000727570746564206465766963652064659D
:100650007363726970746F723F004661696C6564A0
:1006600020746F2076616C696461746520656E64C6
:10067000706F696E747300746865206E65772053BF
:100680004E2064657363726970746F7220646F6565
:10069000736E2774206861766520746865207361C5
:1006A0006D65206C656E67746820617320434F4EE2
:1006B0004649475F5553425F4445564943455F535A
:1006C0004E006275665B61736369695F6964785F38
:1006D0006D61785D203E20307831462026262062EC
:1006E00075665B61736369695F6964785F6D617882
:1006F0005D203C203078374600094F6E6C792070C1
:1007000072696E7461626C652061736369692D370B
:100710002063686172616374657273206172652021
:10072000616C6C6F77656420696E2055534220734D
:100730007472696E672064657363726970746F7236
:10074000730A00496E636F6D706C65746520646533
:10075000766963652064657363726970746F720093
:100760004661696C656420746F20666978757020D5
:100770005553422064657363726970746F720075BB
:1007800073625F64657363726970746F7200547230
:10079000616E73666572206572726F722025642CBB
:1007A00020657020307825303278005258206461FE
:1007B0007461206C6F73742C206E6F207472616E84
:1007C00073666572004E6F207472616E7366657237
:1007D00020736C6F7420617661696C61626C650076
:1007E00041207472616E7366657220697320616C5A
:1007F0007265616479206F6E676F696E672C206522
:100800007020307825303278007573625F747261C1
:100810006E73666572004465766963652064617411
:1008200061206E6F7420666F756E6420666F722033
:100830006366672025700052696E67206275666680
:1008400065722066756C6C2C2064697363617264D8
:100850002064617461004465766963652064617435
:1008600061206E6F7420666F756E6420666F7220F3
:10087000656E64706F696E742025750044657669D5
:1008800063652064617461206E6F7420666F756E9D
:100890006420666F7220696E74657266616365209C
:1008A00025750052696E67206275666665722066FE
:1008B000756C6C2C2064726F7020257A64206279CC
:1008C0007465730044657669636520636F6E66695D
:1008D0006775726564004465766963652064697351
:1008E000636F6E6E65637465640044657669636505
:1008F0002073757370656E64656400446576696322
:100900006520726573756D65640066726F6D207326
:10091000757370656E64006364632D61636D2D751E
:1009200061727430007573625F6364635F61636DED
:1009300000757362776F726B71002A2A2A20426FEA
:100940006F74696E67206E524620436F6E6E6563EA
:10095000742053444B2076332E342E302D393935C4
:10096000353330353536303762202A2A2A0A002AB4
:100970002A2A205573696E67205A6570687972203B
:100980004F532076342E342E302D62663830316548
:10099000346533643139202A2A2A0A0072302F61E3
:1009A000313A2020307825303878202072312F617C
:1009B000323A2020307825303878202072322F616A
:1009C000333A20203078253038780072332F613464
:1009D0003A2020307825303878207231322F6970F3
:1009E0003A2020307825303878207231342F6C72DC
:1009F0003A20203078253038780020787073723AA9
:100A00002020307825303878004661756C74696E26
:100A10006720696E737472756374696F6E206164A8
:100A2000647265737320287231352F7063293A2000
:100A300030782530387800556E68616E646C656476
:100A4000204952516E3A202564002A2A2A2A2A2057
:100A50005553414745204641554C54202A2A2A2ABD
:100A60002A0020204469766973696F6E20627920BC
:100A70007A65726F002020556E616C69676E6564DF
:100A8000206D656D6F7279206163636573730020FB
:100A900020537461636B206F766572666C6F77208C
:100AA00028636F6E746578742061726561206E6F63
:100AB000742076616C6964290020204E6F20636F7A
:100AC00070726F636573736F7220696E7374727581
:100AD0006374696F6E73002020496C6C6567616C8C
:100AE000206C6F6164206F66204558435F52455407
:100AF00055524E20696E746F205043002020496C7F
:100B00006C6567616C20757365206F66207468651D
:100B10002045505352002020417474656D7074203C
:100B2000746F206578656375746520756E6465669D
:100B3000696E656420696E737472756374696F6E33
:100B4000002A2A2A2A2A204D5055204641554C5425
:100B5000202A2A2A2A2A002020537461636B696E96
:100B600067206572726F722028636F6E7465787487
:100B70002061726561206D69676874206265206E0E
:100B80006F742076616C696429002020556E73743F
:100B900061636B696E67206572726F72002020441A
:100BA000617461204163636573732056696F6C6182
:100BB00074696F6E0020204D4D464152204164649F
:100BC000726573733A2030782578002020496E735F
:100BD0007472756374696F6E20416363657373200B
:100BE00056696F6C6174696F6E002020466C6F618E
:100BF00074696E672D706F696E74206C617A7920EC
:100C0000737461746520707265736572766174695E
:100C10006F6E206572726F7200574553545F544F68
:100C2000504449522F7A65706879722F61726368F7
:100C30002F61726D2F636F72652F636F72746578A9
:100C40005F6D2F6661756C742E6300212828285310
:100C500043425F54797065202A292028283078453E
:100C600030303045303030554C29202B2030783012
:100C7000443030554C2920292D3E434653522026DE
:100C8000202831554C203C3C20283055202B203446
:100C9000552929290009537461636B696E67206FB8
:100CA00072204461746120416363657373205669E7
:100CB0006F6C6174696F6E206572726F72207769F4
:100CC00074686F757420737461636B2067756172EB
:100CD000642C20757365722D6D6F6465206F7220B2
:100CE0006E756C6C2D706F696E74657220646574BE
:100CF000656374696F6E0A0A002A2A2A2A2A20422A
:100D00005553204641554C54202A2A2A2A2A00208D
:100D100020537461636B696E67206572726F720035
:100D2000202050726563697365206461746120627C
:100D30007573206572726F72002020424641522006
:100D4000416464726573733A2030782578002020FE
:100D5000496D7072656369736520646174612062B6
:100D60007573206572726F72002020496E73747201
:100D7000756374696F6E20627573206572726F722D
:100D8000005265736572766564204578636570749A
:100D9000696F6E20280053707572696F75732069D2
:100DA0006E74657272757074202849525120005318
:100DB0005053454C20696E20746872656164206DE3
:100DC0006F646520646F6573206E6F7420696E6454
:100DD0006963617465205053500065736620213D3E
:100DE000202828766F6964202A2930290009455374
:100DF0004620636F756C64206E6F7420626520728C
:100E00006574726965766564207375636365737371
:100E100066756C6C792E205368616C6C206E6576FB
:100E20006572206F636375722E0A002A2A2A2A2AA5
:100E30002048415244204641554C54202A2A2A2A0F
:100E40002A002020427573206661756C74206F6ED5
:100E500020766563746F72207461626C65207265C0
:100E600061640020204465627567206576656E7454
:100E70000020204661756C7420657363616C617439
:100E8000696F6E20287365652062656C6F77290035
:100E9000415243485F455843455054207769746830
:100EA00020726561736F6E2025780A0009466175AE
:100EB0006C7420657363616C6174696F6E2077690F
:100EC00074686F75742046535220696E666F0A000D
:100ED00009486172644661756C7420776974686F43
:100EE0007574204846535220696E666F20536861BE
:100EF0006C6C206E65766572206F636375720A0094
:100F00002A2A2A2A2A204465627567206D6F6E6935
:100F1000746F7220657863657074696F6E202A2A19
:100F20002A2A2A002A2A2A2A2A20257320256429E7
:100F3000202A2A2A2A2A00574553545F544F5044E6
:100F400049522F7A65706879722F617263682F61D8
:100F5000726D2F636F72652F636F727465785F6D4A
:100F60002F6972715F6D616E6167652E63007072CB
:100F7000696F203C3D20282831554C203C3C2028DE
:100F8000342929202D2031290009696E76616C6988
:100F900064207072696F7269747920256420666FAD
:100FA0007220256420697271212076616C756573E9
:100FB000206D757374206265206C6573732074688E
:100FC000616E20256C750A0A006D707500466169B6
:100FD0006C656420746F20616C6C6F636174652054
:100FE0006E6577204D505520726567696F6E2025BC
:100FF000750A00506172746974696F6E2025753AC4
:1010000020636F686572656E636520636865636BF6
:10101000206661696C65642E00496E76616C696456
:1010200020756E6465726C79696E67207265676998
:101030006F6E20696E64657820257500574553549E
:101040005F544F504449522F7A65706879722F610E
:101050007263682F61726D2F636F72652F6D70758B
:101060002F61726D5F6D70752E630009436F6E6640
:1010700069677572696E672025752073746174697C
:1010800063204D505520726567696F6E73206661ED
:10109000696C65640A0A00094D61726B696E6720AC
:1010A000257520617265617320666F722064796EA8
:1010B000616D696320726567696F6E73206661692F
:1010C0006C65640A0A000952657175657374207451
:1010D0006F20636F6E6669677572653A20257520AB
:1010E000726567696F6E732028737570706F7274A4
:1010F00065643A202575290A0A0021287265676906
:101100006F6E5B6964785D2E64745F6174747220C5
:1011100026202831554C203C3C2028302929290004
:101120000952414D5F4E4F43414348452077697412
:10113000682044545F4D454D5F434143484541421B
:101140004C45206174747269627574650A0A0009FD
:101150004661696C656420746F20616C6C6F6361BB
:101160007465204D505520726567696F6E732066F7
:10117000726F6D2044540A0A00464C4153485F3058
:10118000005352414D5F3000496E76616C696420B6
:101190006C696E65206E756D6265722025750057ED
:1011A0004553545F544F504449522F7A65706879C3
:1011B000722F647269766572732F696E74657272CC
:1011C0007570745F636F6E74726F6C6C65722F698B
:1011D0006E74635F657874695F73746D33322E6308
:1011E00000696E746572727570742D636F6E7472BF
:1011F0006F6C6C65724034343032323030300065A0
:101200007874695F73746D333200574553545F547B
:101210004F504449522F7A65706879722F64726911
:10122000766572732F696E746572727570745F6320
:101230006F6E74726F6C6C65722F696E74635F672A
:1012400070696F5F73746D33322E63002828286CC9
:10125000696E652920213D20305529202626202829
:1012600028286C696E652920262028286C696E65FF
:1012700029202D2031552929203D3D20305529296F
:101280000009496E76616C69642F636F72727570C4
:10129000746564204C4C5F455854495F4C494E4539
:1012A0005F6E2076616C75650A0028286C696E6532
:1012B00029203C2031203F202D31203A20287369FD
:1012C0007A656F66285F5F747970656F665F5F2807
:1012D0006C696E652929203E2034203F2028363451
:1012E000202D205F5F6275696C74696E5F636C7A34
:1012F0006C6C286C696E6529202D203129203A20DC
:10130000283332202D205F5F6275696C74696E5FCF
:10131000636C7A286C696E6529202D203129292972
:10132000203C203136006972716E756D20213D20A0
:1013300030784646004E6F742076616C6964206593
:101340006E64706F696E743A202530327800696E71
:1013500076616C69642065702030782530327800C1
:10136000636C6F636B20636F6E74726F6C20646567
:1013700076696365206E6F742072656164790043DD
:101380006F756C64206E6F742073656C6563742078
:1013900055534220646F6D61696E20636C6F636B9F
:1013A00000556E61626C6520746F20656E61626CC1
:1013B000652055534220636C6F636B004661696C16
:1013C000656420746F206765742055534220646FF4
:1013D0006D61696E20636C6F636B20726174650070
:1013E00055534220436C6F636B206973206E6F749A
:1013F0002034384D487A202825642900555342204E
:1014000070696E6374726C207365747570206661A8
:10141000696C65642028256429005043445F496E47
:101420006974206661696C65642C202564005043F2
:10143000445F53746F70206661696C65642C20256D
:1014400064005043445F5374617274206661696C38
:1014500065642C2025640048414C5F5043445F5331
:10146000657441646472657373206661696C656458
:1014700028307825303278292C2025640048414CCA
:101480005F5043445F45505F5265636569766520F0
:101490006661696C656428307825303278292C20A3
:1014A000256400574553545F544F504449522F7A96
:1014B00065706879722F647269766572732F7573BF
:1014C000622F6465766963652F7573625F64635F1D
:1014D00073746D33322E6300726573203D3D20308E
:1014E00000696E76616C696420656E64706F696E08
:1014F0007420636F6E66696775726174696F6E00E0
:10150000656E64706F696E7420696E6465782F61B2
:10151000646472657373206F7574206F66207261E6
:101520006E67650048414C5F5043445F45505F53D0
:1015300065745374616C6C206661696C65642830F5
:101540007825303278292C2025640048414C5F50A2
:1015500043445F45505F436C725374616C6C20660A
:1015600061696C656428307825303278292C202513
:10157000640048414C5F5043445F45505F4F706585
:101580006E206661696C6564283078253032782970
:101590002C2025640048414C5F5043445F45505F18
:1015A000436C6F7365206661696C656428307825CB
:1015B000303278292C20256400556E61626C6520DC
:1015C000746F20676574207772697465206C6F632F
:1015D0006B20282564290048414C5F5043445F45F7
:1015E000505F5472616E736D6974206661696C65D9
:1015F0006428307825303278292C20256400496E03
:1016000076616C696420456E64706F696E74202524
:10161000780057726F6E6720656E64706F696E74C4
:1016200020646972656374696F6E3A203078253082
:1016300032780057726F6E6720617267756D656EE4
:101640007473006B5F6D7367715F70757428292008
:101650006661696C65643A2025640065705F737427
:1016600061746500094E6F20636F72726573706FED
:101670006E64696E672065705F737461746520665F
:101680006F722065700A007573625F64635F7374C4
:101690006D33320063616368655F73746D3332006C
:1016A0007263634034343032306330300057455316
:1016B000545F544F504449522F7A65706879722FA5
:1016C000696E636C7564652F7A65706879722F64D2
:1016D0007269766572732F6770696F2F6770696FB3
:1016E0005F7574696C732E680063616C6C62616312
:1016F0006B00094E6F2063616C6C6261636B210A41
:101700000063616C6C6261636B2D3E68616E646C3A
:10171000657200094E6F2063616C6C6261636B20BF
:1017200068616E646C6572210A0063622D3E6861B7
:101730006E646C657200496E76616C6964206368E2
:10174000616E6E656C20282564290043616E6E6FA2
:1017500074207365742050574D206F7574707574C4
:101760002C20706572696F64206379636C657320E7
:10177000257520657863656564732031362D62694F
:10178000742074696D6572206C696D69742E0043F4
:1017900068616E6E656C20256420686173204E4F11
:1017A00020636F6D706C656D656E74617279206F0A
:1017B000757470757400436F756C64206E6F74205F
:1017C000696E697469616C697A6520636C6F636BBB
:1017D000202825642900436F756C64206E6F742087
:1017E000636F6E66696775726520636C6F636B20EB
:1017F000282564290054696D657220636C6F636BE2
:10180000207261746520676574206572726F722042
:10181000282564290054696D657220636C6F636BC1
:1018200020736F75726365206973206E6F74207307
:1018300070656369666965640050574D2070696E14
:101840006374726C207365747570206661696C6571
:101850006420282564290025733A2054696D657237
:1018600020646F6573206E6F7420737570706F7273
:1018700074206D61737465726D6F64650053657477
:1018800074696E67206465616474696D65202564A0
:10189000206F6E2061206E6F6E2D627265616B200D
:1018A00074696D65722025730070776D0070776DB7
:1018B0005F73746D33320072657365742D636F6E80
:1018C00074726F6C6C65720055706461746520652C
:1018D0007863656564732063757272656E742062E7
:1018E000756666657200436F756C64206E6F742058
:1018F00073656C6563742053504920646F6D616932
:101900006E20636C6F636B00436F756C64206E6F49
:101910007420656E61626C652053504920636C6F62
:10192000636B004E6F206461746120776964746832
:1019300020646566696E656420666F7220746869EC
:101940007320696E7374616E6365004661696C65CE
:10195000642063616C6C20636C6F636B5F636F6E9C
:1019600074726F6C5F6765745F7261746528706311
:101970006C6B5B315D29004661696C656420636155
:101980006C6C20636C6F636B5F636F6E74726F6CF3
:101990005F6765745F726174652870636C6B5B3040
:1019A0005D29004275666665722073697A652065F7
:1019B000786365656473206D6178696D616C20730F
:1019C0007570706F727465642076616C7565002542
:1019D000733A206572723D256400556E73757070A0
:1019E0006F72746564206672657175656E637920C7
:1019F0002575487A2C206D6178202575487A2C2031
:101A00006D696E202575487A0073706940343030F6
:101A10003033633030007370695F73746D3332003C
:101A20005465726D696E616C00574553545F544F35
:101A3000504449522F7A65706879722F6B65726EC7
:101A4000656C2F6465766963652E63007263203E62
:101A50003D202D28307866662920262620726320B6
:101A60003C20300009646576696365202573206930
:101A70006E69743A20696E76616C69642065727271
:101A80006F7220282564290A0048616C74696E67AA
:101A90002073797374656D00556E6B6E6F776E2071
:101AA0006572726F7200756E6B6E6F776E003E3E80
:101AB0003E205A455048595220464154414C2045F9
:101AC00052524F522025643A202573206F6E2043D6
:101AD0005055202564004661756C742064757269E8
:101AE0006E6720696E746572727570742068616EBD
:101AF000646C696E670A0043757272656E74207457
:101B000068726561643A2025702028257329005782
:101B10004553545F544F504449522F7A6570687949
:101B2000722F6B65726E656C2F666174616C2E63CB
:101B300000726561736F6E20213D204B5F455252EC
:101B40005F4B45524E454C5F50414E494300094161
:101B50007474656D7074656420746F207265636F52
:101B60007665722066726F6D2061206B65726E659E
:101B70006C2070616E696320636F6E646974696F55
:101B80006E0A0043505520657863657074696F6E06
:101B900000556E68616E646C656420696E74657270
:101BA0007275707400537461636B206F7665726632
:101BB0006C6F77004B65726E656C206F6F70730091
:101BC0004B65726E656C2070616E6963005745539A
:101BD000545F544F504449522F7A65706879722F80
:101BE0006B65726E656C2F696E69742E6300746824
:101BF000726561645F64617461203C3D205F5F7366
:101C000074617469635F7468726561645F64617450
:101C1000615F6C6973745F656E6400646576203C17
:101C20003D205F6465766963655F6C6973745F65A9
:101C30006E64006F7300574553545F544F504449CE
:101C4000522F7A65706879722F6B65726E656C2F92
:101C500069646C652E63005F6B65726E656C2E63E4
:101C60007075735B305D2E63757272656E742D3E98
:101C7000626173652E7072696F203E3D203000579F
:101C80004553545F544F504449522F7A65706879D8
:101C9000722F6B65726E656C2F696E636C7564650F
:101CA0002F6B73636865642E680074687265616485
:101CB0002D3E626173652E70656E6465645F6F6E44
:101CC00000574553545F544F504449522F7A657022
:101CD0006879722F6B65726E656C2F6D73675F71BB
:101CE0002E630021617263685F69735F696E5F696B
:101CF00073722829207C7C20282874696D656F7593
:101D000074292E7469636B73203D3D202828286B4D
:101D10005F74696D656F75745F74297B307D2929E7
:101D20002E7469636B732900090A0021617263686C
:101D30005F6972715F756E6C6F636B6564286B654C
:101D4000792900286D7367712D3E77726974655F1C
:101D5000707472203E3D206D7367712D3E62756612
:101D60006665725F73746172742920262620286D5F
:101D70007367712D3E77726974655F707472203C71
:101D80003D20286D7367712D3E6275666665725FD2
:101D9000656E64202D2031292920262620282873CD
:101DA000697A655F74292875696E747074725F74DE
:101DB00029286D7367712D3E6275666665725F6571
:101DC0006E64202D206D7367712D3E777269746586
:101DD0005F70747229203E3D206D7367712D3E6DDA
:101DE00073675F73697A6529002173697A655F6D2E
:101DF000756C5F6F766572666C6F77286D61785F62
:101E00006D7367732C206D73675F73697A652C201F
:101E1000262873697A655F74297B307D29002173D8
:101E2000697A655F6164645F6F766572666C6F770F
:101E3000282873697A655F74292875696E747074CF
:101E4000725F74296275666665722C206D61785FB9
:101E50006D736773202A206D73675F73697A652CD1
:101E600020262873697A655F74297B307D290057A5
:101E70004553545F544F504449522F7A65706879E6
:101E8000722F6B65726E656C2F6D757465782E633D
:101E90000021617263685F69735F696E5F69737265
:101EA000282900096D7574657865732063616E6E0D
:101EB0006F74206265207573656420696E73696450
:101EC0006520495352730A006D757465782D3E6C18
:101ED0006F636B5F636F756E74203E2030550057E3
:101EE0004553545F544F504449522F7A6570687976
:101EF000722F6B65726E656C2F73656D2E63002893
:101F000028617263685F69735F696E5F69737228C5
:101F100029203D3D203029207C7C20282874696DB3
:101F2000656F7574292E7469636B73203D3D20289D
:101F300028286B5F74696D656F75745F74297B30D9
:101F40007D29292E7469636B7329290057455354E1
:101F50005F544F504449522F7A65706879722F6BE5
:101F600065726E656C2F776F726B2E6300776F7280
:101F70006B2D3E717565756520213D202828766F93
:101F80006964202A29302900776F726B2D3E6861C1
:101F90006E646C657220213D202828766F6964206C
:101FA0002A2930290021666C61675F746573742883
:101FB0002671756575652D3E666C6167732C204BC7
:101FC0005F574F524B5F51554555455F53544152F2
:101FD0005445445F42495429007175657565006434
:101FE000776F726B20213D202828766F6964202A44
:101FF00029302900574553545F544F504449522FBC
:102000007A65706879722F6B65726E656C2F746873
:10201000726561642E6300282828287072696F2910
:1020200029203D3D203135202626207A5F69735FC7
:1020300069646C655F7468726561645F656E747213
:10204000792828656E747279292929207C7C2028BA
:1020500028283135202D203129203E3D2028282DCB
:1020600031362929292026262028287072696F29CF
:1020700029203E3D2028282D3136292920262620BA
:1020800028287072696F2929203C3D20283135208D
:102090002D20312929290009696E76616C69642037
:1020A0007072696F7269747920282564293B2061F8
:1020B0006C6C6F7765642072616E67653A20256489
:1020C00020746F2025640A00095468726561647386
:1020D000206D6179206E6F74206265206372656186
:1020E00074656420696E20495352730A0057455342
:1020F000545F544F504449522F7A65706879722F5B
:102100006B65726E656C2F73636865642E63002166
:102110007A5F69735F69646C655F74687265616436
:102120005F6F626A65637428746872656164290010
:10213000574553545F544F504449522F7A65706845
:1021400079722F6B65726E656C2F696E636C756446
:10215000652F6B7468726561642E68005F6B6572D1
:102160006E656C2E637075735B305D2E6375727275
:10217000656E7420213D202828766F6964202A2905
:102180003029002169735F7468726561645F6475EA
:102190006D6D7928746872656164290057455354E0
:1021A0005F544F504449522F7A65706879722F6B93
:1021B00065726E656C2F696E636C7564652F6B73E9
:1021C0007761702E6800617263685F6972715F7514
:1021D0006E6C6F636B6564286B657929207C7C204D
:1021E0005F6B65726E656C2E637075735B305D2E10
:1021F00063757272656E742D3E626173652E7468CC
:10220000726561645F7374617465202620282828D4
:1022100031554C203C3C202830292929207C20287D
:102220002831554C203C3C202833292929290009F4
:10223000436F6E7465787420737769746368696E30
:1022400067207768696C6520686F6C64696E6720C9
:102250006C6F636B210A0073697A656F66285F7320
:10226000636865645F7370696E6C6F636B29203D92
:102270003D2030207C7C206C6F636B20213D20262C
:102280005F73636865645F7370696E6C6F636B0026
:102290005F6B65726E656C2E637075735B305D2E5F
:1022A00063757272656E742D3E626173652E736321
:1022B0006865645F6C6F636B656420213D203155F8
:1022C000005F6B65726E656C2E637075735B305D5D
:1022D0002E63757272656E742D3E626173652E7326
:1022E000636865645F6C6F636B656420213D2030BB
:1022F0005500217465726D696E61746500096162D3
:102300006F72746564205F63757272656E742062AB
:1023100061636B2066726F6D20646561640A0021E1
:10232000657373656E7469616C000961626F7274C4
:10233000656420657373656E7469616C207468727E
:102340006561642025700A00574553545F544F500F
:102350004449522F7A65706879722F6B65726E6589
:102360006C2F74696D65736C6963696E672E6300A9
:10237000282874696D656F75742920262620282801
:1023800075696E747074725F742928736C69636503
:102390005F74696D656F7574732929203C3D202831
:1023A0002875696E747074725F74292874696D651C
:1023B0006F7574292920262620282875696E747067
:1023C00074725F74292874696D656F75742929208A
:1023D0003C20282875696E747074725F74292826F1
:1023E00028736C6963655F74696D656F75747329B3
:1023F0005B282873697A655F7429282828696E74B8
:102400002973697A656F6628636861725B31202D74
:10241000202832202A202128215F5F6275696C7490
:10242000696E5F74797065735F636F6D70617469F5
:10243000626C655F70285F5F747970656F665F5F5F
:1024400028736C6963655F74696D656F7574732952
:102450002C205F5F747970656F665F5F2826287334
:102460006C6963655F74696D656F757473295B3042
:102470005D292929295D29202D203129202B20287B
:1024800073697A656F6628736C6963655F74696DDB
:10249000656F75747329202F2073697A656F6628BC
:1024A00028736C6963655F74696D656F75747329F2
:1024B0005B305D292929295D292920262620282805
:1024C0002875696E747074725F74292874696D65FB
:1024D0006F75742929202D20282875696E747074F1
:1024E000725F742928736C6963655F74696D656FC9
:1024F00075747329292920252073697A656F6628E8
:1025000028736C6963655F74696D656F7574732991
:102510005B305D29203D3D20302900574553545FF5
:10252000544F504449522F7A65706879722F6B6509
:10253000726E656C2F74696D656F75742E63002102
:102540007379735F646E6F64655F69735F6C696EE6
:102550006B65642826746F2D3E6E6F646529005785
:102560004553545F544F504449522F7A65706879EF
:10257000722F6B65726E656C2F6B686561702E6370
:102580000068656170203C3D205F6B5F686561702D
:102590005F6C6973745F656E6400737973776F72D3
:1025A0006B7100286E756C6C29002A666C6F617403
:1025B0002A00206D657373616765732064726F70A4
:1025C000706564202D2D2D0D0A1B5B306D001B5B8B
:1025D000313B33316D2D2D2D20000F010E010D01EA
:1025E0000C010B010A01090108010701060105019F
:1025F00004010301020101010001000102030405BD
:102600000607080A00020406080A0C0E101400004F
:102610000800000008000008000000000404040492
:1026200038387370695F73746D33325F6765745FD8
:1026300065727200000000000000545452205245A0
:0826400047474553000000006C
:10265000000000000000000000000000000000007A
:10266000000000000000000000000000000000006A
:10267000000000000000000000000000000000005A
:10268000000000000000000000000000000000004A
:10269000000000000000000000000000000000003A
:1026A000000000000000000000000000000000002A
:1026B000000000000000000000000000000000001A
:1026C000000000000000000000000000000000000A
:1026D000000000000000000000000000880500204D
:1026E0007405002000C20100000008000000000086
:1026F00000000000000000000000000000000000DA
:1027000017D900081055002000000000000000004C
:10271000000000000004000010590020000000002C
:10272000000000000000000000040000014C000850
:1027300080000000ED46000800000000ED460008A3
:102740008000000000000000C8EE0008900F0000AC
:102750000000000000000000C8050020C80500209F
:102760000000000001000000D8050020D80500206E
:102770000000000001000000000000000000000058
:102780000000000000000000000000000000000049
:102790000000000000000000000000000000000039
:1027A0000000000000000000000000000090D003C6
:1027B000C80000002406002024060020FA00FF00C4
:1027C000FF00FF00FF00FF00FF00FF00FF00FF0011
:1027D000FF00FF00FF00FF00FF00FF00FF000606F4
:0A27E000060606060606FFFF019636
:1027EA0000000000000000000000000000000000DF
:1027FA0000000000000000000000000000000000CF
:02280A000000CC
:10280C0000000000000000000000000000000000BC
:10281C0000000000000000000000000000000000AC
:10282C00000000000000000000000000000000009C
:0C283C0000000000000000000000000090
:04284800000000008C
:10284C0000000000284500203C04000000000000AF
:08285C00000000000000000074
:10286400D4060020D4060020000000000000000070
:042874000E00000052
:10287800E8060020E806002000000000270000000D
:1028880018000000685100201055002068510020F1
:0C2898006851002000000000000000005B
:1028A40014070020140700200000000001000000AD
:1028B400240700202407002000000000010000007D
:1028C40012010002EF020140E32F10BC04040102D4
:1028D400030109020000000100E032080B000202BB
:1028E4000200000904000001020200000524001097
:1028F4000105240102010424020205240600010743
:1029040005800310000A09040100020A0000000700
:10291400058002400000070500024000000403098E
:102924000412034243492D42616E6400000000001A
:1029340000000038034243492D42616E6420535421
:102944004D33324835363320446174612043444367
:102954000000000000000000000000000000000073
:1029640000000000000000000000002203303132AB
:102974003334353637383941424344454600000044
:0F29840000000000000000000000000000000044
:102994000000000057070020D9DB00082D4D000877
:1029A400254C0008000000000000000003000000A7
:0429B4009C0500205E
:0429B80015E015E031
:04000005080054ADEE
:00000001FF
