:1000000040550020E926000087BE0000D5260000EC
:10001000D5260000D5260000D526000000000000EF
:10002000000000000000000000000000C5270000E4
:10003000D526000000000000B9290000D5260000E8
:10004000312A0000616E0000312A0000312A0000D0
:10005000312A0000312A0000312A0000312A000034
:10006000312A0000312A000049680000312A0000CE
:10007000312A0000312A0000312A0000312A000014
:10008000312A0000312A0000312A0000312A000004
:10009000016F0000312A0000312A0000312A0000DF
:1000A000312A0000312A0000312A0000312A0000E4
:1000B000312A0000312A0000312A0000312A0000D4
:1000C000312A0000312A0000312A0000312A0000C4
:1000D000312A0000312A0000312A0000312A0000B4
:1000E000312A0000312A0000312A0000312A0000A4
:1000F000312A0000312A0000312A0000312A000094
:10010000014B1B685B681847C0040020014B1B684B
:100110009B681847C0040020014B1B681B691847E7
:10012000C0040020014B1B685B691847C004002015
:10013000014B1B689B691847C0040020014B1B68DA
:10014000DB691847C0040020014B1B681B6A184775
:10015000C0040020014B1B689B6A1847C0040020A4
:1001600030B4044C9DF8085024680295E468A44615
:1001700030BC6047C00400206B0300007103000026
:10018000730300009903000077030000A30300003D
:100190007D030000AD03000083030000B9030000ED
:1001A0008F03000093030000850300008B03000011
:1001B000A9030000B303000030B50346114890F9CD
:1001C0001C209A4219DD90F924209A4217DA9A1AD3
:1001D000846AA05C0C4A15569D420DD00E3200294F
:1001E00018BF01309442C0B206D129B1013BDBB245
:1001F000012B01D80130C0B230BD0D20FCE700203A
:10020000FAE700BF500C002064F0000008B5054B71
:1002100093F91C30984203DAFFF7CEFF024B1B56CE
:10022000184608BD500C002064F0000008B5184BBB
:1002300093F82C20FAB9012283F82C20154A126871
:10024000A2F10800082803D813490141C90709D5BC
:10025000911F092910D9013212D04FF4DF71742097
:1002600000F034F80D4A9A62D8221A6283F82420EA
:1002700008229A611A7708BD094A0A41D207ECD4CC
:10028000084A9A62D8221A6283F824200422F0E7EE
:10029000500C0020000E0020DEFEFFFF9FF000004B
:1002A000EEFCFFFF72F00000BFF34F8F0549064BD5
:1002B000CA6802F4E0621343CB60BFF34F8F00BF04
:1002C000FDE700BF00ED00E00400FA051FB572B6BF
:1002D000134B5D6895B9FFF7E7FF2346B2FBF6F2D3
:1002E0005C1C002AF9D104AEDCB256FA83F303F8A1
:1002F0000C2C0A2234B901A8A847ECE702460023D7
:100300000A26EDE7631E04AEDCB256FA83F3B0FBB7
:10031000F2F602FB1600303003F80C0C3046E9E729
:10032000C80D00204FF08052034BD2F830111960F5
:10033000D2F834215A607047000E002008B5FFF74C
:10034000F1FFBDE80840FFF771BF801A00F3070016
:1003500038B540B20D4659B21446FFF757FF002397
:1003600028706B70204440B238BD00230360704792
:100370007047002070474FF0FF3070474FF0FF305C
:10038000704770474FF0FF307047002070470020E3
:1003900070470023037070479DF800300022FFF77C
:1003A000D4BF4FF0FF307047002070474FF0FF3050
:1003B00070474FF0FF307047704710F8012B11F86D
:1003C000013B012A28BF9A42F7D0D01A7047034652
:1003D00013F8012B002AFBD1181A013870470000CE
:1003E00030B58FB00C460546302200210DF10500D6
:1003F0000EF0A3FB631E2F2B8DF804400FD822466E
:1004000029460DF105000EF08AFB06480022002364
:1004100001A90DF0BEFF10B103480AF0C0FD0FB0F6
:1004200030BD00BFF00A00209017002030B51B4DF2
:100430008BB00446A368DB6B2BBBA368DB6A43BBB2
:10044000A3681B691BB326220DF1010120469847C2
:1004500000281CDD8DF80000BFF35B8F55E8003FDE
:10046000034445E80032002AF8D1BFF35B8F0C4803
:100470000022002369460DF08CFF0028DAD00948DD
:100480000AF08DFDD6E7204698470028D5D10BB05D
:1004900030BD204698470028D2D1F8E788170020C1
:1004A000C80A00208017002070B50378022B8EB098
:1004B00003D1684607F058FA08B10EB070BD424843
:1004C0000AF06DFD9DF80050302D21D19DF80530CA
:1004D000A52B1FD19DF806305A2B1BD19DF8073054
:1004E000012B17D19DF80830012B13D12E210DF1CE
:1004F00005000AF03AFDBDF83340A0420AD1334866
:100500000AF04DFD29460DF10500FFF769FFD0E720
:10051000082D55D99DF80530C32B51D19DF80630D3
:100520003C2B4DD19DF80730012B49D19DF80B4054
:10053000262C22D804F10903AB421ED8E61D314611
:100540000DF105000AF011FD04F138036B4413F8B6
:100550002B2C04F13F030DEB030616F8333C43EA62
:100560000223834209D19DF80830022B05D1184897
:100570000AF015FD214603A8C7E79DF80B40262C7D
:100580001ED804F10903AB421AD8E51D29460DF126
:1005900005000AF0EAFC04F138030DEB030405F151
:1005A00038030DEB030514F82B2C15F8333C43EA04
:1005B0000223834204D19DF80830032B3FF479AF26
:1005C00004480AF0ECFC74E79C1700209817002000
:1005D00084170020941700202DE9F04FABB000AF36
:1005E0009E4D28460DF0DDFD58B39D4E0FCE07F110
:1005F00070040FC433682360012387F8713000232F
:1006000087F87830302387F8813007F17000954BF8
:100610007B6706F0C3FFA0B9934807F075FA80B96D
:10062000924807F08BFA60B99148082107F09EFACA
:1006300038B9502007F0C0FA18B907F0E7F90246B8
:1006400048B18C4A8C4801210BF07BFB0020AC3771
:10065000BD46BDE8F08FAC6854B3236C43B3874903
:1006600028469847236A2BBB854A8348854EDFF886
:10067000188203210BF065FB4FF00009DFF80CA294
:100680003522002107F170000EF057FA337843B994
:100690007F4800220023514608F0CAFD68B90123B3
:1006A00033709AF80040262C40F286800022A7E0A2
:1006B000784AC7E769489847D6E73378002BF0D1E6
:1006C00075484222002307F13C0108F0B1FDC8B98A
:1006D000386762480DF065FDA0B1AB689B6C8BB1CB
:1006E0005E4807F1700204219847044650B93B6FF9
:1006F00043B197F83C20E3B29A4200F2A3806748E6
:100700000AF04DFC0EF043F94FF47A72A0FB02039D
:1007100002FB0133C40B44EA4344A4EB090241F257
:1007200087339A42ACD9BFF35B8F5D4BD3F800A0FF
:10073000BFF35B8F5B4BBFF35B8FD3F80090BFF3CE
:100740005B8F594BBFF35B8FD3F800E0BFF35B8F38
:10075000524BBFF35B8FD3F800C0BFF35B8F534B9B
:10076000BFF35B8F1868BFF35B8F514BBFF35B8F99
:100770001968BFF35B8F4F4BBFF35B8F1B68BFF3F1
:100780005B8FC7F804D08EB06A46DFF82CB1CDE994
:100790000B130923CDE905BACDE9079ECDE909C0C0
:1007A00042F8103F3448002344F6C00101F05CF8E1
:1007B000A146D7F804D061E7404BC7F80C801B88EE
:1007C0003B82BC742CB13E49224607F113000EF067
:1007D000A6F904F1070B594607F10C000AF0C5FB16
:1007E00007F1080204F1A70303EB020B04F1A003D5
:1007F00013440BF89C0C000A03F8940C04F1090252
:100800004FF0000B07F10C0107F1750087F870201D
:1008100087F871B087F873B00EF081F907F17000B6
:1008200006F0F8FF28B9254A307013880133138089
:1008300046E70C303FF444AF1E480AF0B0FB86F8A0
:1008400000B03DE707F10802A033134413F86B1C16
:10085000AB6802485B68984701344AE72CED00001A
:1008600050F00000A90400005D01010059010100E1
:10087000510101006EF30000A8EF00002D040000FC
:10088000B4F30000DB230020C33C0101B4230020AB
:10089000C80A002093F30000F00A00208C17002003
:1008A0009C1700209817002094170020881700201C
:1008B0008417002080170020EBF300009023002015
:1008C000B52300202DE9F84F8A4600AF002974D0E7
:1008D00004680E1F361BF50826F0070604EB060811
:1008E000B8F802B01BF0010B16D1E94688B06A4691
:1008F000334BCDE90531032342F8103F31485B46C5
:100900004FF4C25100F0B0FFCD468BF31188BFF316
:100910006F8F0423184602DF294620460AF04BFB5E
:10092000284434F83030C01A854217D0E94688B0E0
:100930006A46254BCDE9053A032342F8103F21488A
:1009400000234FF4C25100F08FFF0023CD4683F304
:100950001188BFF36F8F0423184602DFB8F8023006
:1009600023F00103A8F80230294620460AF023FBB1
:1009700005EB000804EBC8035B88DA0708D441469E
:1009800020460AF061FB4246294620460AF0A1FBB8
:10099000A65BAE1B04EBC6035B88DB0709D43146BC
:1009A00020460AF051FB2A46314620460AF091FBC8
:1009B0003546294620460AF003FBBD46BDE8F88FC0
:1009C0008AF4000008F0000061F400002DE9F04F07
:1009D00091B08407009302F004030293C2F3C203B0
:1009E00003F10103DDF868A0039205460E46059366
:1009F00040F09D81041D00284AD101F00706341DF6
:100A0000C6F10806009B00275A1E4FF004084FF05D
:100A1000FF3301930497B946BB4643460DB1009995
:100A200021600598002800F3D78090480099814202
:100A300003D38F488142C0F0CF80039911F0020C9C
:100A4000A4EB050040F0D680B9F10F0F00F2CF8083
:100A5000002D00F0D68009F140010DEB010EC0F32E
:100A6000870001990EF8200C0EF8101CBCF1000F45
:100A700000F0C38060F07F000EF8200C013709F110
:100A80000109C5F10801043406914FF6DA7E8CE0C5
:100A90000729B7D86FF01B0011B0BDE8F08F7A2896
:100AA0005BD84B280FD8472857D829282ED8252877
:100AB00050D052D8202818BF23280CBF4FF0010B6C
:100AC0004FF0000B71E04C382E2846D8DFE800F0DC
:100AD0006D4545454545454545454545484545459B
:100AE0004545454545564548485656566D486A451C
:100AF0006D4518481845457F7C48454548457C006C
:100B000000204FF0000B4FF0040835E02A38C0B247
:100B1000012101FA00F010EA0E0F46D110F0625CDC
:100B20002CD110EA010B40D06046013C4444B4FB98
:100B3000F8F408FB04F425B1A3EB050CA444B44578
:100B4000A8D8002870D00599013905915AF8041BDE
:100B5000009163E70199013901914FF0000B24E006
:100B600012F8010C6C2834D112F8023C00206C2BD6
:100B70008346C8D14FF008084346D6E70AF1070A72
:100B80002AF0070A0734FAE802BC24F0070435B15A
:100B900006982044B0423FF67DAFC4E900BC08345B
:100BA0004FF0000B4FF00808434612F8010F0028E1
:100BB00053D0BBF1000F7FF472AF2528F5D1019B14
:100BC000013301934FF0010B4FF00408ECE7584656
:100BD00097E700208346A8E7039988077FF551AF80
:100BE000601B4FF0010CB0F5007FFFF42DAF6FF0EC
:100BF000150051E74FF0000CF5E704980130049020
:100C00003DE7BCF1000F01D0013638E7029802360B
:100C100000287FF434AF0098CDE90632FFF7D7FB08
:100C2000DDE9063206442AE7042B08D10AF1040064
:100C300015B1DAF80010216004348246B5E70AF1F4
:100C4000070323F0070303F1080A1DB1D3E90001EC
:100C5000C4E9000108340823A7E7631BB3F5806FDC
:100C6000C5D23DB9A6F10804E01815E720EC000054
:100C7000F8010100029A28609B082B709DF8103043
:100C8000AAB1EB70AF702FB108A80022C5F1010C1A
:100C900091450ED1C5F101030DF120084FF0000A76
:100CA00001930DF1300BD14512D1601BF4E66B704E
:100CB000E8E710F8013B190608D50CEB040EB64521
:100CC00003F07F033FF6E6AE04F8013B0132DFE7B5
:100CD0001FB198F90020002A17DB029BD3B11AF844
:100CE0000B2004F8012B0022019B18191044B0427C
:100CF0003FF6D0AE98F8000004F8010B009903927B
:100D000020460DF00CFF039A14440AF1010A08F181
:100D10000108C8E798F8002055F822300093029B9C
:100D200045F822300098FFF752FB421CDCE76FF0D9
:100D30000D00B1E62DE9F04F97B000AFC7E90A32D8
:100D400005468A4649B903784678807800EB8300E7
:100D50002844564524D8A0EB050AD7F8803095F8EA
:100D60000280D7F8804003F00103FB61EB787B62DF
:100D7000B8F1000F0CBF002404F001041BB1D7F838
:100D800080309A0715D4A4B9FB6A1BB1BA6A5146E0
:100D900028469847564630465C37BD46BDE8F08F3A
:100DA000441C2046FFF713FB013020440AF1010ADE
:100DB000CFE7D7F88030C3F3C0033B622B78BB6129
:100DC0009B003B616B687B61BB6905EB830BFB6A36
:100DD000002B77D15646D844BCB11C461BF8013BCA
:100DE00055F82300FFF7F3FAD7F88430013043B108
:100DF000D7F88830A34282BFD7F8843023F8140094
:100E00000134C3450644E9D1D846D7F8803013F001
:100E1000050F0CBF4FF0020B4FF0010B4FF0000914
:100E20007B6A9945B7D298F8013055F823A0AE4BAC
:100E30009A4508F10208C0F04B81AC4B3A6A9A45DA
:100E40002CBF002301230AB318F8021C7869FB6247
:100E50000AF085FAFB6AC8B1EA468AB06A46A44B32
:100E600005937B69CDE906314FF40073ADF820306E
:100E7000A04B42F8103FA04800234FF4125100F05D
:100E8000F3FC023ED54609F10109C9E723B1FB692C
:100E900033B9A6EB0B06F6E7D7F880309B07F2D5FF
:100EA0005046FFF794FAD7F884304BB1D7F8883022
:100EB0009C423FBFD7F88420431C22F814300134F1
:100EC0000644E0E7002C69D1B8F1000F6CD0D7F8E8
:100ED000803058076BD5C14607F148004246594655
:100EE0000DF01DFE0BEB0803FB6000220233796A54
:100EF0008A425ED3D7F8802095F801B0F96992074D
:100F000004EB0B03DBB254BF4FEA59020022002965
:100F100040F0A680D7F8801011F0040F14BF4946A6
:100F200000216B70A970EA703969BA6AFB6A2846B9
:100F30009847061EFFF62FAFBB692B707B6AEB70DC
:100F40004946BA6AFB6A85F801B085F8028007F164
:100F500048009847B0F10009C0F2B6803B697A6A50
:100F6000786A03EB4201FB68BA6A414403EB400034
:100F7000AAEB0101FB6A98470028C0F2A780B144A0
:100F800009EB00064FF0000B07F1380AA34569D3BF
:100F90000021BA6AFB6A08469847FCE6444607F116
:100FA00038004FF0000999E74446C1469AE7A14648
:100FB00098E713F8016CDFF830C155F8260013F8F4
:100FC000021C6045C0F08A80DFF820C16045386AA5
:100FD0002CBF4FF0000B4FF0010B38B17869C7E917
:100FE00001320AF0BCF9D7E90132F0B9BBF1000FC8
:100FF0001ED0F96949B1611C04F1280007F13004E1
:10100000041904F8206CCCB20FE0D7F8801049071F
:101010000BD509F1280007F1300C09F1010100EBB3
:101020000C0909F8106C5FFA81F9013202335EE7AE
:10103000D7F880008007DED409F1280C07F1300EC4
:10104000F44409F101000CF8101C07F1580151FAA1
:1010500080F009F102095FFA89F900F8106CE4E701
:1010600000215EE71BF80A3087F8373055F82390E7
:10107000D7F884302BB3D7F888309B4521D2D7F8E6
:10108000843033F81B80BA6AFB6A012107F137000C
:10109000984700281ADB0644B8F1000F06D14846ED
:1010A000FFF795F900F101081FFA88F8BA6AFB6AA0
:1010B000414648469847002808DB06440BF1010BDF
:1010C00064E74FF00008DEE74E4664E6064662E657
:1010D0003B6A002B3FF4E0AE0023B5E6386A0028F7
:1010E000A6D04FF0000B79E720EC0000F8010100DA
:1010F000B7F4000004000001B0EF0000014B1860DD
:10110000704700BF9805002080B505460E4617467B
:10111000984608F053FF034601F09CFCDFF8189056
:10112000044649F80030424630463946A84754F84C
:10113000090001F02BFC00BF080000002DE9F0477A
:10114000058B0446280717460CD501290CBF45F02E
:10115000100545F02005258387F31188BFF36F8FB5
:10116000BDE8F087022905F0070540F0948020468D
:101170000AF0A7FB052864D801A353F820F000BFAC
:1011800059110000971200004312000005120000E0
:101190001F1200003112000001F007035A1F012A3C
:1011A0001FD8002221F00701062BD4F8008089B255
:1011B000C4E9002209D1434603E0628B0132628315
:1011C0001B68002BF9D141F00201218320460AF06F
:1011D00078FB4FF0000900286DD041F020012183F9
:1011E00069E0042B0AD121F0070189B2218320464E
:1011F0000AF067FB10B141F0200121834FF0000895
:10120000C14658E02369D3F80090238B23F00703ED
:1012100043F0060323834FF0000846464BE0236962
:10122000D3F80490238B23F0070343F00403F1E782
:101230002369D3F80890238B23F0070343F00503B9
:10124000E8E74FF00008C146E7E7012243F0080352
:10125000238387F31188BFF36F8F002A3BD1B8F146
:10126000000F4AD1B9F1000F02D02D492046C847DE
:10127000EFF31187402383F31288BFF36F8F238B23
:1012800023F008039BB22383D9063FD523F0100235
:10129000228303F007056669218B002EBFF67CAF21
:1012A0000023D4F8008021F00701C4E9003341F0A5
:1012B000010121839946238B03F0070AAA4502D036
:1012C000A268002AC1D1B8F1000F02D1B9F1000F14
:1012D000DAD00022BAE7A1680029C0D00D68002941
:1012E000BDD04F68334652462046B8471DB12B68E3
:1012F00029461D46F3E72B46FAE741463346524658
:101300002046D8F800800AF008FBA8E79A067FF587
:1013100023AF23F02002228303F0070527E700BF55
:1013200047B900002DE9F047DFF85480044607462E
:101330004FF0010994FAA4F5B5FA85F509FA05F319
:101340002E0108EB05156FEA030A24EA03042B7B40
:1013500063B158F806301B696BB9464404227368C0
:101360002846196807EA0A070AF07BFC002CE1D13D
:101370003846BDE8F087284698470028F6D1ECE7C4
:1013800038F0000010B51049104888B000220DF068
:1013900046FB4FF400320023CDE9062300240E2340
:1013A000CDE90334CDE90144094B0A4900944FF4D7
:1013B0004072094808F088FB084907480DF046F9D3
:1013C000204608B010BD00BFE1130000101300203C
:1013D0001117000080330020800E002076F50000F9
:1013E000014808F07DB800BF500B00202DE9F04700
:1013F000804621480F460AF014FC0646002833D0E8
:1014000000252846BDE8F087237B83B12368DB688D
:101410000BB120469847636883F8069023681B69E0
:10142000D3B963680422196820460AF01AFC013611
:1014300010345445E8D3B8F1000FE2D0002DDFD0CE
:101440002846FFF76FFF0546002FF7D000214FF425
:10145000A4700DF0BCF9F1E7204698470028E0D0D1
:1014600009FA06F31D43E2E7044CDFF814A0054631
:101470004FF00109DDE700BFB017002038F0000091
:1014800048F00000014B53F820007047FCF00000CA
:1014900008B5034608462BB1044A136000F044FC2B
:1014A000002008BD6FF01500FBE700BF9C05002081
:1014B00010B5044C237813B9034808F011F8012340
:1014C000237010BDDC230020500B002010B5044613
:1014D0000B480AF0A6FB5CB1BFF35B8F094B53E8E6
:1014E000001F013943E80012002AF8D1BFF35B8FD7
:1014F000054809F089F80548BDE8104007F0F0BF3D
:10150000A8170020AC17002010130020500B00205B
:10151000064BBFF35B8F002253E8000F43E8002126
:101520000029F9D1BFF35B8F704700BFA8170020D7
:1015300070B5FFF7EDFF084C084E0546B44200D3E6
:1015400070BD63685B792BB123685B6813B1294672
:10155000204698471034F1E738F0000048F00000CA
:1015600010B5044C044920460AF025F8034B1C60D2
:1015700010BD00BFD4090020E8F00000A017002033
:101580000D4A0E48002310B513700D4A13600D4A22
:101590004FF400411360FFF77BFFFFF7E1FF0A4BB9
:1015A0000A4918468B4200D310BD1A1A5C68121102
:1015B000013222711033F5E7DD2300201FBC00004B
:1015C000A8170020AC17002038F0000048F00000F9
:1015D00001460022014800230AF00EB8D409002079
:1015E00001480AF0A5B800BFD4090020024B01460B
:1015F00018680AF0F8B800BFA017002001480AF0E8
:101600002DB900BFD409002070B52A4B1B78002BE0
:101610004ED0FFF7E5FF0446002846D1264B274D64
:101620001B68002B19DD0DF0B2F94FF47A76A0FBA0
:10163000063206FB0121D5E90020DB0B43EA4143DA
:101640009B1A4FEAD13140F2E93261EB000193423B
:1016500071F1000101D3FFF76BFFD5E9003213F5FB
:101660007A7342F10002C5E900320CB3BDE8704064
:10167000FFF7C4BF6B685B7923B12B6821461B68F9
:10168000284698471035B542F4D32046FFF7AEFF01
:10169000BFF35B8F0A4B53E8001F013943E8001288
:1016A000002AF8D1BFF35B8FB8E7064D064EEAE794
:1016B000002070BDDC230020A817002008130020A4
:1016C000AC17002038F0000048F0000070B50D4D58
:1016D000297861B90120FFF789FE0B4C0B4EB4420B
:1016E00006D3FFF791FF0028FBD101232B7070BDBB
:1016F00063685B791BB1236820469B689847103468
:10170000EDE700BFDD23002038F0000048F00000C6
:1017100000212DE9F8430846FFF768FE044648B368
:1017200040F267684FF0000901F094F91A4B1B4A28
:101730001B58136033B11A4B1B68092B02DD194883
:1017400007F0CEFE184F002544B12046FFF7EAFD12
:10175000044618B94FF0FF384FF0FF39FFF754FF38
:10176000064628B9B5B90F4842464B4607F0ECFE8D
:101770003546E9E74FF0FF384FF0FF39D4E72B68E3
:101780009B691BB100221146284698471035BD427F
:10179000F5D3E8E7054DFAE708000000A41700209C
:1017A000AC170020500B002048F0000038F000007B
:1017B00013B518480AF035FA174B1B7873B1EFF3DD
:1017C0001184402383F31288BFF36F8FFFF71CFF50
:1017D00084F31188BFF36F8F02B010BD0F4B1B68ED
:1017E000002BF9D050B900220023CDE900230C488A
:1017F0004FF40042002308F0CFFEEDE70928EBD1BB
:10180000074808F001FF074802B0BDE8104007F0A4
:1018100067BE00BFAC170020DD230020A417002006
:1018200010130020500B002010B5064B1B68044617
:1018300098472146A060044809F05BFFBDE81040CE
:10184000FFF7B6BF9C050020D4090020044A054BD1
:101850009B1AB1EBD30F34BF52F831000020704710
:10186000A8EF000038F000002DE9F04F8FB004AF72
:10187000C1F34A26B8600D4690467B600C0D002EE1
:1018800061D04FF000090A234FF0040B07F1140A4E
:10189000FE60C7E90799C7F824900093CDF808B017
:1018A000CDF804A007F11C03F9684A464046FFF74B
:1018B00041FAB0F5006F03461CD36C468AB0D8F8E5
:1018C000041004AB2448C3E9050140F2FF71D9615B
:1018D0001A464FF400711984204B42F8103F2048FB
:1018E0004B464FF41251FFF7BFFFA5462C37BD46BC
:1018F000BDE8F08FC0F30A0604F11700184420F089
:10190000070080083B60FFF763FE66F3532504463B
:1019100080B13B68134A00F11001C7E90839F96149
:10192000CDE901AB0A230093F96807F11C03404697
:10193000FFF700FA66F353257B68B9682A4620460C
:101940000AF0AFF9D2E704F1170020F00700800891
:10195000FFF73EFE0446EDE78BF5000004000001B2
:10196000D0EF000075BC00002DE9F04F87B0DDE935
:10197000127ADDE9106B0546884614469946BFB1D8
:101980001021CDF800A03B465A460020CDF814A007
:10199000FFF71CF8B0F5006F01460BD3194A1A483F
:1019A00040F2FF73022107B0BDE8F04F0AF0D2B950
:1019B0003946384604F0070305F00704E40044EA1A
:1019C000831444EA402444EA065406F1170008440C
:1019D00020F0070080080391FFF7FAFD054640B1AB
:1019E0003FB10399CDF800A03B465A461030FEF7B0
:1019F000EDFF4B4622464146284607B0BDE8F04F72
:101A00000AF04FB9CAF50000D0EF0000406820B1DD
:101A1000034BC01A40F3CF0070474FF0FF307047C0
:101A2000A8EF00000EB403B503AB014653F8042B36
:101A30000448019301F094F902B05DF804EB03B09F
:101A4000704700BFB7BD0000CA0605D48B064CBF67
:101A500002490349FFF7E6BF704700BF03F60000E5
:101A600002F600002DE9F04F89B09846159B0693C9
:101A7000DDE916A39DF85090189F059204460D4687
:101A80000493B9F1000F00F0B08007F4807307935E
:101A90000AF0E5F807F0020B0246002874D07849F6
:101AA0002046FFF7BFFF0646BBF1000F08D017F036
:101AB000440F6BD173492A462046FFF7B3FF064413
:101AC00007F0010353B1704B704953F82920704B54
:101AD0002046002A08BF1A46FFF7A4FF07F48073C8
:101AE000002B07F0080318BF4FF00008002B79D037
:101AF000684B694953F829202046FFF793FF0546B4
:101B0000059B2BB165491A462046FFF78BFF05441C
:101B1000B8F1000F05D0624942462046FFF782FF28
:101B2000054460483544069B1BB15F49224609F0D5
:101B3000E5FB049B002B00F08E80DDF81080394619
:101B4000B8F1100F204628BF4FF01008FFF77CFFB8
:101B50000026B54250DC002633461AF803205349CC
:101B60002046FFF75FFF0136102E4BD0710703D1DF
:101B70004F492046FFF756FF46453346EDD34D49C2
:101B80002046FFF74FFFEEE706468DE74A4B186801
:101B9000002894D0494B4FF47A7B1B68B5FBF3F5D2
:101BA0004FF46163B5FBF0F100FB11550BFB05F53C
:101BB0004FF03C0CB1FBF3F203FB1211B5FBF0FE4E
:101BC000B1FBFCF300FB1E550CFB13110BFB05F5E1
:101BD0000091B5FBF0F53A49CDE901E52046FFF764
:101BE00021FF6CE707F008058AE7B8F1010F0CBF89
:101BF0002C4834484D4696E72D492046FFF712FF02
:101C00000136A6E7304920460026FFF70BFF334692
:101C10001AF803202D49A2F120035F2B28BF2E22A2
:101C20002046FFF7FFFE0136102E0DD0720703D1BC
:101C30001F492046FFF7F6FEB0453346E8D81C4959
:101C40002046FFF7EFFEEEE7049BB3EB0803C24428
:101C500004937FF472AFB9F1000F0AD0FB0704D5EB
:101C60000B4A0A492046FFF7DDFE39462046FFF7BA
:101C7000EBFE204609B0BDE8F04F0AF08FB800BF78
:101C80000AF600000EF600000CF1000033F600002A
:101C900005F6000020F1000036F600003CF60000DA
:101CA00040F60000B7BD0000612D000045F60000C1
:101CB0004DF600004BF60000B8170020B4170020C6
:101CC00017F60000EDBD00004FF6000051F60000D1
:101CD00073B542F20F738B4228BF0B4605680F4A5B
:101CE00004460521684608F0D1FE63680C495B682C
:101CF00006460B2228460AF043F8636832466946D6
:101D000028465B680AF03CF8636806495B681B225A
:101D100028460AF035F802B070BD00BF0600010089
:101D20007D01010061010100074A00210123904269
:101D300006D8064A01B901231360054B18607047A5
:101D400040085B000121F2E740420F00B417002079
:101D5000B8170020014B01221A707047DE230020C3
:101D6000014B002019607047D01700200148FFF791
:101D7000AFBF00BF50F1000010B5064B18680C460D
:101D8000FFF780FB21460346BDE8104002480F22C2
:101D9000184700BFD017002050F10000F8B5094DDA
:101DA000094B0A4ED5E9004701221A700CB92C6084
:101DB000F8BD214630463A4600F01EF8241A064483
:101DC000F4E700BFC4170020DF230020E023002039
:101DD00010B9074B18707047064B1B781BB141F2C6
:101DE00088300CF0C2B9A42000210CF0F0BC00BF78
:101DF000DE230020DF2300202DE9F047DFF880906C
:101E0000204E80460F46042599F80040ACB90CF0EE
:101E10009FF93A4682464146204606F037FF04467F
:101E200050460CF09DF9ECB10123337099F8003065
:101E30007BB93C462046BDE8F0873A464146002043
:101E400006F024FF0446EEE72846FFF7C1FF6C1EAC
:101E50002546002006F064FF0028EAD03378002BE6
:101E6000F2D1E6E7337833B1013D2846FFF7B0FF02
:101E70003378002BC8D13378002BDAD0DAE700BFF3
:101E8000DF230020DE230020014B03600020704789
:101E900060F1000007B51B491B480AF092F970BBBE
:101EA0001A4919480AF08DF948BB194916480AF031
:101EB00088F920BB174914480AF083F9F8B901469C
:101EC000154A11480AF064FCC8B9024613490E4885
:101ED00001230AF037FD90B9012300930146022344
:101EE0000948EF220AF077F848B907480AF09CF849
:101EF00028B9054803B05DF804EB0AF0C5B803B093
:101F00005DF804FB14060020BC0B0020FC0500203B
:101F1000E4050020CC050020A005002084F6000088
:101F200008B5044809F03AFA034809F037FA0020E6
:101F300008BD00BF9DF60000D2F60000014808F081
:101F400045BC00BF60F1000038B5044618B90F4B1E
:101F50000F485B6898476168B1F5683F10D0B1F5EC
:101F6000680F0DD00B4DA9420AD011F468612068AA
:101F700007D0014608480CF0BCF9002323606560D7
:101F800038BD14220CF0D9FDF9E700BFE8080020A5
:101F9000FFF600002C5F5CA9D41C002008B520B31C
:101FA0004368B3F5683F10D101220368BFF35B8F2C
:101FB00053E8001F002903D143E800200028F7D18F
:101FC000BFF35B8F0DD1002008BD094A93420AD0B0
:101FD00000684FF0FF324FF0FF3307F08DF9002813
:101FE000F1D00448F0E70448EEE76FF4E040EBE797
:101FF0002C5F5CA9E98FFFFFEA8FFFFF08B5D8B11E
:102000004368B3F5683F10D100220368BFF35B8FCC
:1020100053E8001F012903D143E800200028F7D12D
:10202000BFF35B8F0BD1002008BD074A934208D055
:10203000006807F0D3F9F6E76FF4E040F4E70348EF
:10204000F2E70348F0E700BF2C5F5CA9E98FFFFFD0
:10205000EA8FFFFF10B5044618B91D4B1D485B6899
:1020600098476368B3F5683F2FD0B3F5680F2CD05D
:10207000194A934219D1236803BB18484FF0FF3225
:102080004FF0FF33214607F03FF808B923681BB92A
:102090000F4B13485B6898472068142200210CF00E
:1020A0004CFD4FF46863636008E0B3F5680F0DD82A
:1020B0003A2B03D040F6BA629342DED120680CF08E
:1020C00077F9636843F03A03636010BD054AF3E7AC
:1020D000E8080020FFF600002C5F5CA9D41C00205B
:1020E00025F700003A00003A08B5064906484023A3
:1020F00014220CF0F1F8BDE808400449044808F047
:10210000D7BB00BFD4170020D41C002068F100000A
:102110007CF1000008B50348034A0021121A09F0B7
:10212000AAFE08BD500C00205C3300200748084A76
:10213000084908B5121A09F0A0FE0748074A0849DD
:10214000BDE80840121A09F098BE00BFC004002084
:10215000500C002000020100B8040020C004002040
:10216000F80101002DE9F047064600AF0C460029B2
:1021700036D0E9468AB0D1E90012A3686D462148FD
:10218000E8464FF0050ACDE90501CDE9072348F8F7
:1021900010AF1D48424600234FF42151FFF764FB66
:1021A000CD46D4E903126369AD461848C5F810A0BE
:1021B000C5E90501C5E907231348002342464FF44A
:1021C0002151FFF751FBCD46E369114A0E48012129
:1021D00009F0C0FDA3690F4A0B48012109F0BAFDBF
:1021E000012E07D1EFF305830B4A0748103B314618
:1021F00009F0B0FD2146304606F0C2FDBD46BDE8FF
:10220000F08700BF52F7000000F0000081F70000E7
:10221000B0F70000BFF70000EDF7000030BFFFF798
:10222000FDBF00BF2DE9F0410B4EDFF8308006EB1B
:102230000807CC1B05463246094920460CF06FFCC6
:10224000A01942460021083C0CF077FCAC6707F16E
:102250000800BDE8F08100BF000000000800000099
:1022600048F0000010B5204C2049214809F012FE2A
:10227000A36A990136D51E481E4909F00BFE1E209F
:10228000A36ADA0104D51A481B4909F003FE1F208E
:10229000154CA36A1B0304D51548184909F0FAFD2B
:1022A0002120A36A590304D51148154909F0F2FD0C
:1022B00022200D4CA36A9A0304D50D48114909F058
:1022C000E9FD2320A36ADB0304D509480E4909F080
:1022D000E1FD2420044A936A6FEA03436FEA134343
:1022E000936210BD1D20CBE700ED00E000F8000078
:1022F00000F0000018F800002BF8000045F800007E
:1023000063F8000088F80000A2F8000070B50646E7
:102310000D46284C2849294809F0BCFDA36AD90478
:102320003CD52648264909F0B5FD1720A36A1A05B1
:1023300004D52248234909F0ADFD18201D4CA36A9D
:102340009B0512D51D48204909F0A4FDA36BA26A84
:10235000100409D51D4A1948012109F0FBFC1EB1E2
:10236000A36A23F40043A3621920124CA36A5905FF
:1023700004D51248164909F08DFD1A20A36ADA0522
:102380000ED50E48134909F085FD1B20094A936AB2
:1023900043F47F43936200232B7070BD1620C5E782
:1023A000A36A9B04F2D505480B4909F073FD1C2074
:1023B000ECE700BF00ED00E0CDF8000000F0000009
:1023C000E3F80000F4F8000007F9000020F900002D
:1023D00035F9000050F9000068F900002DE9F843D4
:1023E000804689461746354D3549364809F052FD35
:1023F000AB6ADE0627D53449324809F04BFD11247B
:10240000AB6A1D0704D531492E4809F043FD12245B
:102410002A4DAB6A980718D52D492A4809F03AFD8C
:102420006E6BAB6A190646D52A4A26483346012107
:1024300009F090FCB9F1000F03D0AB6A23F08003E0
:10244000AB62132403E01024DAE76FF015061B4D8E
:10245000AB6ADA0704D520491A4809F01BFD142499
:10246000AB6A9B0604D51D49164809F013FD1524D7
:10247000124B9A6AD50602D49A6A90070AD55B680D
:10248000190507D54146304600F036FA10B180F301
:1024900009880224094B9A6A920642BF5A6A22F4BA
:1024A00000525A629A6A42F0FF029A6200233B701D
:1024B0002046BDE8F8836FF01506C2E700ED00E0A6
:1024C00097F9000000F00000ADF90000F4F80000FA
:1024D000E0F90000F8F900000EFA000068F90000C9
:1024E0002DE9F041684B8AB0D3F8048000AF044670
:1024F000C8F30806002585F31188BFF36F8F02F03B
:102500007F43B3F17F4F07D102F00C03082B12D1A8
:102510005E495F4809F0BEFC00252C460023FB7194
:10252000F31E092B00F28F80DFE803F00A85888113
:102530008D8D8D8D8D8B10074CBF0C460125EDE7E1
:1025400054495348504E09F0A5FC0023FB71F36A2F
:102550009A0705D550494E4809F09CFC00232DE010
:10256000F36A002B01DA4D49F5E7F36A5B00F5D514
:102570004B49474809F08EFC7369A26943F48073A4
:102580007361BFF34F8FBFF36F8F32F8023C7269F4
:1025900022F480727261BFF34F8FBFF36F8F03F429
:1025A0007F42B2F55F4F2BD1DBB2022B28D12368DB
:1025B0003C4A3748012109F0CDFB2368FA79DAB9A2
:1025C00007F1080604F1200C20686168324603C256
:1025D000083464451646F7D17A6A002D50D0C2F30C
:1025E000080121B96FEA52226FEA42227A6207F1AA
:1025F00008011846FFF7B6FD2837BD46BDE8F08153
:10260000214B9A6AD2B22AB1FA1D01212046FFF766
:10261000E5FE0EE09A6A12F47F4F04D0F91D012006
:10262000FFF774FE05E09B6AB3F5803F96D3FFF792
:1026300019FE0346C2E7FA1D0021E7E7F91D002055
:10264000EEE7194987E7194A194B18F4F87FE8466D
:102650008AB008BF13466A461649CDE905134FF400
:102660000073ADF82030103E134B079642F8103F30
:10267000074800234FF41151FFF7F6F8C5466DE700
:102680006FF30802B2E700BF00ED00E05BFA000064
:1026900000F0000086FA00009DFA0000BEFA00007B
:1026A000CCFA0000EBFA000007FB00002DFA000056
:1026B00042FA00002BFB000004000001044B5A69A1
:1026C00042F010025A615A6922F008025A617047BA
:1026D00000ED00E0EFF30880EFF3098101B57246E9
:1026E000FFF7FEFE01BD00BF002080F31488BFF39A
:1026F0006F8F0F4880F3088805F0D8FD00200D4942
:102700000860BFF34F8F00F02BF8402080F3118852
:1027100009484FF40461401880F30988EFF31480EE
:102720000221084380F31488BFF36F8F00F0B4F8E0
:102730004055002094ED00E0804300200749D1F887
:1027400090200023C2F307221846934200DB704713
:10275000C1F89830C1F8A0000133F6E700ED00E0C1
:1027600008B572B6002383F31388FFF7E7FF144B15
:102770004FF0FF32C3F88020C3F88420C3F88820CC
:10278000C3F88C20C3F89020C3F89420C3F8982095
:10279000C3F89C20C3F88021C3F88421C3F88821A2
:1027A000C3F88C21C3F89021C3F89421C3F8982171
:1027B000C3F89C2162B6BFF34F8FBFF36F8F08BD84
:1027C00000E100E01EF0040F0CBFEFF30880EFF310
:1027D0000980816911F8021C0229FFD001B57246F7
:1027E00009F04DFB01BD00BF40B2002807DB044AE1
:1027F0004109012300F01F00834042F82130704757
:1028000000E100E040B200280CDB4309064900F07B
:102810001F0020330122824041F82320BFF34F8F55
:10282000BFF36F8F704700BF00E100E0054B420926
:1028300000F01F0053F82220012303FA00F010409B
:10284000704700BF00E100E040B2D30754BF02313F
:1028500000210028ACBF00F16040074A4FEA411355
:10286000ACBF00F5614000F00F00DBB2B4BF135401
:1028700080F80033704700BF14ED00E0044B054AB8
:1028800023F07F039360BFF34F8FBFF36F8F7047C9
:102890000000000000ED00E008B5FFF7EFFF074A79
:1028A000D2F8883023F47003C2F88830FFF732FC86
:1028B000FFF73CFC00F0B0F806F088FB00ED00E00C
:1028C00042F8203C009B42F81C3C0A49019B42F81C
:1028D000183C029B42F8143C21F001014FF0807338
:1028E00042F8043C42F8081C0023203A0265C36702
:1028F000704700BF09110000094A0346906870B193
:1029000013F1160F806E05D0A0F14002934205D35B
:10291000834203D2814228BF0020704700207047C5
:102920003C23002008B515460B4A0C4B9060826F83
:102930001A600E4600F0A0F82C4686F309880020A5
:10294000034B98472046002100220023014C2047DA
:10295000ABBE0000091100003C230020F01C002049
:10296000014B10221A61704700ED00E0054B5A69D7
:102970009B689A421FBF044A536843F080535360D8
:10298000704700BF3C23002000ED00E0084B9B682F
:1029900083420BD1EFF3058343B1064B5A6842F0F3
:1029A00080525A605A6A22F400425A6207F00CBB05
:1029B0003C23002000ED00E014498A684FF030000D
:1029C0001044EFF3098C80E8F01F402080F3128858
:1029D000BFF36F8F0E4F4FF000664A698A603E600A
:1029E000906F0C4C2060D06F0023D36780F3118868
:1029F00004B5104600F040F8BDE8044002F1300094
:102A000090E8F01F8CF30988704700003C230020F9
:102A100004ED00E0F01C0020044800234021C2180F
:102A20000133302B82F80013F9D1704700E100E048
:102A300008B5EFF30583064A103B02EBC30152F8D9
:102A4000330049688847BDE80840FFF78FBF00BFE3
:102A500080ED00000148006870470000F01C002075
:102A6000024B034A0348012100F08AB80000042009
:102A7000000000208CF10000836E054A403B13608B
:102A8000044B4021C2E901131046012100F082B835
:102A9000F41C002000000B1508B503461048D0F8C0
:102AA0009020C2F30722013A934207D90D480E4AFB
:102AB000012109F04FF96FF0150008BDC0F89830FA
:102AC0000A6822F01F021A4342F01002C0F89C204C
:102AD0008A6842F00102C0F8A0201846EDE700BF66
:102AE00000ED00E0E0EF000042FB0000F0B50E4614
:102AF00085B01F4604460025B5420DDA606810B364
:102B000097B1431E18420AD0104A11482B460121A2
:102B100009F020F96FF01502104605B0F0BD1F282E
:102B2000F2D921680B42EFD12368019309F0E0F953
:102B3000A36801A90343D0B20393FFF7ADFF10F1DF
:102B4000160FE7D0421C01350C34D5E768FB0000B6
:102B5000E0EF0000044B0522C3F89420BFF34F8F31
:102B6000BFF36F8F704700BF00ED00E0BFF35F8FD2
:102B7000024B0022C3F89420704700BF00ED00E034
:102B800010B5034C01232278FFF7B0FF207010BD71
:102B9000F023002008B50B4A00231278FFF7A6FFA8
:102BA00010F1160F07D0084A0021D2F89030C3F375
:102BB0000723984200DB08BDC2F89800C2F8A010B5
:102BC0000130F2E7F023002000ED00E02DE9F043B2
:102BD0005D485E49D0F890300C68C3F307239C42EF
:102BE00085B000F2AE80FFF7C1FF49680022944231
:102BF00001F10C011AD1564F564D3C706846FFF753
:102C000043F9554C554E81464FF00008C14520D13F
:102C10003B784D490020D1F89020C2F3072293421F
:102C2000C0F28980FFF796FF002050E0C0F898209E
:102C300051F80C3C23F01F03134343F01003C0F87A
:102C40009C3051F8043C43F00103C0F8A03001323D
:102C5000CDE7009800EB08114FEA081CCB68234031
:102C6000B3F5000F49D00BD8B3F5001F32D0B3F540
:102C7000800F37D0B3F5801F14D008F10108C5E7E5
:102C8000B3F1007F42D0B3F1805F48D0B3F1807FD1
:102C9000F3D150F80C3088684A6809F029F940F0FF
:102CA000887009E050F80C3088684A6809F020F90B
:102CB00040F0885040F43020039001A93878CDE9E5
:102CC0000123FFF7E9FE002831DA6FF0150005B0A7
:102CD000BDE8F08350F80C3088684A6809F008F9BC
:102CE0003043E9E750F80C3088684A6809F000F989
:102CF00040F0C06040F40030DEE750F80C308868E7
:102D00004A6809F0F5F840F08270D5E750F80C30C9
:102D100088684A6809F0ECF840F48020CCE750F865
:102D20000C3088684A6809F0E3F82843C4E73B7828
:102D300001333B70A1E7C1F89830C1F8A00001331E
:102D400069E74FF0FF30C2E700ED00E098F10000C6
:102D5000F0230020000002110000F0FF0000081125
:102D6000F0B587B007460E4614460021102268468B
:102D70001D460BF0E2FE02238DF802302A46054B79
:102D8000019321466846CDE9047607F0A9FE07B015
:102D9000F0BD00BF11BF000008B5024B1B6898478B
:102DA000002008BD001D0020034B044A18609378E2
:102DB00043F0020393707047001D00204C06002072
:102DC00008B50649064821F00701C1F1005202F595
:102DD000802208F052FA002008BD00BF878E002034
:102DE000041D002070B54169867A0B4D044659B127
:102DF000437ADB0706D4242303FB0653DB691B68F5
:102E00009B689847002363612420214600FB0650FD
:102E1000BDE870400BF067BB740B0020024B24220E
:102E200002FB0030704700BF740B0020827A064B13
:102E3000242101FB02331A6A1B7D1B33801A23F005
:102E40000303B0FBF3F07047740B002038B5074B59
:102E5000827A242404FB0233DB69D3E901240C6069
:102E60001568FFF7E3FF04FB005038BD740B00202A
:102E70002DE9F04385B005466846039190461C460F
:102E80000BF087FDDDE90067EFF31189402383F341
:102E90001288BFF36F8F6B8A002B41D02A8A9A4227
:102EA00025D900220023284606F0E8FA0446F0B1AE
:102EB00089F31188BFF36F8F039B002B41D03246FB
:102EC0003B4668460BF08AFDA27A264B242101FB83
:102ED00002332046DB691B6803A91D68DDE9002376
:102EE000A847606170BB2046FFF77CFF24E0698A39
:102EF0004B1E6B8289F31188BFF36F8F2B7D2A8A5B
:102F00002C6A1B3323F00303521A02FB0344154BB4
:102F1000154AEB1A9B105343A3722B7DE372CBE748
:102F200089F31188BFF36F8F23464246284606F087
:102F3000A5FA04460028BFD10024204605B0BDE80C
:102F4000F0836361012300252381039B6382E27A7E
:102F50006560294604F118000BF0EFFD63692582D6
:102F6000E360EAE7740B0020398EE33870B50D4C4E
:102F7000242500B970BD037A4668002BFAD0013BC6
:102F8000DBB20372002BF5D1C3604360837A05FB8B
:102F900003439B6913B198473046EAE7FFF722FFE6
:102FA000FAE700BF740B00200B4B01224FF0805159
:102FB000C3F84025D1F83031082B4FF0804305D1BC
:102FC000D1F83411022908BFC3F838260122C3F80A
:102FD00080250020704700BF00E0014048B1054B4C
:102FE000054A1B68B3FBF2F35843044B43F001035B
:102FF00018477047D408002040420F00E0F000005E
:1030000008B5054A054B136010463F23536005F091
:1030100029FA002008BD00BF101D0020FFFF070097
:103020004FF08043D3F84036DB072ED54FF0102306
:10303000D3F8043303F00703072B26D1134A0123E7
:10304000C2F80435D2F80034002BFBD04FF0102129
:10305000D1F8043323F0070343F00403C1F8043329
:103060000023C2F80435094AD2F80034002BFBD003
:10307000BFF34F8F0649074BCA6802F4E06213435F
:10308000CB60BFF34F8F00BFFDE7704700E001400A
:1030900000ED00E00400FA052DE9F04190F8283039
:1030A00003F01F03012B04460F4600F128062FD022
:1030B000022B18D08BB394F82910204609F027F87A
:1030C000024678B3304609F00CF91D4D002834D182
:1030D00013693BB33A463146204698470346FFF70B
:1030E000B9FC2B5024E0818DC9B209F0F1FB0546F3
:1030F0000028E0D0304609F0F4F80246686883689A
:10310000CAB99B6873B13A463146BDE8F0411847E9
:10311000818DC9B209F0C3FBE9E790F8291009F0E5
:10312000FAFBE4E7FFF796FC054B6FF085021A50B7
:103130000020BDE8F081DB68E4E7D368C9E700BFA1
:103140000C0000002DE9F04F0B7E33F0800893B0A7
:1031500004460D46164640F08E847AB10846FFF7C5
:1031600005FF6B7EDF0703D49E0711D52B7E7BB94D
:10317000204613B0BDE8F04F09F0DFB84A7E00F1F9
:103180002809900708D5802B0CD12846FFF7EEFEC2
:10319000404613B0BDE8F08F910700F02784002B64
:1031A00040F02484D2072FD52B8A082B40F00684C8
:1031B000EA681368A3625368C9F8043029460020FE
:1031C00008F0BFFE054610B1FFF7D0FEEFE048461D
:1031D00009F087F8E28D70B9B2B12946A0690AF00A
:1031E00052F90146002800F02D84204613B0BDE8B6
:1031F000F04F09F016BD3AB11146204609F00CFD1A
:103200000546002800F01E84FFF724FC94F828806F
:10321000B14F002318F0600FC351C8F3411307D01A
:10322000032B40F0BD81FFF715FC6FF0850337E0FD
:10323000484609F056F894F82930002840F04E81AD
:10324000013B0A2BEFD801A252F823F0C333000050
:10325000273200004F34000027320000793200008E
:10326000273200002732000027320000E932000038
:10327000273200004B330000618D7F29D3D8A38D06
:10328000002BD0D1E38D002BCDD118F01F0FCAD168
:1032900094F83030022B05D1FFF7DCFB4FF0FF3301
:1032A0003B5076E0A069036993F880301B0707D58F
:1032B000C9B209F078F8804628B1002D6CD167E7D3
:1032C000012384F8393094F83030012B0AD1638D12
:1032D00043B984F83030FFF7BDFB3B58002B00F0BA
:1032E000858056E00123F4E7204608F06FFE628DEA
:1032F000FF2A014697D8E38D002B94D194F828300B
:10330000D80690D194F83030002BC5D02AB1D2B273
:10331000204609F0EAF90028BED0618D94F83830D3
:103320008B42D8D0C9B2204609F0E6F98046002881
:10333000C3D1628D002A14BF0223012384F83030E8
:103340000521204609F0F8FCC5E708F01F08B8F190
:10335000010F7FF468AFE38D002B7FF464AF628DC3
:10336000FF2A3FF660AFA18DFF293FF65CAF94F8CE
:103370003030022B90D1D2B2C9B2204609F0CFFB37
:1033800010F1020F804640F01081FFF763FB47F811
:10339000008065B14FF000082846FFF7E7FDB8F15F
:1033A000000F7FF4F5AEFFF755FB3B58F3B14846ED
:1033B00008F097FF0346A069002B00F04F8380219F
:1033C00055E3E38D002B7FF42EAF94F83030002BC3
:1033D0003FF462AF012BA18D02D100297FF45CAFD5
:1033E00018F01F080CD0B8F1020F16D0E38D002B97
:1033F00040F0D782204608F08AFF0028D7D1B7E6F0
:1034000000297FF449AF638D012BEFD194F86C3024
:1034100061F3C30384F86C30E8E7B4F82AA0BAF18A
:10342000000FE3D15FFA81F84146204609F06AFCBB
:103430000346FFF70FFB3B50013302D14FF0FF383B
:103440003BE752464146204608F051FF43E7E38DF3
:10345000002B7FF4E8AE628DA38D022A5FFA83FA17
:1034600011D108F01F085AEA08087FF4DCAEA06901
:103470000122190A08F074FF00287FF4D4AE01235A
:1034800084F8393027E794F8301000293FF404AF6E
:10349000012902D1002B7FF4FFAE18F01F0811D0D4
:1034A000B8F1020FA2D1002AA0D15146204609F05E
:1034B00014FC0346FFF7CEFA3B500133BED0012285
:1034C0005146C0E7002B7FF4E7AE012A8ED194F875
:1034D0006C3043F008039DE70C0000000A2B3FF618
:1034E000A2AE01A252F823F01535000027320000E9
:1034F0002732000027320000273200002732000068
:103500008F350000273200001F39000027320000ED
:1035100049390000E38D022B7FF485AE94F83030FA
:10352000002B3FF4B9AE012BA18D02D100297FF40D
:10353000B3AE18F01F0811D0B8F1020F1CD04FF035
:10354000000805F10C0A504608F0C3FEE38D9842CE
:1035500018D2FFF77FFA6FF00B03A1E600297FF482
:103560009BAE94F86C304FEA930808F00208C3F35E
:10357000001348EA0308E4E7C9B2204609F0D1FB8A
:103580008046DEE74146504608F0FEFCA3E6B4F86C
:103590002AA018F01F0F4FEA1A235FFA8AFA09D0FF
:1035A00029462046FFF778FD8046B8F1000F7FF4EA
:1035B00084AE90E6013B0E2B3FF635AE01A252F8E9
:1035C00023F000BF0136000041360000EB3600005A
:1035D0002732000027320000E3360000E336000007
:1035E0002732000027320000273200002732000077
:1035F0002732000027320000273200002D3800005B
:1036000005F10C08404608F064FE83462046B4F8F5
:103610002EA008F0DBFC20B101287FF404AE616F1E
:1036200000E0216F002900F02A820A78DA4528BFDD
:10363000DA46524528BF5246404608F094FC4AE616
:10364000204608F0C3FC0AF1010201900146D2B203
:10365000204609F024F8804600283FF4E4AD05F147
:103660000C0AD0F804B0504608F033FE9BF8002056
:10367000824228BF02465946504608F074FCD8F8EA
:103680000CB0BBF1000F09D1298AE38D99427FF676
:1036900022AEC91A504608F081FC1CE6DBF8040093
:1036A00083681B6B13B9DBF800B0EAE70199984710
:1036B0000028F8D0A0F1040858F8041F0029F2D01F
:1036C0000A78002AEFD05046CDE9022108F001FE29
:1036D000029A0399904238BF82B2504608F043FCE8
:1036E000EAE7204608F072FC9DE552460321204699
:1036F00008F04DFD824600283FF495AD08F0E4FD4A
:10370000B4F82EB09AF81530C8B99AF814808DF82C
:1037100028808DF82930DAF8103005F10C0A1B8862
:10372000ADF82A30504608F0D4FDC3455A4628BFAC
:103730004246824228BF02460AA950467DE7DAF88F
:1037400008208DF81530C14B1340C14A4FF00008D6
:1037500093428DF8148058D1102106A80AF0B9F8C8
:10376000021EFFF660AD0AA9102ADFF8E8E20DF1AB
:10377000180C084628BF1022424501F1020133D837
:10378000920002325FFA82F88DF81480034605F148
:103790000C0A5046029308F09CFDD845424628BFCB
:1037A0005A46904228BF104602288346804628BFCA
:1037B0004FF0020B5A46A8EB0B0805A9504608F03B
:1037C000D2FB4FEA58030193029B9B4603EB58023E
:1037D000934521D118F0010F3FF47DAD019A995C1A
:1037E000504608F0C9FB76E51CF8013B4FEA131A76
:1037F00003F00F031EF80AA01EF8033001F802AC14
:1038000001F8013C08F10108B6E79AF81480DAF8EB
:1038100010308DF81480BAE71BF8011B5046CDE933
:10382000023208F0B1FBDDE90232D1E7204608F0B0
:10383000CDFB38B101282CD0FFF70CF96FF08503D0
:103840003B5048E5236F002B00F019815B88B3F5EE
:10385000007FF1D9804B0A9300238DF82C30E36C64
:1038600004F14C0B9B4508BF0023BDF82A10A3B1FF
:103870005A7D0F2A08D11A7D0A44ADF82A209DF8F6
:103880002C2001328DF82C20226D934203D01B682E
:10389000EBE7636FD7E7BDF82A10019105F10C0A39
:1038A000504608F016FDB4F82E800199884528BFCF
:1038B0008846804528BF80464246052A28BF052203
:1038C0000AA95046019208F04EFB019AB8EB020893
:1038D0003FF401ADE36C5B453FF4FDAC002B3FF4DE
:1038E000FAAC5A7D0F2A14D11A7D19690193424509
:1038F00028BF4246504608F036FB019B1A7D4245E0
:1039000094BFA8EB0208A8EB0808B8F1000F3FF439
:10391000E2AC226D93423FF4DEAC1B68DEE794F824
:103920003030002B3FF4B8ACE38D012B7FF47BAC3F
:1039300005F10C08404608F0CCFC00283FF409AE25
:1039400094F8381040464CE708F01F08B8F1010F12
:103950007FF4A2AC204608F0B6FE00283FF49CACF1
:10396000B4F82CA0BAF1FF0F3FF65DAC43681B79A9
:103970005345FFF458AC5FFA8AF30F2B3FF653AC74
:10398000E38D012B7FF44FAC05F10C08404608F0A5
:10399000A0FC00283FF4DDAD04EB0A0393F83A10D5
:1039A000D0E7484608F09DFC18B92846FFF7DEFA34
:1039B00020E52946204609F034F908B1284603E4F9
:1039C000A069036993F8801011F004017FF4D0AB73
:1039D00009F06DFD054600283FF4E9AC014620469C
:1039E00009F01FF900283FF4C3ABE7E752077FF562
:1039F000DEAC002B3FF4C9AB2846FFF7B7FA94F8CA
:103A00003930002B3FF4C4AB94F82930052B05D195
:103A1000618DA069C9B208F0C6FC064694F8293049
:103A2000032B09D1638D022B06D1A18DA069002241
:103A3000090A08F095FC0646002384F83930B046A0
:103A4000FFF7A6BB6FF00B06B1E400BF00FF02005A
:103A500000030200C0010100050F0500E38D002BEB
:103A60003FF4ADAC16F10C0118BF0121C90109F0FA
:103A700044FCFFF77DBB6FF00408FFF789BB6FF0D4
:103A800015081AE40B78062B10B414D10369D3F887
:103A90009C20EFF31184402383F31288BFF36F8FD0
:103AA0004B6800201860506A58B9C2E9083384F3A3
:103AB0001188BFF36F8F044810BC002200230AF066
:103AC00068BC03605362F2E7180B00202DE9FF4148
:103AD00040264FF0FF335E484FF0FF3201A905F05A
:103AE000A7FB039B1B69D3F89C40236A93B1EFF3B8
:103AF000118286F31288BFF36F8F216A29B1606A41
:103B00000B682362814208BF636282F31188BFF3AE
:103B10006F8FC9B99DF80430062BDAD0072BD8D89F
:103B200001A252F823F000BF7B3B00006F3B000076
:103B30009B3B0000813B0000BF3B0000B53B000009
:103B4000D33A0000493C00000B7ED1F81E205D06F0
:103B5000204609D1FFF7F6FA02460028C5D0072112
:103B6000204609F0E9F8C0E708F0A9FEF4E70022D2
:103B70000121204609F0E0F8ABE700221146F8E702
:103B800094F86C3043F0040301A984F86C302046AB
:103B900008F031FC00220321EBE794F86C3023F0AD
:103BA000040301A984F86C30204608F024FC0022AC
:103BB0000221DEE701A9204608F01DFC89E794F800
:103BC0006C30A76923F0040384F86C30D7F80880C0
:103BD0003B69BFF35B8FD3F8A030BFF35B8F9A07CD
:103BE0002FD5D8F83C3038469847D8F824300021F3
:103BF00038469847D8F84030054638469847ADB91A
:103C00002946204608F078FD054678B9A06909F0F4
:103C10006DFC831E5842584194F86C3084F8305043
:103C200023F0680343EA401384F86C300022042137
:103C3000204609F081F8002D3FF44BAF2A460721BA
:103C400097E74FF0FF35F1E7029A062191E700BFB1
:103C5000180B002030B589B000220023CDE90623DF
:103C600000246FF00703CDE90334CDE901441A4B7A
:103C70001A4900944FF48062194805F025FF19494C
:103C800017480AF0E3FC184B18498B4207D3184B2E
:103C9000184900208B4210D3002009B030BD03F139
:103CA0001402BFF35B8F52E8000F42E80045002D7D
:103CB000F9D1BFF35B8F1833E7E703F11402BFF3C9
:103CC0005B8F52E8004F42E80005002DF9D1BFF3A9
:103CD0005B8F1833DEE700BFCD3A0000C03600200E
:103CE00048130020B8FB0000380C0020500C0020C6
:103CF000500C0020500C002038B5024609490546FA
:103D0000806909F059FC044648B985F8380028460E
:103D100008F0C8FB044610B1A86909F080FC2046F1
:103D200038BD00BF853A000070B5084C084E054606
:103D3000B44202D30024204670BD63682846196847
:103D4000FCF73BFB0028F6D01834F1E7380C0020D4
:103D5000500C002070B50646EFF31181402383F329
:103D60001288BFF36F8F1B4D2A6881F31188BFF350
:103D70006F8F526892F86C20D20705D4BDE870406E
:103D80002122002305F0E4BDEFF3118283F31288B2
:103D9000BFF36F8F2C682CB1696823682B608C424D
:103DA00008BF6B6082F31188BFF36F8F44B1606806
:103DB00004F10801C3699847074821460AF099FAB7
:103DC0002B6833B130460022BDE87040002305F077
:103DD0008BBD70BD181D0020480A002030B585B08D
:103DE000CDE90012054600221448002303A905F07E
:103DF0008BF90246E8B9039BDDE900015D600833F9
:103E000083E80300EFF31180402383F31288BFF3AC
:103E10006F8F039B1A600A4A516861B9C2E9003387
:103E200080F31188BFF36F8F06480022002305F04E
:103E30005BFD05B030BD0B605360F1E7480A002020
:103E4000181D0020C804002000B50346FEF702FE3E
:103E50000A4A11580A4AD2F8882091420CD11B69AB
:103E600093F8400030B1DA6B9388918910695B1A3E
:103E70009BB2C01A5DF804FB0020FBE708000000BD
:103E8000D013002000B5084A0346FEF7E3FDD2F840
:103E90008810064A125891420ABF1B69002093F805
:103EA00038005DF804FB00BFD013002008000000BC
:103EB00000B50B4A0346FEF7CDFDD2F88810094A3B
:103EC0001258914207D11B6993F840202AB993F800
:103ED00038005DF804FB0020FBE70120F9E700BF94
:103EE000D01300200800000038B50346FEF7B2FDED
:103EF000084C094DD4F888402858844208D11C69E0
:103F0000606B07F057FE10B1012384F8393038BDDB
:103F10000020FCE7D01300200800000010B5046961
:103F2000606B4289C3889A4202D14FF0FF3010BDC6
:103F3000012207F03FFE0028F7D0034804F1780182
:103F40000AF04FFB0020F2E7D013002038B50346FB
:103F5000FEF780FD0E4C0F4DD4F88840285884425F
:103F600013D11C69EFF31185402383F31288BFF34B
:103F70006F8FE06B07F0FEFD85F31188BFF36F8F45
:103F800010B1012384F8413038BD0020FCE700BFA8
:103F9000D01300200800000038B54B78046945684C
:103FA0002069202B08D0222B19D0FEF753FD114B8E
:103FB0006FF085021A5010E0CB88072BF5D1D3683B
:103FC0001A6842609A8802819B79837208F0D5FE54
:103FD00022460821284608F0BDFE002038BD4B8847
:103FE0008381C3F3400203F0010302764376224645
:103FF0000921EFE70C00000013B50A4800240AF07D
:1040000000FB0949074800944FF0FF334FF4C062AA
:1040100005F000FC054903480AF018FB204602B0F1
:1040200010BD00BFD0130020003B0020BDFB0000EE
:1040300008B513464A78212A14D133B9FEF70AFD90
:104040000B4B6FF00B021A500AE0CA88016909692C
:10405000072A28BF0722043103F10C0007F083FF71
:10406000002008BDFEF7F6FC014B6FF08502EAE781
:104070000C00000073B504698DF807104025EFF3BC
:10408000118685F31288BFF36F8F0122E06B0DF16B
:10409000070107F06FFD86F31188BFF36F8F0128CA
:1040A00010D00AF0CDFAB0B10F4BBFF35B8F0122F5
:1040B00053E8001F002903D143E800200028F7D16E
:1040C000BFF35B8F2122002304F14801074805F06C
:1040D000E1FB02B070BDA37E002BE5D000212120C2
:1040E0000AF075FBCBE700BF201D0020D013002095
:1040F00038B505690E49EB6B0024C3E90144DC6067
:104100006B6B05F14800C3E90144DC600AF07FFAFB
:1041100005F1780007490AF048FA074905F124003B
:104120000AF043FA284608F028FE204638BD00BFB2
:104130003D410000094300009D4300002DE9F04788
:1041400050F8483C00F140055B68064600212846CF
:10415000D3F8009008F04DFE002854D001212846E5
:1041600008F047FE074600284DD1BFF35B8F55E8A6
:10417000003F43F0200245E800210029F7D1BFF3BA
:104180005B8F9B063FD4D9F8103020485B689B6852
:10419000002293F83680002307F0CBFE044658B97E
:1041A0002846052108F058FE31461948BDE8F04779
:1041B0002122002305F06EBB824680F818805AF851
:1041C0000C1F428A56F80C0C07F0F4FC804601469E
:1041D000504607F0C2FEB8F1000F04D008F03F08C7
:1041E000B8FA88F77F0906F82D7C2146484608F082
:1041F00059FD40B12046FEF7B9FE28460521BDE82D
:10420000F04708F029BEBDE8F08700BF740B00201E
:10421000D0130020F8B50D46016947680C6949685C
:104220002B7E8968064691F83D102AB3994204D145
:10423000042104F1880008F00FFE33692A7E5B68D0
:104240009B6893F836309A4204D1052104F1880026
:1042500008F002FE33692A7E5B689B6893F826307B
:104260009A4203D104F18C0005F094F929463846AE
:10427000BDE8F84008F02EBD994216D12A8AE968B7
:10428000606B07F077FC30B1E36923B11D4804F19E
:1042900024010AF0A6F9042104F1880008F0DCFDED
:1042A000184804F178010AF09CF933692A7E5B68AA
:1042B0009B6893F836309A4217D1E36923B11148CD
:1042C00004F124010AF08DF9052104F1880008F0B9
:1042D000C3FDE36B5A89DB889A4206D00948002265
:1042E000002304F1480105F0D5FA33692A7E5B68A2
:1042F0009B6893F826309A42B8D104F18C0005F0FF
:10430000EFF8B3E7D013002070B550F8783C5B6845
:104310001D6800F1100302460021184608F069FDEF
:10432000002838D00121184608F063FD98BB52F8E8
:10433000441C8A8888890969121A92B28A1A3F2A0B
:1043400029D9BFF35B8F53E8002F42F0100143E8F7
:1043500000100028F7D1BFF35B8FD3061BD42B6965
:104360000D485B689B68002293F83D60002307F0CE
:10437000E0FD044678B1438A0676402B28BF4023EF
:1043800043820146284608F08DFC20B12046BDE856
:104390007040FEF7EBBD70BD740B002038B550F8CF
:1043A000083C0446002B53D050F8243C5B6800F1D5
:1043B00064051A680023838283830221284608F05B
:1043C00018FDC8B154E9023110699847637D23B1E3
:1043D000204804F154010AF004F90521284608F0A8
:1043E00008FDA0B9637F73B10022002304F124010A
:1043F000184805F04FFA0AE00321284608F0F9FCB6
:104400000028DFD1E2E714F8093C002BECD10221AF
:10441000284608F0EEFC40B123695A89DB889A42AD
:1044200003D00C4821460AF0DCF80321284608F0A6
:10443000E0FC68B1A2699388918912695B1A9BB20A
:104440009A4205D021460348BDE838400AF0C9B871
:1044500038BD00BFD013002008B50346FEF7FAFAB6
:10446000164A1158164AD2F88820914223D11B6966
:1044700003F188020221104608F0BBFC28B1596BF9
:104480004889C988401A18BF012083F838000321E1
:10449000104608F0AEFC60B1D96B8A88888909693A
:1044A000121A92B2914204D0012283F840200120D6
:1044B00008BD0022F9E70020FAE700BF080000006D
:1044C000D01300200169BFF35B8F01F1880353E82B
:1044D000000F40F0080043E80002002AF7D1BFF3C4
:1044E0005B8FCA6B9388908912691B1A9BB29A42A0
:1044F00003D0024824310AF074B87047D01300206A
:1045000038B50469BFF35B8F04F1880555E8003FB7
:1045100043F0040345E80032002AF7D1BFF35B8F74
:10452000636B5A89DB889A4204D0094804F124015C
:104530000AF057F80421284608F05BFC30B904F172
:1045400078010348BDE838400AF04BB838BD00BFD9
:10455000D013002070B503691C69BFF35B8F04F1B1
:10456000880555E8002F42F0010245E800210029A6
:10457000F7D1BFF35B8F0221284608F03AFC10B157
:104580001846FFF7BDFFE36BDA885B899A420BD1CF
:104590000321284608F02DFC78B104F124010748D6
:1045A000BDE870400AF01DB804F148010348BDE8B9
:1045B00070400022002305F06DB970BDD0130020BB
:1045C000F8B5036900AF0C4603F1A005BFF35B8F9C
:1045D000D3F8A030BFF35B8FC3F38003994218D1A7
:1045E000184A194B6E4688B0002918BF13466A4610
:1045F0001649CDE905134FF40073ADF81C30144B88
:1046000042F8103F134800234FF4E451FDF72CF912
:10461000B546BFF35B8F5CB155E8003F43F0040340
:1046200045E80032002AF7D1BFF35B8FBD46F8BDE5
:1046300055E8003F23F0040345E80032002AF3D098
:10464000F6E700BF1CFD0000DFFB0000E6FB0000FA
:104650000300000128F000002DE9F0470546D0F8DE
:1046600008A0894690461F4608F0F6FC0446C0B1F3
:10467000067DF30709D5037E1648174A012107F086
:1046800069FB6FF07700BDE8F0873B46424649463C
:1046900008F09CFC40B9237E104A0E48012107F027
:1046A00059FB6FF01200EEE79DF8203084F8198076
:1046B00026F00606678323772675DAF81830214638
:1046C00028469847227DB0FA80F35B0963F3000225
:1046D0002275D8E728F00000F8FB000012FC00006B
:1046E00070B50546866808F0B7FC0446D0B1037D76
:1046F000DB0708D4037E0D480D4A012107F02AFB91
:104700006FF0770070BD0146F3692846984738B1CD
:10471000237D03F00103227D63F300022275F1E79C
:104720000346F8E76FF01200ECE700BF28F0000046
:1047300034FC0000F8B587680546FB6B0C469847CB
:10474000286908F077FCD0B12146284608F084FC9F
:104750000646B8B1037D9B0705D0037E0B4A0C4883
:10476000032107F0F7FA346824B1BB6831462846C4
:104770009847044628463B6C98472046F8BD4FF0C2
:10478000FF34F7E76FF01204F4E700BF4FFC0000BE
:1047900028F000002DE9F341D0F808801746D8F83A
:1047A0003C3005460E4698470C4800220023394607
:1047B000FEF75EFB044670B9094A0A4800963B467C
:1047C000012107F0D1FA2846D8F840309847204612
:1047D00002B0BDE8F0810676F5E700BF980B002037
:1047E00070FC000028F0000010F0080F0B4B42B2E4
:1047F0000CD100F00F00002A4FF0140202FB00332E
:10480000B4BFD3F80806D3F808077047002AB4BF2E
:10481000D3F8A806D3F8A807704700BF007002407D
:10482000F8B50246EFF31181402383F31288BFF3FA
:104830006F8F00F0080508F02BFF01248440570615
:104840006FEA04061BD0D5B9174F3B6823FA00F076
:10485000C00714D533403B6053B2DB4322F08000E5
:10486000DB0F00F2DA301B0103EB40030F48C0F806
:104870000038D0F8043843F00203C0F804380C487C
:1048800003683340036035B90A480368120654BF11
:10489000334023430360054BC3F86C4481F3118814
:1048A000BFF36F8FF8BD00BFFC1D002000700240F9
:1048B000001E0020041E0020EFF31180402383F32C
:1048C0001288BFF36F8F0A4BD3F8001C032261B923
:1048D00049F27531C3F8001CC3F8142DC3F8001C4D
:1048E00080F31188BFF36F8F7047C3F8142DF7E77B
:1048F00000E00640EFF31180402383F31288BFF3FA
:104900006F8F0A4BD3F8001C61B949F27532C3F8B6
:10491000002CC3F8141DC3F8002C80F31188BFF3DA
:104920006F8F70470022C3F8142DF6E700E00640B1
:1049300070B5024608F0ACFEEFF31185402383F317
:104940001288BFF36F8F531E0124062B04FA00F464
:104950000FD80E4E0E4B31681B680B43C34013F04B
:10496000010306D10B4802F59472214340F822302E
:104970003160094A136823431360084B8022C3F84F
:10498000042185F31188BFF36F8F70BDFC1D0020DB
:10499000041E002000700240001E002000E100E024
:1049A000F8B50306044623D410F0080720D100F020
:1049B0000F02920002F1804202F51C32D2F8443418
:1049C000B3B1EFF31186402383F31288BFF36F8FE7
:1049D00008F05EFE084DC2F8A074012303FA00F14E
:1049E0002B6823EA01032B6086F31188BFF36F8FD6
:1049F000024BC3F81845F8BD041E002000700240A9
:104A000010B591F91800154B0A7E0028B4BFD3F8F1
:104A10001045D3F8144502F00F02012393402342BE
:104A20000DD10E4A0028B5BFD2F81005D2F81405F2
:104A300003430343B4BFC2F81035C2F814350B7EEC
:104A40001A0709D4054AC2F80C3543F48073C2F83A
:104A50000C35087EFFF7A4FF002010BD0070024057
:104A60000B7E064A13F07F0F0BBF012343F48073C4
:104A70005365C2F818350020704700BF007002402F
:104A800070B506460D4608F0E7FA044608F0EDFA60
:104A900028BB204608F00CFB08B3802D16D1437EBE
:104AA0009A0744BF0E4A15705B070FD50D4B1B7854
:104AB00013B90D4B01221A65204608F0F5FA0022C1
:104AC00001463046BDE8704008F00BBB2846FFF7B2
:104AD0002FFF20460121BDE8704008F0CABA70BD22
:104AE000F3230020F82300200070024070B5064632
:104AF0000C4608F0B1FA054608F0B7FA20BB284684
:104B000008F0D6FA0146F8B1ACB9437ED8071BD4F9
:104B10009A0704D50D4B1C700D4B0122DA644B7EB5
:104B20005B0708D50B4B1B7873B130460022BDE8FC
:104B3000704008F0D6BA2046FFF7FAFE2846012159
:104B4000BDE8704008F095BA70BD00BFF3230020A7
:104B500000700240F923002008B5054A05480321EA
:104B600008F09EFD09F096FA03F0C0FF002008BD92
:104B70009EFC000030F0000010B54468206801F091
:104B8000D3F8104B1860104B1B782BB10F4B002241
:104B90001868114608F099FA002201212720FDF734
:104BA00053FE201D03F070FF04F1080003F0AAFF7C
:104BB00009F069FA064A0748032108F071FD002050
:104BC00010BD00BFB41D0020F5230020081E0020EA
:104BD000A7FC000030F00000012810B503461AD0F1
:104BE00002280AD000BB144B02460146186808F0A0
:104BF0006CFA124B01221A700CE0114B114C00227E
:104C00001A70114BC4F800332720FDF7EDFD012386
:104C1000C4F8043510BD084B00220146186808F09E
:104C200054FA064B0022E6E7084A0948BDE810405E
:104C3000012107F08FB800BF081E0020F5230020D7
:104C4000F423002000700240FDFFDF01B3FC0000F0
:104C500030F000000146014809F04FBF600B002012
:104C600008B5054B1970054B1B7813B10420FFF7ED
:104C7000F1FF002008BD00BFF6230020F72300202D
:104C800010B50469087E0D4A08F002FD012303FAFD
:104C900000F013680343136005F0CCF84020FFF7E1
:104CA000D9FF4FF0FF324FF0FF3304F18401044885
:104CB00004F08EFE05F0D2F8002010BDF81D002093
:104CC0006C0B00202DE9F043064689B007694D4A78
:104CD0004D48032108F0E4FC4C4B1E6007F18400B2
:104CE00009F066FB00220023CDE9062300246FF0C3
:104CF0000703CDE90334CDE90144454B454900960E
:104D00004FF40072444804F0DFFEDFF8108144499C
:104D1000414809F09BFCD8F81020424B134043F463
:104D2000820343F04003C8F81030C14688F81840A9
:104D30004146304608F0A2F93B4B3C4A054678B163
:104D40003B4A3148012108F0ABFC284609B0BDE8D8
:104D5000F083016919401143016108F12008E5E77A
:104D60000134092C10D009EB4410082C817C41F04F
:104D700040018174EDD1D9F810112E4808402E4918
:104D80000143C9F81011E8E72C4C2D4B2269134060
:104D900043F4041343F0400323618046A14668F0C6
:104DA0007F0121763046214608F068F91E4B1F4AE4
:104DB00005460028C4D108F10108B8F1090F17D041
:104DC00009EB4810B8F1080F817C41F02001817493
:104DD00008D1D9F810111748084017490143C9F8FC
:104DE000101103E001691940114301612034D6E735
:104DF00097F8803023F0720343F0720387F8803015
:104E0000A3E700BFCAFC000030F00000081E00202D
:104E1000ED4E000040410020781400202C1F00209F
:104E2000D2FC00000000BEFF0000F9FF40000600B9
:104E3000DBFC00000000F7FFFF0108000C1E002053
:104E40000000DEFF10B50C462046114608F032F98E
:104E5000207E08F01DFC0146034808F023FC0120D9
:104E6000FFF7F8FE002010BD5020002008B5064ACC
:104E70000B7EC2F80C3543F48073C2F80C35087E03
:104E8000FFF78EFD002008BD0070024010B50C7EBB
:104E90004FF0FF324FF0FF33114804F055FB20462E
:104EA000FFF7BEFC04F00F02012393400D4A14F0FB
:104EB000800F14BFD2F81015D2F814156FEA03034F
:104EC00015BF0B400B40C2F81035C2F8143504482A
:104ED00004F006FB044B8022C3F80421002010BD1F
:104EE000400B00200070024000E100E02DE9F04F8F
:104EF000BF4D85B004464FF0FF384FF0FF39002218
:104F0000CDE900894FF0FF31BA4809F0FDFDB948FD
:104F10004FF0FF3109F0F4FD0746380733D5B64AA4
:104F2000B648032108F0BCFBB54842464B4604F0A6
:104F30000BFBEFF31182402383F31288BFF36F8FD3
:104F4000B04B1B787BB1D5F8003413F400730AD151
:104F50000121C5F82C15D5F82C15D5F800148905B4
:104F600048BFC5F82C3582F31188BFF36F8FA44872
:104F700004F0B6FA01212046FFF722FB00220321AC
:104F8000204608F0A2F8FE060DD59F4A9B48032153
:104F900008F086FB00212046FFF712FB00220221C9
:104FA000204608F092F8B8060DD5984A9348032198
:104FB00008F076FB00212046FFF702FB00220221C9
:104FC000204608F082F8B90761D4FA0710D5BFF37C
:104FD0005B8F8F4B002253E8008F43E800210029AC
:104FE000F9D1BFF35B8F0126B8F1000F40F0C0800C
:104FF000790734D5874B4FF0000C83F800C0D5F803
:105000008004C0B28DF80800D5F88414C9B28DF8B8
:105010000910D5F88834D5F88C2443EA02239BB2D2
:10502000ADF80A30D5F89024D5F8946442EA062207
:10503000ADF80C20D5F89824D5F89C6442EA0622F5
:1050400092B2754EADF80E20002840F0AA800529D6
:1050500040F0A78001213170002A00F0AE807B066D
:105060007FF549AF206984304FF0FF324FF0FF33B6
:1050700004F042F9694E3168002940F0DD8068484B
:1050800004F06CFC2069843004F0A8F933E7654B28
:10509000BFF35B8F002253E8008F43E80021002913
:1050A000F9D1BFF35B8F4FF0010AB8F1000F8CD03C
:1050B00098FAA8F3B3FA83F30F2B1E46C6BFA3F1E9
:1050C0001006F6B246F080060AFA03F328EA03084F
:1050D0003306314620462FD507F0BEFF834607F042
:1050E000E3FF814650B9504A44483346012106F057
:1050F00031FE31462046FFF7C3FCD6E70021584673
:1051000007F0B7FF00224946204607F0EAFF802E4D
:10511000EFD1404B002183F800A02046C5F850A0F5
:1051200007F09AFF07F0C0FF01460028E1D00022F7
:10513000204607F0D6FFDCE707F08EFF834607F036
:10514000B3FF814650B9394A2C483346012106F055
:1051500001FE31462046FFF7C9FCA6E7584600216C
:1051600007F087FF00224946204607F0BAFFF0E724
:1051700098FAA8F3B3FA83F30F2B1946C6BFA3F12D
:105180001001C9B241F0800106FA03F30A0628EAC9
:105190000308204602D5FFF773FC25E7FFF7A6FCBE
:1051A00022E7234A86F800C0D5F8703412789A4274
:1051B0000AD1204B00221A7014E003F07F03ADF8EF
:1051C0000A30ADF80C20F4E71A4A0123137033704B
:1051D0004FF4A063ADF80830D5F87034ADF80A305C
:1051E000CDF80CC002A9204607F0A2FF37E700BFA8
:1051F00000700240600B0020F7FC000030F000005F
:10520000400B0020F42300200EFD000024FD0000D0
:1052100050200020F9230020F8230020F81D002052
:105220006C0B00204C2000203CFD000055FD0000D0
:10523000F6230020F723002091FAA1F7B7FA87F7A9
:105240000F2F3946C6BFA7F11001C9B241F0800146
:10525000204607F001FF804690F818904FF0FF328B
:105260004FF0FF33134804F06FF94846FFF7D8FAC0
:10527000104804F035F9104B8022C3F80421414650
:10528000204607F046FF0021404607F0F2FEBFF33C
:105290005B8F0123BB40094ADB4352E8000F1840F3
:1052A00042E800010029F8D1BFF35B8F3268134058
:1052B0003360E0E6400B002000E100E04C200020DD
:1052C0004FF08053D3F83031082B02BF024B00223D
:1052D000C3F81C2C704700BF007002402DE9F0415C
:1052E00005464FF0FF324FF0FF33414804F02CF9F0
:1052F000404B8022C3F884212720FDF797FAA8B1FC
:105300003D4F3E4B3C681B686FF30F041C434FF04E
:105310000108002C37D13A4E40F2FF133B602720A2
:10532000C6F80445FDF76EFAC6F80043354A13780F
:105330008BB1334B0021C3F808110121C3F80026BB
:10534000C3F804165960D3F808110029FBD00021D6
:10535000C3F8081111702A4B0024C3F80045FFF769
:10536000AFFF234804F0BCF821462846FFF7B8F900
:10537000F0B1254A2548012108F092F96FF00405A3
:105380002846BDE8F08194FAA4F6B6FA86F60F2E08
:105390003346C6BFA6F11003D8B243F0800003071E
:1053A00001D4FFF73DFA08FA06F624EA0604B0E74E
:1053B00028468021FFF794F905460028D9D1144BDF
:1053C00014491E68304606F04DFB10F1780F044674
:1053D00003D1304606F022FB0446002CD0DA0E4AF8
:1053E0000A482346012106F0B5FC2546C8E700BF60
:1053F000400B002000E100E0041E0020001E002001
:1054000000700240F123002072FD000030F0000027
:10541000B41D0020A41D002095FD00002DE9F04FD3
:10542000AD4BDFF8B8A2D3F85421AD4F87B00AB323
:105430000022C3F85421D3F8042391021AD5D3F8DB
:10544000C034002B14BF4FF001224FF48072A54BE3
:105450009B683BB99AF8000008F01AF901238340D1
:1054600022EA03023B6813439F4A3B60136823F020
:1054700001231360984BD3F8604134B10022C3F884
:105480006021D3F86C44C3F86C44D3F828214AB1A6
:105490000022C3F82821954B187808F0F9F8012369
:1054A00083401C439AF800509AF900802A0700F1C3
:1054B0000B81B8F1000FB4BF8D4B8E4B05F00F027E
:1054C000920013441A684AB300221A602846FFF774
:1054D0008BF9894B1A7800F0010050401870FFF7E3
:1054E000EFFE864B28461A6808F0D2F8C240D30770
:1054F000064600F12381B8F1000F80F20F81882D5C
:1055000000F00C81784A01231168B3400B4313600B
:1055100081238AF80030734803F0E2FF8CB13B68C6
:10552000714ADFF8DC9124F001210B433B601368E2
:1055300023EA01031360A4B24FF00108002C40F0ED
:105540000381654BD3F800217AB10024C3F80041F0
:105550006C4B1C706C4A6D48032108F0A1F8684B35
:1055600022461868042107F0B0FD5B4BD3F85821A0
:105570002AB30022C3F85821D3F80044C3F80044EA
:10558000E00505D55F4B012208201A70FFF762FB8A
:10559000A10505D55B4B002210201A70FFF75AFBBE
:1055A00062050CD5574B1A784AB100221A704A4B43
:1055B0000122C3F8082520209A65FFF74BFB464BD4
:1055C000DFF838B1D3F85C31F3B1464B9B681BB9B7
:1055D0009AF800305B0617D03F4B0022C3F85C21DD
:1055E000DBF80030404A23F00113CBF800303B6871
:1055F00023F4803343F001033B601368042023F05D
:1056000001131360FFF726FBDBF800403B681C40EA
:1056100000F03381304BD3F82C95B9F1000F40F0F6
:105620002C8130480022002303F08EFF002840F038
:10563000248114F001230CBF94FAA4F393FAA3F38A
:10564000B3FA83F30293029B9DF808400F2BC8BF67
:10565000103C2B4BCCBFE4B244F0800418682146C8
:1056600007F0FAFC039007F023FD63B2049304F003
:105670000803059363B2002B064680F29C80039BCF
:10568000058A5B8BD0F80C80C3F30A039D4240F27D
:105690008C801D46002608F06043B3F1005F06D001
:1056A00041461B48DFF868802A4609F038FA002E88
:1056B00000F0B380029B01229A40DBF8003023EA1D
:1056C0000203CBF80030A8E0124B134A33EA280358
:1056D00028BF1346F6E600BF00700240F223002008
:1056E000041E0020400B0020FC1D0020F32300209E
:1056F0000871024030710240F1230020001E00209A
:10570000081E0020F4230020ACFD000030F0000053
:10571000B81D0020507102402C7102406348314690
:1057200007F0C0FF0220FFF795FAB8F1000FFFF66F
:10573000E9AE013D062D7FF6E5AEE9E6002DF4D198
:105740005B4B0122DA64E3E694FAA4F5B5FA85F539
:1057500008FA05F345F080052946D9F8000024EA47
:10576000030407F079FC07F0A3FC06462846FFF780
:105770003BF8014606F10C0006F017FC338A002BBB
:105780007FF4DCAE304607F097FC18B1304607F0E6
:1057900097FCD3E6284607F07BFF0146434807F015
:1057A00081FF0220FFF756FAC8E607F085FC80F07B
:1057B0000106F6B26FE704F008023D4B002A5FD005
:1057C000D3F8C03413F4803F08BF9946328AF36897
:1057D000758A03EB0208AD1A72699B1AED1A4D45E2
:1057E00053D2344A344800954B46012106F0BCFAA6
:1057F000294606F10C0006F0B0FB039B5B8BC3F35C
:105800000A034B457FF456AFF2687169738A521AE6
:105810009B1A328A93423FF44DAF4FF080530121DF
:10582000D3F83031082B02BF214B8222C3F81C2C45
:10583000029B3A688AF8004001FA03F322EA030265
:105840003A6004F008021A4B0ABB049A04F00F04F1
:10585000002A4FF0140202FB0432A9BF0A3403EB02
:105860008403C2F80087C2F80457AFBF43F824107E
:10587000C2F80086C2F80456596007B0BDE8F08F40
:1058800004F5947253F82290A0E74D46B0E7049ACD
:10589000002AB5BFC3F8A086C3F8A087C3F8A456F2
:1058A000C3F8A457B4BF59629964E6E74C200020BE
:1058B00000700240B2FD000030F0000010B5EFF3C0
:1058C0001184402383F31288BFF36F8F164B1B782C
:1058D00003F0FF02CBB11549D1F82C3513B30023E7
:1058E000C1F82C354FF08053D3F83031082B0CD150
:1058F0000F4BD3F8000CC02188B949F27530C3F8BA
:10590000000CC3F8141CC3F8000C84F31188BFF317
:105910006F8F002A0CBF6FF00A00002010BDC3F883
:10592000141CF2E71A46F0E7F4230020007002404E
:1059300000E0064073B50022009211464023044661
:10594000FEF78AFE024648B1604A6148012107F02D
:10595000A7FE6FF00404204602B070BD0090402303
:1059600020468021FEF778FE04460028ECD15949F4
:10597000594B4860C860012618688E6006F003F82D
:10598000051E07DA554A52482B46314606F0E2F921
:105990002C46E0E7EFF31185402383F31288BFF331
:1059A0006F8F4F4B4FF40062C3F8002407F062FE84
:1059B00008B1FEF781FF4FF08053D3F83031082B48
:1059C00018D1EFF31180402383F31288BFF36F8F58
:1059D000444BD3F8001CC022002970D149F2753124
:1059E000C3F8001CC3F8142CC3F8001C80F3118802
:1059F000BFF36F8F3A4B0122C3F80025D3F8002480
:105A00001205FBD54FF40062C3F800244FF0805319
:105A1000D3F83031082B17D1EFF31180402383F3F3
:105A20001288BFF36F8F2F4BD3F8001C002949D188
:105A300049F27532C3F8002CC3F8141CC3F8002CCB
:105A400080F31188BFF36F8F07F014FE30B1FEF7BB
:105A500051FF07F00FFE08B1FEF72EFF4FF0805305
:105A6000D3F83031082B1E4B0AD140F2E372C3F851
:105A700000284022C3F80428BFF36F8FBFF34F8F75
:105A80008022C3F81C250122C3F83025164B40F2B2
:105A9000FF121A60154B00211960154B1960154B48
:105AA0001970FFF70DFC144B197007F0E3FD08B1F6
:105AB000FEF720FF85F31188BFF36F8F4BE7C3F824
:105AC000142C93E70022C3F8142CB9E7D1FD000091
:105AD00030F00000A41D0020B41D0020F3FD0000E4
:105AE0000070024000E00640041E0020001E00205E
:105AF000FC1D0020F1230020F3230020084B70B58B
:105B0000C31A0D4607499B100446594306484022D4
:105B100007F00EFE2B4601462046BDE870401847B0
:105B200068200020B76DDBB6D8EC000073B50C4CD4
:105B30000C4A4023041B00930D460B460A49A4104F
:105B400061430646094807F01FFE014628B130466A
:105B50002B4602B0BDE87040184702B070BD00BFD0
:105B600068200020F5D70000B76DDBB6D8EC000048
:105B70000022F8B5012105461046FCF765FE1148E4
:105B800002F09EFC0446D0B9286900F0CBF902F07F
:105B9000B7FC2F690C49384605F0E2FE031E09DB0D
:105BA00001263E642D69084905F11C0005F0D8FE68
:105BB000031E02DA1C462046F8BDEE64FBE76FF0D8
:105BC0000404F8E77D5C000058F200001FB50022D5
:105BD0000123CDE902236C46074A6B46CDE9004418
:105BE00007F001FE28B94FF480420023684603F015
:105BF000ABFC04B010BD00BF07D8000010B5EFF338
:105C00001184402383F31288BFF36F8F074A136810
:105C100023F00201DB07116002D4012007F01CFF12
:105C200084F31188BFF36F8F10BD00BFB820002030
:105C300030B4104B0C2202FB003301460020D3E9A4
:105C40000E529863EFF31180402484F31288BFF35F
:105C50006F8F1C6C04F0C00444F002041C6480F3D9
:105C60001188BFF36F8F1DB12B46034830BC184716
:105C700030BC704768200020D8EC0000012810B527
:105C800004460AD003280CD078B9084B1B6C5B077C
:105C90000BD1BDE81040FFF7CBBF00F051F9204613
:105CA000F7E7BDE8104000F059B910BD68200020AA
:105CB00010B4EFF31180402282F31288BFF36F8F8C
:105CC00017490B6843F0020413F001030C601AD06B
:105CD0004FF08043D3F80C14D3F80C3413F00103C5
:105CE00011D0EFF3118182F31288BFF36F8F0D4A49
:105CF000136C03F0C00343F00203136481F31188B3
:105D0000BFF36F8F012380F31188BFF36F8F1BB137
:105D100010BC0020FFF78CBF10BC012007F094BE20
:105D2000B820002068200020024AC3B21C2000FBDB
:105D30000320704768200020F8B52849BFF35B8F27
:105D40000646012251E8003F41E800200028F9D131
:105D5000BFF35B8F33B9224922484B60CB608A6026
:105D600005F011FE731E012B2CD808F069FC0446C7
:105D700050B1EFF31185402383F31288BFF36F8F87
:105D800001244FF080470EE0174B1B78002BF0D01A
:105D90004FF080430222C3F808230546F1E794B18F
:105DA000284606F096F8D7F81824D7F81834D20306
:105DB000F5D59B0701D0012EF1D14CB185F31188A7
:105DC000BFF36F8FF8BD0021212008F000FDEAE746
:105DD0004FF080430222C3F80423F3E7642000203D
:105DE0005420002084200020593300200D4BBFF3A5
:105DF0005B8F012253E8001F002903D143E80020F4
:105E00000028F7D1BFF35B8F0BD1074A0023D36083
:105E1000064B536003239360054B1146186805F049
:105E2000B2BD7047D8200020C0200020F95E0000DD
:105E3000BC20002007B500220023CDE9002308483C
:105E40004FF40032002304F0A7FB064B186805F05E
:105E5000E5FD054B00221A6003B05DF804FB00BFAE
:105E6000100A0020BC200020D820002073B51D4D52
:105E70001D4CAE684C21F3682846984770B100234A
:105E800023701A46217809B1012A1FDD174A1380B1
:105E900007F0EAFD0123237002B070BD0C213369C5
:105EA0006A46284698470028E9D1114A019B93FB8E
:105EB000F2F3009A03EB82030C4AB2F900201BB202
:105EC0009A1A002AB8BF524212B2DBE7094A136895
:105ED000013901332170136002B0BDE87040FFF753
:105EE000A9BF00BF64ED0000FA2300209223002028
:105EF00090D00300D020002008B5074808F051F9E1
:105F000028B907F0B1FD054B01221A7008BDBDE8A4
:105F10000840034803F078BC64ED0000FA23002039
:105F20003C080020034B044A186000231360034A16
:105F300013607047BC200020D4200020D020002017
:105F4000024B00221A70FFF751BF00BFFA23002056
:105F5000014804F059BB00BF100A0020024A136830
:105F600001331360FFF766BFD420002008B507484F
:105F700008F017F938B10648FCF716FF0448FBF79C
:105F8000BDF8002008BD6FF01200FBE72CED00000B
:105F9000955F00000A2838B5074D044604D1AB6868
:105FA0000D215B6828469847AB6803485B68E1B2FF
:105FB0009847204638BD00BF2CED00002DE9F04386
:105FC000476840F20636D0063B7C87B002EA0606F8
:105FD00054BFC2F3401C4FF0030C01F01F05B6F58F
:105FE000837F144645EA43158DF803C044D00DD88D
:105FF000062E16D005D8A6B1022E3FD06FF01500A0
:1060000037E0B6F5807FF9D101260AE040F202229E
:10601000964235D0B6F5407F34D0B6F5007FEDD14D
:106020000226220330D57A6801238B40C2F8083556
:10603000B868A0BB05F01F036D092DD0012D77D1E5
:106040003E4A02EB8302C4F30043D2F8001783F008
:106050000103C4F3404444EA430421F4E16144EA07
:106060008C0421F0070144EA06230B43C2F80037F1
:10607000002007B0BDE8F0830726D2E70426D0E76A
:106080000526CEE70326CCE7630341BF01237A68E8
:106090008B40C2F80C35CBE74FF0A042D1E70DF1B1
:1060A0000202294607F059FF14F4403F80460CD104
:1060B000B868294607F086FFB8F1000FD8D19DF8DF
:1060C0000210B86802F0E8FBD2E74FF0000901AB1C
:1060D000CDE90199CDE90439CDF80C90B86803AA4F
:1060E000294607F00FFE4845C2DB14F4003314D0F4
:1060F000C4F300449DF803308DF80E3084F00104A1
:106100008DF80C608DF80D40B8684B4603AA2946FF
:1061100007F0ABFE0028CFDAAAE7CDE904330DF192
:1061200003030393B86803AA294607F0EBFDF1E7E0
:1061300003F5E07350F82330FFDE00BF000300508A
:10614000420970B5034602D0012A17D070BD0D4E2A
:10615000326951680029F9D003F01F0301250C684A
:106160009D400029F2D08A682A4002D04B68304610
:1061700098472CB1236821461C46F2E7024EE7E718
:106180002346F8E710ED0000F4EC000038B5456850
:10619000A86890B107F010FF014670B9A86807F031
:1061A000EFFE044658B902460649A86807F0D2FE39
:1061B000224605210620FCF747FB002038BD6FF082
:1061C0000400FBE741610000F0B544681646A06892
:1061D000227C01F01F0587B045EA421500286DD0EA
:1061E000B6F5001F04D1294607F03FFF002056E016
:1061F0006268607CC2F8240501AA0020B6F5800F11
:106200000190506037D1B3F1007F14BF0523042300
:106210008DF804300023CDE904230393E36823FAC7
:1062200001F111F001010DF103073AD1B6F1A07FA0
:1062300037D105F01F036A0903F5E07326D0012A60
:106240003FD1214A52F82330DB072AD4A0683A46CE
:10625000294607F082FE16301BD00297A06803AAD9
:10626000294607F04FFD002819DBA06801222946C6
:1062700007F0AAFEBAE7B3F1C06F05D0B3F1007F13
:1062800014BF01230223C3E70323C1E74FF0A04259
:10629000D8E7A068394602F005FB0028DDDA07B030
:1062A000F0BDA0683A46294607F057FE0028D5D130
:1062B0009DF80310A06802F0EFFACFE76FF08500B9
:1062C000EDE751F82330FFDE00030050014B0122BF
:1062D0001A60704700C000400C2903690BD15B6A4B
:1062E000064907484B4393FBF0F100FB1133116063
:1062F0005360002070476FF08500704790D0030016
:1063000040420F00044B00690022C3F80021D3F87B
:10631000003103F0E5B800BF00C000407FB505695B
:10632000AB6A63B321F040010C292BD105F11006B3
:106330004FF0FF324FF0FF33304602F0DDFF134BDA
:106340000193A86A0323002469460394029305F08D
:106350001AFB4FF0FF324FF0FF33284603F0F4F8FA
:10636000A86A05F05BFB0A4BD3F808256A62012294
:106370005A60304603F032F8204604B070BD6FF02A
:106380000A00FAE76FF08500F7E700BFCD62000072
:1063900000C0004010B504690020FFF7C5FCA062F2
:1063A0004FF0FF320021204608F0ABF804F1100056
:1063B00007F0FEFF002201210C20FCF745FA0C201B
:1063C000FCF712FA024B0122C3F80423002010BD8F
:1063D00000C0004070B5012383400F4ABFF35B8FBC
:1063E000DC4352E8001F01EA040542E80056002E93
:1063F000F7D1BFF35B8F4FF4803282400748C0F87B
:106400000823BFF35F8FBFF36F8F03EA01000038EB
:1064100018BF012070BD00BF2421002000100140E2
:1064200070B41249D1E90034D01AC31844F1000401
:1064300022F07F46C1E90034A6F50013B3F5400F02
:1064400009D20B4B1B681A0A1B069C19094B42F117
:106450000005C3E90045EFF31181402383F312885F
:10646000BFF36F8F70BC03F09DBF00BF10150020FD
:10647000282100201815002011B3BFF35B8F0123E2
:10648000104A834052E800CF4CEA030C42E800C1B6
:106490000029F7D1BFF35B8F0B4A4FF48033834061
:1064A000C2F80433094BBFF35B8F1B68BFF35B8FEC
:1064B000C340DB0742BF064B4FF40032C3F8002154
:1064C000704700BF2421002000100140202100203F
:1064D00000E100E00D4B1868010A0006BFF35F8F72
:1064E0000B4BD3F80435181841F10001B3F5801FA8
:1064F0000AD2084BD3E90023904271EB030303D285
:1065000010F1807041F10001704700BF2821002088
:1065100000100140181500202DE9F04F85B01646F7
:106520001F469DF840A00446FFF754FF0190FFF777
:10653000D1FFB04271EB07035ED23E4B301A67EBDE
:106540000101984271F1000109D36FF01505204651
:106550000199FFF791FF284605B0BDE8F08F364B53
:1065600003EB0413D3E902239F4208BF964254D0A1
:1065700032494FF4803804F1500508FA04F8AD00B0
:10658000C1F848832046ADB207F0B7F926F07F4B3B
:1065900005F1804504F5A87305F58835DC464FF014
:1065A00003090293029A2CF07F4341F82230C1F88C
:1065B0004483D1F80435224A6FF00200C01A6044C7
:1065C00020F07F40904228D9286868B1D1F804357E
:1065D0000393A3EB0B0020F07F40B0F5000F1CD914
:1065E000204607F08AF9039BBAF1000FADD109EB01
:1065F000030C09F10109D5E7BAF1000FA5D1012378
:10660000104ABFF35B8FA34052E8000F184342E8E3
:1066100000010029F8D1BFF35B8F07490E982301D1
:1066200001EB0412C8500F9B5360C2E902670025BA
:106630008DE700BF01008000001500200010014020
:10664000FDFF7F00202100207FB51C4C1C4BC4F8AF
:106650000833C4F848331B4B00254FF0FF304FF090
:10666000FF31C4F80855C3E902014FF48033C4F880
:106670000433154B02264FF400320121C4F80463A1
:106680001120C3F880212A46FCF7DEF81120FCF720
:10669000ABF80E4A0123A360236013600C4B0D4A34
:1066A0000093CDE9015500232846FFF735FF30461A
:1066B000FFF742FB284604B070BD00BF0010014048
:1066C00003000F000015002000E100E0242100205D
:1066D00021640000FFFF7F002DE9F7432B4CD4F825
:1066E000043399070BD5D4F8043143B1284A002369
:1066F000C4F80431D4F80431136801331360D4F8BA
:106700000433DA0323D5BFF35B8F224B53E8002F0A
:1067100022F0010143E800100028F7D1BFF35B8F9E
:10672000D30702D4D4F840318BB10025C4F84051CE
:10673000D4F84031FFF7CEFEEFF3108272B6164B5D
:10674000D3E90267B042B94104D282F3108803B0A2
:10675000BDE8F0834FF0FF384FF0FF39C3E90289FD
:10676000D3E900101D604FF48033C4F84833C4F8F7
:106770004051D4F8403182F310880029E7D00090CE
:1067800032463B4628468847E1E700BF00100140FB
:1067900028210020202100200015002030B5431CB6
:1067A000124C85B005D08442A8BF0446012CB8BF66
:1067B0000124FFF78FFE0E4B0C4DD3E90013401A56
:1067C000B0F5000F10D22218AA4228BF2A4652184C
:1067D0004FF0000007490091CDE9010043F10003AB
:1067E000FFF79AFE05B030BD2A46F0E7FFFF7F00B5
:1067F000101500202164000008B5FFF76BFE024B66
:106800001B68C01A08BD00BF10150020042812D84C
:10681000DFE800F00D03110D0300084BA0221A6001
:10682000074B1872074BC3F8100501207047034B44
:106830004FF49672F3E70020704700BF302100202C
:106840000023002000100040014807F05CBC00BF9E
:10685000C40800201FB5114B93F90A001B7A013BB5
:10686000DBB2032B9CBF0E4AD25C0E4BDB7C4FF09D
:10687000000188BF0522009103F5166303A9F9F70B
:106880006FFC9DF80D00F9F765FC9DF80C20064B98
:10689000C3F80C2505B05DF804FB00BF0023002001
:1068A000D1010100AC0800200010004038B50028DC
:1068B0001349144840F2044508BF4FF48065F9F7C6
:1068C0002BFC044648B9F9F71BFC204601F014FAEA
:1068D0000D4B1B68C3F8005238BD0C4BDB7C002B02
:1068E0000B4B0CBF81222822C3F848250022C3F895
:1068F0004821D3F848214FF48022C3F80423E7E766
:106900004C0800207C080020C40800200023002040
:1069100000A00040B0F5A47F09D1054B1A68D2F859
:10692000003223F4806323F00403C2F8003270477E
:10693000C408002010B509490948F9F7F3FB0446DB
:1069400050B9F9F7DDFB204601F0D6F9054B1B687D
:1069500040F20442C3F8002210BD00BF4C080020E2
:1069600094080020C4080020837842781B0443EA7E
:10697000022302781343C27843EA0253027943EABE
:106980008253427943EA0263827943EA8263C2799D
:1069900043EA4273094AC2F81435837A417A1B04E8
:1069A00043EA0123017A0B43C17A43EA0163017B85
:1069B00043EA4163C2F81835704700BF0010004039
:1069C0001FB504460D220021684608F0B6F80A4BB0
:1069D00000930A4B5B7CE0B2013B8DF808008DF818
:1069E00009008DF80A30684601238DF80B30FFF757
:1069F000BBFF04B010BD00BF00010100AC080020C7
:106A000008B5F9F795FB0C490C48F9F78BFB0C4BD3
:106A10001A7812B9587CFFF7D3FF0A4B0A4AC3F819
:106A2000042540F21712C3F80022084B084A1A60E6
:106A3000084B06221A7008BD4C080020940800205C
:106A40000023002000100040EB3200202C21002009
:106A50006D6C00004F33002010B51C4B1B680124E7
:106A60001C6101F06BF9F9F769FBF9F74FFB204660
:106A70000021174C01F0E8F90023C4F80032154B4F
:106A80001A7812B9587CFFF79BFF134BC4F80435F2
:106A90000023C4F81031D4F81031012323610C4BCA
:106AA000D3F81021002AFBD00021C3F81011D3F82D
:106AB000102140F21712C3F80022012001F058F90A
:106AC000FFF738FF054B01229A6110BDC408002072
:106AD0000010004000230020EB3200200040014065
:106AE0001FB518490B7823B1012B07D005B05DF80D
:106AF00004FB05B05DF804EBFFF762BF0022CDF8A0
:106B000009208DF80B30104BCDF805205B7CCDF8BB
:106B10000120013B8DF80A3030238DF808300B7AC4
:106B200003228DF80220012B4FF008028DF800207F
:106B300001D0042B02D101238DF805306846FFF700
:106B400013FFD3E700230020AC080020064BBFF35F
:106B50005B8F53E8001F014343E80012002AF8D17D
:106B6000BFF35B8F704700BF3C21002008B5084889
:106B700006F0E2FE58B10748436A0133082B28BFEC
:106B800000234362BDE80840283006F0E8BE08BD97
:106B9000F4220020CC220020F8B506462D4806F04D
:106BA000CBFE3F280D4652DC2B4B2C4F1A78012A86
:106BB00041D13B78C3F3050203F03F03302B46D8A5
:106BC000274BD3F8001153F821301A70244C254973
:106BD000D4F8003154F8230010F8052B07F09FFF7C
:106BE000D4F8003154F823305E701F4BD4F80021E4
:106BF000D3F8483554F8222003F07F039370D4F87B
:106C0000003154F823301D71D4F8003154F823209A
:106C10007B78DB4303F00103D370D4F800310133F8
:106C2000402B28BF002304F58470C4F8003106F01F
:106C3000A2FE0120F8BD0A4AD2F8001152F8212024
:106C4000597809B91170C1E75B7C1370BEE7002069
:106C5000F0E700BFC822002000230020EB32002014
:106C6000C0210020ED320020001000402DE9F84F37
:106C70006B4AD2F8003413F0010803D1BDE8F84F95
:106C8000FFF7EABE674806F057FE3F28F6DCD2F869
:106C90000834654EDFF89491D2F80C4499F801203D
:106CA000DBB2C2F3410136F8230084424FEA830786
:106CB00004D1F0198078814200F090804FF0000AF2
:106CC000F2195B4C9170564AD2F80C2426F8232016
:106CD000A37C23B199F80130DB0740F19D80F9F7DF
:106CE0002DFA54495448554DF9F716FA2478002CDA
:106CF00000F08780012C47D1494B5148D3F8081444
:106D000006F01AFE002875DDDFF838B1C9B25BF86D
:106D10002130002B6ED0F0194B4AC0781C681460EB
:106D2000C8B1BAF1000F16D183F804A05BF8213086
:106D300043489B684BF8213006F011FE06F0FCFD3D
:106D40000028414A4EDD5BF8214004B124681460FC
:106D50000120FFF7FBFEF319002C45D00122DA7069
:106D600022782B78394862F3050321462B7011F8FD
:106D7000052B07F0D4FE6B7899F8012023F0070368
:106D800002F0070213436B70314B07221A70FFF7B2
:106D900061FD234BD3F80824D2B2C3F82C2540F26E
:106DA0001B12C3F80455C3F800222A4B2A4A1A6062
:106DB000B8F1000F10D01A4B3E44D3F80804B17854
:106DC000C0B2FFF7E9FE38B10420FFF7BFFE234B46
:106DD0004FF48012C3F80021BDE8F88FC2464FF08F
:106DE00000086DE75446B2E7DC702B7864F30503C6
:106DF0002B70C0E7F3190022DA702B7862F30503D9
:106E0000F6E72046FFF7DCFD2B7899F800206C7040
:106E100062F301032B70B7E7FFF71EFEC8E700BF60
:106E200000100040C822002094230020EB320020F4
:106E3000002300204C0800207C0800201D33002087
:106E4000F422002040210020F82200201F330020DF
:106E50004F3300202C210020016A000000E100E0F7
:106E6000684620F007018D4601B5204BD3F8042376
:106E7000D1060BD5D3F8102142B10022C3F810215E
:106E8000D3F810311A4B1B6803B19847174BD3F84E
:106E9000042312071ED5D3F80C21DAB1154A527813
:106EA000022A1DD1D3F80804134B5978C0B2C1F39C
:106EB0004101FFF771FE38B10420FFF747FE0F4B89
:106EC0004FF48012C3F80021084B0022C3F80C21B4
:106ED000D3F80C31FBF74AFDBDE801408546704709
:106EE000034B1B68002BEFD09847EDE700100040E4
:106EF0002C21002000230020EB32002000E100E0E4
:106F0000684620F007018D4631B5144B14481B68C4
:106F1000144D82B0019306F015FD2B680446B3B101
:106F2000C10704D500228DF8002068469847A207C3
:106F300005D501238DF8003068462B689847630714
:106F400005D502238DF8003068462B689847FBF77B
:106F50000DFD02B0BDE83140854670473421002068
:106F60003C210020FC2200202DE9F041614BDFF89C
:106F700088815A6A614F98F8004053F82250604E59
:106F80003D60002C45D0012C6BD001243B685D4D49
:106F90005A78C5F82C255B78012707FA03F3DBB292
:106FA000C5F83035584BDA7CC5F808251433BFF3E3
:106FB0005B8F53E8001F21F0010143E80012002A13
:106FC000F7D1BFF35B8FFFF745FC504BC5F8046565
:106FD0000222C3F880213846FBF706FC0020C5F8E2
:106FE0000401D5F80431C5F80801D5F80831C5F811
:106FF0001001D5F81031C5F80C012146D5F80C3137
:1070000000F0B6FE2046FFF751FC414B9F61BDE802
:10701000F08198F811003480FFF7D2FC33782A7998
:10702000304662F3010300F8023B294611F8052BB4
:1070300007F075FD334B40F21B12C3F80022C3F872
:107040001041D3F810211022C3F80423314BB8F8B3
:107050000E201A60304B314A1A60314B04221A70EC
:1070600093E7EA78002333801AB198F8124084F04D
:1070700001042B79287831785B0003F00603002A9D
:1070800008BF43F00103727860F3050122F00702A4
:10709000134331702946737011F8052B214807F00E
:1070A0003EFD184B1C491E4AA4B140F21B10C3F808
:1070B00000021848B8F80E4004601848086004211F
:1070C00011700022C3F81021D3F810211022C3F848
:1070D00004235AE740F21310C3F800021248086074
:1070E00003211170C3F81041D3F810211022C3F806
:1070F00004234BE7CC22002000230020F8220020AC
:107100001D33002000100040AC08002000E100E02A
:1071100000400140382100202C2100204572000051
:107120004F3300201F3300202D71000010B5F8F7F9
:10713000FFFF124B1B6801241C6100F0FFFDF8F7F4
:10714000E5FF0021084600F07FFE0D4B20461C6045
:10715000FFF7FCFCFFF70AFD0A480B4B06F0ECFBBF
:107160004FF4801220B909490C70C3F8002110BDFA
:10717000C3F80021BDE81040FFF7F6BEC4080020A8
:1071800034210020F422002000E100E04F330020F1
:107190000146C80708B506D5184806F0BEFB184BCF
:1071A00000BAC3F81C058A0706D5164806F0B5FBD9
:1071B000134B00BAC3F820054B070AD512481049F3
:1071C00006F0ABFBC1F82405104806F0A6FBC1F899
:1071D00028054FF08053D3F83021082A0DD1D3F879
:1071E000343153B9054B0A485B7C052B18BF4FF06F
:1071F0007F40BDE8084000F0F3BC08BDAC080020AB
:1072000000100040B0080020B4080020B80800209A
:107210000000FFFF08B5F8F78BFF07490748F8F7AC
:1072200081FF074B1A68D2F8003223F4806323F001
:107230000403C2F8003208BD4C0800209408002066
:10724000C408002070B501210020204C204D00F022
:10725000FBFD00F073FDFFF7DDFF40F21313C4F8F0
:1072600000321C4B1C4A1B680D33C2F84035EB7CC6
:10727000002BAB890CBF812128215B1AC2F8443551
:10728000164B1B68002640F20222C3F80022C3F806
:107290004061D3F84021C3F84461D3F8443100F091
:1072A00083FE00F05BFEC4F80C612878D4F80C3142
:1072B00008B9FFF785FB0A4BC4F80435094B0A4AA5
:1072C0001A600A4B05221A7070BD00BF0010004002
:1072D000002300203021002000A00040C40800202E
:1072E000EB3200202C210020557300004F3300208A
:1072F00010B50A4C0A4A2368D3F84435002081337C
:10730000D36000F0F9FC07490548F8F705FF20B9FC
:10731000236840F20442C3F8002210BDC4080020D4
:10732000640800204C08002008B500F007FDF8F7BD
:10733000FFFE0320F8F708FF054B1A68D2F8003269
:1073400023F4806323F00403C2F8003208BD00BFB9
:10735000C4080020F8B54B4E4B4C4C4D00F056FE87
:10736000F8F7ECFEF8F7D2FED6F80C31002B3AD045
:10737000D6F80034D90736D50120FFF7E7FB22689D
:10738000EB899B1A424A03441360FFF7EFFB2B780B
:1073900083B1404B1A7892060CD0D6F82C05597858
:1073A00000F00700C1F34101FFF7F6FB10B1042024
:1073B000FFF7CCFB3848394B06F0BEFA00280ADD4F
:1073C0002A7C012A07D04FF48012C3F80021BDE8BF
:1073D000F840FFF7C9BD324A012111704FF4801205
:1073E000C3F80021F8BD23682D4E2E4F5A1E22608F
:1073F00063B93B68264A01241C61EB8902202344BF
:107400001360FFF7A3FB254B3470E7E71D4C002307
:10741000C4F80031D4F8003140F21B13C4F8003234
:107420002B7813B9687CFFF7CBFA1F4BC4F80435EF
:107430001E4B1F4A1A6004233370FFF70BFAFFF745
:1074400057FF00F051FD3B68D3F84421BAB1D4F89E
:107450005035DBB2092BC5D0D4F80041002CC1D186
:10746000FFF762FF00F07AFD0121204600F080FC6A
:107470000120FFF71BFA0F4B01229A61B2E70122AC
:107480001A60AFE7001000403821002000230020E0
:1074900034210020EB320020F422002000E100E043
:1074A0004F330020C40800201D3300202C21002071
:1074B0004572000000400140F8B51D4C23788BB3A5
:1074C0002378012B31D01B4B1B4E00251D6000F093
:1074D0001FFE336801271F61F8F730FEF8F728FE1A
:1074E00000F02CFC0320F8F72FFEF8F70FFE134BEB
:1074F0004FF0FF32C3F80052C3F80823C3F810510D
:10750000D3F810211F61D3F81021002AFBD0336873
:1075100000204FF0FF32C3F80002C3F80823012314
:107520002370F8BD6FF00C00FBE76FF07700F8E711
:107530004F3300202C210020C40800200010004000
:1075400008B500F0B7FB034620B10C4A0C480121F6
:1075500004F000FC1420FBF755F90120FBF752F969
:107560000A20FBF74FF9FFF7A7FF064806F0B4FD26
:1075700000F04EFE044B00221A7008BD8EFE000083
:10758000C0EF0000C40800204F330020024B1B78DE
:107590000BB1FFF7D5BF70474F330020F0B505465C
:1075A00085B0002870D0804E33780BB1FFF7EEFF26
:1075B00000F04AFB044640B17C4A034601217C4866
:1075C00004F0C8FB204605B0F0BD7A4B6A681A602B
:1075D000794A2B4605F11007154618685968144674
:1075E00003C40833BB422246F7D1186820602B78C9
:1075F00003B9AB747148724F06F0A4F90021202240
:10760000704807F09AFA704B002407F128001C60BC
:107610005C60C7E9084406F095F96C48C0E940444D
:1076200000F5847006F08EF969490B460134082C88
:1076300047F8043B03F13503F8D1664A6348002359
:107640000133402B40F8042B02F13502F8D100221F
:10765000614B10460132082A19601871986001F1D7
:10766000350103F10C03F5D15C482022002107F01D
:1076700064FAAB89B3F5D97F09D8594A4C4840F22E
:10768000B313012104F066FB6FF015049AE7287A22
:10769000FFF7BCF82B78012B8CBF002000F0010015
:1076A0006B7A012B40D0022B07D0002B45D04D4ADE
:1076B0003F48012104F045FBE6E74B4A4FF6FF71D6
:1076C000C2F83C15C2F83435484BC2F838350028AA
:1076D000EDD0454F687CFFF703FA4FF0E733C7F86A
:1076E0001C354FF04333C7F82035414BC7F82435DC
:1076F000404BC7F828350023CDE902333E4A3F4BC3
:107700003F48019301A906F0D3FC0346D8B13D4A96
:107710002748012104F01EFB3B4A2548012104F0C3
:1077200010FB6FF00D044DE72F4AFF21C2F83C1506
:10773000C2F8343540F20713C7E72B4AC2F83C358C
:10774000C2F83435C1E700F087FC044628B12F4A5F
:107750001748012104F0F5FA34E700F0D5FC2C4B72
:107760005860D7F85026EB7C22F001021343C7F88B
:10777000503601252246022114203570FBF764F8AB
:10778000224629462846FBF75FF8224602210A20B6
:10779000FBF75AF81420FBF727F82846FBF724F8E4
:1077A0000A20FBF721F80DE74F330020A8FE000068
:1077B000C0EF0000FC220020002300203C2100201C
:1077C000CC22002094230020E3320020C02100209E
:1077D0003B310020FB2300206021002040210020BD
:1077E000C3FE00000AFF000000100040211001004D
:1077F000E743C323A363E3131569000040420F006E
:10780000C40800202CFF000055FF00007BFF000093
:107810004C080020F8B54D4E33780446002B00F09C
:107820008B804B4D6B78022B02D14FF0FF30F8BDAF
:1078300010B96FF01500FAE703785A1E2F2A7ED888
:107840002A7812B96A7C9A4279D3424806F074F8D1
:10785000072877DC6378072BEBD86A782B78002A27
:1078600034D11BB96A7C23789A42E2D13A4B196A27
:1078700053F82110224604F1340052F8047B41F8F9
:10788000047B8242F9D112780A70607833490A5C2D
:10789000013202F003020A541A6A607853F8222077
:1078A000095C11711A6A2B480132082A28BF00228C
:1078B0001A6206F060F86B782A7C134304D133789F
:1078C000012B01D1FFF750FB0020B0E7002BACD01B
:1078D000234A00231146107910BB0C225343CF18C2
:1078E0000122CB583A71B860224604F1340152F8B3
:1078F000040B43F8040B8A42F9D112781A70012064
:10790000FAF780FF6178174A52F8213073B942F8CC
:107910002170104806F02FF80120FAF765FFCAE73A
:107920000133082B02F10C02D5D1C4E71A469B683B
:10793000002BFBD19760ECE76FF00C0077E76FF05E
:10794000790074E76FF00B0071E700BF4F33002040
:1079500000230020F4220020CC220020E33200206B
:10796000602100204021002010B5254A12780346EE
:10797000002A3CD000283DD0224805F0DDFF002839
:107980003BD0214CD4F8042154F8222012781A70EC
:10799000D4F8041154F8211049785970D4F804111E
:1079A00054F8211091F902109970D4F8041154F888
:1079B000211009791971D4F8041154F82110C978EB
:1079C000D970D4F8041154F82110581D053107F06E
:1079D000A6F8D4F804310133402B28BF002304F566
:1079E0008470C4F8043105F0BAFF002010BD6FF0B8
:1079F0000C00FBE76FF01500F8E76FF03C00F5E7CF
:107A00004F330020C8220020C021002038B535495E
:107A10000B78012B63D1344C63784FF0FF30002B8F
:107A20004ED0324B0022C3F80803C3F81021D3F81C
:107A30001001607802282E4843D13124C3F8004257
:107A4000C3F80C21D3F80C410824C3F804430260A6
:107A500006230B70274B254D9A7CC5F83025DA7C20
:107A6000C5F808251433BFF35B8F53E8001F21F0DE
:107A7000010143E80012002AF7D1BFF35B8F1E4BD0
:107A8000C5F804351D4B0222C3F8802100240120D3
:107A9000FAF7AAFEC5F80441D5F80431C5F8084143
:107AA000D5F80831C5F8104101202146D5F810312C
:107AB00000F05EF9FEF73EFF114B01229A6120466D
:107AC00038BD40F21714C3F800420E4C0460C3F8EE
:107AD0001021D3F810211022C3F80423B8E76FF067
:107AE0000F00EDE74F33002000230020001000407E
:107AF0002C210020AC080020EB32002000E100E047
:107B0000004001406D6C000008B50A4A1278012A55
:107B10000346D0B207D14BB11A68074B1A60FFF782
:107B200037FB002008BD6FF00F00FBE76FF015007A
:107B3000F8E700BF4F330020AC08002008B5094B20
:107B40001B78012B08D150B1074B02685A60022004
:107B5000FFF71EFB002008BD6FF00F00FBE76FF082
:107B60001500F8E74F330020AC08002010B50F4B8C
:107B70001B78012B0C4613D1A8B1082913D80A464B
:107B800001460B4806F0CBFF0A4AFF231474C4F1E8
:107B90000804234104209374FFF7FAFA002010BD73
:107BA0006FF00F00FBE76FF01500F8E74F33002090
:107BB000B4080020AC080020642807D8064B1B78C6
:107BC000012B06D1054BD874002070476FF01500CB
:107BD00070476FF00F0070474F330020AC08002053
:107BE000184BD3F81C15D3F820254A40024228D15F
:107BF000D3F82415D3F82825C1F30720CBB283424C
:107C000014D0C1F30740834210D0B3EB116F0DD0F5
:107C1000D1B28B420AD0C2F307218B4206D0C2F305
:107C200007418B4202D0B3EB126F0AD1054AD2F85A
:107C3000743723F0807323F0010343F08073C2F89C
:107C4000743770470010004030B5002085B0FEF753
:107C50006BF848B9134A1448012104F072F86FF028
:107C60001204204605B030BD00230125694601936A
:107C70000393029503F087FE041E06DA0B4A23469F
:107C80000948012104F066F8EBE7029B9B0702D04C
:107C900002F016F9F9E7039C002CE2D0044A2346CF
:107CA000EEE700BF98FF0000C8EF0000B8FF00003B
:107CB000D1FF000010B50020FEF736F840B90B4A9E
:107CC0000B48012104F03DF86FF01204204610BD6E
:107CD00003F0A4FE041E06DA064A054823460121E5
:107CE00004F038F8F2E70024F0E700BF98FF000046
:107CF000C8EF0000F0FF00000C4B0D491A78D300CC
:107D000003F1804303F5F833C3F810150949C3F8AC
:107D1000141501F5A83120B102F51173064841F898
:107D2000230001239340C1F80435704752330020EB
:107D30001841014000A0004044A000400A4B0B48FD
:107D40001A7801239340C0F80835D30003F180432B
:107D500003F5F83302F511720021C3F81015C3F8CA
:107D6000141540F8221070475233002000F00140F3
:107D7000F0B52B4B2B4C1B782B4FDA0014442B4ABD
:107D80000025C2F81851D2F81821294A1578800028
:107D9000EA00C0B202F1804202F5F83200F1804000
:107DA00000F58050C2F81075C2F81405214A05F597
:107DB000117042F82040204A20481678F20002F163
:107DC000804202F5F8320124C2F8100500F5973020
:107DD00000F58470C2F8140504FA06F604FA05F0FA
:107DE000304369B1164A174E1178CA0002F1804239
:107DF00002F5F8328C40C2F810752043C2F81465C1
:107E00009B0003F1804303F5F8330122D3F80018F7
:107E1000AA400A43C3F80028064BC3F80405F0BD86
:107E20005033002004F0014018410140004001405F
:107E30005333002000F00140513300201011004066
:107E40005233002000A0004030B5224B1C78224B5A
:107E50001B78012000FA04F200FA03F52A4319B155
:107E60001E4D2D78A8400243E0001D4D00F18040DA
:107E700000F5F830DB00C5F8082503F18043002247
:107E8000C0F8102503F5F833C0F8142504F5117077
:107E900045F82020C3F81025C3F8142551B10F4B25
:107EA0001B78DB0003F1804303F5F833C3F810259A
:107EB000C3F814250B4B1B789B0003F1804303F59B
:107EC000F8330121D3F80028A14022EA0102C3F8C7
:107ED000002830BD5333002051330020523300209E
:107EE00000F0014050330020154B1649164800227F
:107EF000C3F81821D3F81831144B1B78DA0002F1BB
:107F0000804202F5F832C2F8101501F5973101F5FB
:107F10008471C2F814150E4A1178CA0002F1804229
:107F200002F5F832C2F810050A48C2F81405012219
:107F300002FA03F38A401343074AC2F80435704734
:107F4000004001401011004044A100405133002086
:107F5000543300200010004000F001400F4B1A780D
:107F60000F4B1B78012101FA02F09940D200DB008F
:107F7000014302F180420B4803F1804302F5F832DD
:107F800003F5F833C0F808150021C2F81015C2F83F
:107F90001415C3F81015C3F8141570475133002099
:107FA0005433002000F00140134B14491B7814484F
:107FB000DA0002F1804202F5F832C2F8101501F53C
:107FC0000F410C31C2F814150E4A1178CA0002F1A3
:107FD000804202F5F832C2F81005A0F511403038A1
:107FE000C2F81405012202FA03F38A401343064A39
:107FF000C2F80435704700BF56330020041100401A
:1080000040A100405533002000F001400F4B1A788A
:108010000F4B1B78012101FA02F09940D200DB00DE
:10802000014302F180420B4803F1804302F5F8322C
:1080300003F5F833C0F808150021C2F81015C2F88E
:108040001415C3F81015C3F81415704756330020E3
:108050005533002000F0014010B5002000F008FA70
:10806000031E35DB1E4A0020137000F001FA031EC8
:108070002EDB1C4A0020137000F0FAF9031E27DBE8
:10808000194A0020137000F0F3F9031E20DB174A91
:108090000020137000F0ECF9031E19DB144A0020D5
:1080A000137000F0E5F9031E12DB124A0020137072
:1080B00000F0EAF9041E07DA0F4A104823460121AE
:1080C00003F048FE204610BD0D4B1C700024F9E75C
:1080D0000C4A0A48012103F03DFE6FF01204F1E75B
:1080E00053330020513300205233002056330020F8
:1080F000553300205433002012000100C0EF00006F
:108100005033002034000100004870471011004037
:10811000F0B5374B1F78374B1C78374B1D78374BF2
:108120001978374B01261A7806FA07F006FA04F395
:1081300006FA05FC034343EA0C0306FA01FC43EA92
:108140000C0306FA02FC43EA0C03DFF8B8C09CF803
:1081500000C0E40006FA0CF64FEAC70C33430CF1FA
:10816000804C294E04F1804404F5F8340CF5F83CB9
:1081700007F51177C6F808350023CCF81035C9008B
:10818000CCF81435D20046F82730C4F81035C4F8BE
:108190001435EC0004F1804401F1804102F1804289
:1081A00002F5F83204F5F83401F5F83105F51175EA
:1081B000C4F81035C4F8143546F82530C1F8103528
:1081C000C1F81435C2F81035C2F81435C6F81035A8
:1081D000C6F814350D4B1B789B0003F1804303F563
:1081E000F833D3F8002822EA0002C3F80028F0BDD3
:1081F00053330020513300205233002056330020E7
:10820000553300205433002000F00140503300204B
:1082100008B5124B0020197800F030F9104B0020FF
:10822000197800F02BF90F4B0020197800F026F98F
:108230000D4B0020197800F021F90C4B0020197823
:1082400000F01CF90A4B0020197800F017F9094BCF
:1082500000201978BDE8084000F01EB95333002013
:108260005133002052330020563300205533002074
:108270005433002050330020BFF34F8F0549064B85
:10828000CA6802F4E0621343CB60BFF34F8F00BFB4
:10829000FDE700BF00ED00E00400FA05024AD2F855
:1082A0000034002BFBD0704700E0014010B54FF0C8
:1082B0008053D3F83021082A4ED14FF0804200215C
:1082C000C2F80C11C2F81011C2F8381502F540427C
:1082D000D3F80414C2F82015D3F80814C2F82415F2
:1082E000D3F80C14C2F82815D3F81014C2F82C15C2
:1082F000D3F81414C2F83015D3F81814C2F8341592
:10830000D3F81C14C2F84015D3F82014C2F8441551
:10831000D3F82414C2F84815D3F82814C2F84C1521
:10832000D3F82C14C2F85015D3F83014C2F85415F1
:10833000D3F83414C2F86015D3F83814C2F86415B1
:10834000D3F83C14C2F86815D3F84014C2F86C1581
:10835000D3F84434C2F8703505F029FB18B13C4B12
:108360003C4AC3F88C2605F022FB18B13A4BFB229D
:10837000C3F8182505F01BFB58B14FF080424FF0B1
:108380008051D2F8E43ED1F8581261F30303C2F8E9
:10839000E43E05F00CFB20B1304B4FF40072C3F803
:1083A00040264FF08053D3F83031082B17D14FF0CF
:1083B0008043D3F80024D20744BF6FF00102C3F812
:1083C00000244FF08053D3F83431042B81BF4FF099
:1083D0001023D3F808224FF08043C3F858254FF0FC
:1083E0001021D1F80C32DB0714D51D480123C0F849
:1083F0000435FFF753FFD1F80C3223F00103C1F825
:108400000C32FFF74BFF0023C0F80435FFF746FF9F
:10841000FFF732FFD1F80032002B03DBD1F8043232
:10842000002B14DA0E4901234FF01020C1F8043557
:108430001224FFF733FFC0F80042FFF72FFFC0F808
:108440000442FFF72BFF0023C1F80435DEE710BD1F
:10845000005000404881030000F0004000900240BE
:1084600000E00140014B1860704700BF142300205A
:10847000014B186805F0ADBA14230020014B1868B1
:1084800005F0C5BA14230020024B1868043005F02B
:10849000A0BA00BF14230020024B1868043005F076
:1084A000B6BA00BF14230020014B00201B681847F8
:1084B00018230020014B1B68184700BF1823002019
:1084C00010B50C4C237993B9012323710A4B20601A
:1084D000002818BF184600F04BF850B92368074829
:1084E000002BBDE8104008BF184600F091B86FF0AF
:1084F000770010BD18230020A9840000B584000077
:1085000008B5064B1B682BB10020FAF78FF908B9A4
:10851000FAF76AF9024B01221A7008BD18230020ED
:108520005733002038B54FF080440123C4F8083396
:1085300063600023C4F80031D4F8003142F21075B2
:10854000D4F80C24D4F80C34D20307D5DB0705D5B6
:10855000012005F03CFA013DF2D138BD05F08DFA5D
:108560000028FAD0014B00225A71F6E720230020A0
:1085700010B508490C794CB9012308600B7105F05E
:108580007CFA08B9002010BD4C71FBE76FF0770052
:10859000F9E700BF202300204FF080430022C3F8FA
:1085A0000021D3F80021094901221A60096811B19C
:1085B000C3F804237047D3F80021002AFBD000221F
:1085C000C3F80021D3F80031704700BF20230020FA
:1085D00010B54FF08043D3F80423D20715D5D3F854
:1085E000002192B10022C3F800210121D3F800211B
:1085F000C3F8081305F041FA044B10B15A7922B9B7
:108600005971BDE810401B68184710BD2023002099
:10861000074A13794BB901215371106011714FF062
:1086200080421846C2F8183570476FF077007047DF
:108630002823002010B54FF080431B4CD3F81814AA
:10864000D3F8182411F4803F15D0900701D005F01D
:1086500034FA4FF080430022C3F81825C3F80421F0
:10866000D3F8042101229A60226872B9D3F8042158
:10867000002AFBD011E0D3F81424D107E9D5D3F8B0
:108680001C249207E3D122681AB10222C3F8042302
:1086900010BDD3F80421002AFBD00022C3F8042126
:1086A000D3F80431F4E700BF2823002038B54FF099
:1086B0008041D1F80C24D1F80C34D0032AD5DA0744
:1086C00028D5D1F81834DB0324D5154C637903F091
:1086D000FF0213BBC1F80C210125D1F80C316571E3
:1086E00005F0DCF910B10223C1F8343C4FF08043AF
:1086F0001D61226822B10822C3F80423002038BD7E
:10870000D3F80C21002AFBD00022C3F80C21D3F8A7
:108710000C31F3E76FF07600F1E76FF00F00EEE752
:10872000282300202DE9F0414FF08043164FD3F865
:108730000443012504F01A0400260CB9BDE8F081B9
:10874000B4FA84F1C1F11F018B0003F580739BB271
:1087500003F1804305FA01F2186892B224EA020498
:108760000028EAD04FF080481E60082A1B68C8F82D
:10877000082305D105F092F908B1C8F8346C7E7170
:108780003B68C8B29847D8E728230020036803F065
:108790001F025B09026004D0012B034818BF0020B0
:1087A00070474FF0A040704700030050034A430950
:1087B00000F01F00D35C1844C0B27047D50101001F
:1087C000024611F0010030B515D18B07C1F340000E
:1087D00022D51249D1F8200550604FF08052C1F8DF
:1087E0002005D2F83021082A08BFD1F8202500380A
:1087F00018BF012010E04FF0A0444FF08055D4F88E
:1088000020351360C4F82035D5F83051082D08BF45
:10881000D4F82045002BD8D030BD00BF0003005055
:10882000F7B504460846FFF7C1FF04EB40060D46C6
:10883000B38ADB072AD5204605F042FA29462046AE
:1088400005F0AEF950B1204605F0C0F9276807EBF6
:1088500080000023C0F81035C0F8103529462046A6
:1088600005F0DDF90021B18201A80195FFF78EFF27
:10887000019B00EB8300074BD0F80027134043F027
:108880000203C0F80037084603B0F0BD6FF01500D2
:10889000FAE700BFF0F8FCFF014805F0B8B800BFE8
:1088A000D808002010B504480C4605F092F80028BE
:1088B000A4BF2070002010BDD80800202DE9F04F83
:1088C000074689B057F8049BD9F80413C9B2834608
:1088D000082241F00041484605F0CAF9051E2FDA8A
:1088E0000023032106A8CDE90633FFF769FF634B98
:1088F00001930DF118084FF0000A019A604912F82F
:10890000013B0192DA0803F007038A5C22FA03F3C1
:10891000DB071CD40AF10103022B08F104084FF015
:10892000010AEAD14FF000410022484605F0A0F9C3
:10893000032106A8FFF744FF0028D8D125F0004501
:108940000124002D40F0848009B0BDE8F08F4D4B2C
:1089500053440293D8F80060002EDBD0029B96FAB5
:10896000A6F61C78B6FA86F646EA44142046FFF7C7
:108970001DFF0BEB4000F208818A18F802000594F5
:10898000C1F382030393009306F00706012303FA61
:1089900006F620EA060008F8020005A8FFF7F6FE32
:1089A000059A039B02F5E07211F0100F50F8226057
:1089B000C6F3014633D0009A3846214605F010F937
:1089C00005A80594FFF7E2FE059B03F5E073F6B2F8
:1089D00050F82330C3F301439E4207D100212046C3
:1089E00005F0CFF83146204605F0CBF805A80594F0
:1089F000FFF7CCFE059B012202FA03F3C0F82035F5
:108A00004FF08053D3F83031082B01BFD0F8203518
:108A1000D0F82035D0F82035D0F820359AE7022E4E
:108A200014BF022103212046039305F0AAF8039BFB
:108A3000032B03D0022E07D1012BD7D1009A214658
:108A4000384605F0CDF8D1E7032ECFD1022BF4E75D
:108A500095FAA5F3B3FA83F304FA03F225EA0205C3
:108A600003F5A2720BEB430359F82220B3F87C10F4
:108A7000C2F30142384605F0B3F862E7E5010100B0
:108A8000A8F20000E501010010B5174C23783BBBAC
:108A90000278C2F3400392070FD54FF08053D3F80A
:108AA0003021082A08D1D3F83431022B02BF4FF00D
:108AB00080430122C3F8382601234FF08042C2F8D8
:108AC0008035037803F00103C2F878350020F9F708
:108AD000ADFE08B9F9F788FE01232370002010BD10
:108AE0006FF07700FBE700BF583300204FF0804362
:108AF0004FF46072C3F80823014B00221A607047DC
:108B00003023002008B5FFF7F1FF03680BB1014ADD
:108B1000136008BD3023002010B54FF08043D3F818
:108B20000443620707D54FF4847005F0A0FA10B132
:108B30001E4B1B689847A30608D54FF48A7005F0B2
:108B400096FA18B11A4B00201B689847600608D5A2
:108B50004FF48C7005F08BFA18B1154B01201B688F
:108B60009847210608D54FF48E7005F080FA18B1A9
:108B7000104B00201B689847E20508D54FF4907011
:108B800005F075FA18B10B4B01201B689847A30537
:108B90000AD54FF4927005F06AFA28B1054BBDE88A
:108BA00010401B680220184710BD00BF382300206A
:108BB0003423002030230020F8B51B4A0C68B2FB98
:108BC000F4F304FB132565BB94422AD85A1E12EA1B
:108BD000030526D1B3F5007F23D802680F79D2F8B8
:108BE00004454E7967F30104C2F80445D2F808152C
:108BF00093FAA3F3B3FA83F366F30101C2F80815FD
:108C0000C2F810350068402300F58072D550D15865
:108C10000433582BFAD140F30730F9F7E5FD002073
:108C2000F8BD6FF01500FBE70024F40008B5124B07
:108C3000A8220021184605F080FF032202610F4997
:108C400042610F4A8161C2614FF480620262002278
:108C500082624262C26201660A49416610218166EF
:108C6000094902670346C266426711F8010D98542C
:108C70000132102AF9D108BD10040020580001006B
:108C80001000002000000020F70101002DE9F74F3F
:108C9000DFF88880182606FB008700FB066646443E
:108CA0007D6AD7F828C07368AC4581468B46144668
:108CB00003EB050025D83B6AA3EB050A0AF1FF3E4A
:108CC000724507D82C4405F02AFF7C62012003B0CE
:108CD000BDE8F08FE64472451ED85246019305F078
:108CE0001EFF019B2C44E41A05D0706822460BEB52
:108CF0000A0105F014FF182303FB0988C8F8244073
:108D0000E4E70CF1FF3CACEB050C944504D325449F
:108D100005F005FF7D62D9E70020D8E710040020A8
:108D2000034B182202FB00339A6A586A801A704774
:108D30001004002010B4084A08490023C85C12F847
:108D4000014D844204D10133102BF7D110BC704780
:108D500010BCFFF76BBF00BFF7010100100400203B
:108D600010B50446F8F7B2FC0348044A012102F0AA
:108D7000E8FF204605F020FA00F000006100010045
:108D80002DE9F843044600AF0D46EFF31188402368
:108D900083F31288BFF36F8F04282A4A98BF2A4BA7
:108DA0009668117C94BF53F82030284BE9468AB06E
:108DB0006A462748CDE9073140F20133ADF8243047
:108DC000244BCDE9050442F8103F234800234FF41B
:108DD0003151F8F749FDCD4645B1EB69C3F30803BE
:108DE00023B11E4A1C48012102F0ABFF2EB13046D0
:108DF00005F02FFC08B1037803B91948E9468AB099
:108E00006A46184B0790CDE9053640F20133ADF8BC
:108E10002030154B42F8103F00230F484FF41151FA
:108E2000F8F722FD2946CD462046FFF799FF88F343
:108E30001188BFF36F8F3046F9F7A8FDBD46BDE836
:108E4000F88300BF3C230020ACF20000700001005A
:108E5000860001000500000100F00000AE000100E6
:108E60007E000100CF0001000400000138B50A4B6C
:108E700053F82040013053F82050A54200D838BDA7
:108E8000606830B1037EDB0701D405F072F9083465
:108E9000F3E723689847FAE7C0F2000070B52A4B61
:108EA0002A4C2B4D86B0012203201A70FFF7DEFFFB
:108EB00005F034FE0420FFF7D9FF2646AE4204F148
:108EC00030040FD300F0B6FF204CAC4226D300F0A4
:108ED000C5FFF7F781FB1F4A938923F001039381B4
:108EE00006B070BD54F80C3C059354F8103C049344
:108EF00054F8143C039354F8183C029354F81C3C67
:108F0000019354F8203C009354E90A2354E90C01DE
:108F100000F08EFD54F8303C5E65CEE7D4E90A23BC
:108F2000B3F1FF3F08BFB2F1FF3F05D052EA0301A2
:108F3000206803D105F064FC3034C6E706491830D8
:108F400001F0A0F9F8E700BF5933002000EF00005E
:108F500000EF0000A81500202FE7000070B5164EA6
:108F6000164D1749882386B003FB006601220023B3
:108F7000CDE904230F22CDE902320193142303FB30
:108F8000005504464FF4C07000FB04110D4B0095D2
:108F90004FF4A072304600F04BFD337C0A4AEE607D
:108FA00023F0040333744FF4046304FB03331344CA
:108FB0002C746B6006B070BD201500203C2300208F
:108FC000C04B002063E30000804300207FB50020F9
:108FD000FFF74CFF2A4B83F308882A4C636943F45C
:108FE00000736361E02384F8223000252023E377B7
:108FF00025766576A57684F82050636A43F4E023ED
:10900000636284F82350F9F759FBF9F7A9FC4FF094
:10901000FF33A362E362F9F7D9FDF9F721FDF8F711
:10902000AFFA1948194C00F07BFDF9F7F9FF012060
:10903000FFF71CFF0220FFF719FF00F039FF144B68
:1090400014495C61144B059301234FF40062CDE990
:109050000353CDE90155114B0095204600F0E8FC83
:10906000237C064623F004032046237405F02BFBE3
:109070002846FFF773FF094A31462046F9F752FCAC
:10908000C04B002000ED00E030160020A8150020A5
:109090003C230020404D0020310101009D8E000046
:1090A00038B5064C064DAC4201D3002038BDD4E99A
:1090B0000112204605F0CAF81434F4E7640A0020CF
:1090C000780A002030B585B0DDE90845034B0293EE
:1090D000CDE9004505F078F805B030BD99B1000044
:1090E00038B5074C074DAC4201D3002038BD2046AF
:1090F00005F0D0F808B91C34F5E76FF01500F5E776
:10910000480A0020640A002073B50C46EFF3118171
:10911000402585F31288BFF36F8FC5685DB1256068
:109120002B68C360836901338361002081F3118858
:10913000BFF36F8F11E052EA030603D125606FF091
:109140000B00F3E7CDE900230246083000F0D0FD24
:1091500018B9034B9B685B69236002B070BD00BF08
:109160003C230020F7B50D4604469DF82010EFF390
:109170001187402080F31288BFF36F8F266AE06862
:10918000864240D22668B4421AD0CEB1304605F0AD
:10919000F3F806F1180005F0C1FB54F8082F7069C8
:1091A0002946002505F0BBFC3046C6F8805005F086
:1091B0008AFA2046394605F0E0FA284603B0F0BDA9
:1091C000A268A9B1E069294605F0A9FCE369A26893
:1091D00013446269E361934201D12369E361236A25
:1091E00001332362002087F31188BFF36F8FE5E717
:1091F000A0692369984208BF6069801AA061294666
:1092000005F08DFCEBE752EA03010BD007498968B2
:1092100004F108004D61CDE900233946224600F0F3
:1092200067FDCBE76FF02200DDE700BF3C230020A5
:10923000F7B504460846EFF31186402181F3128802
:10924000BFF36F8F216A00293BD0A268A16905F0A6
:1092500066FCA369A268256813446269A36193420E
:1092600004BF2369A361236AAC4203F1FF33236285
:1092700036D02846002D34D005F07EF805F11800D0
:1092800005F04CFB6969A268E06905F048FCE369F8
:10929000A26813446269E361934204BF2369E361F6
:1092A000236A0027013323622846C5F8807005F041
:1092B0000AFA04F10800314605F05FFA384603B0B7
:1092C000F0BD52EA030111D00A4989684861CDE92D
:1092D00000233146224604F1080000F009FDEEE7C4
:1092E000002086F31188BFF36F8FE8E76FF022004C
:1092F000F7E700BF3C2300202DE9F3410446174661
:109300001E46EFF31188402383F31288BFF36F8F5B
:10931000304BC2689B6872B18068984217D057EA98
:10932000060216D188F31188BFF36F8F6FF00F001C
:1093300002B0BDE8F08193F90E1021610132C4E959
:10934000023288F31188BFF36F8F0020F0E72169A4
:10935000F3E793F90E1090F90E30994230DA994202
:10936000A8BF194605F01CF80546CDE900761A4855
:109370002246414600F0BCFC0028E6D0EFF31186FF
:10938000402383F31288BFF36F8FA068D0B12368A6
:1093900021699C420AD04BB193F90E309942A8BF83
:1093A00019466FF07F039942B8BF194604F0F8FFE1
:1093B00040B10948314605F0E0F96FF00A00B7E71F
:1093C0000025D2E7002DF4D186F31188BFF36F8F0B
:1093D000F3E700BF3C2300205A330020F8B5836830
:1093E0000546002B40D0234A926893423FD1C36880
:1093F000012B03D9013BC3600020F8BDEFF31187B7
:10940000402383F31288BFF36F8F0169806804F0F3
:10941000C7FF2C68A54207D10023C5E9023387F3B3
:109420001188BFF36F8FE7E7002CF5D0D4E9003245
:1094300013605A60237C002623F002032374C4E9DE
:109440000066A66004F1180005F068FAAC6094F9B3
:109450000E302B612046C4F8806005F034F90648D0
:10946000394605F08AF9C7E76FF01500C5E74FF0F8
:10947000FF30C2E73C2300205A33002037B51146A5
:10948000EFF31185402282F31288BFF36F8F0468D7
:109490009CB12368426823F003039442036008BF31
:1094A00043600121204604F0FFFF044685F3118844
:1094B000BFF36F8F204603B030BD51EA0302F5D0F1
:1094C00000F10802CDE900131046294600F010FC17
:1094D0000028EFD1014B9B685C69EBE73C2300203F
:1094E00070B5EFF31186402383F31288BFF36F8FBB
:1094F0000468A0421BD0D4B1D4E9003213605A6092
:10950000237C002523F002032374C4E90055A560E1
:1095100004F1180005F002FA2046C4F8805005F066
:10952000D2F831460748BDE8704005F026B9D0E9C9
:1095300002329A4218BF0133836086F31188BFF369
:109540006F8F70BD5A33002013B5EFF311814024A3
:1095500084F31288BFF36F8F846844B1013C846048
:1095600081F31188BFF36F8F002002B010BD52EA63
:10957000030406D181F31188BFF36F8F6FF00F00E2
:10958000F3E7CDE900230246014800F0B1FBECE728
:109590005A33002070B50546EFF31186402383F35C
:1095A0001288BFF36F8F00232C68A54219D0C4B175
:1095B000D4E9003213605A60227C002322F00202B8
:1095C000C4E900332274A36004F1180005F0A6F981
:1095D0006FF00A03C4F88030204605F074F80123C8
:1095E000E2E70022AA6023B986F31188BFF36F8FE8
:1095F00070BD31460248BDE8704005F0BEB800BFFE
:109600005A3300202DE9FF41544E04464027EFF322
:10961000118887F31288BFF36F8FD4F88C50F5B997
:10962000022104F1A40004F078FF002870D004F1B6
:109630009C0500220121284605F002F90028F8D1F6
:10964000002302934FF0FF324FF0FF33CDE90023A8
:10965000414604F19402424800F054FDD7E7D4F8A3
:1096600090202B68C4F88C30954208BFC4F8903025
:10967000D4F8A43043F00203C4F8A430EB6823F01C
:10968000040343F00103EB606B6888F31188BFF3B8
:109690006F8F28469847EFF3118887F31288BFF33E
:1096A0006F8FEB68D80623F001023ED4EA60EB68C6
:1096B0009A0717D5306823F00203EB6090B1036876
:1096C000002178B1426895423DD10368002934D128
:1096D00072683360904200D17360002340F8083B09
:1096E000FFF7FEFED4F8A43023F00203C4F8A43040
:1096F000DB0530D4D4F88C30003B18BF012388F34D
:109700001188BFF36F8F002B81D000F0D9FB7EE76B
:10971000D4F8A430D90693D5C4F8A40088F31188EE
:10972000BFF36F8F04B0BDE8F08123F01103EB604D
:1097300005F11000FFF7D4FEB9E70B60736898429B
:1097400008BF7160C9E701461BB11A681846134685
:10975000B7E71A46FAE70023D1E700BF5C230020F1
:109760005A330020F8B5C3689A0704460E46C3F37F
:10977000400542D45F0742D40B680BB983680B6085
:10978000E368D80744BFA368336037684CBF02253D
:10979000012557B31B4B9A68D7F888309A421ED1DF
:1097A00004F04EFF80F00100C0B2D7F8A430D90712
:1097B000C3F380021CD5F2B1F8B100232360D7F8BF
:1097C000903073B9C7E92344384604F0C0FEE3681B
:1097D00043F00403E3603368A3602846F8BD00202B
:1097E000E3E71C60C7F89040EEE76FF0150506E070
:1097F0006FF0120503E01B07DFD56FF00F050023A4
:109800003360EAE73C2300200146014804F0E9BE4A
:10981000D8160020F0B589B004460020C4E9230022
:109820000E9D04F19400C4E9250004F19C00C4E9F4
:10983000270055B32879002840F2011008BF012005
:10984000C4F8A40000204FF0FF364FF0FF37CDE9F9
:109850000330CDE90100CDE906670D4B00942046A9
:1098600000F032F955B1296811B1204604F0EEFE3E
:109870006B791BB1A38943F00103A381204604F057
:10988000BFFFC4F8884009B0F0BD0120D8E700BF91
:109890000596000037B501900846EFF3118440218A
:1098A00081F31288BFF36F8FC16811F01E0F16D1BC
:1098B00053EA020508D101A9FFF754FF84F3118888
:1098C000BFF36F8F03B030BD41F00801C160019953
:1098D00081620449103000F0D5FC0120EEE7002041
:1098E000ECE700BF5DE5000001460148FFF7D2BF8D
:1098F000D8160020F7B50C46019016461D46EFF32A
:109900001187402383F31288BFF36F8F084604F05A
:109910000FFE55EA060309D101A92046FFF722FFF1
:1099200087F31188BFF36F8F03B0F0BDE368074979
:1099300043F00803E360019BA36232462B4604F127
:10994000100000F09FFC0120EAE700BF5DE5000089
:1099500001460148FFF7CEBFD81600202DE9F0419F
:109960000546EFF31187402383F31288BFF36F8F0F
:109970000468A0421CD0DCB1204604F054FE04F17F
:10998000180004F0CBFF0026B046C4F880802046C3
:1099900004F099FE2C68A54206F1010610D07CB1B6
:1099A000204604F040FE04F1180004F0B7FFECE795
:1099B00087F31188BFF36F8F00263046BDE8F08132
:1099C0000248394604F0D9FEF7E700BF5A330020B9
:1099D0002DE9F3411C4652EA040307460D4616469C
:1099E00008D10846FFF7FAFC6FF00A04204602B0DF
:1099F000BDE8F081EFF31188402383F31288BFF3B1
:109A00006F8F0846FFF7EAFCCDE9006407483A4645
:109A1000414600F06DF904460028E7D14FF0FF32CF
:109A20004FF0FF332846FFF767FCDFE75A3300208B
:109A30002DE9F043073285B022F007020E461F469B
:109A40001099818100F158037F32C0E91633044632
:109A5000002322F03F020421836001743F2A0F9803
:109A6000A073C4E90633E37306F14009A2F140088C
:109A700005D883F31188BFF36F8F084602DFB5184E
:109A800029462046F8F7CEFB07300E9B20F0070052
:109A90002067C4E91A9802930D9B01932D1A0C9B21
:109AA00000932A463B4631462046F8F709FF00233B
:109AB0006365044B9B6803B15B6F6367284605B021
:109AC000BDE8F0833C230020F0B587B00025059564
:109AD000109D04950F9D03950E9D0295DDE912766C
:109AE0000D9D01950C9D00950446FFF7A1FFB6F171
:109AF000FF3F08BFB7F1FF3F05D056EA070305D186
:109B0000204604F07DFE204607B0F0BD3A463346BD
:109B100004F11800014900F0B5FBF4E72FE700005D
:109B20000123037483810023C0E91A334367014B87
:109B3000986070473C2300200A4A93686FF00A013E
:109B4000C3F880100849D8674B6843F080534B60D6
:109B5000002383F31188BFF36F8F9368D3F88000DD
:109B6000704700BF3C23002000ED00E070B590F985
:109B70001020037C002A2FDBD9062DD11A4C63F06C
:109B80007F032246037452F8183FE169934207D1DC
:109B9000C0E900210860E0610FE09942F8D01B683D
:109BA000002BF5D093F90E6090F90E50AE42F4DD23
:109BB0005968C0E9003108605860A569954200D035
:109BC00005B9E568A3681A7CD20606D1DA897F2A2E
:109BD00003D9AA690AB9636170BDAB4202D02846B5
:109BE00000F0D2FA6561F7E73C23002038B590F920
:109BF0001020037C002A014604DA03F07F0303747B
:109C000004F029FD0D4D2A46AB6852F8184F9442D6
:109C100000D004B9EC688B4207D01A7CD20604D17C
:109C2000DA897F2A01D9A2692AB1A34202D020464B
:109C300000F0AAFA23466B6138BD00BF3C23002028
:109C4000B3F1FF3F08BFB2F1FF3F03D00249183024
:109C500000F018BB704700BF2FE70000034648B96B
:109C6000EFF3058232B9064A51699268914201D0F8
:109C7000FFF762BF83F31188BFF36F8F704700BF98
:109C80003C23002038B5184CA168E0690B6881427C
:109C900014BF1A46002249680B605960A368E16945
:109CA0002AB9124AC3E900210B60E3610AE092F984
:109CB0000E5093F90E00854212DD5168C3E9002170
:109CC0000B605360A569094B9D4200D005B9E5685A
:109CD000A3689D4202D0284600F056FA656138BD5F
:109CE0008A42DED01268DBE73C23002054230020A8
:109CF000F8B50E4B0C4611460D4A98681060DDE928
:109D00000667EFF31182402282F31288BFF36F8F50
:109D10009D68284604F0B1FC284632463B46FFF7D2
:109D20008FFF2046BDE8F840FFF706BF3C23002028
:109D300064230020F8B50446EFF31187402383F332
:109D40001288BFF36F8F037C03F01F02002A0CBF41
:109D50000126002649B235D103F07F03037404F0D5
:109D60007AFC294D037C817363F07F032A460374D8
:109D700052F8183FE869934207D1C4E90020046013
:109D8000EC610DE09842F8D01B68002BF5D093F9F8
:109D90000EC08C45F6DD5968C4E900310C605C608A
:109DA000AC69944200D004B9EC68AB689C4202D024
:109DB000204600F0E9F96C6187F31188BFF36F8FDB
:109DC0003046F8BD9B071CD5856804F044FC8173C0
:109DD0002B689D4209D16B68C4E900531C606C601C
:109DE000EAE76A689A42F6D01B68002BF3D093F931
:109DF0000E208A42F5DD5A68C4E9003214605C60C6
:109E0000DAE78173D8E700BF3C230020034648B956
:109E1000EFF3058232B9064A51699268914201D046
:109E2000FFF78ABE83F31188BFF36F8F704700BFBF
:109E30003C230020EFF31181402383F31288BFF30A
:109E40006F8F054B9A68D37B013BD37381F31188E5
:109E5000BFF36F8F704700BF3C23002070B5EFF356
:109E60001186402383F31288BFF36F8F0F4DAB68C9
:109E7000DA7B0132DA732A4652F8184F944200D046
:109E800004B9EC681A7CD20604D1DA897F2A01D998
:109E9000A2692AB19C4202D0204600F075F92346FF
:109EA0006B613046BDE87040FFF7D8BE3C23002010
:109EB000024B03F11802C3E9062270473C2300203D
:109EC00070B5EFF31186402383F31288BFF36F8FD1
:109ED0001A4CA168E0690B68814214BF1A4600223F
:109EE00049680B605960A368E1692AB9144AC3E95B
:109EF00000210B60E3610AE092F90E5093F90E0025
:109F0000854216DD5168C3E900210B605360A569E5
:109F10000B4B9D4200D005B9E568A3689D4202D075
:109F2000284600F031F965613046BDE87040FFF722
:109F300003BE8A42DAD01268D7E700BF3C23002074
:109F400054230020F8B550EA010306460C4603D11D
:109F5000FFF7B6FF0020F8BDEFF31187402383F32E
:109F60001288BFF36F8F124D124BA8681860FFF76D
:109F70003DFEA868104923463246183000F082F9A9
:109F8000AA68137C43F00403137404463846FFF7B1
:109F9000D3FDAB68D3E90A23B3F1004F08BF002A11
:109FA000D8D104F0F0FC201A20EAE070D3E700BF1B
:109FB0003C230020642300202FE70000014B986819
:109FC000704700BF3C2300202DE9F84304468789F1
:109FD000EFF31186402383F31288BFF36F8F037C66
:109FE000190705D586F31188BFF36F8FBDE8F88395
:109FF000D90943F008026FD10274A36813B1204657
:10A0000004F031FB04F1180004F088FCA56D04F1A4
:10A010005808A84511D04FF0000975B1284604F042
:10A0200022FB05F1180004F079FCC5F88090284661
:10A03000FFF79CFDA56DA845EFD1DFF8BC80D8F8EF
:10A0400008309C4250D1EFF30589B9F1000918BFDF
:10A050004FF00109D8F81850284A954200D00DB9A0
:10A06000D8F80C50AB4202D0284600F08DF82046BC
:10A07000C8F8145001F016FFB9F1000F02D02048C3
:10A08000FFF74EFDD8F808309C4230D1EFF305833E
:10A090006BBBA289D20711D586F31188BFF36F8FEE
:10A0A00083F31188BFF36F8F0423184602DFEFF3A9
:10A0B0001186402383F31288BFF36F8F3046FFF77A
:10A0C0003BFDFB0792D5002383F31188BFF36F8F0D
:10A0D0000423184602DF89E703F07F0343F00803F7
:10A0E000037404F0B8FA88E74FF00009B2E786F38A
:10A0F0001188BFF36F8FE4E73C2300205423002036
:10A1000030160020D3B5DDE90667089CCDE900676D
:10A11000FFF7EEFD1CB1034B9B685B69236002B047
:10A12000D0BD00BF3C230020027C12F01F0203467A
:10A1300010D10A4988420DD00949086868B1D98907
:10A140007F2909D893F90E20064B1B689A42B8BFA5
:10A1500000207047002070471046704720150020EF
:10A16000DC08002068230020044BC01A044BC010F8
:10A170005843044B01221A54704700BFB816002000
:10A18000ABAAAAAA5A33002070B50C4B0C4D1E7C0A
:10A19000FFF7CAFF182303FB06550446284604F0C0
:10A1A000BDFB084B00229A553CB1621E2846064969
:10A1B000BDE87040D31700F065B870BD3C230020A7
:10A1C000B81600205A33002069A1000038B5EFF31B
:10A1D0001185402383F31288BFF36F8F0F4B104A12
:10A1E0009C681068A04206D1FFF7CEFF85F3118866
:10A1F000BFF36F8F38BD00211B7C1160094AD35C0F
:10A20000002BF3D02046FFF78FFF0028EED0237CF1
:10A21000DB0601D1FFF736FD2046E5E73C230020B1
:10A22000642300205A330020024B1868984208BF6C
:10A2300000207047E0080020034B1B680BB9FCF7B7
:10A24000DBBA0020704700BF6C23002030B570B12E
:10A250000B4B5B6898420AD0036843B1D3E90421F1
:10A26000D0E90445121941EB0501C3E90421D0E905
:10A27000003213605A600023C0E9003330BD00BFD4
:10A28000E0080020B3F1FF3F08BFB2F1FF3F2DE926
:10A29000F84F0446994615461F467AD08160EFF381
:10A2A0001188402383F31288BFF36F8FB9F1000F39
:10A2B000DFF8E4A020DBFFF7BFFFDAE90027013574
:10A2C00049F100092D1849EBE073C4E90453AD18B6
:10A2D000064643EB07074FF00109FFF7A5FFDFF83C
:10A2E000BCE0DEF804A00346EBB9C4E900EACAF812
:10A2F0000040CEF8044028E0DAE900126FF00103D4
:10A300005B1A4FF0FF3161EB02025B1B62EB09024B
:10A31000012B72F10001BCBF01230022C0E904320D
:10A320004FF00009D9E7D3E9041CD4E904208A429C
:10A3300070EB0C0B24DA891A5A686CEB0000C3E945
:10A340000410C4E9003214605C60FFF76DFF8442C2
:10A350000ED1134B1B685BB9B9F1000F02D1FFF7A7
:10A360006BFF0646304604F0C2FA0021FCF716FAED
:10A3700088F31188BFF36F8F28463946BDE8F88F00
:10A38000521A60EB0C005345C4E90420ADD01B68A1
:10A39000AAE700252F46EFE7D0160020E0080020AE
:10A3A0006C2300202DE9F047DFF8A890DFF8A880A3
:10A3B000C9F800000246FFF737FF0D4600260027C8
:10A3C000D8E900134FEAE27E50B1D0E9044CA24232
:10A3D0007EEB0C0A1BDAA41A6CEB0E06C0E90446ED
:10A3E00052184FF0000443EB0E032046C8E9002347
:10A3F000C9F8004004F07BFA2146FCF7CFF985F359
:10A400001188BFF36F8FBDE8F047FFF7DFBE61181B
:10A4100043EBE473C0E90467C8E90013FFF716FFD4
:10A4200001224FF00043C0E9042385F31188BFF3F4
:10A430006F8F83689847EFF31185402383F3128869
:10A44000BFF36F8FD9F80020121BC9F80020FFF767
:10A45000EBFEB5E76C230020D016002010B5EFF31B
:10A460001184402383F31288BFF36F8FFFF7E4FE5C
:10A47000054A0346D2E90001181841EBE37184F361
:10A480001188BFF36F8F10BDD0160020F8B50446B9
:10A49000EFF31187402383F31288BFF36F8FD0E966
:10A4A0000423B3F1004F08BF012A04D087F31188B9
:10A4B000BFF36F8FF8BDD0E90A566A1C46F100035E
:10A4C000022A73F1000334D3013D46F1FF36002E1A
:10A4D000BCBF00252E4604F05AFA013041F10001BC
:10A4E000401946EB0101012871F1000148DB04F03D
:10A4F0004EFA013041F100016FF00203401946EBC2
:10A50000010183426FF000438B413EDB04F03FFAD0
:10A51000013041F100016FF00102401946EB0103E7
:10A52000121A4FF0FF3161EB03031A492046FFF77F
:10A53000A9FE236B01332363236A63B187F3118878
:10A54000BFF36F8F20469847EFF31187402383F3C3
:10A550001288BFF36F8F54F8185FA542A6D0002D64
:10A56000A4D0284604F0BEF80023C5F8803087F355
:10A570001188BFF36F8F2846BDE8F84004F0A3B8F8
:10A580006FF001024FF0FF33CFE700224FF000439E
:10A59000CBE700BF8DA400002DE9F04105461C4625
:10A5A00090461F46EFF31186402383F31288BFF3D2
:10A5B0006F8FB4F1FF3F08BFB2F1FF3F05D186F3C3
:10A5C0001188BFF36F8FBDE8F081002C09DB012AF1
:10A5D00074F10003BCBF0122002412F1FF3844F1E2
:10A5E000FF37284604F09AF9DDE906010023C5E9A2
:10A5F0000A012B6342463B4628460249FFF742FECA
:10A60000DDE700BF8DA4000070B50546EFF31184AF
:10A61000402686F31288BFF36F8F04F07FF920B1D4
:10A6200084F31188BFF36F8F70BD6B6A63B184F3DD
:10A630001188BFF36F8F6B6A28469847EFF3118438
:10A6400086F31288BFF36F8F05F1180004F07FF8CE
:10A650000028E5D004F037F821460248BDE87040F4
:10A6600004F08BB85B33002073B50446EFF311861A
:10A67000402383F31288BFF36F8F8368594003EA46
:10A6800002050A405340009300226B46084901929C
:10A6900004F0F9F8DDE9003223EA020304F10C00CA
:10A6A000A360314604F069F8284602B070BD00BFCF
:10A6B000BDEA0000F8B507460C46164603F0C0FF99
:10A6C00008B10020F8BD0D4B9B685D6F002DF8D0E0
:10A6D000221DF6D2EFF31184402383F31288BFF3D7
:10A6E0006F8F47F004012846B04784F31188BFF309
:10A6F0006F8F0028E5D040F8045BE3E73C2300209F
:10A700000146024A0020FFF7D5BF00BF93B1000009
:10A7100007B5074B0093074907484FF0FF334FF445
:10A72000C062FFF777F8002003B05DF804FB00BFBC
:10A73000D8F2000080550020D816002010B50A4C31
:10A7400023681BB101232360002010BD00F0F0F846
:10A750000028F7D00138062803D8044B53F820000E
:10A7600010BD034810BD00BF70230020E4F20000BC
:10A77000FE8FFFFFBFF34F8F0549064BCA6802F4F7
:10A78000E0621343CB60BFF34F8F00BFFDE700BF14
:10A7900000ED00E00400FA0510B4094B09490A4C29
:10A7A0004FF0FE32C3F800244968C3F80424C3F80C
:10A7B0000824C3F80C240023C4F8003510BC084753
:10A7C00000B00250E808002000A00250D0E90012BA
:10A7D000014BC3E900127047E808002010B5044699
:10A7E00050B1636813F0685F05D0064A934202D007
:10A7F00000232360626010BD034B04485B689847E8
:10A80000EFE700BF2C5F5CA9E808002000F3000020
:10A81000C8B143680D4A934213D013F0685F0ED05D
:10A82000012350E8002F194640E8001C9CF0000F5F
:10A83000F7D1012AF5D0BFF35F8F0020704704489D
:10A840007047044870476FF4E04070472C5F5CA984
:10A85000E98FFFFFEA8FFFFF80B14368094A934207
:10A860000AD013F0685F05D0BFF35F8F0023036049
:10A870001846704704487047044870476FF4E0403A
:10A88000704700BF2C5F5CA9E98FFFFFEA8FFFFFD5
:10A8900010B5044620B1044B63600022226010BD55
:10A8A0000248FFF779FFF6E73A00003A28F3000084
:10A8B00010B5D0E90023194C6360D0E90230C4E937
:10A8C00002302260164BD1F800C0C3F800C0D1F8A6
:10A8D00004C0C3F804C01348D1F808C0C3F808C0C6
:10A8E000D1F80CC00969C3F80CC01961436813F0B2
:10A8F000685F04D00C490023C0E9003190470B4841
:10A90000436813F0685F07D0074923680022C0E955
:10A910000021BDE81040184710BD00BF0409002009
:10A92000F0080020240900202C5F5CA91C090020ED
:10A9300008B500F013F830B900F014F828B9064A49
:10A94000C2F80C0A08BD032008BD00F009F800F0A9
:10A9500043F8042008BD00BF00B00250002070473B
:10A960000020704710B5154800F05EF800B110BD2A
:10A97000134800F059F80028F9D1124C204600F095
:10A9800053F80028F3D1104B10481C6000F04CF82D
:10A990000028ECD10E4800F047F80028E7D10D4818
:10A9A00000F042F801460028E1D100F039F80446F1
:10A9B00008B900F04DF8204610BD00BF6409002022
:10A9C000600900205C09002054090020580900207B
:10A9D000500900204C09002008B50B4800F02EF863
:10A9E0000A4800F02BF80A4800F028F8094800F05F
:10A9F00025F8094800F022F8084800F01FF8BDE8E3
:10AA0000084000F00FB800BF640900206009002072
:10AA10005C09002058090020500900204C09002042
:10AA200000207047704700BF08B5034B02681B68E1
:10AA300010689847002008BD0409002008B5034BA2
:10AA400002685B6810689847002008BD0409002070
:10AA500070B5094C094D2069AB68984718B1084B8F
:10AA600008485B689847084AEB6820690021116034
:10AA7000BDE87040184700BFF0080020040900201E
:10AA8000E80800204CF300008C2300200CB430B503
:10AA90008BB004460D462022002102A804F04DF898
:10AAA00002238DF80A30002D0C4B0393069412DB21
:10AAB00001D06B1E1C440FAA0E99079402A80192A4
:10AAC00000F00EF815B1069B00221A700BB0BDE81D
:10AAD000304002B070470024EDE700BF11EC0000E9
:10AAE0002DE9F04F8BB04368009383789C07804634
:10AAF000924640F1F98000250878002800F0F680A1
:10AB000025280AD04B1C019301354146009B9847EC
:10AB10000028C0F2E3800199EEE74E788B1C252EC9
:10AB20000193F1D00027B9463C460A221F2C22D8B7
:10AB3000A6F12003102B20D8DFE803F0141F1F1A02
:10AB40001F1F1F0B1F1F1F121F171F1F090044F07D
:10AB50000104019B13F8016B0193002EE6D13AE04A
:10AB600044F0020444F00404F3E744F00804F0E77E
:10AB700044F01004EDE77F2C24D8A6F13003092B14
:10AB800008D860064EBF02FB073702FB093944F0C4
:10AB90002004DEE72A2E0DD161065AF8043B53D477
:10ABA000002BA7BF44F020049946C3F1000944F0EC
:10ABB0002804CEE72E2E05D1630600F1978044F0DD
:10ABC0004004C6E76C2E2ED028D8682E32D06A2ECC
:10ABD00037D04C2E35D0002F46F02003B8BF24F0DC
:10ABE0004004A3F16502BCBFA4B20027022A01D928
:10ABF000612B2BD10AF1070A2AF0070A9C4E0AF1B1
:10AC0000080A0727210760D506EB070B34465C4589
:10AC10005DD1AE1BA219A9EB070959E1742E98D09A
:10AC20007A2E96D0D7E7260648BF44F4007444F045
:10AC300080048EE7E00548BF44F4007444F4807457
:10AC400087E744F4207484E71F4682E7A6F1630295
:10AC5000122A00F2D880DFE812F013004D00D6006F
:10AC6000D600D600D6004D00D600D600D600D600BD
:10AC7000D600E800D100D600D6001A00D600A00009
:10AC80005AF8043B8DF81030012704AEBAE75AF8A1
:10AC9000046B784B002E08BF1E4614F0400F14BF03
:10ACA00039464FF0FF31304603F04FFF0746A9E722
:10ACB000009B41462020984700280FDB013CA7421B
:10ACC000F6D34D442D1BA1469EE74C46F7E714F8FA
:10ACD000010B009B41469847002898DA98F802300B
:10ACE00043F0040388F802304FF0FF3528460BB0DC
:10ACF000BDE8F08F220630D5A3052AD50AF1070A50
:10AD00002AF007039A4659685AF8080B24F0100BEA
:10AD100000291FFA8BFB2FDA404261EB41014BF413
:10AD2000806B04AC0A23224603F01BFF1BF0400F8C
:10AD3000A0EB040200F08E802BF001049742A4B235
:10AD400040F38F80002E40F08E802BF01104A4B2CF
:10AD50001DE05AF8040BC117D8E7E0055AF8041BA8
:10AD600001D40846F7E7A2054BBF48B208B241F349
:10AD7000C01141F3C031C9E750EA0103D1D16306E4
:10AD8000CFD5002FCDD124F01104A4B23A463B46D2
:10AD900040F206410C4262D124E024F01004A4B237
:10ADA0000A2314F0800243D014F400711FBF0AF18B
:10ADB000070A2AF007029246516814BF5AF8080B96
:10ADC0005AF8040B50EA01023ED124F0160B620639
:10ADD0001FFA8BFB3CD5002F3AD124F01704A4B204
:10ADE0003A463B4621075AD4E10705D5994572DD1D
:10ADF000A9EB03039F184B469B464AE044F010041E
:10AE000010237826CDE7782B04D1C6F1780343F0E0
:10AE10001003C6E7009B4146252098470028FFF60F
:10AE20005DAF02354146304670E608230026B8E79C
:10AE300014F480715AF8040BC4D014F400711ABFD2
:10AE4000C0B2114680B2BDE724F006041FFA84FBAD
:10AE500004AC68E713465C46E10699D52EB9013388
:10AE6000C0E71346F8E73B46F6E70233BAE700BF10
:10AE70004901010042010100CDE902324146009B37
:10AE8000202098470028FFF629AFDDE902320BF1B8
:10AE9000010BD945F0DCEB1A03EB0B055B46E10631
:10AEA00027D5CDE902324146009B30209847002843
:10AEB000FFF614AFDDE902327EB901352F44791B6C
:10AEC0008A4229DB144604AE9CBB2A44A9EB030941
:10AED0001546914442E017468EE7CDE9023202352D
:10AEE00041463046009B98470028DDE90232E5DA0A
:10AEF000F4E640F206410C42E0D014F0020F14BF19
:10AF00002B20202014F4806FCDE9023205F10105D9
:10AF1000414618BF2D20E5E7CDE902324146009BAE
:10AF2000302098470028DDE9023205F10105C6DA34
:10AF3000D4E6013CCDE90232305D009B41469847A2
:10AF40000028DDE90232BFDAC8E6009B4146202036
:10AF50009847002805F10105FFF6C0AEA9EB0503EF
:10AF6000002BF2DCD7E500BF704770B50246014404
:10AF700041F221054FF6FF7012F8013B082480EAE8
:10AF8000032006B2430098B2002E04F1FF33B8BF8D
:10AF9000684013F0FF04F4D19142EDD170BDBFF3CE
:10AFA0005B8F50E8003F013340E80032002AF8D1BF
:10AFB000BFF35B8F704700EBC100408840087047CB
:10AFC000F8B50346FFF7F7FFB0FA80F0C0F11F00B5
:10AFD00003EB800CCA00DCF81060171D0C4606322B
:10AFE0008DB256B9012101FA00F0D9680143D96048
:10AFF000CCF81040DD539D52F8BDF1000431585A91
:10B00000D85303EBC0009E52C5805D52F4E710B5E3
:10B0100000EBC104E3888B4202F104010AD1012351
:10B0200003FA02F2C36823EA0203C360002340F874
:10B03000213010BDA28840F8213000EBC20100EBA6
:10B04000C300CB808280F4E708B50346FFF7B3FF67
:10B05000B0FA80F2C2F11F021846BDE80840FFF7BF
:10B06000D6BF2DE9F843B1FA81F3C3F11F0200EB1B
:10B0700082090646D9F810700D4687B9C3F120033E
:10B080004FF0FF349C40F3681C4014D094FAA4F2B3
:10B09000B2FA82F2131D56F82340214608E03C46DE
:10B0A0004FF0030821463046FFF785FF854205D85B
:10B0B0003046FFF7ACFF2046BDE8F88306EBC4043A
:10B0C000B8F10108E488C9F81040D7D0BC42E9D1F2
:10B0D000D4E738B50446FFF76EFF0D460346114628
:10B0E0002046FFF768FF03449BB204EBC5055A00F6
:10B0F0006A802046FFF75FFF014424F8313038BDF5
:10B1000070B50446FFF757FF0B4604EBC305511A11
:10B110009B1A89B203444E009BB204EBC2006E80BE
:10B120005D00458024F8321020461146FFF743FFAA
:10B13000014424F8313070BD70B509B9002070BDEC
:10B14000056801F007030B33CC0804EBD304AB68AC
:10B150009C4228BF1C4621462846FFF782FF064630
:10B160000028EBD001462846FFF725FFA04207D96B
:10B1700032192846FFF7C4FF11462846FFF720FF83
:10B1800005EBC6021046538843F001035380043098
:10B19000D5E71146FFF7D0BF2DE9F84314464A42E0
:10B1A00002EA010931EA020203460BD04A46042AA8
:10B1B0004F4628BF0422A1EB09096CB90025284697
:10B1C000BDE8F883042904D82146BDE8F843FFF719
:10B1D000B3BF00270422F0E71E68A9EB020204F0C7
:10B1E000070302F007010B330B44E10801EBD20126
:10B1F00001EBD301B368994228BF19463046FFF7E7
:10B2000030FF80460028D9D03D1D05EBC00509F16F
:10B21000FF3335441D44B5FBF9F509FB05F5ED1B7E
:10B220002C442B1F07349B1B24F00704A41BB0EBFA
:10B23000D30F4FEAD3074FEAE40408D201463A4657
:10B240003046FFF75DFF41463046FFF7B9FE39460D
:10B250003046FFF7B0FE3844844207D230462246DB
:10B26000FFF74EFF21463046FFF7AAFE06EBC70662
:10B27000738843F001037380A1E7043A2DE9F84392
:10B28000CC1D114424F0070421F00706A6EB0408A6
:10B290004FEAD807B7FA87F2C2F12405AD004FF0A4
:10B2A00000090735C2F12002ED0804604946A76095
:10B2B000C4F80C90920004F1100003F03EFCAAB216
:10B2C000530043F0010363807B1B9BB204EBC50179
:10B2D0005800A4F80090488024F83520A6F8029081
:10B2E00024F8083004EBC70329465A8842F00102CB
:10B2F0005A802046BDE8F843FFF762BE2DE9F047CB
:10B3000006460D46174698462BB398F8004093F82A
:10B310000190DB78A40004EB430498F802301C444D
:10B3200044444FF0000ACA4509D3D8F8042008F174
:10B33000080339463046AC46BDE8F047604714F88C
:10B34000013B48F823402046F5F741F8013004441A
:10B350000AF1010AE7E76FF01500BDE8F08730B5A4
:10B3600002460024002012F8013B43B178B18C4220
:10B3700007D1702B04D0A3F140053A2D07D8002047
:10B3800030BDA3F140053A2D01D80134EAE7252B61
:10B3900008BF80F00100E6E7002070470FB407B552
:10B3A00004A951F8040B019100F048FC03B05DF8CA
:10B3B00004EB04B0704710B50369024613F00800AF
:10B3C00009D11368D4689C4297BF126AE31AD31A52
:10B3D00001200B6010BD00231846FAE713B501A940
:10B3E0000446FFF7E8FF20B1019BE268013B1344EC
:10B3F0000193206A019BC01A013802B010BD10B53C
:10B40000044650182269236AD20702D5013B18402E
:10B4100010BD984228BFC01AFAE710B504460A4684
:10B42000C168FFF7ECFF2369E06023F008032361A4
:10B4300010BD38B50D46C2698B00016843F00203A8
:10B4400042F82130044601682A46FFF7D8FFE36836
:10B4500061682060984202BF236943F008032361BA
:10B460002A462046FFF7CBFF606038BD2DE9F74F35
:10B47000D0F80CB0C669009216F82B2002F0030237
:10B48000022A08BF56F82B209A4606EB8B030F467C
:10B4900001934FF00001009B0CBFC2F39D09894648
:10B4A00019600446CAF80010B9F1000F07D04946E8
:10B4B000FFF7B3FFE368A3604FF0010804E0016900
:10B4C0008A0705D44FF00008404603B0BDE8F08F6E
:10B4D000816906EB8B00884716F82B1011F00108E4
:10B4E0000546EFD08B071DD51FB139462046FFF723
:10B4F000A0FF61682A462046FFF781FFD4E90213C6
:10B500008B42606007D12A462046FFF778FF4FF054
:10B5100000080146A0602369216043F00803E16050
:10B520002361D1E701462046FFF777FFE168A1607C
:10B530001FB12068E16941F82090EA19CAF800209B
:10B5400021682046FFF75BFF2269206042F0080275
:10B55000226116F82B2022F0010206F82B20DDE9EB
:10B5600000321A60A8E770B504461546FFF747FF9A
:10B570002368834205D12369216023F008032361F6
:10B5800070BDE269AB0043F0020342F8213020466F
:10B5900061682A46FFF733FF6060F1E738B5036959
:10B5A0005B07044606D5456AFFF718FF85422CBFA6
:10B5B0006562606238BD38B50D4604461C22002124
:10B5C00003F0BBFAEB68A361AB6863612B68E361CE
:10B5D0006B682362002262622A6923B1591E1942F4
:10B5E00008BF42F001022261012204F1280000217B
:10B5F000BDE8384002F085BF2DE9F04F9846036A58
:10B6000087B000258B4204460E4693460395059568
:10B61000AA4638D3EFF31189402383F31288BFF38E
:10B620006F8F059A2AB129462046FFF79CFF002319
:10B63000059304A92046FFF7BEFE0499B1420746D0
:10B640002AD32268E36913F8221021F0030103F8DA
:10B65000221003EB820A216832462046FFF7CFFE14
:10B66000E3682060984212D0002789F31188BFF365
:10B670006F8F039929B162690AB120469047002370
:10B680000393002FC6D1504607B0BDE8F08F236961
:10B6900043F008032361E7E718B12046FFF7C9FE2E
:10B6A000E3E75BEA08031CD0019102F0C9FF0199AE
:10B6B000B8B9B9F1000F14D189F31188BFF36F8FB6
:10B6C0005A46434604F12800FDF73EFFEFF3118987
:10B6D000402383F31288BFF36F8FB0FA80F77F099E
:10B6E000C3E705AB03AA20462568FFF7BFFE074660
:10B6F000BBE770B50446836908460D469847024685
:10B70000EFF31186402383F31288BFF36F8F2B78FA
:10B7100043F001032B7061682046FFF770FE606004
:10B720002046FFF73BFF86F31188BFF36F8F70BD94
:10B730002DE9F843044600274026EFF3118586F3F0
:10B740001288BFF36F8F2369A268190702D4636858
:10B75000934200D2236A9B1A002B42D0E06910F872
:10B76000221011F0030300EB82093AD0022B04D11E
:10B7700050F822305FEA930805D1CB0720D4A369A3
:10B78000484698478046A16842462046FFF737FE64
:10B790000127A06041462046FFF73FFE3B4685F368
:10B7A0001188BFF36F8F002BC7D137B1B9F1000FEC
:10B7B00003D104F12800FDF793FE4846BDE8F88365
:10B7C00041F0020100F822104846A369D4F808802D
:10B7D0009847414602462046FFF711FE0023A0602D
:10B7E000DDE79946DBE7F8B50446836908460D4670
:10B7F00098470646EFF31187402383F31288BFF37F
:10B800006F8F2B7823F001032B7023699B0705D5DD
:10B81000E268E36903EB82039D421AD12B7823F09F
:10B8200002032B70D4E90231994204D132462046FA
:10B83000FFF7E5FDA06031462046FFF7EEFD87F3F8
:10B840001188BFF36F8F04F12800BDE8F840FDF7C1
:10B8500047BE2B6860F39F032B60F0E7EFF3118185
:10B86000402383F31288BFF36F8F02698368120746
:10B8700002D442689A4200D2026AD31A81F3118834
:10B88000BFF36F8F181E18BF012070470368002296
:10B890000BB9184670478B4210D10B6842B9426809
:10B8A0000360914200D1436000230B600120704788
:10B8B00013604368994208BF4260F5E71A461B6867
:10B8C000E6E7038B13F0070306D10368002B18BFCC
:10B8D000032008BF00207047022B05D1408BB0FA2F
:10B8E00080F0400980007047012B04D10368002BD1
:10B8F00018BF0520EDE70020704710B50C4600B1D9
:10B9000011B96FF0150010BD081D00F0C6F8002831
:10B91000F9D1A368032BF6D9F3E72DE9F0410D46E1
:10B9200007461946281D90461E4600F0C7F80446F3
:10B9300038B13346424629463846A446BDE8F04170
:10B940006047BDE8F08110B4EFF31182402484F326
:10B950001288BFF36F8F416110BC0121F5F7EEBB78
:10B9600038B50C46054658B151B10B6843B14B6828
:10B9700033B11C22002103F0E0F82C61002038BD17
:10B980006FF01500FBE7F8B504460E46FFF7B5FF6C
:10B99000051E3BDBEFF31182402383F31288BFF3D4
:10B9A0006F8F638B278B4FF6FF718B4207F0070772
:10B9B0002ED0062F2FD8DFE807F0182E082E1804F7
:10B9C00018006FF08505002303E00133638302252F
:10B9D000012382F31188BFF36F8FBBB100233A4676
:10B9E00031462046FFF799FF10E00023336063687B
:10B9F00023B9C4E9006627B13D46E4E71E606660EE
:10BA0000F9E702212046F5F799FB3D462846F8BDA7
:10BA10006FF00A05D7E76FF00405D4E710B5EFF330
:10BA20001182402383F31288BFF36F8F048B04F0DD
:10BA30000704022C0AD0012C0CBF6FF004006FF039
:10BA4000850082F31188BFF36F8F08E0438B013BC1
:10BA50009BB2438323B92146F5F770FB204610BD06
:10BA60002046EEE738B5A8B1A1B1EFF31185402229
:10BA700082F31288BFF36F8F048BFFF707FF30B19B
:10BA800004F0070085F31188BFF36F8F38BD6FF0A6
:10BA90007700F7E76FF01500F8E7034658B1426802
:10BAA00002F00302012A03D0032A04D1026812B172
:10BAB0000020986070476FF0150070474268816001
:10BAC00002F00302032A4FF0000203460CBF006895
:10BAD00010465A60704770B50C8806468888241A4C
:10BAE0003069A4B2844285B224BF641BA4B22D1B6A
:10BAF000A8B2984228BF18463368234413600B88C5
:10BB000003440B8070BD70B4838985880669ED1A83
:10BB1000ADB2731B934228BF134670BC0A46011D89
:10BB2000FFF7D9BF70B40E460146C58831F80A3F09
:10BB3000EC1AA3B2934228BF1346324670BCFFF7FB
:10BB4000CABF10B54B880C88E41AA4B294420ED335
:10BB50001A4492B28B884A800A800069D21A92B243
:10BB6000824201D2002010BD03448B80FAE76FF0BF
:10BB70001500F8E72DE9F34106460F4615464FF04C
:10BB800000082A4601A93046FFF7BDFF044640B130
:10BB900002463946019802F0C2FF2D1BA0442744FB
:10BBA000EFD14246311D3046FFF7CBFF404602B091
:10BBB000BDE8F0812DE9F34107460E4615464FF0EA
:10BBC00000082A4601A93846FFF7ACFF044648B1F1
:10BBD0002EB102460199304602F0A1FF26442D1BEA
:10BBE000A044EED1424607F10A013846FFF7A9FF0B
:10BBF000404602B0BDE8F081704703785B075FBF45
:10BC000003684288C3F34A2303EB12105DBF173069
:10BC100020F007008008002070470020704701F0E6
:10BC200078BE0346BFF35B8F53E8000F421C43E826
:10BC300000210029F8D1BFF35B8F70471FB50023A7
:10BC4000CDE90201CDE900331A4619461846F5F749
:10BC50008BFE05B05DF804FB0120F5F737BC002032
:10BC600070474368DA7143681960436801225A716A
:10BC7000F5F71EBC70B515460C4669B1D2E9013620
:10BC80009B1B99420AD813680A460146981902F08C
:10BC900046FFAB682344AB60204670BD6FF01B00CD
:10BCA000FBE770B50E4615461946044618B9BDE8BF
:10BCB0007040F5F70BBC33B1C2F34A231030120DBC
:10BCC000184402F02CFFC4E900562046BDE870403D
:10BCD000F5F7AABD2DE9F3415F1C4FEA8708064638
:10BCE00008F1170020F0070080080C461546F5F70C
:10BCF0006FFC0023ADF805308DF807308DF8047027
:10BD000068B10346019A43F8102FA8F104012A46AE
:10BD1000294452F8045B43F8045F8A42F9D1A20136
:10BD200002F4E07242EA482222F07F4222F47002DA
:10BD3000002322F03F02314602B0BDE8F041FFF798
:10BD4000B0BF07B50123019201AAFFF7C3FF03B0FB
:10BD50005DF804FB07B5CDE9002302236A46FFF72F
:10BD6000B9FF03B05DF804FB1FB5CDE90123069BC5
:10BD7000039301AA0323FFF7ADFF05B05DF804FBB1
:10BD8000F8B506460D4614461F4604B9F8BD2146CF
:10BD900028463A46B047241A0544F6E710B54268EB
:10BDA00081680446D2E900230068FFF7E9FF636871
:10BDB00000221A6010BD38B54B681A68CB689A42E9
:10BDC00005460C4602D10846FFF7E8FF6368BFF35B
:10BDD0005B8F53E8002F511C43E800100028F8D176
:10BDE000BFF35B8FA3689D54002038BD0A2838B587
:10BDF00004460D4602D10D20FFF7DDFF29462046FF
:10BE0000FFF7D9FF002038BD2DE9F043054689B082
:10BE100008460E8891F80090D1F808800C46174625
:10BE2000F5F7F4FD011EC6F38216C9F3C2091FDB44
:10BE30004846F5F70BFD03462146608851F8102B64
:10BE40000296C2F34A22002A01EB0204C0F30B104F
:10BE500008BF00210022CDE90507CDE90314CDE993
:10BE6000002241462846F5F7FDFD09B0BDE8F08304
:10BE70000023E1E7FEE702F060BE02F050BE01469B
:10BE80000068F6F76FB908B5F6F7C8F9BDE80840DD
:10BE9000F6F76CBD0A460121FFF753BF00210120D0
:10BEA000F6F760B96FF08500704761B662B680F34F
:10BEB0001188BFF36F8F704772B6002383F3118828
:10BEC000BFF36F8FBFF34F8F30BF62B6BFF36F8F7B
:10BED000704772B6002383F31188BFF36F8FBFF3EF
:10BEE0004F8F20BF80F31188BFF36F8F62B670470A
:10BEF000202809D9B0F1004F08D80138B0FA80F0F5
:10BF0000C0F11F0040007047082070473E20704776
:10BF100008B5D1E904319847002008BD08B5F6F707
:10BF20003BFF002008BD7047002303824369C360C4
:10BF30007047C1698968F6F79BBF027A01320272C5
:10BF4000704710B508B14B6843604C680023084641
:10BF50004B60F7F70BF8204610BD83880268194440
:10BF60008180D018704730B484880568A318838016
:10BF7000281930BC02F0D3BD10B5838802685C1C60
:10BF80008480D154D01810BD30B5838802689D1CC0
:10BF9000D4188580D154090A617030BD83885B1A3A
:10BFA0009BB283800068184470478288521A034607
:10BFB000828000680844186070474FF0FF324FF0ED
:10BFC000FF330430FDF798B9FDF708BA90F86C001C
:10BFD000C0F341107047F8B504461E460D4617469B
:10BFE000FFF7EBFF94F86C309B0715D425B1012DBA
:10BFF00010D06FF0150508E0216F0029F9D09DF8E9
:10C0000018300F714E718B710025201DFFF7DCFF7A
:10C010002846F8BD616FF0E76FF07705F5E790F817
:10C020006C00C0F38000704738B50446FDF702FF8E
:10C030002046FFF7C2FFA06940B96FF01205201D2E
:10C04000FFF7C2FFFDF70AFF284638BD94F86C30B1
:10C05000DB0716D402F0A5F80028EED02046F7F74B
:10C060004BFE05460028EAD10146242204F12800AF
:10C0700002F063FD94F86C3043F0010384F86C30F7
:10C08000DDE76FF07705DAE770B50446FDF7D2FE1D
:10C090002046FFF792FF94F86C30DA0731D5C3F3EE
:10C0A00040019B0730D4A06901F0C7F90646A0699A
:10C0B00001F032FA0546B0B9A36F4BB131462046C4
:10C0C00000F08DF90546A8B1A06901F051FA0AE027
:10C0D000A06901F0C9F9A0670028EFD1A06901F0BB
:10C0E00047FA6FF00B05201DFFF76EFFFDF7B6FE58
:10C0F000284670BD94F86C3043F0020384F86C302D
:10C10000F1E74FF0FF35EEE76FF07705EBE702461A
:10C11000034652F8640F90420BD100207047027A18
:10C120008A42FBD09A6E8242F7D000680028F6D18E
:10C1300070470028F3D1704738B504460D46FFF725
:10C140003CFF94F86C30DB0718D42B690BB9EB6813
:10C15000BBB1636E1BB904F16403C4E919332B68E6
:10C1600093B9A26E04F16401C5E900121560A566D9
:10C170001D46201DFFF728FF284638BD4FF0FF352C
:10C18000F7E76FF01505F4E76FF07705F1E710B505
:10C190000446034654F84C0FA0420DD100200DE098
:10C1A000447D8C4204D1032909D1047A944205D0FC
:10C1B0001C6D8442F2D000680028F1D110BD0F2917
:10C1C000F5E72DE9F04105460C46061D4FF0FF321C
:10C1D0004FF0FF333046FDF78FF82F6F002F6DD0F3
:10C1E00095F86C30DB0769D4EB6C1BB905F14C0397
:10C1F000C5E913332368002B63D1637D0F2B09D16D
:10C20000237A012B0CD02B6D05F14C02C4E90023DD
:10C210001C602C65637D032B0FD04FF0000806E0F7
:10C22000E1682846FFF788FF80460028EBD03046BB
:10C23000FDF7D4F84046BDE8F081EA6C05F14C000A
:10C2400090421ED1002329E091F815C0BCF1030FE4
:10C2500010D0013323724B68C4E900131C604C609A
:10C26000637A022B24D0032B25D0012BD5D1237A3E
:10C27000BB73D2E791F808C00CF1FF3C6345E8D1ED
:10C280001268002ADED0517D2B6D03290DD19A4210
:10C29000137A02D011680029D6D1013323722B6D95
:10C2A000C4E900031C602C65DAE79342E8D1C9E7D2
:10C2B000237AFB73B1E7237A3B74AEE74FF0FF3884
:10C2C000B5E76FF07708B2E70346006800B1187A67
:10C2D00070478388C2888168D21A03685B1AD01AB3
:10C2E00070470346C08808B11878C009704770B518
:10C2F0000C46154600F0ECFA40B1406883681B68B4
:10C3000023B12A462146BDE87040184770BD38B5B4
:10C3100080210446806901F0CAF8054650B1014603
:10C32000204600F07EFC044610B12846F6F71EFEBB
:10C33000204638BD6FF00B04FAE738B50446806F2D
:10C34000FFF7FBFD0546FFF7EFFD2046294600F00D
:10C3500068FC044610B12846F6F708FE204638BDB2
:10C36000F8B50446866803690D461746BFF35B8F30
:10C37000D3F8A030BFF35B8F9B070ED5B36A7BB1B8
:10C38000F36B9847B36A29463A4620469847336C80
:10C390000546204698472846F8BD4FF0FF35FAE796
:10C3A0006FF08505F7E770B50446866803690D46AA
:10C3B000BFF35B8FD3F8A030BFF35B8F9B070BD528
:10C3C000F36B9847736A294620469847336C0546B5
:10C3D00020469847284670BD4FF0FF35FAE710B564
:10C3E000044619B9002084F8300010BDFFF7A5FFFE
:10C3F0000028F7D0F9E738B590F83030022B0D4619
:10C4000004D100F060F908B1C46804B938BD2B78D4
:10C41000032B05D0052B0ED0022B08D02468F4E79F
:10C42000606883685B69002BF8D09847F6E760681E
:10C4300083689B69F7E760688368DB69F3E701223B
:10C4400070B515460B685BB302F07F04103423FA15
:10C4500004F6F60710D5036823FA04F6F60702D4AB
:10C460006FF0150070BD05FA04F423EA04030360BD
:10C470000B6823EA04030B60D340DE070DD5036885
:10C4800023FA02F4E407EBD505FA02F423EA0403E5
:10C4900003600B6823EA04030B600132102AD1D138
:10C4A0000020DFE72DE9F04F8369026F1B6993F8E5
:10C4B0008030C3F34113022B8FB081460ED0032B83
:10C4C0000ED0012B0CBF10230823D371D9F8548050
:10C4D0000026B8F1000F05D14046AEE02023F4E776
:10C4E0004023F2E7D8F80430D8F80C4003930C96B8
:10C4F00004967CB9049B039A09339BB293701B0A80
:10C50000D3701671D8F80C40002C40F0B080D8F8E9
:10C510000080DDE7606883681B6B00250D95002BAC
:10C5200000F0A38029469847002800F09E80C4E9C7
:10C530000355A0F1040B35465BF8043F0BB11A78A4
:10C5400022B9B5427CD86FF0150076E05A780B2AF4
:10C5500008BF9D70DBF800305A78042A10D1E268D9
:10C560000D990A43E260DA78002A57D19D70236959
:10C570000122AA40134301352361EDB200230D933C
:10C58000DBF800707B78052BD6D1D9F818300893EA
:10C590006FF012004FF0010A7A793B7943EA0223E7
:10C5A000ADF82E300C9B069397F90230069A002BBB
:10C5B0005FFA8AF1BBBF41F080014BB24FFA8AF3B8
:10C5C0000793B9BF21F08003103307935346DA4035
:10C5D000D2072AD40D9A059222FA03F3DB0724D45A
:10C5E000BB79FA78089800930DF12E03099100F0B9
:10C5F000F9FD0999C8B9079BB970002BBCBF21F0A0
:10C600008001103101238B4006980599BDF82E203A
:10C61000BA8019430343CDE90C318DE76A1E9A7045
:10C620000DA90CA8FFF70BFFA8E70AF1010ABAF160
:10C63000100FB1D100283FF47FAF0FB0BDE8F08FED
:10C64000E3680D9A1343E360606883689B6AD3B123
:10C6500098470028F1D10146606800F000F9049B7A
:10C660002468034404932E4643E73546ECE7E36829
:10C67000A36004F10C010CA8FFF7E1FE00287FF491
:10C6800062AF246840E76FF08500D6E74FF0FF32D5
:10C690004FF0FF330430FCF72FBEFCF79FBE21B1F3
:10C6A00001290DD000231B68FFDE5430006848B11B
:10C6B00043685B79934205D000680028F8D1704741
:10C6C0005C30F3E7704710B590F83030022B044629
:10C6D00009D1FFF77BFC94F8382001462046BDE8DD
:10C6E0001040FFF7DCBF002010BD08B5FFF7D7FFF3
:10C6F000003818BF012008BD2DE9F04104460E4660
:10C70000FFF764FC94F838308046CBB9002E3BD05C
:10C71000324641462046FFF7C2FF0746A8B102460F
:10C72000204600F0D4F9054688B984F83860FC68E2
:10C7300064B3606883681B6A03B198472468F7E7AD
:10C740002046FFF7C0FF074620B96FF03C0528469A
:10C75000BDE8F0810146204600F08FF91022054621
:10C76000002104F13A0002F0E8F9002384F838309F
:10C77000FF6817B9002DC9D0E9E7786883685B6A5C
:10C7800003B198473F68F4E784F838600025DEE796
:10C79000F8B504460E4657681546FFF777FF94F83C
:10C7A0006C30D9074BD4012E4CD0FB799A0605D5B5
:10C7B000A3691B6993F880309B0743D5002E41D1B4
:10C7C000E36D53B9626D62B9236F6A685B7C0133B4
:10C7D000DBB25371226F53740EE09D4235D01B685B
:10C7E000EFE7954225D12A68EBB9A36D62659D42BA
:10C7F00000D1A26500232B60A96841B12046FFF754
:10C80000E0FC064650B9A868FFF75EFDB87100234A
:10C810002B60A36D83B9C4E915550026201DFFF7D1
:10C820003CFF3046F8BD1A60A26D954208BFA36573
:10C83000E0E713461268C6E71D60A565EDE76FF0F7
:10C840000F06EBE76FF08506E8E76FF01506E5E702
:10C850004FF0FF324FF0FF330430FCF74DBD08B509
:10C8600083681B6B0BB198470346002023B153F834
:10C87000042B0AB1127802B908BD1044F6E710B5CE
:10C880001C46FFF70CFF48B10122C06802FA04F30E
:10C8900020B10269134201D10068F9E710BD10B55B
:10C8A0000C46FFF710FF48B10123C06803FA04F1FA
:10C8B00020B10369194201D10068F9E710BDD1F830
:10C8C0001A0083681B6903B118476FF08500704731
:10C8D00070B501F07F0311F0800F18BF10330125F0
:10C8E0009D4090F83030022B044601D0002070BDEE
:10C8F00090F83860FFF76AFB324601462046FFF7A2
:10C90000CEFE0028F2D0C0680028EFD083681D4218
:10C91000EDD10068F8E738B50C46FFF7D4FE80B1DA
:10C92000C06870B14368DA681AB11179002399427E
:10C9300001DC0068F5E71568ED5CA54201D0013324
:10C94000F5E738BD2DE9F04105461E460846002AA8
:10C9500045D1F7F7E9F90446002840D02846FFF70B
:10C9600077FF95F86C30DA0730D4676804F1140863
:10C97000BFF35B8F6369BFF35B8FDB0729D47B68F1
:10C980000BB1AB4225D1324600212846FFF787FE86
:10C9900010B3002323600369ABB9C0E90344BFF3BC
:10C9A0005B8F58E8003F43F0010348E80032002A5B
:10C9B000F7D1BFF35B8F00247D60281DFCF70EFDCF
:10C9C0002046BDE8F0811C600461E8E76FF00F04C9
:10C9D000F3E76FF07704F0E76FF03C04EDE76FF0FA
:10C9E0001204EDE72DE9F8434C689DF820900D46C0
:10C9F000984606461746FFF7E9FAA3681B6B0146FF
:10CA00001BB96FF01500BDE8F88320469847002851
:10CA1000F7D0041F0C35002054F8041F09B10B781F
:10CA20002BB9002814BF00206FF03C00EBE74B78D7
:10CA3000042B0BD1F8B98B784345EDD1CB784B451E
:10CA4000EAD10B79002BDED00120E5E7052BE3D1FD
:10CA50000028E1D0012F07D0022FF5D18978B069E5
:10CA60002A4600F0C3F803E0B0692A4600F0A2F8B5
:10CA70000028E9D0C7E70020C5E7F8B5CC6806462E
:10CA80000CB9204622E004F10C070125E268AAB1A6
:10CA900065F07F03D9B203F07F031033DA40D20789
:10CAA0000ED4E368EB40DB0705D5B0693A46E9B23E
:10CAB00000F09CF850B90135102DE7D12468DFE76C
:10CAC000B0693A4600F092F80028EAD0F8BD2DE9A6
:10CAD000F3475768002497F8058005460E46A1469F
:10CAE0003B79A34203DC002002B0BDE8F0875FFA87
:10CAF00084FA3146534642462846FFF7C0FE0146B7
:10CB000050B1CDF80090534601222846FFF76AFF46
:10CB10000028E9D10134E3E76FF03C00E4E72DE9B8
:10CB2000F74380460D461746FFF7B9FE064628B97B
:10CB30006FF00104204603B0BDE8F0830F2DF7D855
:10CB400008EB0509014699F83A4000972B46002268
:10CB50004046FFF747FF0028EAD100942B46022207
:10CB600031464046FFF73EFF04460028E2D10097D9
:10CB70002B46012231464046FFF734FF0446002889
:10CB8000D8D1706883685B6813B13A4629469847E4
:10CB900089F83A70CEE711F0800F18BF21F08001BC
:10CBA00002684FF0010318BF10318B4022EA0303E3
:10CBB0000360704737B58B7900938B880C46154618
:10CBC000CA78897800F054FB70B994F90230A178E2
:10CBD0002A68002BB8BF21F080014FF00103B8BFD5
:10CBE00010318B4013432B6003B030BDF8B50646BF
:10CBF0000D46174600F065FB044658B929463846ED
:10CC0000FFF7C9FF29463046F7F794FD044608B9F7
:10CC1000FDF756F92046F8BD0A468069802100F0EC
:10CC200032BC2DE9F0410B7E0C46590605462ED14B
:10CC300023B3FFF7F4F970BB2846D5F87080268A35
:10CC4000EF8DFFF7C3F9F8B1421E534253419B01E8
:10CC5000228A9AB1BE42E98D324628BF3A469142B5
:10CC60000CD9B2FBF3F103FB11223AB994F9183055
:10CC7000002BBEBF637E43F008036376A86921469C
:10CC8000BDE8F04100F093BB98F80730E0E76FF0A3
:10CC90001500BDE8F0814FF0FF30FAE7436898696E
:10CCA000F7F778BD70B591F918304668002B054646
:10CCB0000C4607DBC4F81A50B0692146BDE8704045
:10CCC00000F075BB3046FFF7AAF90028F2D04FF00C
:10CCD000FF3070BD806900F0FBBB38B50546806948
:10CCE0000C4600F00AFB60B914F0800F18BF24F066
:10CCF00080046A6B4FF0010318BF1034A340134344
:10CD00006B6338BD70B5054680690E4600F01FFBA9
:10CD1000044620B9314605F13400FFF73CFF2046B8
:10CD200070BD0B0648BF21F08001406B48BF103139
:10CD3000C84000F00100704782B0C3698DF8001050
:10CD400001922BB102AB13E9060002B0F7F746B827
:10CD500002B0704782B0C3698DF8001001922BB108
:10CD600002AB13E9060002B0F7F738B802B070471B
:10CD7000704703695B68D868704743680361037A4A
:10CD800063B1012B0CBF022303234375437A5A1E60
:10CD9000032A05D8DFE802F0050505050123F4E7BD
:10CDA00000230375837A062B09D0072B09D0052BA6
:10CDB0000CBF002303238375837EC3757047012353
:10CDC000F9E70223F7E70369C3E90712704702296D
:10CDD000036907D0042907D0012907D11B69136013
:10CDE000002070471B7EFAE75B7EF8E76FF0850056
:10CDF0007047BFF35B8F0068BFF35B8F084100F0A3
:10CE00000100704703691B69BFF35B8F883353E8E8
:10CE1000001F41F0020143E80012002AF7D1BFF3DE
:10CE20005B8F704738B5034640681B695D68AC6826
:10CE3000A37A84F8223094F82D3084F8233069687E
:10CE400041B1237C33B9FFF7BCF918B96868FFF723
:10CE50003BFA2074002038BD01238B40DB43BFF335
:10CE60005B8F50E8002F1A4040E800210029F8D1DC
:10CE7000BFF35B8F7047006902218830FFF7ECBF7A
:10CE8000006903218830FFF7E7BF08B50369186917
:10CE900000218830FFF7E0FFBDE808400121FFF7DF
:10CEA000DBBF0369186901218830FFF7D5BF40292E
:10CEB0007FB534D00DD8102933D006D801296BD0D6
:10CEC000082930D06FF0150426E02029FAD1042378
:10CED00008E0B1F5807F28D0B1F5007F27D0802908
:10CEE000F0D1102304699BB2E18912B30B4342F2E3
:10CEF000A1014FF40032E381CDE901120669ADF8DA
:10CF00000C3043681C6806F1880300211846FFF7BF
:10CF100070FF88B96FF00C04204604B070BD082380
:10CF2000E0E70223DEE70123DCE72023DAE7402302
:10CF3000D8E721EA0303DAE701211846FFF759FF92
:10CF40000028E7D123695B689B680A2293F82610C2
:10CF50002046FFF7A3FE0546D8B10A2201A90C30EE
:10CF6000FFF701F820462946FFF79CFE044618B15A
:10CF70002846F5F7FBFFCFE74FF0FF324FF0FF33C6
:10CF800006F18C00FCF7E0FA0B3008BF6FF08B0461
:10CF9000C2E76FF00B04BFE70024BDE738B50446D5
:10CFA000807AF5F73BFF6169054649B1637ADB0793
:10CFB00004D4C3691B6820469B68984700236361BB
:10CFC00021462846BDE8384001F08DBA30B5090643
:10CFD000847C054614D414F0400016D0298AC3F38B
:10CFE0000A00C1F30A01884222D802F00300022895
:10CFF00009D003280AD0012811D004F0010004E070
:10D0000014F02000E9E7C4F3800030BD14F0020002
:10D01000FBD013F4C05F09D0C4F30010F5E714F09F
:10D02000080205D013F4C05FEFD0F5E70120ECE76C
:10D030000020EAE7BFF35B8FD0F8A000BFF35B8F5F
:10D0400000F001007047BFF35B8FD0F8A000BFF382
:10D050005B8FC0F34000704701F00F0309060269BF
:10D0600048BF103352F823007047007DC0F3001012
:10D070007047037D61F304130375704708B50269B7
:10D080001046FFF7D7FF60B9087E00F00F030006D7
:10D0900048BF103342F82310084601F011FA00206F
:10D0A00008BD6FF00C00FBE700220023FCF7E6B997
:10D0B00001F023BA01F00CBA407EC0F3C000704703
:10D0C000437E23F00803437670471FB504698DF84B
:10D0D0000410CDE90220D4F8983001A9984704B093
:10D0E00010BD1FB50469034606208DF804002046D4
:10D0F000CDE90213FFF79EFF40B1C1F81E20D4F81E
:10D10000982001A91846904704B010BD4FF0FF3099
:10D11000FAE738B505460C462046FFF7C5FF01463D
:10D1200000B938BD6FF070022846FFF7DAFFF3E769
:10D130002DE9F84306690746D6F80090D6F84080F6
:10D140000D464FF0FF324FF0FF3306F18400FCF73D
:10D15000D3F84046FFF7A8FF014618BB4846FFF743
:10D16000A3FF044620BB99F8143023F0100389F87C
:10D17000143098F8143023F0100388F8143024BBCE
:10D18000012286F8B020EDB12B68C6F8A8306B6894
:10D19000C6F8AC3086F8B12038698430BDE8F84371
:10D1A000FCF71CB96FF067023846FFF79AFFD0E72B
:10D1B000637EDB07D7D46FF0670221463846FFF75E
:10D1C00090FFCBE786F8B150E6E72DB1082229465B
:10D1D00004F10C00FEF7C7FE002221463846FFF797
:10D1E00080FFD9E72DE9F8430546D0F80890884636
:10D1F00014461F46FFF730FF0646002835D0D9F801
:10D200003C302846984741463B8822463046FFF747
:10D21000DDFE804690B18BB92B6993F88030DB0737
:10D2200058BF402204F0030446BF4FF480624FF41D
:10D2300000711146022C0DD0032C11D02846D9F8CC
:10D2400040309847B8F1000F14BF00206FF0850000
:10D25000BDE8F883338A8B4228BF0B463B80EDE75D
:10D26000338A934228BF1346F8E76FF01200EFE7C6
:10D270002DE9F3411F464B06D0F8088004460D46C1
:10D2800016461BD0D8F83C3098472069FFF7DBFEE4
:10D2900088B19DF82030009329463B46324620460F
:10D2A000F7F7DAF90546D8F840302046984728467F
:10D2B00002B0BDE8F0814FF0FF35F4E76FF01505DF
:10D2C000F5E770B54B06866804460D4612D0F36B41
:10D2D00098472069FFF7AEFE48B129462046F7F788
:10D2E000FFF90546336C20469847284670BD4FF03D
:10D2F000FF35F7E76FF01505F7E770B58668054667
:10D30000F36B0C4698472869FFF79DFEB0B12146A4
:10D310002846FFF7A1FE014698B1037DDB0710D533
:10D32000437E03F00303012B0ED0F3682846984791
:10D3300004462846336C9847204670BD4FF0FF34B2
:10D34000F7E76FF01204F4E76FF08504F1E7F8B542
:10D3500087680646FB6B0C4698473069FFF773FEFB
:10D36000E0B121463046FFF777FE0546C8B1037DA0
:10D37000DB0716D5437E03F00303012B14D00146CF
:10D380003B6930469847044618B92B7D60F341034A
:10D390002B7530463B6C98472046F8BD4FF0FF3464
:10D3A000F7E76FF01204F4E76FF08504F1E72DE979
:10D3B000F04186680769F36B05460C469847286973
:10D3C000FFF741FE98B394F8188028464146FFF7CE
:10D3D00043FE014670B3037DDA072BD518F07F0FAB
:10D3E00020D197F8B030EBB1637EDB0717D597F803
:10D3F000B13033B1082207F1A80104F10C00FEF7A7
:10D40000B2FD002287F8B02021462846FFF769FECA
:10D4100004462846336C98472046BDE8F0816FF0FB
:10D420006702F1E77368224628469847F0E74FF015
:10D43000FF34EEE76FF01204EBE770B5866805463F
:10D440000C46F36B984721462846FFF705FE48B186
:10D4500001F053F8B0FA80F464092846336C984719
:10D46000204670BD0124F8E708B503691B68002158
:10D470005A8BF7F78FF928B1437E23F0070343F067
:10D480000103437608BD08B539B903691B685B8B96
:10D49000013A1A44B2FBF3F25A43F7F77BF928B189
:10D4A000437E23F0070343F00203437608BD08B52B
:10D4B00061B903691B685A8BF7F76CF928B1437E91
:10D4C00023F0070343F00403437608BD0022F3E78B
:10D4D00070B586680D46F36B044698472846F5F705
:10D4E00045FD2046336C9847002070BD70B58668B6
:10D4F0000546F36B98472869FFF7A5FD044620B160
:10D5000033683BB12846984704462846336C984711
:10D51000204670BD0124F8E7F8B587680669FB6B03
:10D52000044698472069FFF785FDD8B12069FFF7C9
:10D530008AFDD0B9FB6A20469847054668B9BFF313
:10D540005B8F06F1A00353E8001F41F0020143E89E
:10D550000012002AF7D1BFF35B8F20463B6C98473F
:10D560002846F8BD4FF0FF35F7E76FF07705F4E791
:10D57000F8B587680669FB6B044698472069FFF792
:10D5800062FDB0B13B6B20469847BFF35B8F054609
:10D5900006F1A00353E8001F21F0020143E8001246
:10D5A000002AF7D1BFF35B8F20463B6C9847284693
:10D5B000F8BD6FF07705F7E72DE9F0410546D0F8A3
:10D5C0000880066914460F4631B32AB3D8F83C30B8
:10D5D00098472869FFF72EFDD8B9C6E92674284672
:10D5E000D8F834309847044660B9BFF35B8FA03653
:10D5F00056E8003F43F0010346E80032002AF7D125
:10D60000BFF35B8FD8F84030284698472046BDE8E6
:10D61000F0816FF07704F5E76FF01504F6E7F8B5E1
:10D6200087680669FB6B044698472069FFF70BFD86
:10D63000D0B92069FFF7FEFCC8B1BB6B2046984704
:10D64000BFF35B8F054606F1A00353E8001F21F0EE
:10D65000010143E80012002AF7D1BFF35B8F204697
:10D660003B6C98472846F8BD6FF00F05F7E76FF061
:10D670007705F4E74FF08053D3F83021082A05D11D
:10D68000D3F83401003818BF0120704700207047DC
:10D69000C343C3F3C01300F00F0000EB0310704747
:10D6A000FEF74FBB01238B40BFF35B8F50E8002F89
:10D6B0001A4340E800210029F8D1BFF35B8F70477F
:10D6C00000698430FBF78ABE006984304FF0FF3276
:10D6D0004FF0FF33FBF710BE10B5807A0C46F5F71C
:10D6E0009DFBC36921465868BDE8104000F0B6BDF7
:10D6F000F7B50D46807A17461E46F5F78FFB2C6866
:10D70000C369033424F0030258682A600421CDE978
:10D710000076FBF7D7FC00B9286003B0F0BD0369C1
:10D72000C9B20C2202FB0133186C00F007007047ED
:10D7300070B50346C9B20069EFF31186402484F343
:10D740001288BFF36F8F0C2505FB0104246C14F0C5
:10D75000C00401D0A24211D105FB010001220264E4
:10D76000002086F31188BFF36F8F30B95B680C22FD
:10D7700002FB01335B689847002070BD4FF0FF301B
:10D78000EFE78022FFF7D4BFF8B5069F046905468E
:10D79000C9B2EFF3118C402080F31288BFF36F8F72
:10D7A0000C2606FB0146306C00F0070EBEF1010F9F
:10D7B00010D1376400268CF31188BFF36F8F3EB908
:10D7C0000C2041430C44C4E90E236B685B58984716
:10D7D0003046F8BD00F0C00087420CBF6FF07706FE
:10D7E0004FF0FF36E7E713B580240094FFF7CCFF36
:10D7F00002B010BD10B40069CBB21C2404FB0300BE
:10D80000002110BC10471046FBF76ABE08B5F8F7B8
:10D810009FFBBDE8084000F069B9FAF70BBFF8F7C5
:10D82000E5BA43685B68D3F810350B600020704799
:10D8300043685B6802EA010021EA0201C3F80805B7
:10D84000C3F80C150020704743685B680020C3F8DC
:10D850000815704743685B680020C3F80C157047D3
:10D8600043685B68D3F8042521EA02001140C3F83D
:10D870000805C3F80C150020704730B503695868D7
:10D8800000B30024884219D108688CB99C6858609C
:10D89000A14200D19860002008602AB15A680A604D
:10D8A0009A68596002B9996000200FE02846E9E7BC
:10D8B00020609868814208BF9C60ECE705680446D8
:10D8C000002DF3D1002AE9D16FF0150030BDFAF731
:10D8D000F5BF13B54FF080520829136E526E28BF62
:10D8E000082112BA00921BBA0C460A4669460193F7
:10D8F00001F015F9204602B010BD00F150039B0065
:10D900009BB203F1804303F5883300221A601B6841
:10D91000704708B5F8F7DEFD08BD036893FAA3F376
:10D9200018061A0A40EA136002F47F421B021043F1
:10D9300003F47F0318437047BFF35B8F0068BFF3A6
:10D940005B8F704703460022BFF35B8F53E8000FE5
:10D9500043E800210029F9D1BFF35B8F7047BFF383
:10D960005B8F50E8003F013B40E80032002AF8D1CD
:10D97000BFF35B8F7047BFF35B8F50E8003F01330D
:10D9800040E80032002AF8D1BFF35B8F704708B53A
:10D99000F2F7D4FC002008BDFCF7D0BE08B5F4F7C0
:10D9A000CDFAF4F7A1FBBDE80840FCF7C7BE4FF085
:10D9B0008053D3F83021082A03BFD3F83401B0FADA
:10D9C00080F040090020704703460020184700F00F
:10D9D000CCBB10B502461168B1B1BFF35B8FB1FA91
:10D9E00081F3C3F11F000123834021EA030352E8BE
:10D9F000004F8C4204D142E8003CBCF1000FF6D14C
:10DA0000BFF35B8FE7D110BD6FF00B00FBE710B5E4
:10DA10000368CB40DB0714D401238B400268BFF3BB
:10DA20005B8F43EA020150E8004F944204D140E882
:10DA3000001CBCF1000FF6D1BFF35B8FEED10020CC
:10DA400010BD6FF01500FBE710B1012802D0704740
:10DA5000FAF7F0BDFAF7A0BD18B1012803D100F024
:10DA60001BB800F043B87047FAF720BE08B5FAF7C4
:10DA7000AFFDBDE80840FAF755BE4FF08053D3F82C
:10DA80003021082A06D1D3F8340102288CBF0020A7
:10DA90000120704700207047FAF744BD4FF08053D3
:10DAA000D3F83021082A06D1D3F8340102288CBFDC
:10DAB0000020012070470020704738B54FF08044A7
:10DAC0000223C4F808330123E3600023C4F80431BF
:10DAD000D4F8043142F21075D4F81834DB0304D5BD
:10DAE0000120FFF774FF013DF6D138BDFFF7E5BF18
:10DAF000F7B5019001A8DDE9084716461D46FAF77B
:10DB000045FE019BB6F1000C18BF4FF0010C00EB75
:10DB100083000B1E18BF0123002D43EA4C030CBFEA
:10DB20004FF0000C4FF00C0C002C43EA0C030CBF20
:10DB30004FF0000C4FF4E06C002F43EA0C03D0F8D8
:10DB400000270CBF4FF0000C4FF4403C43EA0C039D
:10DB500022EA030301B109780EB136787600194341
:10DB60000DB12D78AD0031430CB124782402294346
:10DB70000FB13F783F040C433C43C0F8004703B06B
:10DB8000F0BD1FB50DF10F03019300238DF80F10A9
:10DB900000931A461946FFF7ABFF05B05DF804FB8A
:10DBA00010B504460846FAF701FE04EB4004207D58
:10DBB000C0F3401010BD10B504460846FAF7F6FD54
:10DBC00004EB4004207DC0F3400010BD10B50446B6
:10DBD0000846FAF7EBFD04EB4004A08A400B10BDA9
:10DBE00070B5044608461646FAF7E0FD08300D46C3
:10DBF00034F81030DA0509D5C3F3432304EBC3022C
:10DC0000314654F83330526828469847A3682BB100
:10DC1000E26831462846BDE87040184770BD10B52F
:10DC200004460846FAF7C2FD04EB4000838ADA0591
:10DC30001DD5C3F3432123F4F853838204F1120268
:10DC400004F1720032F8023F13F4807F03D0C3F373
:10DC5000432399420BD08242F4D104EBC10300224A
:10DC60005A6004F17800BDE81040FFF7D0BE10BD47
:10DC7000F0B5034600F58074002005460127844670
:10DC800095420AD1D3F87C2132B10022C3F87C211D
:10DC9000D3F87C3140F00040F0BD25F0404607FA53
:10DCA00006F6314209D0D4F800E0BEF1000F04D0EE
:10DCB000C4F800C0D4F800E0304301350434DFE795
:10DCC00038B504460D46FFF76BFFA8B12046FFF7B5
:10DCD00072FF88B92046FFF779FF2268012383404D
:10DCE000C2F80833236803EB8000D0F8103523F026
:10DCF0000303C0F8103538BD28460021BDE8384080
:10DD0000FFF73FBF2DE9F043174685B004460846AC
:10DD1000FAF74CFDD7F800800E460546B8F1000F23
:10DD20001ED02046FFF747FF18B12046FFF738FF07
:10DD300020BB0023CDE900338DF80E308DF80F3075
:10DD40000DF10F0243460DF10E013046FFF7D0FEF4
:10DD500004EB4502938A23F0020343F0010393820C
:10DD60007B689BB33146204693F80080D3F804903B
:10DD7000FFF721FF28B1B9F1000F1FD06FF0150098
:10DD800027E004EB4500838A23F4604323F020035B
:10DD90008382B9F1000F11D0B8F1030FEED87B6880
:10DDA00021685B6893F800C04FEA8C031944B8F10E
:10DDB000000F11D1C1F81085C1F8108504EB4502A0
:10DDC000938A23F01C0343EA88039382BB6843BB16
:10DDD000002005B0BDE8F083D1F8102522F0030241
:10DDE000C1F8102522681344D3F8102522F44F32CD
:10DDF00022F44072C3F810253202D3F8101502F451
:10DE00007C5242EA08420A43C3F8102504EB4C0353
:10DE1000A3F87C60838A43EA4C3343F02003838277
:10DE2000CCE7D3E9007831462046FFF7F8FE002F13
:10DE3000CED063689F4206D004F17800FFF7C9FD99
:10DE4000002804DAC5E7A3689845F5D1002004EB63
:10DE5000C003C3E9017804EB4505C0B2AB8A43EACD
:10DE6000402343F48073AB82B2E72DE9F0430546CB
:10DE700085B0084616461F46FAF798FC0C468046C1
:10DE800026B32846FFF797FE18B92846FFF788FE05
:10DE900018BB05EB4809B9F8143003F01C0313B1A3
:10DEA0007378012B19D001238DF80F300023CDE9B1
:10DEB0000063721CB31C0DF10F012046FFF718FE22
:10DEC000B9F8143043F00303A9F81430002F3FD001
:10DED00021462846FFF76FFE20B96FF0150005B008
:10DEE000BDE8F0833E782B6803EB86030022C3F87D
:10DEF0001025C3F8102505EB48024FEA860C938ADB
:10DF000023F4604323F020039382787800B32968D8
:10DF1000BF7861440004D1F8103523F4991323F439
:10DF2000F853C1F81035230200F4403003F47C5359
:10DF300003433805D1F8105500F4801003432B43F8
:10DF4000C1F81035938A43EA463343F020039382A5
:10DF50000020C4E7C0E90312704770B504461546B7
:10DF6000FFF71EFE48B10846FAF720FC04EB400418
:10DF70000020A38A5B0B2B7070BD6FF01500FBE7D0
:10DF800038B590F88C4005469CB960222146143083
:10DF900000F0D3FD2868C0F87C41D0F87C3140F314
:10DFA0000730F4F721FC012385F88C30AB6720465D
:10DFB00038BD6FF07700FBE790F88C00003818BF91
:10DFC00001207047FAF72CBC2DE9F34104461746AF
:10DFD000FFF7E6FD0D462668F0B12046FFF7EBFDA2
:10DFE0008046C8B92046FFF7F1FD820002F5807334
:10DFF00046F80380F35823681344D3F8102542F001
:10E000000102C3F8102527B1226801238340C2F81A
:10E01000043302B0BDE8F081D6F80433002BA4BF6E
:10E020004FF00043C6F804332846FAF7BFFB04EB71
:10E030004004A38AC3F38203042B12D0052B12D011
:10E0400001A80195FAF7A2FB019BD0F81015D94061
:10E0500001F001010231284602B0BDE8F041FFF7AE
:10E0600090BD0321F7E70221F5E7FFF729BE00F194
:10E0700080431A68002A1FBF00221A601B68012013
:10E0800008BF002070474FF080434FF46072C3F820
:10E09000042370474FF080434FF46072C3F80823A5
:10E0A000704708B5FAF738FDBDE80840FFF7DEBC59
:10E0B00038B5057B044665B9426041B18B68836021
:10E0C000FAF77AFDB0FA80F35B09237338BD08468E
:10E0D000F8E76FF07700F9E710B50446006840F301
:10E0E0000730F4F78FFB2268D2F800320023C2F821
:10E0F000003222684FF0FF31C2F808132268012174
:10E100001161237310BDF8B50368D3F804530446B6
:10E110000126002705B9F8BD95FAA5F3B3FA83F3F4
:10E12000980006FA03F300F5807025EA03052368DA
:10E130001A58002AEED01F501B586368002BE9D0F4
:10E14000A1689847E6E708B5FAF7F4FD002008BD96
:10E15000EFF31180402383F31288BFF36F8F704772
:10E1600080F31188BFF36F8F704708B1F4F736BFA3
:10E17000704710B5436904463BB90020E268537804
:10E1800043F001035370404210BD98470028F4D07B
:10E190000028B8BF4042E368FF28A8BFFF201870DE
:10E1A000ECE740B1C368587810F001001EBF187842
:10E1B000B0FA80F040097047EFF31183402383F3F6
:10E1C0001288BFF36F8FFEE72DE9F04F89B0DDE9CC
:10E1D0001268059243460546324606A80F4600F0EF
:10E1E000D8FBDDE90634CDE90234EFF311844FF0BA
:10E1F000400989F31288BFF36F8F05F10C0A05F10E
:10E20000140B059A149B39462846984730B184F37D
:10E210001188BFF36F8F09B0BDE8F08F56EA08068A
:10E22000F5D0DDE9022306A800F0D8FBDDE9066899
:10E230005246CDE9006821465846FBF759FDEFF3F9
:10E24000118489F31288BFF36F8FDAE710B400F1FD
:10E250000C04C0E9034410BCFDF70FB838B5044600
:10E26000EFF31185402383F31288BFF36F8FF2F72A
:10E2700029FB04F10C0000F09BFA30B1294604F1AF
:10E280001400BDE8384000F078BA85F31188BFF378
:10E290006F8F38BD10B542696AB1836842EA0301E5
:10E2A000890708D10169A2FB011424B95B182CBFAE
:10E2B0000121002102D36FF0150005E0C1609B1A17
:10E2C00002698A4201D8002010BDC2681A60426902
:10E2D000C36001319B1AF3E710B5C0E90432002393
:10E2E000816083610446FFF7D5FF08B9C4E90044A3
:10E2F00010BD2DE9F04105460F46EFF3118840238C
:10E3000083F31288BFF36F8FC668FEB90468A0421A
:10E310001CD0DCB1D4E9003213605A60237CA660C3
:10E3200023F002032374C4E9006604F1180000F02E
:10E33000F5FA2046C4F88060676100F0C4F94146F0
:10E3400005F10800BDE8F04100F017BA3E60AB6986
:10E35000EF60013BAB6188F31188BFF36F8FBDE8BD
:10E36000F08108B54024EFF3118384F31288BFF3E2
:10E370006F8FFDF7A1FDF6E7D0E9003213605A6018
:10E38000027C002322F00202C0E9003302748360A1
:10E39000704713B501240094FAF7E4FE02B010BDF3
:10E3A00090F90E308B4201D0FBF7C4BC00207047BF
:10E3B00003460020C3E90200C3E900337047D0E9F7
:10E3C000003213605A60027C002322F00202C0E98E
:10E3D00000330274836070472DE9F8439046044689
:10E3E0009DF820200D46EFF31187402181F312881C
:10E3F000BFF36F8F02B14568A66804F10809B14503
:10E4000016D0AEB13046FFF7DAFF002406F118004F
:10E4100000F084FA3046C6F88040C6F8148000F058
:10E4200052F94846394600F0A8F92046BDE8F8837D
:10E43000A3B10820FCF764F9002832D00122C0F80B
:10E4400004800260016801F003015DB922680A439B
:10E450000260626820606AB960600BE0C8F8003052
:10E460004046EFE72A68032A10D80160616839B98D
:10E47000C4E90000002087F31188BFF36F8FD5E750
:10E480000A6802F0030202430A60E5E722F0030291
:10E490000A4302602A6802F0030240EA02032B608A
:10E4A000E8E76FF00B00E6E710B5044630B102680C
:10E4B000930703D0446809B100F029FB204610BD42
:10E4C0000023C0E9003300F10803C0E902337047BC
:10E4D00007B50123009300230A461946FFF77CFF86
:10E4E00003B05DF804FB07B500230A460093194604
:10E4F000FFF772FF03B05DF804FB00680021FFF72F
:10E50000D3BF3AB18A4205D3C0E90212C0E9000084
:10E51000002070476FF015007047026801238B40A0
:10E5200022EA0303036022FA01F000F001007047C1
:10E5300010B5032104460C30FFF7EFFF30B104F1B2
:10E54000100000F0EBF9B0FA80F0400910BD20B1E6
:10E5500000221146943000F073B9704773B5044639
:10E56000EFF31185402383F31288BFF36F8F0023ED
:10E570000193D0E90423B3F1004F08BF012A05D06D
:10E5800085F31188BFF36F8F02B070BDA0F1100644
:10E5900003210438FFF7C1FF0028F1D0A3690193DC
:10E5A00001A93046FBF7DEF8EAE738B504460D4628
:10E5B0001022002100F0C1FA656038BD13B501904A
:10E5C0000846EFF31184402383F31288BFF36F8F63
:10E5D00001A9FBF7C7F884F31188BFF36F8F02B06E
:10E5E00010BD10B5FFF7EAFF041E08DDEFF3118040
:10E5F000402383F31288BFF36F8FFBF707FC20469D
:10E6000010BD08B5A822002100F097FA08BD38B562
:10E61000302204460D46002100F08FFA4FF480733B
:10E620006560E36038BDD0E9003213605A60027C57
:10E63000002322F00202C0E90033027483607047B5
:10E64000EFF30580003818BF012070476FF05700C6
:10E65000704700207047D0E9003213605A600023F1
:10E66000C0E90033704708B5FFF7F5FF037C23F0DE
:10E67000020303740023836008BD38B504460D46C9
:10E68000FBF7B4FA237C43F002032374D5B1A560F1
:10E690002B689D4209D16B68C4E900531C606C6013
:10E6A00010E06A689A42F6D01B68002BF3D093F909
:10E6B0000E1094F90E209142F3DD5A68C4E900323D
:10E6C00014605C6038BD10B5EFF31184402383F310
:10E6D0001288BFF36F8FFBF749FA84F31188BFF3F9
:10E6E0006F8F10BD08B5EFF31181402282F31288BD
:10E6F000BFF36F8F83680BB1FFF7B5FF81F311880C
:10E70000BFF36F8F08BD08B5037C13F0280F0146D7
:10E710000CD183680BB1FFF7A6FF0B7C23F0040339
:10E720000B740846BDE80840FBF720BA08BD10B5D9
:10E73000EFF31184402383F31288BFF36F8F1838EF
:10E74000FFF7E1FF84F31188BFF36F8F10BD08B5A9
:10E750000346EFF31181402282F31288BFF36F8FDB
:10E760000068834207D008B1FFF77DFF81F311886D
:10E77000BFF36F8F08BD0020F8E70846FBF76EBABD
:10E7800038B504680546AC424FF0000000D138BDF2
:10E79000002CFCD02046FFF766FF04F1180000F0C3
:10E7A000BDF82046FBF7E2F92C680120A542EDE711
:10E7B00010B5EFF31184402383F31288BFF36F8FFA
:10E7C000FFF7DEFF84F31188BFF36F8F10BD38B5FC
:10E7D0000C460546FBF7B6FBB4F1FF3F08BFB5F1A9
:10E7E000FF3F1FBF47F6FF7300224FF47A71E0FB33
:10E7F00001321ABFD80B40EA42404FF0FF3038BD1B
:10E8000038B50446EFF31185402383F31288BFF334
:10E810006F8F037C5B070ED5183000F07FF8237CE8
:10E8200023F0040320462374FBF7A0F92846BDE833
:10E830003840FBF713BA85F31188BFF36F8F38BDEB
:10E8400038B5EFF31185402383F31288BFF36F8F40
:10E850000468A04213D0A4B1C4F8801062612046BD
:10E86000FFF701FF04F1180000F058F82046FBF70D
:10E870007DF9012085F31188BFF36F8F38BD00202B
:10E88000F8E72046F6E72DE9F04706460F469146A1
:10E890009A46EFF31188402383F31288BFF36F8FFA
:10E8A0000068864206D028B17368984214BF056894
:10E8B000002568B90024B9F1000F02D05146204666
:10E8C000C84788F31188BFF36F8F2046BDE8F087F3
:10E8D0005146B84704460028EDD135B17368AB42C4
:10E8E00000D02C6828462546E3E72C46FAE708B511
:10E8F0000246FBF799FC70B1D0E904319B1A61EB39
:10E90000E272B3F1004F72F1000104DA002AACBFE9
:10E910001846002008BD6FF00040FBE738B50246FE
:10E92000EFF31185402383F31288BFF36F8F0368E1
:10E93000D3B1FBF779FC04461046FBF787FC0022B5
:10E940004FF000438442C0E9042305D0002085F342
:10E950001188BFF36F8F38BDFBF76EFCFFF7C7FF61
:10E960000021F7F71BFFF1E7D0E90413B3F1004FE3
:10E9700008BF012904D100204FF00041C2E9040181
:10E980006FF01500E3E708B5FBF768FD08BDFBF77E
:10E9900065BDB3F1FF3F08BFB2F1FF3F70B506465A
:10E9A0001D46144614D01A4316D0002B08DBFBF783
:10E9B00055FD041941EB0501C6E90041304670BD23
:10E9C0006FF001031C1B4FF0FF3363EB0501F3E70E
:10E9D0004FF0FF342146EFE70024FBE7B3F1FF3FA0
:10E9E00008BFB2F1FF3FF8B5074616461C4610D0E7
:10E9F00054EA020311D0FBF731FDB0420A46A141AF
:10EA000003460AD2F31A64EB0204C7E9003438461D
:10EA1000F8BD4FF0FF331C46F7E70023FBE7002368
:10EA2000C0E9081200F11802C0E90622C0E900336B
:10EA30000363436370472DE9F3470446DDE90A9811
:10EA400015460E4659B302F0010AFBF7B7FA07461E
:10EA5000EFF31181402383F31288BFF36F8FA80770
:10EA600044BF0023A360A36803EA0600BAF1000FC5
:10EA70000CD086420CD16A0744BF8343A36081F364
:10EA80001188BFF36F8F02B0BDE8F0870028F2D184
:10EA900059EA080305D181F31188BFF36F8F002075
:10EAA000F1E7C7E918652246CDE9009804F10C00AA
:10EAB000FBF71EF90028F2D1386EE4E710B50446E2
:10EAC000D0E918020B6812F0010F03EA000301D02D
:10EAD000984210D17BB12366520742BF4A681A435D
:10EAE0004A6004F11800FFF719FF0023C4F88030D2
:10EAF0002046FFF708FE002010BD0A46FBF7B4BD14
:10EB00000A460021FBF7B0BD5200FFF794BF20B1C9
:10EB1000011F50F8040CFFF7A1BB704770470A446F
:10EB2000914200F1FF3300D1704710B511F8014B4D
:10EB300003F8014F9142F9D110BD024403469342BC
:10EB400000D1704703F8011BF9E710B502460144F4
:10EB50008A42134603D01C780132002CF8D1181ACF
:10EB600010BDF0B5C3F137070446FFB203F01F0331
:10EB70001046082BE6B233D0102B3ED06508A4080F
:10EB800044EA817445EAC1752D194FEA910242EBBE
:10EB90005102290941EA02716D1842EB1212290A49
:10EBA00041EA02616D1842EB1222290C41EA02414E
:10EBB0006D1842EB1242AD1842F10002EC0844EA33
:10EBC0004274D10804EB8402A6EB4205EDB2092D94
:10EBD0000CD90134A5F10A0541F10001EDB212E0B2
:10EBE000E40844EA417406F00705C908303554EAE0
:10EBF000010200F8015BBCD1F0BD240944EA0174B4
:10EC000006F00F050909092D84BFED19EDB2EDE7F6
:10EC1000D1E9043293421EBF5A1C0A611870704732
:10EC20000130000000000000A92F000000000000DB
:10EC300000000000D8EC000047E1000000000000E8
:10EC4000A190000000000000E19000000000000022
:10EC500000000000F4EC00000000000010ED0000D7
:10EC60008FD900000000000099D9000000000000CA
:10EC7000000000002CED00006D5F000000000000AF
:10EC8000496600000000000085130000000000003D
:10EC9000C12D000000000000F93F0000000000004E
:10ECA0009DD900000000000011A700000000000036
:10ECB0000000000048ED00000000000064ED0000CE
:10ECC000553C000000000000211F00000000000073
:08ECD000951E00000000000089
:10ECD80031FE000064F2000040EF0000CC09002083
:10ECE80068200020715B0000000000005AFE000050
:10ECF8007CF2000000EF0000CE090020DC2000209C
:10ED08008D6100000000000068FE000090F2000025
:10ED180000EF0000D0090020E82000208D610000ED
:10ED280000000000CCFB0000C4F100005CEF000014
:10ED3800C8090020F8040020F1400000000000008D
:10ED48000BFE000040F20000FCF10000CA090020A0
:10ED580088070020C54C00000000000076FE000077
:10ED68000000000024EF0000D2090020F420002059
:08ED780095630000000000009B
:10ED8000A3E00000C9D90000000000009DBE000003
:10ED9000000000009DBE0000000000009DBE0000BD
:10EDA000000000009DBE0000000000009DBE0000AD
:10EDB0005C060020CFD80000000000009DBE0000CF
:10EDC000000000009DBE0000000000009DBE00008D
:10EDD000000000009DBE0000000000009DBE00007D
:10EDE00064ED000005630000000000009DBE00000F
:10EDF000000000009DBE0000000000009DBE00005D
:10EE0000000000009DBE000000000000D966000068
:10EE1000000000009DBE0000000000009DBE00003C
:10EE2000000000009DBE0000000000009DBE00002C
:10EE3000000000009DBE0000000000009DBE00001C
:10EE4000000000009DBE0000000000009DBE00000C
:10EE5000000000009DBE0000000000009DBE0000FC
:10EE6000000000009DBE0000000000009DBE0000EC
:10EE7000000000009DBE0000000000009DBE0000DC
:10EE8000000000009DBE0000000000009DBE0000CC
:10EE9000000000009DBE0000000000009DBE0000BC
:10EEA000000000009DBE0000000000009DBE0000AC
:10EEB000000000009DBE00001D540000C9D90000E4
:10EEC000000000009DBE0000000000009DBE00008C
:10EED000000000009DBE0000000000009DBE00007C
:10EEE000000000009DBE0000000000009DBE00006C
:10EEF000000000009DBE0000000000009DBE00005C
:10EF0000BD5F000023D8000031D8000049D80000C0
:10EF100055D8000061D80000C96100007BD800000E
:04EF200000000000ED
:10EF24000000000000000000000000001D6300005D
:0CEF3400D9620000000000000000000096
:10EF4000CD5B000083D70000E7D700000000000081
:0CEF50001FD700000000000000000000BF
:10EF5C001D3F000075400000000000004D3F000008
:10EF6C00E93E0000C544000081CE0000493E00008F
:10EF7C000145000077CE000000000000853E000037
:10EF8C000000000000000000B13E000059440000E9
:0CEF9C00C7CD0000AFCE0000CFCD0000BC
:10EFA8002EF40000030000005AF5000003000000E2
:10EFB8004CFE00000300000094FF00000300000066
:10EFC80009000100030000007EF5000003000000B6
:10EFD80082F50000030000003EFB00000300000073
:10EFE8009DFB000003000000A5FB000003000000DB
:10EFF80021FE0000030000003601010003000000AC
:10F00800AFF4000003000000B4FB000003000000A0
:10F018006BF500000300000084FE00000300000000
:10F028009AFC00000300000019FE00000300000025
:10F0380034F10000BC17002074F600000100000045
:10F05000010000000000000001020000580203004F
:10F0600000200000D8ECF0F4F8FC000203040506D0
:10F070000708000000000000000000000000000081
:10F08000000000000000010101010202020203036E
:10F090000303040404040505050506060608090023
:10F0A0000000000000000000000000000000000060
:10F0B0000000000101010102020202030303030434
:10F0C0000404040505050506060708090A0B0C0DCE
:10F0D00000100200FA000000000000000000000024
:10F0E0000338FDD870470000080F00200001000021
:10F0F00059BC0000FBBB00000200000009BE00007C
:10F1000000000000000000000000000000000000FF
:10F1100054F600005CF60000000000000000000053
:10F120000000000064F6000068F600006CF60000C5
:10F1300070F60000791D00006D1D00009D1D00008F
:10F14000551D000000000000611D000000000000CF
:10F15000F91D0000C4170020E0230020100000006B
:10F160000000000075BE0000440600203C060020A0
:10F1700034060020000000002C060020552000006E
:10F18000491F00009D1F0000FD1F0000C00400205B
:10F190000000000000000B0602000000A0F10000CB
:10F1A000000000008EFB0000260002060000002088
:10F1B00096FB000022000B114D2E00000000000005
:10F1C00027BF000014070020000000008309002072
:10F1D0002807002000000000B8F10000E8F100005E
:10F1E0004000000000000000241D00204CF2000040
:10F1F000640A002000000000000000000000000081
:10F20000454E0000814C0000614A00006D4E000038
:10F2100000000000014A00008D4E0000BD580000B3
:10F22000614C00000000000035590000DD52000074
:10F23000794B0000594B0000C9D60000C1D6000030
:10F240000000000002000000D94B0000F1D60000D1
:10F2500000000000D9D600002D5B0000FD5A000020
:10F2600000000000B15C0000FD5B000040FE0000FB
:10F270001BD800000DD8000046FE0000FFFF000074
:10F28000000300505C0600200000000001000000A8
:10F29000FFFFFFFF000000505C06002000000000A0
:10F2A000000000000800000003000000E70001006B
:10F2B000F50001000901010018010100240101000D
:10F2C00020EC000028EC000080EC000088EC00003E
:10F2D000C8EC0000D8EC000039010100000100007A
:10F2E00000000000FF8FFFFFFF8FFFFFFE8FFFFF7B
:10F2F000FE8FFFFFFD8FFFFFFC8FFFFFFC8FFFFFE7
:10F300006D757465785F667265652063616C6C65A8
:10F31000642077697468204E554C4C20706172618E
:10F320006D6574657200000043616E277420696E1C
:10F33000697469616C697A65206D757465782C20D3
:10F34000776173204E554C4C0D0A0000436F756C6D
:10F3500064206E6F74206C6F636B20706F776572C2
:10F360002073617665206D757465780009045553C6
:10F370004220434443206F722045534220696E6906
:10F380007469616C697A6174696F6E206661696C19
:10F390006564005553422043444320525820636122
:10F3A0006C6C6261636B2073657475702066616953
:10F3B0006C6564004243492D42616E6420646F6E47
:10F3C000676C653A206269646972656374696F6E1F
:10F3D000616C20434443203C2D3E204553422C2069
:10F3E000314D627073206368383000726164696FF8
:10F3F0003D256C6420646174613D256C642062610C
:10F40000643D256C64207573623D256C6420636DDA
:10F41000645F7573623D256C6420636D645F726622
:10F420003D256C642064726F703D256C64006263DE
:10F430006962616E645F646F6E676C6500686561C8
:10F440007020636F7272757074696F6E20286E6FB2
:10F450007420696E207573653F29206174202570C2
:10F46000006865617020636F7272757074696F6E89
:10F470002028627566666572206F766572666C6FAD
:10F48000773F2920617420257000686561702063D2
:10F490006F7272757074696F6E2028646F75626C1C
:10F4A0006520667265653F29206174202570006FB4
:10F4B000735F686561700028756E7369676E656457
:10F4C000292063686172202A207573656420666F45
:10F4D000722025257020617267756D656E742E200F
:10F4E00049742773207265636F6D6D656E64656422
:10F4F00020746F206361737420697420746F2076A8
:10F500006F6964202A206265636175736520697480
:10F51000206D6179206361757365206D6973626523
:10F52000686176696F7220696E20636572746169C3
:10F530006E20636F6E66696775726174696F6E7352
:10F540002E20537472696E673A22257322206172ED
:10F5500067756D656E743A25640063627072696EDA
:10F5600074665F7061636B616765007379735F6771
:10F5700065746F7074006C6F6767696E67006C6F9D
:10F5800067006C6F675F6D676D74004D65737361C5
:10F590006765202822257322292064726F707065A8
:10F5A00064206265636175736520697420657863A2
:10F5B000656564732073697A65206C696D6974612F
:10F5C00074696F6E2028257529004D657373616716
:10F5D000652064726F707065642062656361757325
:10F5E0006520697420657863656564732073697A42
:10F5F00065206C696D69746174696F6E202825756A
:10F6000029000D0A001B5B306D00257320005B256F
:10F6100030386C755D20005B253032753A2530320C
:10F62000753A253032752E253033752C25303375DB
:10F630005D20002573003C25733E200025732F00BC
:10F6400025733A2000253032782000202020007CCD
:10F65000002563001B5B313B33316D001B5B313B8D
:10F6600033336D006572720077726E00696E6600EA
:10F67000646267006C6F675F6261636B656E645F95
:10F68000727474006364635F61636D5F3000636410
:10F69000635F61636D5F73657269616C002A2A2A1A
:10F6A00020426F6F74696E67206E524620436F6E02
:10F6B0006E6563742053444B2076332E342E302DE8
:10F6C000393935353330353536303762202A2A2AF4
:10F6D0000A002A2A2A205573696E67205A657068C5
:10F6E0007972204F532076342E342E302D626638B6
:10F6F000303165346533643139202A2A2A0A006D95
:10F70000757465785F696E69742063616C6C65649B
:10F710002077697468204E554C4C20706172616D81
:10F720006574657200436F756C64206E6F74206140
:10F730006C6C6F63617465206D75746578206265AB
:10F74000666F726520696E697469616C697A696E49
:10F75000670072302F61313A2020307825303878B8
:10F76000202072312F61323A2020307825303878CD
:10F77000202072322F61333A2020307825303878BB
:10F780000072332F61343A202030782530387820C9
:10F790007231322F69703A20203078253038782045
:10F7A0007231342F6C723A2020307825303878004E
:10F7B00020787073723A20203078253038780046EF
:10F7C00061756C74696E6720696E737472756374A9
:10F7D000696F6E20616464726573732028723135BD
:10F7E0002F7063293A2030782530387800556E68BC
:10F7F000616E646C6564204952516E3A2025640044
:10F800002A2A2A2A2A205553414745204641554C49
:10F8100054202A2A2A2A2A002020446976697369FA
:10F820006F6E206279207A65726F002020556E61BC
:10F830006C69676E6564206D656D6F7279206163B8
:10F84000636573730020204E6F20636F70726F6367
:10F850006573736F7220696E737472756374696F08
:10F860006E73002020496C6C6567616C206C6F6161
:10F8700064206F66204558435F52455455524E20D0
:10F88000696E746F205043002020496C6C6567617D
:10F890006C20757365206F66207468652045505331
:10F8A00052002020417474656D707420746F20655F
:10F8B00078656375746520756E646566696E6564E8
:10F8C00020696E737472756374696F6E002A2A2AD8
:10F8D0002A2A20425553204641554C54202A2A2A90
:10F8E0002A2A002020537461636B696E6720657259
:10F8F000726F72002020556E737461636B696E675E
:10F90000206572726F7200202050726563697365A2
:10F91000206461746120627573206572726F720079
:10F9200020204246415220416464726573733A203C
:10F9300030782578002020496D70726563697365A1
:10F94000206461746120627573206572726F720049
:10F950002020496E737472756374696F6E206275CE
:10F9600073206572726F72002020466C6F6174693B
:10F970006E672D706F696E74206C617A7920737474
:10F9800061746520707265736572766174696F6EFB
:10F99000206572726F72002A2A2A2A2A204D505539
:10F9A000204641554C54202A2A2A2A2A0020205336
:10F9B0007461636B696E67206572726F7220286371
:10F9C0006F6E746578742061726561206D69676817
:10F9D00074206265206E6F742076616C6964290002
:10F9E000202044617461204163636573732056690C
:10F9F0006F6C6174696F6E0020204D4D464152203E
:10FA0000416464726573733A203078257800202051
:10FA1000496E737472756374696F6E2041636365B8
:10FA200073732056696F6C6174696F6E00526573F1
:10FA3000657276656420457863657074696F6E20C1
:10FA4000280053707572696F757320696E746572E2
:10FA50007275707420284952512000535053454C00
:10FA600020696E20746872656164206D6F64652022
:10FA7000646F6573206E6F7420696E64696361746E
:10FA80006520505350002A2A2A2A2A2048415244ED
:10FA9000204641554C54202A2A2A2A2A0020204256
:10FAA0007573206661756C74206F6E207665637463
:10FAB0006F72207461626C65207265616400202041
:10FAC0004465627567206576656E74002020466126
:10FAD000756C7420657363616C6174696F6E202846
:10FAE0007365652062656C6F772900415243485FFA
:10FAF0004558434550542077697468207265617396
:10FB00006F6E2025780A002A2A2A2A2A2044656254
:10FB10007567206D6F6E69746F72206578636570AC
:10FB200074696F6E202A2A2A2A2A002A2A2A2A2A57
:10FB300020257320256429202A2A2A2A2A006D706C
:10FB400075004661696C656420746F20616C6C6F30
:10FB500063617465206E6577204D5055207265672E
:10FB6000696F6E2025750A00506172746974696F3F
:10FB70006E2025753A20636F686572656E63652037
:10FB8000636865636B206661696C65642E00464C32
:10FB90004153485F30005352414D5F30006E6574F1
:10FBA0005F627566006E65745F6275665F73696D2E
:10FBB000706C6500736F63007573626400636463E7
:10FBC0005F61636D5F776F726B5F7100626F61720F
:10FBD000645F6364635F61636D5F7561727400721B
:10FBE0006573756D650053707572696F7573202547
:10FBF00073206576656E740065702030782530322C
:10FC00007820616C726561647920656E61626C65F3
:10FC10006400456E64706F696E74203078253032F0
:10FC2000782076616C69646174696F6E20666169C1
:10FC30006C65640065702030782530327820616C06
:10FC400072656164792064697361626C65640065E2
:10FC50007020307825303278206973206E6F7420E0
:10FC600068616C7465647C64697361626C6564006E
:10FC70004661696C656420746F20616C6C6F6361B0
:10FC80007465206E65745F62756620257A642C2029
:10FC900065702030782530327800756463007368B1
:10FCA0007574646F776E00496E697469616C697A06
:10FCB000656400556E6B6E6F776E20706F7765723E
:10FCC000206576656E7420256400507265696E69E2
:10FCD00074007564635F6E726678004661696C6576
:10FCE0006420746F20726567697374657220656E35
:10FCF00064706F696E740053555350454E442073C1
:10FD0000746174652064657465637465640052454C
:10FD100053554D494E472066726F6D207375737051
:10FD2000656E640052656D6F74652077616B6575F3
:10FD30007020696E69746961746564006570203053
:10FD40007825303278207175657565206973206576
:10FD50006D70747900657020307825303278206FAE
:10FD60006B2C20717565756520697320656D7074E5
:10FD700079004661696C656420746F206469736101
:10FD8000626C6520636F6E74726F6C20656E647058
:10FD90006F696E74004661696C656420746F2073CE
:10FDA000746F70204846584F202564005265736573
:10FDB000740062756666657220746F6F20736D6182
:10FDC0006C6C3A20723A2025752C206C3A202575EF
:10FDD000004661696C656420746F20656E61626CB9
:10FDE0006520636F6E74726F6C20656E64706F69EE
:10FDF0006E74004661696C656420746F2073746171
:10FE00007274204846584F20256400757362644020
:10FE10003430303237303030007564635F6E726674
:10FE2000006E72665F757362645F636F6D6D6F6E97
:10FE300000636C6F636B40343030303030303000F2
:10FE40006866636C6B006C66636C6B00636C6F63FD
:10FE50006B5F636F6E74726F6C006770696F4035B3
:10FE600030303030333030006770696F40353030BB
:10FE700030303030300074656D7040343030306375
:10FE80003030300074656D705F6E726635004661AB
:10FE9000696C656420746F2073746F7020636C6F7D
:10FEA000636B733A202564004661696C6564207455
:10FEB0006F20737461727420636C6F636B733A208C
:10FEC000256400436F6E66696775726564207265AC
:10FED0007472616E736D697373696F6E2064656CA3
:10FEE00061792069732062656C6F77207468652082
:10FEF0007265717569726564206D696E696D756D85
:10FF0000206F66202564207573004661696C656406
:10FF100020746F2075706461746520726164696F0C
:10FF200020706172616D6574657273004661696C01
:10FF3000656420746F20696E697469616C697A65A3
:10FF4000206E7266782074696D6572202865727201
:10FF500020256429004661696C656420746F2069FE
:10FF60006E697469616C697A6520455342207379C2
:10FF70007374656D2074696D6572004661696C65A6
:10FF80006420746F20696E697469616C697A652098
:10FF90005050490065736200556E61626C65207453
:10FFA0006F206765742074686520436C6F636B20F5
:10FFB0006D616E6167657200436C6F636B20726583
:10FFC0007175657374206661696C65643A20256497
:10FFD00000436C6F636B20636F756C64206E6F748D
:10FFE00020626520737461727465643A2025640030
:10FFF000436C6F636B2072656C656173652066612D
:020000021000EC
:10000000696C65643A202564006573625F676C758E
:100010006500677070695F67726F75705F616C6CA7
:100020006F63206661696C656420776974683A2043
:1000300025640A00677070695F6368616E6E656C45
:100040005F616C6C6F63206661696C6564207769C1
:1000500074683A2025640A005465726D696E616C9B
:100060000048616C74696E672073797374656D0004
:10007000556E6B6E6F776E206572726F7200756E63
:100080006B6E6F776E003E3E3E205A455048595287
:1000900020464154414C204552524F522025643A4B
:1000A000202573206F6E2043505520256400466143
:1000B000756C7420647572696E6720696E74657200
:1000C000727570742068616E646C696E670A0043B3
:1000D000757272656E74207468726561643A202569
:1000E000702028257329004350552065786365707A
:1000F00074696F6E00556E68616E646C656420692A
:100100006E7465727275707400537461636B206FE6
:10011000766572666C6F77004B65726E656C206FEA
:100120006F7073004B65726E656C2070616E6963F1
:10013000006D61696E006F7300737973776F726B16
:100140007100286E756C6C29002A666C6F61742AC8
:1001500000A5C2C3C4C5C6C7C812992408455754D0
:1001600073206D657373616765732064726F70705F
:100170006564202D2D2D0D0A1B5B306D001B5B313E
:100180003B33316D2D2D2D2000465320436F6E667D
:10019000696775726174696F6E004344432041431F
:1001A0004D2073657269616C206261636B656E647A
:1001B000005A65706879722050726F6A65637400C6
:1001C000303132333435363738394142434445468D
:1001D0000006050001002030303030303030303043
:1001E0003030303030000100000000000054545224
:0801F00020524547474553002A
:10020000780100000000000000000000553D0000E3
:1002100000000000000100000000000000000000DD
:1002200000000000000000000000000000000000CE
:1002300000000000000000002CED000000C20100E2
:1002400000000800000000000000000000000000A6
:10025000000000000000000000000000000000009E
:100260000000000000000000000000000007002067
:1002700000000000EC06002000000000000000006C
:10028000000000000000000000000000000000006E
:10029000000000000000000000000000000000005E
:1002A000000000000000000000000000000000004E
:1002B000000000000000000000000000000000003E
:1002C00000000000840500208405002000000000DC
:1002D000010000000000000099B300001BBC0000FA
:1002E0000000000068090020B405002000000000A4
:1002F00000000000000000000000000000040100F9
:10030000000000008901010022030000000000003D
:1003100000000000000303000000000000000000D7
:1003200000030000000000000000000000020100C7
:10033000000000009A0101002E03000000000000F0
:10034000000000000001010000000000B1010100F8
:100350001E0300000000000000000000000000007C
:10036000000000006CF30000040300008C0A002071
:100370003A000000A00A00203A000000780A00209D
:100380003A000000B40A00203A000000000000001B
:100390001DBF0000000000000000000000600040E1
:1003A000000000000000000000000000000000004D
:1003B000000000000000000000000000000000003D
:1003C000000000000000000000000000000000002D
:1003D000000000000000000000000000000000001D
:1003E000000000000000000000000000000000000D
:1003F00000000000000000000000000000000000FD
:1004000000000000000000000000000000000000EC
:1004100000000000000000000000000000000000DC
:10042000000000000000000000000000807A0020B2
:1004300000000000000000000000000000100000AC
:10044000808A002000000000000000000000000082
:100450000004000084F600000000000054070020A3
:10046000000000002CED0000830900208B09002013
:1004700094090020990900209E090020A20900206B
:10048000A7090020AE090020B7090020BE090020FE
:10049000C50900200000000071CD0000993F000058
:1004A000314000001542000005CE0000A3CE000040
:1004B00000000000554500008BCE000025CE000056
:1004C0000000000073CD00000000000000000000EC
:1004D000000000000000000000000000000000001C
:1004E000000000000000000000000000000000000C
:1004F00000000000000000000000000000000000FC
:1005000000000000000000000000000000000000EB
:1005100000000000000000000000000000000000DB
:1005200000000000000000000000000000000000CB
:1005300000000000000000000000000000000000BB
:100540000000000000000000000000000C08002077
:100550000C08002000000000000000000E00000059
:10056000000000000000000000000000000000008B
:10057000000000000000000000000000000000007B
:100580006D5E00000000000000000000010000009F
:10059000000000000000000000000000000000005B
:1005A000000000000000000000A00040000000006B
:1005B0000000000004000000000000000000000037
:1005C00000A00040000000008100000004000000C6
:1005D000000000000000000000A00040000000003B
:1005E0007C0000000400000000000000E7E7E7E7EF
:1005F000C2C2C2C2E7C2C3C4C5C6C7C80805FF029B
:100600000000000000A0004000000000000000000A
:10061000000000000090D003FF00000090020000E6
:10062000E0080020E00800200000000075A700009E
:10063000440900203C09002034090020000000008B
:100640002C09002091A80000DDA7000011A80000DF
:1006500059A800001C090020240900207423002050
:100660003A00003A782300203A00003A7C23002028
:100670003A00003A802300203A00003A8423002008
:100680003A00003A882300203A00003A140900207A
:10069000180900205C09002000090020F80800204B
:1006A000F4080020F008002009020000000100808A
:1006B0007D12010002EF020140E32F040004040058
:1006C000000000080B000202020000090400000103
:1006D0000202000005240010010524010001042489
:1006E000020205240600010705810310000A09041F
:1006F0000100020A00000007058202400000070511
:0707000001024000000000AF
:0D07070000000000000000000000000000E5
:1007140000000000000000000000000000000000D5
:1007240000000000000000000000000000000000C5
:1007340000000000000000000000000000000000B5
:080744000000000000000000AD
:04074C0000000000A9
:1007500000000000000000008DA400000000000068
:100760000000000000000000280A0020280A0020E5
:100770001FD8000000000000000000000000000082
:08078000000000000000000071
:10078800480A0020480A0020787300200000000072
:0C0798000800000010000000000000003D
:1007A400000000004074002000040000000000006D
:0407B4000000000041
:1007B800780A0020780A00200000000000000000ED
:1007C8000E0000008C0A00208C0A002000000000A7
:1007D800000000000E000000A00A0020A00A00206F
:1007E80000000000000000000E000000B40A002015
:1007F800B40A002000000000000000000E00000005
:10080800C80A0020C80A00202700000020000000B5
:10081800C05B0020A0600020C05B0020C05B0020FF
:100828000000000000000000F00A0020F00A00208C
:100838003100000060000000A0600020007300206C
:10084800A0600020A0600020000000000000000060
:10085800180B0020180B00200C0000000A000000F4
:1008680000730020787300200073002000730020BC
:08087800000000000000000078
:10088000400B0020400B0020010000000100000090
:10089000500B0020500B0020000000000100000061
:0C08A000600B0020600B00200000000036
:0808AC006C0B00206C0B002016
:1008B40000000000000000007C0B00207C0B0020E6
:1008C400020002000A00000000000000D8F100004D
:1008D400F87300200000000000000000A00B0020BE
:1008E400A00B0020100010000A0000009DCF0000A3
:0808F400ECF100004078002047
:1008FC008EF6000000000000000000000000000068
:10090C00000000000000000048ED000000000000A6
:10091C0000000000000000000000000000000000CB
:10092C0000000000000000000000000000000000BB
:10093C0000000000000000000000000000000000AB
:10094C00000000000000000000000000000000009B
:10095C00000000000000000000000000000000008B
:0C096C00710900200000000000000000E5
:100978000000000014070020000000000000000034
:08098800000000000000000067
:0409900015E015E079
:04000003000026E9EA
:00000001FF
