:020000040800F2
:10000000183E002085190008C55100087119000824
:100010007119000871190008711900087119000898
:10002000000000000000000000000000511A00085D
:100030007119000800000000D11B0008A928000861
:10004000491C0008491C0008491C0008491C0008FC
:10005000491C0008491C0008491C0008491C0008EC
:10006000491C0008491C0008491C0008491C0008DC
:10007000491C0008491C0008491C0008491C0008CC
:10008000491C0008491C0008491C0008491C0008BC
:10009000491C0008491C0008491C0008491C0008AC
:1000A000491C0008491C0008491C0008491C00089C
:1000B000491C0008491C0008491C0008491C00088C
:1000C000491C0008491C0008491C0008491C00087C
:1000D000491C0008491C0008491C0008491C00086C
:1000E000491C0008491C0008491C0008491C00085C
:1000F000491C0008491C0008491C0008491C00084C
:10010000491C0008491C0008491C0008491C00083B
:10011000491C0008491C0008491C0008491C00082B
:10012000491C0008491C0008491C0008491C00081B
:10013000491C0008491C0008491C0008491C00080B
:10014000491C0008491C0008491C0008491C0008FB
:10015000491C0008491C0008491C0008491C0008EB
:10016000491C0008491C0008491C000830B585B02E
:1001700003F0A2FC01A800F08BFC164B1B68834225
:1001800004D04521144804F06CFFFEE769469DF851
:10019000080000F029F8044608B105F05BF8009A61
:1001A000039B0E4D1344019A128913442B6005F0F2
:1001B00075FB01F073F901F013FC84F30B8884F3F1
:1001C0000A88074B286898474521064804F049FFEC
:1001D000FEE700BFE40500209666000860020020EC
:1001E00001000020B9660008024608B538B106488B
:1001F0000023452104F035FF6FF0150008BD4FF0D6
:1002000000630B60FAE700BFDC66000821B101293A
:1002100006D06FF015007047044B53F8300070475C
:10022000024B03EBC0035868704700BF38630008F7
:100230002DE9F04FB7B0429FDFF864810DF1380B24
:10024000D8F800500397419FCDF804B00297409F23
:10025000814600978A461446439E03F02EFC28B13F
:10026000D8F80050284637B0BDE8F08F56B15A464E
:1002700016AF134603CBBB42306071601A4606F1DD
:100280000806F6D12146484603F098FE00230D905B
:10029000009322464FF6FF73514607A803F049FC2E
:1002A00007460028DCD1DDE90C32214648469E1A7B
:1002B00003F071FDB042D3D34FF0FF36DFF8E49086
:1002C000DFF8E4A00DF1160305AA06A907A803F0BC
:1002D00080FC0028C4DB5ED1069907A803F0C4FCAB
:1002E000BDF8163040B94FF6FF70304931F8022B97
:1002F0008242B5D09A42F9D1102B15D0222B2AD0A8
:10030000012BDFD1BDF81430202BA9D82046069947
:1003100016AA04F0C1FE0028A2D19DF8141016A858
:1003200000F046F80646CDE7BDF81470202F97D1AF
:100330003B462046069916AA04F0AEFE00288FD14F
:100340003A46584616A903F0D0FCD9F8003083424B
:1003500086D10127B6E7002E1ADBDAF800309E427C
:1003600016DABDF81430802B3FF67AAF2046069996
:1003700016AA04F091FE00287FF472AFF6B2202195
:100380005846BDF81430009616AA00F03FF805460E
:100390004FF0FF3696E7012F7FF462AF62E700BFB0
:1003A00044000020E405002040630008686600085F
:1003B0002DE9F041202980460D46A4B005D94FF023
:1003C000FF34204624B0BDE8F08100240D4B0E4ED2
:1003D0001F68BC42F3DA08A801F034F8736808A873
:1003E0001A6856F8081B04F006FD08A9684604F0D0
:1003F00028FD2A464146684605F02BFD0028E0D03E
:100400000134E6E740630008446300082DE9F04743
:1004100098B017461E469DF880203B4B814653F806
:10042000321003EBC2035B6803911868DFF8DC80CD
:100430000144302304AA03A8D8F8005005F082FC38
:1004400000284FD1DDE903431C44214608AB05AA2F
:1004500003A805F09FFC002844D1069A072A41D141
:100460002B49079805F0F5FC00283BD1099A082A8A
:1004700038D128490A9805F0ECFC98BB214604AA1B
:1004800003A805F073FC68BBDDE903A30AEB0302D4
:10049000944227D1412B25D13E443023314605AA31
:1004A00004A8049705F04EFC1B4DA0B9DDE9043209
:1004B00013449E420FD3324604A908A803F0E2FB7E
:1004C00048B9324604A910A803F0DCFB18B99AF821
:1004D0000030042B0AD0D8F800302D68AB4218BF8A
:1004E000D8F80050284618B0BDE8F08700F0BAFEF2
:1004F00008AB0090202249460AF1010004F013FBEA
:1005000001282B68E9D0E6E7446300084400002096
:10051000886B00087F6B0008E4050020084A400053
:100520000B7852F820108B4208D0013052F820008E
:1005300083420CBF70204FF0FF307047702070472F
:100540004C6300081FB5602303FB0100046A1023FD
:10055000A1686A462046103904F09EFD034628B182
:1005600022784521034804F07CFD0024204604B095
:1005700010BD00BF0267000838B50E4B04460029C5
:1005800018BF0B46436203F5E0730121436503F096
:1005900004FC58B90221204603F0FFFB054638B998
:1005A000206A04F0B8FD6066284638BD0125FBE7E7
:1005B0000925F9E764020020302310B55943421899
:1005C000146A0CB904F046FE41580D4B994206D10D
:1005D000D16813895B1802D25189C91801D3002050
:1005E0000CE0A3689942FAD2106920F4F97020F067
:1005F00001000005000DB0FA80F0400910BD00BFF9
:100600003DB8F3961FB5302303FB02010A6A0AB90D
:1006100004F020FE0023CDE9023301934FF48073F0
:100620000093034BFFF704FE05B05DF804FB00BF29
:10063000D00B002000487047E80900202DE9F04F5A
:100640004FF0300A0AFB010ADFF8B4B0DAF8208074
:1006500006460D4691461F46DBF8004089B0B8F1CA
:10066000000F01D104F0F6FD03F026FC20B9DAF802
:10067000101011F010010AD01DB14146304603F0B0
:10068000A5FC204B1C68204609B0BDE8F08F35B3AF
:10069000484603F05DFC10B3023F012F1FD8202312
:1006A0006A46404604F0F8FC0028ECD1164B009A4C
:1006B0009A4214D14521154804F0D3FC114B1C6813
:1006C000134B1B68A342DED0C5B10121404603F0A5
:1006D000EEFB104A4521104804F0C3FCD1E729463F
:1006E0003046FFF769FF10B9DBF80040E8E72A461B
:1006F00049463046FFF786FF0446E1E7074AE9E747
:1007000044000020400000203DB8F39640670008F8
:10071000E4050020366700088C6700082E67000893
:1007200073B50D46002104462846CDE9001103F0BB
:100730000FFC50B323681E4EB34206D1204601AAD7
:1007400003F02FFD08B104F085FD236BB34206D101
:100750006A460121204603F024FD0028F3D1DDE99B
:1007600000239A4284BF13460192AB60019A294646
:10077000204600F043FB0F4B1A68002A03DD572187
:100780000D4804F06EFC02B070BD01462046FFF734
:10079000D9FE06460028D6D005F1080103F0B4FAC8
:1007A0000028D0D1AB683046019304F074FCDDE73B
:1007B0003DB8F396540A0020B46700082DE9F843C9
:1007C0000E46904699460024099FBC4201D3002062
:1007D0000EE03D1BB5F5806F28BF4FF480653046B5
:1007E0002B460A4A04EB090104F056FC10B1012023
:1007F000BDE8F88308992B464046044A611804F086
:1008000060FC0028F3D12C44DFE700BFE80500209E
:100810002DE9F04186B00E46044603F074FB014614
:1008200020B14521914804F01CFCFEE72046FFF76B
:10083000A3FE054678B900222046114603F049FB85
:10084000054610B300225721894804F00AFC012311
:1008500084F8603009E038225721864804F001FC12
:1008600001239D4284F86030E5D194F86030042B78
:100870008DF80F3000F29380012B00F2988000F089
:10088000AE80FF2384F86030A9E0204600F072FAC1
:100890000028DCD00127784B204602A9CDE902735D
:1008A000CDE9045503F0D9FB38B12A4657217348E6
:1008B00004F0D7FB84F86070D7E702A803F048FB88
:1008C00080F0010102AA2046C9B203F002FB0546EE
:1008D0000028B7D102A803F03BFB98BB204602A931
:1008E000FFF71EFF9DF80F3084F86030033B012BAB
:1008F00007D8284600F0EEF8054610B1FF2384F82B
:1009000060309DF80F30023B022B0DD8002000F024
:10091000CBF8054640B1FF2384F8603045215848A4
:1009200004F09FFB04F096FC94F86030FF2BF5D0A8
:10093000002DF7D12A462946204603F0CAFA00289E
:1009400085D0EFE79DF80F80B8F1010F19D1284647
:1009500002F0F2F8831E022B05460FD803464146EB
:10096000204602AAFFF76AFE464B1B68984205D054
:10097000454B1D68A84214BF0525012584F8605029
:1009800073E72B463946204602AAFFF757FE3D4B38
:100990001B68984214BF05239DF80F3058E7052BBC
:1009A0007FF46FAF002000F095F8C0B169E72046F2
:1009B00002A9FFF7B5FE94F86030DA1E012A0BD8C1
:1009C000002000F087F818B9002000F06DF830B171
:1009D000FF2384F86030A5E7023B012BF4D994F89B
:1009E0006030FF2B9AD00022012B284F019211D0AA
:1009F0001146204603F06DFA60B13D6810220021D7
:100A000002A805F01EFA204603F095FA284606B023
:100A1000BDE8F081002320461A461946FFF70EFE76
:100A2000DFF860803D68D8F800309842E6D1A842EF
:100A3000E4D0154B1B689842E0D00021204603F01B
:100A400060FA0028D9D1019B01330193019B012B4E
:100A500000D0FEE7206A03F012F83071236A5B6869
:100A60003460D8F80050B360C8E700BFE3670008FF
:100A70005668000814680008010100018268000837
:100A8000AC680008E405002040000020440000207D
:100A900010B50446002003F09AF902482146FFF7FA
:100AA000B7FE10BDE809002013B5094B01A913F8E2
:100AB000300000F079FD48B9019804F0A6FF044623
:100AC000019804F0E8FA204602B010BD0124FAE7CC
:100AD000546300081FB50F4B01A913F8300000F054
:100AE00063FDA8B9019802A901F0D0FF044668B9D6
:100AF0009DF80B30032B03D1019804F04EFF044600
:100B0000019804F0C8FA204604B010BD0124F7E7AC
:100B10000124F8E7546300082DE9F74F06460C4618
:100B200091461D46A3B9302303FB01030129D3F8E5
:100B300020A07CD1284601F0FFFF04287AD0A046EF
:100B4000736DD3F804B0BAF1000F75D104F082FBD5
:100B5000184603F0FDF98046002852D10146304680
:100B6000FFF7F0FC20B90127384603B0BDE8F08F4D
:100B700001A903F0C9F80028F5D13046019903F026
:100B80009EFA736A0746D3F804B0EB79042B0CD1B4
:100B9000ECB1012C28D12B68013BBB4223D823D1D7
:100BA0002C79033C18BF01241EE0404601F0C4FF2D
:100BB0000428EDD0FCB92C68012C03D813D12B7973
:100BC000022B10D1BC428CBF002401240CE02B6806
:100BD000013BBB4206D90124302303FB0463D3F855
:100BE00020A0B0E703D000244FF0000BF4E72B79EE
:100BF000022BF8D1EFE7012CF6D12B68012BF2D8AC
:100C0000E9E7302303FB0463D3F820A0EB79042B3E
:100C100006D0002001F090FF042801D0012C02D062
:100C20004FF0000B8FE7736DD3F804B08BE74FF0F4
:100C30000108F5E7A046F3E720234A465946504607
:100C400004F02AFA074600288DD1B8F1000F18D019
:100C5000D9F80030164A934213D0012C11D101F07B
:100C60006BFF042814BFBB46736D4A4608BFD3F818
:100C700004B050462023594604F00EFA00287FF4B1
:100C800072AFD9F800300A4A93420ED1002D3FF4DA
:100C90006BAF012C01D1C6F868B0D9F80070044BD5
:100CA000FF1A18BF4FF0FF375EE7002DF5D15BE765
:100CB0003DB8F3962DE9F04F06460C4685B0014647
:100CC00000201746FFF72AFC051E4CDB3046D4F8FF
:100CD000649003F00CF84FF000084FF0010A4FF059
:100CE000FF3400905FFA89F9DDB9B8F1010F03DD37
:100CF00045211F4804F0B5F9631C0ED00123002CD8
:100D00007B7104EBD47304F001044FEA6303B8BFB2
:100D10006442013301343B603C71284605B0BDE8B4
:100D2000F08F009905F1FF3B012330460BFB0911C1
:100D30000DF10F0204F0B0F9031E019315DB01223F
:100D400030460DF10F0104F0C4FD019B30B1534555
:100D500001D008F101085D469A46C5E7B4F1FF3FAE
:100D600008BF2C46F7E70725D7E70125D5E700BFE1
:100D7000B86800082DE9F041876A866D0446B742DD
:100D800009D07B1CB34206D05721184804F069F9FA
:100D90000020BDE8F081382F1AD957211448F5E713
:100DA000636A03EBC503D3F80480636D03EBC503EB
:100DB0005B68984502D057210E48E7E70135AA4203
:100DC000EED8204604F093F830B957210A48DDE701
:100DD0000025721EA846F2E7B74205D9636A03EB05
:100DE000C5035B684345E6D10120D2E7DB68000814
:100DF00013690008426900086E6900082DE9F04F88
:100E000004460D468BB0114603F059F9636AD4F8D5
:100E1000208082465E68B8F1000F01D104F01AFA12
:100E2000276D002FFAD0284603F092F8F8B1606ED3
:100E300002F0D8FFA36A03F1FF3900233344834251
:100E400002D209F1FF39F9E7CA4510D35721A14869
:100E500004F007F909FB06F357210AFB06629E48D6
:100E600004F0FFF80123EB710BB0BDE8F08F3A46B8
:100E70002946204603F056F92B68012B15D1EB6863
:100E8000022B0CD04146204603F0A0F80028C5D123
:100E90002A464146204603F0AEF80028BED1394626
:100EA000204603F093F80028B8D10DF12602404601
:100EB00009A902F037FF01236B71BDF824202389B3
:100EC000134462891344E268013A32441344B3FB89
:100ED000F6F3628F0393238F1344BDF82620134447
:100EE000E26B013A32441344B3FBF6F30493EB791B
:100EF000042B62D1D1462B68AAEB0902013B9A422E
:100F0000C0F0C980626A4FEAC90352F8391012680A
:100F1000A1EB020B2A79012A40F0BA80039A4A45D4
:100F200019D3626D38461344996813683246C91A5A
:100F30000023059102F075FF00287FF46FAF05993B
:100F40005B4600913A46414620460196FFF736FC43
:100F500000287FF463AF2946204603F006F80223F9
:100F60002B7118B15D4A136801331360049B4B4524
:100F700013D3002332465946404602F052FF002860
:100F80007FF44CAF5B46424639462046CDE900B679
:100F9000FFF714FC00287FF441AF2946204602F0F9
:100FA000E4FF2B6801332B6001232B71002872D0E2
:100FB0004A4A1368013313606DE0002001F0BCFD64
:100FC000042897D04FF000092B68013B4B457AD895
:100FD000636A4FEAC9021968059153F8391003EBA7
:100FE000C9039B68059806932B79A1EB000B012B95
:100FF00067D1039B4B4518D3636D384699581B68DE
:101000003246C91A0023079102F00BFF00287FF433
:1010100005AF07995B4600913A4641462046019646
:10102000FFF7CCFB00287FF4F9AE2946204602F0FA
:101030009CFF02232B7118B1284A136801331360F7
:10104000049B4B4515D3002332465946404602F0D7
:10105000E8FE00287FF4E2AEDDE9052339469B1A5D
:1010600020464246CDE900B6FFF7A8FB00287FF4F2
:10107000D5AE2946204602F078FF2B6801332B605D
:1010800001232B71F8B1154A1368013313601AE07C
:10109000022A3FF46BAF09F1FF39D1457FF62BAF40
:1010A000002332461946384602F0F9FE00287FF444
:1010B000B5AE3946204602F089FF00283FF4D4AE91
:1010C000ACE6022BBCD009F10109D1457FF67CAF1B
:1010D000CAE600BFA7690008D6690008540A0020C4
:1010E0000822F0B5002789B003F09EF9CB6A0C46C0
:1010F00003930B6B064604934B6B684605938B6B0F
:10110000CDE901770693CB6B6946079313466A4690
:10111000009703F0A3F831460546304603F09EF8E9
:10112000216B05440391616B68460491A16B0591A5
:10113000E16BCDE90617694603F090F831460544A6
:10114000304603F08BF80544206ACDE9047700901F
:10115000606A03970190A06A0290A06B0690E06B12
:101160000790304603F07AF80544606AD4F838C036
:101170000090A06ACDF810C00190E06AD4F83CC09D
:101180000290606BCDE905C00390206A079030465D
:1011900003F064F80544E06ACDE904770090206B21
:1011A00003970190606B0290206A0690A06A0790F6
:1011B000304603F06CF9236B2D1A0093636B3046B5
:1011C0000193A36B0293E36B0393636A0693E36A51
:1011D0000793082303F05BF9636B2D1A0093A36B4D
:1011E00030460193E36B0293236A0393636A04938B
:1011F000A36ACDE90537236B0793082303F047F96A
:10120000A36B2D1A0093E36B3046CDE90137636A77
:101210000393A36A0493E36A0593636B079308231C
:1012200003F035F92D1A10D50823314630460C4A03
:1012300003F014F82D18F7D409B0F0BD0823314697
:101240003046074A03F023F92D1A002DF6D1082263
:101250003146034803F0F4F80128EFD1ECE700BF72
:1012600060630008004870475C6300082DE9F04F98
:10127000002603689DB002934368DFF8C0E1039342
:1012800083688A46DDE902150493C3680593036900
:10129000DDE904B70693436907938369DDE9062C0A
:1012A0000893C36998460993089B00935AF806402F
:1012B0000CAB24BA5EF8049B9C514FEAF223A14484
:1012C00083EAB213009C83EA72634B4424EA02046B
:1012D00002EA0C0984EA09042344434485EA0B0426
:1012E0004FEA713888EAB1080C4005EA0B0984EA34
:1012F000090488EAB1580436A044402E03EB0704E1
:1013000043445F46DDF8008040F088804FF0100ACB
:101310004B4E0A9656460AF1010A0DF1700E0AF07C
:101320000F070EEB870757F8407C06F00F094FEACE
:10133000B748019788EAF71806F10E0707F00F077C
:101340000EEB870757F8407C09364FEAF74E8EEAD6
:10135000774ECDF82CE006F00F060DF1700E0EEB77
:1013600086060EEB890959F840EC56F8406CBAF144
:10137000400F7644DDF804E088EADE08DDF82CE072
:1013800046448EEA972E764404EA02084FEAF42E89
:101390002CEA040787EA08078EEAB41EDDF82880E5
:1013A0008EEA746E774458F804EF49F8406C77443D
:1013B0003744009E4FEA733E3E4481EA0507CDF86C
:1013C00028808EEAB30E07EA030701EA05088EEAD1
:1013D000B35E87EA08077744374406EB0B0ECDF877
:1013E00000C0AB4622D1029E3E440660039E1E44CE
:1013F000049B46600B448360059B2B44C360069BA3
:1014000073440361079B23444361089B1344836136
:10141000099B6344C3611DB0BDE8F08FAB46CDF8B6
:1014200000C00D469446194622463FE794460D46B5
:101430002246194674463B466CE700BF0C64000820
:101440004864000810B50446C8B17022002103F0BA
:101450004CFD0B4B0B4A0C49C4E900230B4B0C48C9
:10146000C4E902130B4BC4E9040301200A4BA36136
:1014700003F17453A3F52303A3F69243E36110BD74
:1014800085AE67BB67E6096A72F36E3C3AF54FA515
:101490007F520E518C68059BABD9831FBFF36F8FB2
:1014A00072B600234FF0FF30094A03F120010133E7
:1014B000102B42F82100F8D100234FF0FF30044AEE
:1014C00003F160010133102B42F82100F8D170477D
:1014D00000E100E0014B1B68184700BF48000020F6
:1014E00030B5044685B00D4610220021684604F050
:1014F000A8FC02238DF80230044B2A462146684698
:10150000019302F085F905B030BD00BFD514000885
:1015100080B505460E461746984601F017FF03466C
:1015200000F0A4FB0446DFF81890424649F800306A
:1015300039463046A84754F8090000F033FB00BF95
:1015400008000000034A0020536823F002035360A0
:10155000704700BF0040024408B5416805480C319F
:1015600083681B681BB1984700EAE07008BD6FF004
:101570005700F9E7285F000808B500F0A9FE044B02
:10158000044A1A60044AD36A43F00103D36208BDD7
:10159000640000200048E80100080244014B036099
:1015A00000207047C465000870B5104B0D461C68DC
:1015B000B4B10F4B196800238B4202DB6FF00100BE
:1015C00070BD224612F8106B864202D014460133D9
:1015D000F2E7E06804F039FA28B100202C60EFE768
:1015E0006FF00C00ECE76FF01200E9E74C00002010
:1015F000C465000810B5436888B0029383680C4640
:10160000CDE9033200230A68C068CDE90623054905
:1016100001AA059303F083FF079808B9059B23608F
:1016200008B010BD3351000808B5054803F06FFC41
:10163000044803F06CFC044803F069FC002008BD7A
:10164000856A0008B66A0008E96A000808B5034818
:10165000034A0021121A03F0A7FD08BDB0000020C4
:10166000D40C0020074808B5074A0849121A03F0AD
:101670009DFDBDE808400648064A0749121A03F0D6
:1016800095BD00BF40000020AC000020686C000841
:101690000000002040000020286C000830BFFFF749
:1016A000FDBF00BF2DE9F04105460B4EDFF82C8051
:1016B000324606EB0807CC1B2046094904F0B4FB70
:1016C000A01942460021083C04F0BBFB2C6707F13F
:1016D0000800BDE8F08100BF000000000400000029
:1016E00030630008154B9A6A12F0007F9A6A14BFA3
:1016F0001E201D2012F0807F9A6A18BF1F2012F44E
:10170000801F9A6A18BF022012F4002F9A6A18BF2D
:10171000212012F4802F9A6A18BF222012F4003F71
:101720009A6A18BF232012F4803F9A6A18BF2420B7
:101730006FEA02426FEA12429A62704700ED00E0DF
:1017400010B5194B0246986A9C6A10F4805F14BF6A
:101750001720162014F4006F9C6A18BF1820A405E7
:1017600009D5986B986A000404D51AB19A6A22F4D4
:1017700000429A6219200C4B9A6A12F4806F9A6A9E
:1017800018BF1A20D2050CD49B6A13F4005F18BF4F
:101790001C20054A936A43F47F43936200230B7035
:1017A00010BD1B20F5E700BF00ED00E010B51C4B9D
:1017B0000246986A9C6A10F0100F14BF1120102086
:1017C00014F0080F9C6A18BF1220A40709D5586BA3
:1017D000986A000604D51AB19A6A22F080029A62C9
:1017E00013200F4B9A6A12F0010F9A6A18BF142047
:1017F00012F0200F9A6A18BF1520D40658BF9B6AB2
:10180000074B9A6A920642BF5A6A22F400525A6201
:101810009A6A42F0FF029A6200230B7010BD00BF6B
:1018200000ED00E0F0B5494B04465B6800258BB045
:10183000C3F3080385F31188BFF36F8F02F07F4075
:10184000B0F17F4F11D102F00C0008280DD0100725
:101850004CBF0C4601250022033B8DF80720032BCB
:1018600005D8DFE803F024676B642C46F3E7002318
:101870009DF80720CAB902AE04F12007324620685D
:101880006168083403C2BC421646F7D1099A002D9C
:1018900058D0C2F3080121B96FEA52226FEA4222FE
:1018A0000992184602A903F083FC0BB0F0BD274B48
:1018B000DA6A9107DBD4DA6A002AD8DBDA6A5200E6
:1018C000D5D55A69A16942F480725A61BFF34F8F2E
:1018D000BFF36F8F31F8022C596921F4807159617F
:1018E000BFF34F8FBFF36F8F02F47F43B3F55F4FAA
:1018F00004D1D2B2022A01D12368B9E7134B9A6A04
:10190000D2B232B101200DF10701FFF74FFF0346BC
:10191000AEE79A6A12F47F4F05D001200DF107015E
:10192000FFF70EFFF3E79B6AB3F5803F9FD3FFF706
:10193000D9FEECE700200DF10701E6E700200DF1EC
:101940000701EDE76FF30802AAE700BF00ED00E032
:10195000064B5A6942F010025A615A6942F4806299
:101960005A615A6922F008025A61704700ED00E09E
:10197000EFF30880EFF3098101B57246FFF752FFDC
:1019800001BD00BF002080F31488BFF36F8F0020DB
:1019900080F30A8880F30B880E4880F308880020C3
:1019A0000D490860BFF34F8F00F02CF8102080F332
:1019B00011880A484FF40061401880F30988EFF35A
:1019C00014800221084380F31488BFF36F8F00F066
:1019D00083F80000183E002094ED00E0D80C0020B1
:1019E000002318460649D1F89020C2F307229342FB
:1019F00000DB7047C1F89830C1F8A0000133F6E76A
:101A000000ED00E010B572B6002484F31388FFF7F0
:101A1000E7FF23464FF0FF300C4A03F1200101336A
:101A2000102B42F82100F8D100234FF0FF30074A75
:101A300003F160010133102B42F82100F8D162B6A6
:101A4000BFF34F8FBFF36F8F10BD00BF00E100E009
:101A50001EF0040F0CBFEFF30880EFF309808169DB
:101A600011F8021C0229FFD001B5724603F0A6FB53
:101A700001BD00BF00B2002807DB01234109034A72
:101A800000F01F00834042F82130704700E100E081
:101A900000B2002801F10101ACBF00F16040064B2B
:101AA0004FEA0111C9B2ABBF00F5614000F00F0071
:101AB00080F800131954704714ED00E0044B054AF8
:101AC00023F07F039360BFF34F8FBFF36F8F704797
:101AD0000000000800ED00E008B5FFF7EFFF074A3F
:101AE000D2F8883023F47003C2F88830FFF7AEFDD7
:101AF000FFF7B8FD00F09CF801F0DCF900ED00E024
:101B000042F8203C009B0B4942F81C3C019B21F011
:101B1000010142F8183C029B42F8081C42F8143CB0
:101B20004FF0807342F8043C0023203A026543677B
:101B3000704700BF1115000800B50D4B15469860A1
:101B4000026F0C4B0E461A60036E83F30B882C4613
:101B500086F309880020044B984720460021002284
:101B60000023024C20470000E9510008111500082D
:101B7000A40B0020E80A00201022014B1A617047D4
:101B800000ED00E0054B5A699B689A421FBF044A6A
:101B9000536843F080535360704700BFA40B00208C
:101BA00000ED00E0084B9B6883420BD1EFF3058307
:101BB00043B1064B5A6842F080525A605A6A22F486
:101BC00000425A6201F0C8BBA40B002000ED00E007
:101BD00014498A684FF030001044EFF3098C80E814
:101BE000F01F102080F31288BFF36F8F0E4F4FF05D
:101BF00000664A698A603E60106F0C4C2060506F2E
:101C00000023536780F3118802F1300090E8F01F41
:101C10008CF3098802F1000004B503F0DEFABDE898
:101C200004407047A40B002004ED00E0E80A002007
:101C3000002310210348C21801334B2B82F80013F4
:101C4000F9D1704700E100E008B5EFF30583064ADB
:101C5000103B02EBC30152F8330049688847BDE8E6
:101C60000840FFF78FBF00BF786000080148006898
:101C700070470000E80A00201FB50121094B0A4AFD
:101C80000A4800F0F7F80023064A0393084B0121A5
:101C9000019301A8D31A029300F0F6F805B05DF89D
:101CA00004FB00BF000004200000002008660008BC
:101CB000B00000200A7A0B6810B562F304031C46DA
:101CC000CB68520923F01F0343EA4203044A43F05E
:101CD0000103C2F89800C2F89C40C2F8A03010BDC1
:101CE00000ED00E010B5074BD3F89030C3F30723A5
:101CF000013B984202D8FFF7DDFF10BD6FF01500E1
:101D0000FBE700BF00ED00E02DE9F04F0F46144661
:101D100006464FF000084B4D85B0B84580F28E80E6
:101D2000D6F80490B9F1000F35D0B9F11F0F40F289
:101D3000838019F01F0F7FD1D6F800A01AF01F0F73
:101D40007AD1504603F064FA834609EB0A00013861
:101D500003F05EFA83456FD11BF1160F6CD05C4522
:101D60006ADDC5F898B0D5F89C10C5F898B0D5F8DC
:101D7000A03021F01F0143F01F0AD6E900321A44B7
:101D8000994202F1FF391BD1CA4508D131465FFAA9
:101D90008BF003F046FA08F101080C36BDE7314636
:101DA000C5F898B0D5F89C30E0B263F30402C5F8EA
:101DB0009C2003F036FA10F1160F3DD0441CEAE7E0
:101DC000C5F898B0D5F8A020013B23F01F0302F01E
:101DD0001F021343CA453146E0B2C5F8A030E8D02F
:101DE00003F01FFA10F1160F26D0C5F898B0D5F8F9
:101DF0009C209DF808300AF1FF3A62F304038DF845
:101E00000830D5F8A0309DF808205B0863F347122E
:101E10008DF80820D6E900321344009323F01F0305
:101E20005344A3EB0903013023F01F036946C0B2FA
:101E30000393FFF757FFBEE76FF01504204605B088
:101E4000BDE8F08F00ED00E00522044BC3F89420BC
:101E5000BFF34F8FBFF36F8F704700BF00ED00E0FF
:101E6000BFF35F8F0022024BC3F89420704700BF7E
:101E700000ED00E010B5034C2278FFF745FF20701D
:101E800010BD00BFD00C00202DE9F74F294D8A4628
:101E900006464FF00008AB46274FD0451BDAD6F870
:101EA0000490B9F1000F3FD031680846019103F06A
:101EB000AFF90199044609EB0100013803F0A8F9D4
:101EC00084424FF014021D4B08D002FB08F36FF060
:101ED00015024BF8032003B0BDE8F08F14F1160F84
:101EE0002C60F8D01978A142F5DD02FB08B0C7F8E4
:101EF0009840C7F89840D7F89C4000F10801007B53
:101F000064F304000871D7F8A0000C79400860F36E
:101F100047140C71D7F89C1021F01F016960D7F8A5
:101F2000A01021F01F01296108F1010814350C36B9
:101F3000B3E700BFEC0A002000ED00E0D00C002069
:101F4000F0B55349534DD1F890302C68C3F30723B3
:101F50009C4287B000F299800020FFF781FF4E4B32
:101F6000C1F8C030844216D14C4D01A82C70FFF747
:101F700015FB002607464A4CB74213D100202B78A8
:101F80004349D1F89020C2F30722934277DBFFF751
:101F90005BFF002046E0696801EB0011FFF78AFE55
:101FA0000130DFE70199300101EB0613DA682240C6
:101FB000B2F1807F52D00AD8B2F5001F34D0B2F50A
:101FC000800F3ED0B2F5801F12D00136D4E7B2F1B7
:101FD000006F43D0B2F1805FF7D15A689B6809580F
:101FE000013B22F01F00034423F01F03012032E0D5
:101FF0005A689B680958013B22F01F0003440120E6
:10200000844623F01F0340EA4C10CDE902218DF8ED
:10201000100002A928780593FFF764FE00282ADA49
:102020006FF0150007B0F0BD5A689B680958013B76
:1020300022F01F0003444FF0020C012023F01F0385
:10204000E1E75A689B680958013B22F01F000344EE
:10205000022023F01F034FF0000CD4E75A689B685E
:102060000958013B22F01F0003444FF0030C0120EC
:1020700023F01F03C7E72B7801332B70A5E7C1F8C6
:102080009830C1F8A00001337BE74FF0FF30C9E77B
:1020900000ED00E014660008AAFF4400D00C002008
:1020A0000000F0FF08B5054802F031FF002383F37C
:1020B0001188BFF36F8F0423184602DF256B0008D9
:1020C00007B5084A92E80300CDE900010648826896
:1020D000126822B16946904703B05DF804FB6FF0C7
:1020E0005700F9E730630008285F00083F280246E0
:1020F00019D800F01F0301201F2A00FA03F30B4A2E
:1021000008D8D16833EA01010ED01269934318BF91
:1021100000207047D16A33EA010105D0126B934366
:1021200008BF0120F3E70020704700BF00200244F1
:10213000012300F01F023F2803FA02F309D81F28E9
:10214000054A03D8D360136100207047D36213633C
:10215000FAE76FF015007047002002442DE9F041C6
:10216000054600264FF001080E4F6B78F4B2A342EB
:1021700001D8BDE8F0812B781C442046FFF7B6FF5C
:1021800068B12046FFF7D4FF57F834303BB107EB76
:10219000C40204F01F04516808FA04F0984701369D
:1021A000E3E700BF000B0020014B23F8101070473D
:1021B00074000020034678B1B0FA80F2C2F11F0229
:1021C000D2B2064931F91200054AD2F880100B4309
:1021D000C2F88030FFF74EBCFF22F2E77400002007
:1021E00000200244034AD2F8803023EA0003C2F8F8
:1021F0008030704700200244032921D8DFE801F035
:10220000020C10190F4B1A6822EA00021A605A6871
:1022100022EA00025A6070470A4B1A680243F5E747
:10222000084B5A6802435A601A6822EA00021A6090
:102230007047044B1A6802431A605A68104358608A
:10224000704700BF0020024430B5B0B1B0FA80F34F
:10225000C3F11F03DBB20B4850F833408C4204D16A
:1022600000EBC3056D68954205D044B940F83310C2
:1022700000EBC3004260002030BDFF23EBE76FF0AE
:102280000F00F9E7000B002060B1B0FA80F3C3F152
:102290001F03DBB20021044A42F8331002EBC302F1
:1022A00051607047FF23F5E7000B0020C300074A89
:1022B000C0F38100183052F8202003F018000F23DB
:1022C0008340134023FA00F0704700BF002002440F
:1022D000074B1A6822F004021A605A68D207FCD42D
:1022E0000222DA601A6842F001021A60704700BFE9
:1022F00000040340044B1A6822F001021A601A68B5
:10230000D207FCD4704700BF00040340024B18689A
:10231000C0F34000704700BF000C02440B88C3F3B9
:102320000B03102B32D813B96FF085007047013BB7
:102330000F2BF9D801A050F823F000BFB1230008FB
:10234000292300082923000829230008292300083D
:102350007D230008AD230008A7230008A723000859
:10236000A7230008A7230008A7230008A723000825
:10237000B1230008B1230008B1230008114B1360FA
:102380000968B1F5805F15D200207047882B0AD00C
:1023900003F67473C3F30B031C2BC5D80A4820FA49
:1023A00003F3DB07C0D5094B1B68E8E7084BE6E7FA
:1023B000084BE4E7C1F313310131B3FBF1F31360D0
:1023C000E2E700BF0090D00301011111640000207A
:1023D000006CDC02001C4E0E10B55E4CE369236AF3
:1023E0005D4B1A6942F030021A615A691007FCD538
:1023F0005A4800F0FBFB236923F4FE0343F48003F7
:102400002361FFF783FF012807D0236843F001030E
:102410002360FFF77BFF0128FBD14E4A136823F0AE
:1024200018031360136843F480531360136899040E
:10243000FCD5D36903F01803182B18D1FFF766FFFA
:10244000012807D0136843F001031360FFF75EFF14
:102450000128FBD13F4BDA6922F00302DA61DA6925
:1024600012F0180FFBD11A6A22F00F021A62394BD0
:102470001A6822F080721A609A6A22F0030242F00F
:1024800001029A629A6A22F47C5242F480629A6251
:102490009A6A42F00C029A629A6A22F020029A62C8
:1024A0005A6B6FF3080242F01D025A639A6A22F0D7
:1024B00010029A625A6B22F47E4242F400725A630E
:1024C0009A6A42F480329A625A6B22F4FE0242F413
:1024D00080325A639A6A42F400329A625A6B22F04E
:1024E000FE4242F080725A639A6A42F480229A62F3
:1024F0001A6842F080721A601A689201FCD5DA6A92
:1025000022F00302DA621A6B22F003021A631A6ADB
:1025100022F00F021A621A6A22F070021A621A6A14
:1025200022F4E0621A621A6A22F4E0421A62DA695C
:1025300042F00302DA61074BDA6902F01802182A46
:10254000FAD1DA69002022F40042DA61044B034A2E
:102550001A6010BD000C024400080244001C4E0E1C
:1025600064000020004870473C66000810B50C4627
:10257000FFF7C0FE054BB3F80C389B022360002325
:102580006360FFF7A5FE002010BD00BF00F0FF084C
:1025900038B5036905461C6849B103F016F858B10F
:1025A0002869043000F0ECFC6FF0040038BDA36A29
:1025B000DB0706D40020F9E7A36A43F00103A36216
:1025C000F8E7034B636003F188336360F2E700BF11
:1025D000230167452DE9F0472D4B17461B688A46B6
:1025E000804603F001090025FFF784FE013F294ED4
:1025F0005744574507D2B9F1000F01D0FFF768FEE5
:102600002846BDE8F087D8F810301C68A36ADB07BD
:102610003BD4404602F0D9FF051EECDBBAF5002F93
:10262000E3694FEA5A3206D2002BA36A27DB23F074
:102630000043A36206E0002BA36A23DA23F00043E1
:10264000A362403AA36A404643F00403A362A36A2C
:1026500023F4FE53A362A36A43EA8213A362A36A2C
:1026600043F02003A362A36A02F0AFFFA36A051E32
:1026700003EA0603A362BEDB0AF5005AB9E743F09A
:102680000043D6E743F00043DAE76FF00405B2E712
:1026900000040340FBFFFF7F2DE9F84F00241F4695
:1026A0002C4B89461E6805469046A346FFF722FE3E
:1026B00006F0010609F100695F4508D92B69D3F8D6
:1026C00000A0DAF82830DB0707D56FF004040EB15C
:1026D000FFF7FEFD2046BDE8F88F284602F075FFA3
:1026E000041EF4DB2BF003044444231F04F10C020A
:1026F00053F8041F19BB9342FAD1DAF82830A9EB3A
:10270000040043F00203CAF82830DAF8283004F154
:102710001003021954F8041B9C421160F9D1284699
:1027200002F053FFDAF82830041E23F00203CAF83F
:10273000283009F11009CADB0BF1100BBCE74B463E
:1027400009F1100219680131BFD104339342F9D164
:10275000D3E700BF00040340084B0B60186808492A
:1027600010B10B68136070474FF0800C4FF40050AD
:10277000C3E900C001230B60F4E700BF840B002015
:10278000800B00202DE9F843D0F8049090460746CE
:10279000D9F808000D461E4602F0F2FDB8F5001FFC
:1027A000044616D12846D9F80840FFF77FFD844239
:1027B0000CD1294602F0E4FD0446FFF713FD204644
:1027C000FFF762FD00212046FFF716FD0020BDE85F
:1027D000F883B8F5800F20D0B6F1806F19D0B6F12C
:1027E000C06F18D0B6F1007F1AD102263A462046B3
:1027F0000E49FFF729FDB0B92846D9F8081002F0B4
:10280000C4FD20463146FFF7F7FC2046FFF7D2FC17
:10281000DCE70126EAE70326E8E76FF08500D6E764
:102820006FF01500D3E76FF00F00D0E77158000884
:102830004FF0E0230D4A9969126818699B690029D5
:1028400008BF1146002B08BF134610F4803F08480C
:1028500001D1994205D20168114401604FF0E02195
:10286000096900681044C01A704700BFA00B00201F
:102870009C0B00201022094B002083F8232045F6F2
:10288000C052074B1A60074B45F6BF5218604FF015
:10289000E0235A61072298611A61704700ED00E059
:1028A000A00B00209C0B0020684620F007018D46FD
:1028B00019B5FFF7BDFF1449144B0868D3E900426E
:1028C000001942F10002C3E9000200230B6045F643
:1028D000C0530F4AD2E90041001BB0FBF3F0434361
:1028E0001B1941F10001C2E90031EFF311811023FE
:1028F00083F31288BFF36F8F00F00AFFFFF742F9EE
:10290000BDE81940854670479C0B0020B8000020A8
:10291000B00000202DE9F041374E89B1421C0AD1A8
:102920004FF0E022136923F0010313614FF07F435E
:102930003360BDE8F0813568012806DC00240AE038
:10294000431C3568F8D140F2BA2040F2BB239842CC
:10295000A8BF1846441EEFF31187102383F3128893
:10296000BFF36F8FFFF764FF4FF0E0232349D3F8E5
:1029700018C0D1E9002380184FF0000243F1000392
:10298000C1E900031E4B1A601E4B1A68831A2DD42E
:1029900045F6C05E45F6BF5814FB0E841C44B4FBDC
:1029A000FEF4131A40F2DC520EFB0433934238BF9C
:1029B0001346154A934228BF13464FF0E022336076
:1029C000013B946953610023A4459361ACEB04007F
:1029D000D1E900320DD20544EB1842F10002C1E901
:1029E000003287F31188BFF36F8FA2E740F2DC5308
:1029F000E3E7C318F1E700BFA00B0020B8000020F8
:102A00009C0B0020B0000020809DFF0038B5EFF344
:102A10001185102383F31288BFF36F8F084B1C6856
:102A2000084B1B68E41AFFF703FF85F31188BFF317
:102A30006F8F45F6C0532044B0FBF3F038BD00BFA4
:102A4000B8000020B0000020F0B5816885B01039D2
:102A5000054621F00F0402F065FB6A460A4B03F1BC
:102A60001007164618685968083303C6BB42324639
:102A7000F7D110236A462146284602F022FB00388F
:102A800018BF012005B0F0BD8666000830B50D46C0
:102A9000816887B0102302AA1039044602F0FCFABC
:102AA000002802DA012007B030BD1022204602A91A
:102AB00002F00FFF00283AD110221E4902A803F0AD
:102AC000C8F900280CBF012302232B70204602F016
:102AD000ECFE012301460DF10702204602F0DCFA6C
:102AE0000028DFDB9DF80730204603F00F021B09AA
:102AF0006A702B7101220DF1070102F0EAFE10B994
:102B00006B78042B03D901236B7000232B71A2680F
:102B10002046203A22F00F02103AA91C02F0ECFEE7
:102B20000028BFD12046E91C02F03EFFBBE703238B
:102B3000CBE700BF866600087FB52A4D4400694692
:102B400055F8240002F036FF00283CD1013455F836
:102B5000240002A902F02EFF012802BF03238DF8F2
:102B6000083040F203334FF000049DF800509DF808
:102B700008601D4A08BFADF80A302946107802F0F7
:102B80009AFE30B33146507802F095FE08B3937840
:102B9000042B03D09DF8031099421AD1D378042B4B
:102BA00003D09DF80B10994213D11379042B03D055
:102BB0009DF8021099420CD15379042B05D19079DC
:102BC000831E022B0BD9FF2009E09DF80A109942C1
:102BD000F5D00134042C02F10702CED1012004B05B
:102BE00070BD00BF446600080B6C0008B8B1384BDC
:102BF0001A6902F03002302A13D1364B98425DD95F
:102C0000354B98425CD9354B98425BD9344B98424E
:102C10005AD9344B98422ED9334B98423BD9012094
:102C200070471A6902F03002202A10D12F4B9842C7
:102C300044D92F4B984243D92E4B984242D92E4B20
:102C4000984241D92D4B984215D92D4BE5E71B6988
:102C500003F03003102B10D12A4B98422ED92A4B67
:102C600098422DD9294B98422CD9294B98422BD9DF
:102C7000284B9842D3D804230EE0274B98421DD905
:102C8000264B98421CD9204B98421BD9244B984282
:102C90001AD9244BEDE7052323490A6822F00F02D5
:102CA0001A430A600A6802F00F0293420ED00868C5
:102CB00000F00F00C01A18BF012070470023EBE797
:102CC0000123E9E70223E7E70323E5E70020704754
:102CD0000008024480DE800200BD0105809B82075F
:102CE000007A030A8058840C80B2E60E80CC06027B
:102CF00000990D048065140600321B0880FE210A2D
:102D000000C2EB0B80C3C90100879303804A5D05B5
:102D1000000E270780D1F008002D3101005A620211
:102D200000B4C40400E1F5050020024038B5EFF31B
:102D30001185102383F31288BFF36F8F064B9C68B5
:102D400002F096FE85F31188BFF36F8F2046BDE831
:102D50003840FEF727BF00BFA40B002038B50A4B50
:102D600053F82040013053F82050A54200D838BD18
:102D7000606830B1037EDB0701D402F04EFE0834F8
:102D8000F3E723689847FAE74C660008012270B51C
:102D9000294B86B003201A70FFF7E0FF02F0A2FF74
:102DA0000420FFF7DBFF254C254D2646AE4204F1FB
:102DB00030040FD300F084FA204CAC4226D300F04C
:102DC00093FAFDF7D3F91F4A938923F00103938106
:102DD00006B070BD54F80C3C059354F8103C0493B5
:102DE00054F8143C039354F8183C029354F81C3CD8
:102DF000019354F8203C009354E90A2354E90C0150
:102E000000F018F954F8303C5E65CEE7D4E90A23A7
:102E1000B3F1FF3F08BFB2F1FF3F05D052EA030113
:102E2000206803D102F0ACFE3034C6E70649183002
:102E300000F0DEFBF8E700BFD10C0020D0620008F4
:102E4000D0620008400100205B5B000800230122E3
:102E500070B586B0CDE904230F220193CDE902328B
:102E600014234FF4A0720E4D0E4E03FB00550E4975
:102E700006EBC016044602FB00110C4B30460095D1
:102E800000F0D8F8337C2C7423F004033374084B1F
:102E9000013403EBC423EE606B6006B070BD00BF6D
:102EA000A40B0020C0000020D8140020775A00088E
:102EB000D80C00207FB50020FFF750FF284B03F50A
:102EC000006282F3088883F30A880024F023254DEA
:102ED00085F82230EC772C766C76AC7685F820403D
:102EE0006B6A43F4E0236B62FEF732FDFEF744FEAB
:102EF0004FF0FF33AB62EB62FFF722F8FEF7BCFE48
:102F0000194800F0D5F8FEF737FB0120FFF726FF40
:102F10000220164DFFF722FF00F010FA144B4FF479
:102F200020525D61134B1449059301232846CDE9D6
:102F30000343CDE90144114B009400F07BF80646B1
:102F40002B7C284623F004032B7402F0E3FD20467B
:102F5000FFF77CFF31462846084AFEF7EDFD00BF2B
:102F6000D80C002000ED00E0C0010020400100204E
:102F7000A40B0020736B0008181600208D2D00088C
:102F800070B5EFF31186102383F31288BFF36F8FB0
:102F90000468A0421AD0CCB1D4E9003200251360F5
:102FA0005A60237CC4E9005523F002032374A56012
:102FB00004F1180002F01BFE2046A56702F0AAFDEE
:102FC0003146BDE87040074802F0D7BDD0E9023273
:102FD0009A4218BF0133836086F31188BFF36F8F65
:102FE00070BD00BFD20C002013B5EFF31181102487
:102FF00084F31288BFF36F8F846844B1013C84600E
:1030000081F31188BFF36F8F002002B010BD52EA28
:10301000030406D181F31188BFF36F8F6FF00F00A7
:10302000F3E7CDE900230246014800F027F9ECE779
:10303000D20C00202DE9F043984685B000F15803EA
:10304000C0E91633109B002683810423073222F047
:10305000070503740F9B01EB05090F46837349466F
:10306000C0E906668660C6730446FEF71BFB0E9B2E
:10307000073020F00700A066C4E9187502930D9B85
:10308000A9EB000901930C9B4A460093394643463D
:103090002046FEF735FD054B66659B6803B1DB6E88
:1030A0004846E36605B0BDE8F08300BFA40B0020EE
:1030B0000123037483810023C0E91833C366014BE5
:1030C00098607047A40B00206FF00A01084A9368CB
:1030D0009967084958674B6843F080534B60002359
:1030E00083F31188BFF36F8F9368986F704700BFA9
:1030F000A40B002000ED00E070B590F91020037CD7
:10310000002A2FDBD9062DD11A4C63F07F0322460B
:10311000037452F8183FE169934207D1C0E90021D6
:103120000860E0610FE09942F8D01B68002BF5D0F1
:1031300093F90E6090F90E50AE42F4DD5968C0E983
:10314000003108605860A569954200D005B9E5686E
:10315000A3681A7CD20606D1DA897F2A03D9AA6924
:103160000AB9636170BDAB4202D0284600F0C2F9D3
:103170006561F7E7A40B002038B590F910200146EF
:10318000002A037C04DA03F07F03037402F08AFC54
:103190000D4D2A4652F8184FAB68944200D004B93E
:1031A000EC688B4207D01A7CD20604D1DA897F2AD8
:1031B00001D9A2692AB1A34202D0204600F09AF9AF
:1031C00023466B6138BD00BFA40B0020B3F1FF3F65
:1031D00008BFB2F1FF3F03D00249183000F008BA2F
:1031E000704700BF5B5B0008034648B9EFF30582F8
:1031F00032B9064A51699268914201D0FFF764BF23
:1032000083F31188BFF36F8F704700BFA40B0020BA
:1032100038B5184CA168E0690B68814214BF1A46A2
:10322000002249680B605960A368E1692AB9124A13
:10323000C3E900210B60E3610AE092F90E5093F9B3
:103240000E00854212DD5168C3E900210B60536016
:10325000A569094B9D4200D005B9E568A3689D4268
:1032600002D0284600F046F9656138BD8A42DED0BA
:103270001268DBE7A40B0020BC0B0020F8B5DDE9E9
:1032800006670D4B0C46986811460C4A1060EFF328
:103290001182102282F31288BFF36F8F9D68284637
:1032A00002F012FC284632463B46FFF78FFF2046CD
:1032B000BDE8F840FFF708BFA40B0020C40B0020B6
:1032C000EFF31181102383F31288BFF36F8F054B47
:1032D0009A68D37B013BD37381F31188BFF36F8F5F
:1032E000704700BFA40B002070B5EFF311861023C8
:1032F00083F31288BFF36F8F0F4DAB68DA7B013217
:10330000DA732A4652F8184F944200D004B9EC6898
:103310001A7CD20604D1DA897F2A01D9A2692AB19E
:103320009C4202D0204600F0E5F823466B6130460F
:10333000BDE87040FFF758BFA40B0020024B03F11B
:103340001802C3E906227047A40B0020014B9868BD
:10335000704700BFA40B00202DE9F843044687897D
:10336000EFF31186102383F31288BFF36F8F037C72
:10337000190705D586F31188BFF36F8FBDE8F88371
:10338000D90943F008026FD10274A36813B1204633
:1033900002F090FB04F1180002F029FCA56D04F185
:1033A0005808A84511D04FF0000975B1284602F021
:1033B00081FB05F1180002F01AFC2846C5F8789048
:1033C000FFF79AFEA56DA845EFD1DFF8BC80D8F8CD
:1033D00008309C4250D1EFF30589B9F1000918BFBC
:1033E0004FF00109D8F81850284A954200D00DB97D
:1033F000D8F80C50AB4202D0284600F07BF82046AB
:10340000C8F8145001F0EDFEB9F1000F02D02048C9
:10341000FFF74EFED8F808309C4230D1EFF3058319
:103420006BBBA289D20711D586F31188BFF36F8FCA
:1034300083F31188BFF36F8F0423184602DFEFF385
:103440001186102383F31288BFF36F8F3046FFF786
:103450003BFEFB0792D5002383F31188BFF36F8FE8
:103460000423184602DF89E703F07F0343F00803D3
:10347000037402F017FB88E74FF00009B2E786F308
:103480001188BFF36F8FE4E7A40B0020BC0B002072
:10349000C0010020027C034612F01F0210D10A492D
:1034A00088420DD00949086868B1D9897F2909D8AF
:1034B00093F90E20064B1B689A42B8BF0020704754
:1034C0000020704710467047C000002068000020B0
:1034D000C80B00200122044BC01A044BC0105843F3
:1034E000034B1A54704700BF40020020ABAAAAAA9F
:1034F000D20C002070B50C4B0C4D1E7CFFF7CAFFA0
:10350000182303FB06550446284602F070FB0022F0
:10351000074B9A553CB1621E2846BDE870400549EC
:10352000D31700F065B870BDA40B00204002002046
:10353000D20C0020D534000838B5EFF311851023E4
:1035400083F31288BFF36F8F0F4B104A9C6810688B
:10355000A04206D1FFF7CEFF85F31188BFF36F8F2E
:1035600038BD00211B7C1160094AD35C002BF3D0CD
:103570002046FFF78FFF0028EED0237CDB0601D129
:10358000FFF746FE2046E5E7A40B0020C40B002011
:10359000D20C0020024B1868984208BF00207047E8
:1035A0006C000020034B1B680BB9FFF72FBA0020FB
:1035B000704700BFCC0B002030B570B10B4B5B687F
:1035C00098420AD0036843B1D3E90421D0E9044505
:1035D000121941EB0501C3E90421D0E9003213605F
:1035E0005A600023C0E9003330BD00BF6C000020EA
:1035F000B3F1FF3F08BFB2F1FF3F2DE9F84F04469A
:10360000994615461F467AD08160EFF31188102342
:1036100083F31288BFF36F8FB9F1000FDFF8E4A0D6
:1036200020DBFFF7BFFFDAE90027013549F1000988
:103630002D1849EBE07306464FF00109C4E9045325
:10364000AD1843EB0707FFF7A5FF0346DFF8B8E027
:10365000DEF804A0EBB9C4E900EACAF80040CEF8ED
:10366000044028E06FF00103DAE900125B1A4FF022
:10367000FF3161EB02025B1B62EB0902012B72F16D
:103680000001BCBF012300224FF00009C0E9043251
:10369000D9E7D3E9041CD4E904208A4270EB0C0B6F
:1036A00024DA891A5A686CEB0000C3E90410C4E9F3
:1036B000003214605C60FFF76DFF84420ED1134B43
:1036C0001B685BB9B9F1000F02D1FFF76BFF06462B
:1036D000304602F075FA0021FFF71CF988F31188D3
:1036E000BFF36F8F28463946BDE8F88F521A60EB5A
:1036F0000C005345C4E90420ADD01B68AAE700259F
:103700002F46EFE7580200206C000020CC0B002071
:103710002DE9F047DFF8A8900246C9F800000D46F1
:10372000FFF738FF00260027DFF898804FEAE27E97
:10373000D8E9001350B1D0E9044CA2427EEB0C0A48
:103740001ADAA41A6CEB0E06C0E9044600245218DB
:1037500043EB0E032046C8E90023C9F8004002F0FD
:103760002FFA2146FFF7D6F885F31188BFF36F8F44
:10377000BDE8F047FFF7E0BE611843EBE473C0E932
:103780000467C8E90013FFF717FF01224FF0004359
:10379000C0E9042385F31188BFF36F8F83689847CE
:1037A000EFF31185102383F31288BFF36F8FD9F8DD
:1037B0000020121BC9F80020FFF7ECFEB6E700BF9F
:1037C000CC0B00205802002010B5EFF31184102319
:1037D00083F31288BFF36F8FFFF7E4FE0346054AB9
:1037E000D2E90001181841EBE37184F31188BFF3AB
:1037F0006F8F10BD5802002010B50A46044619B15B
:10380000024B00211B68984710BD00BF646600088A
:103810002DE9F04F8378154685B007469A07D0F812
:10382000048040F19F8000260878002800F09C80EA
:10383000252808D001F1010A01363946C047002881
:1038400080F286808AE091F801B001F1020ABBF1B2
:10385000250FF1D0002401211F2C25D8ABF1200227
:10386000102A06D801FA02F0824B18420ED1032A20
:103870005AD0ABF13002092A08D9BBF12A0F33D153
:10388000630605F1040501D444F020041AF801BBD5
:10389000BBF1000FE0D139462520C04700285DDB91
:1038A000023639465846C9E77F2CE2D9BBF16C0F86
:1038B00029D021D8BBF1680F2CD0BBF16A0F30D0D2
:1038C000BBF14C0F2DD0ABF16302122A00F2A480A1
:1038D000DFE802F02C4EA2A2A2A24EA2A2A2A2A2B5
:1038E000AC9CA2A231A27600BBF12E0FDED1600605
:1038F0003AD444F04004C9E7BBF1740FC6D0BBF121
:103900007A0FC3D0DFE7220648BF44F4007444F0C6
:103910008004BBE7E30548BF44F4007444F48074BA
:10392000B4E744F42074B1E71024AFE70136394618
:1039300015F8040B82E72C684F4B002C08BF1C467F
:10394000A1464B4619F8010B20B9341B04351E194A
:10395000514669E73946C0470028F2DABB7843F0A0
:103960000403BB704FF0FF36304605B0BDE8F08F62
:1039700020061CD5A10549BF073555F8040B25F0D5
:10398000070555F8080B00280DF104094FF00A024D
:10399000BCBF44F480644042494602F06AFA6405C0
:1039A000A0EB090956D44C460DF1040B5EE0E2058C
:1039B00055F8040BE7D5A3054CBF40B200B2E2E7CF
:1039C00024F010040A22A4B2200633D5A10549BF71
:1039D000073555F8040B25F0070555F8080B10B905
:1039E00024F01004A4B20DF10409494602F041FA92
:1039F000E306A0EB0909D6D539463020C047002898
:103A0000ACDBBBF1000F1ED10136CCE744F0100453
:103A100010224FF0780BD7E74BF02002782A7FF482
:103A20003AAFCBF1780242F01002CDE708224FF016
:103A3000000BC9E7E30555F8040BD0D5A1054CBF31
:103A4000C0B280B2CBE7023639465846C04700289C
:103A5000A9DA83E7013639462D20F7E7013C3946DC
:103A60001BF80400C0470028FFF678AF002CF5D102
:103A70004E446DE781280100786B000870470020F4
:103A8000704730B500290446154685B011DB8368C0
:103A90008B420ED96368C068194401AA01F03BFD4E
:103AA00028B96268019B9B1A2B60029B6B6005B072
:103AB00030BD6FF02100FAE770472DE9F0470C4662
:103AC0009CB01146DDE9265790469946249E00F0A9
:103AD00075FA82466846FDF7B5FC35B1002F04DD66
:103AE0003A462946684601F086F963892289E768E3
:103AF000002413441F44A74207D86946259801F0C3
:103B0000A0F900201CB0BDE8F0873D1BB54228BFDE
:103B100035464A462B4640460AEB040101F0BCFA02
:103B20000028EFD12A464946684601F064F92C4442
:103B3000E1E72DE9F7430E4617469946044628B9B2
:103B40004FF0FF38404603B0BDE8F0830029F7D0BE
:103B5000002AF5D083690D8938461D44CB681D4481
:103B6000042329460DEB030201F096FA8046002853
:103B7000E6D146F60813BDF8042071899A4225D192
:103B8000BDF806309942DBD1042338460DEB030221
:103B9000294401F081FA0028D2D146F60713BDF876
:103BA00004209A42CCD1C4E900679DF82830A4F8DB
:103BB0000890A3727389BDF806202B44E3607389D3
:103BC00013442B44043563612561BBE70029E4D02D
:103BD000B6E72DE9F3410E4617461D46044620B9C7
:103BE0004FF0FF3002B0BDE8F0810368002BF7D042
:103BF0004368002BF4D04FF6FF78D4E904139942C0
:103C000015D223685B8923B1E3688B4204BF04317A
:103C10002161042360680DEB030201F03DFA0028E6
:103C2000DED1A37A2BB1D4E903329A4201D3012029
:103C3000D8E72389BDF80610434501F1040203D0FB
:103C4000BDF804C09C450BD115B1BDF804302B80E4
:103C50002369043333603980236913442361C1E746
:103C6000236913442361C8E748B103683BB1436843
:103C70002BB1C068884294BF0020012070474FF0EC
:103C8000FF3070472DE9F3410D46044611460223EB
:103C9000284601AA02F056F8064618BB019F1F2FBE
:103CA00012D92B68A7F12002134403F1200253F824
:103CB000041B934244F8041BF9D12B683B442B604E
:103CC000304602B0BDE8F081C7F120084246014607
:103CD000204602F0B6F83A46296804EB080002F0E4
:103CE000A3F8EAE76FF00206EAE702F0B2B810B50F
:103CF000044601F010FA00F075F8A368984201D963
:103D000001F0A8FA181A10BD70B50D46044601F06E
:103D1000CCFD2A46A0F1200104232046BDE87040D6
:103D200001F0BAB9002373B506460D461446019357
:103D300001F0BBFD0423A0F110010DEB030230469E
:103D400001F0AAF918B9019B2B801B0C238002B04B
:103D500070BD13B50446019101F0A7FD0423A0F145
:103D600020010DEB0302204601F0E2FD02B010BD80
:103D700073B5164605460C4601F097FD0423A0F1E5
:103D8000100144EA064428460DEB0302019401F0B9
:103D9000CFFD02B070BD00F0EEB9382213B5012995
:103DA0000346019208460AD15A6A03F1280401A980
:103DB00001F0E1F908B9019B236002B010BD0229AE
:103DC00003D15A6D03F15804F1E70120F5E710B56E
:103DD00028B1BDE810406C22002102F032B8FCF797
:103DE00029FCF6E7702358436030704773B50C46E2
:103DF0000546164601F08FF9A04203D9284601F086
:103E00008AF904467023A9686A46603903FB1411D5
:103E10002846FFF736FE0028A4BF009B336002B09F
:103E200070BD2DE9F3411E46836805468B420C4662
:103E300090462FD95B1A93422CD3EEB16A46FFF716
:103E400020FE002828DB013C009F44446A462146AE
:103E50002846FFF716FE00281EDBDDE90084284611
:103E60002246414601F042F9002815DB6EB1474574
:103E700012D208F1FF34E9E701396A464144FFF7FD
:103E800000FE002808DB009FE0E74444A74203D37C
:103E90000134DBE74FF0FF3002B0BDE8F08110B431
:103EA00012B110BCFFF7BDBF104610BC7047002315
:103EB00082681946FFF7F3BF08B5302303FB010101
:103EC000086A08B901F0C6F90422BDE8084001F00B
:103ED00000BDF8B513460F461646002102460546BA
:103EE000FCF71AFE044650B933460121284605F175
:103EF0003002FCF711FE10B1002F18BF0446204617
:103F0000F8BD00207047002110B504460846FCF7B4
:103F10007DF904F12001C0B2FDF746FB40B9012153
:103F2000FCF774F904F15001C0B2FDF73DFB08B194
:103F300001F090F910BD10B50446006D08B101F014
:103F4000AAF8206A18B1BDE8104001F0A4B810BD6D
:103F50004379012B07D10368012B04D10079431E5B
:103F600058425841704700207047F0B5056A85B047
:103F7000074628460E46FFF7BAFE796E04463046DD
:103F800000F0A7F80444284601F0C5F80746284683
:103F900001F0C8F80F2201460DF1010001F051FFB8
:103FA00033796A468DF8003021463B46284601F0B9
:103FB00088F8003818BF012005B0F0BD28B1036DA6
:103FC0008B4201D1806E70470020704713B50C46BC
:103FD00001AA416E2046FFF709FF002809DB01997D
:103FE000A26801232046521AFFF759FFC00F02B002
:103FF00010BD0120FBE773B505460C46006D694610
:104000001646FEF743FD024608B101F023F9F179A7
:10401000012904D0204601F0E1FC0028F5D19DF8EB
:104020000330012B04D1204601F0B7FC0028ECD16D
:104030002046B168FFF78DFE0028E6D12046B5F88E
:104040005C20A98DFFF794FE0028DED12046FEF704
:10405000FBFC0028D9D102B070BD73B50C460646F2
:1040600000F041F8E06028B3022801D1356A0DB9AB
:1040700001F0F0F8224631462846FCF71BFED0B985
:10408000284601F012FC012301460DF107022846E3
:1040900001F002F888B9012228460DF1070101F06C
:1040A00018FC10B101238DF807309DF8073003F09C
:1040B0000F03E371002002B070BD0120FBE7436AEB
:1040C00000205A68034613448B4201D20130FAE7BC
:1040D000704710B503684C005A1E0379013B5943E1
:1040E00004FB021010BD1FB504466946006AFEF7C6
:1040F000CDFC08B101F0AEF8206D02A9FEF7C6FCB8
:104100000028F7D19DF80030012B09D19DF802302D
:10411000032B05D19DF80800013818BF012040008D
:1041200004B010BD73B5CB790646042B0D4614467A
:104130001FD10B68012B1CD169461046FEF7A6FC67
:1041400008B101F087F89DF80030032B11D121460A
:104150003046FFF73BFF0028F3D1204601F055FC25
:104160000028EED12A4621463046FFF744FF0028BA
:10417000E7D102B070BD10B50446406EFFF732FEC5
:10418000636A5B685A1E024459421140A26D013AAB
:104190005A43501AA26A53435B1A984228BF1846E2
:1041A00010BD30232DE9F74F03FB0103D3F8209016
:1041B00004460F469046B9F1000F01D101F04AF8CC
:1041C000002AFBD000251560B3F808A0DB680129A0
:1041D0009A444FF0040308BF856E0DEB030255446B
:1041E0002946484600F058FF064638B101264846A1
:1041F00000F051FF304603B0BDE8F08F302303FBE1
:104200000743B3F80AB046F60813BDF804209A42F3
:1042100020D1BDF806309B4501D00326E7E70423F3
:1042200048460DEB03020BEB050100F035FF0028BB
:10423000DCD146F60713BDF804209A42EDD13022B6
:1042400002FB0744BDF80630A3855B445344C8F81D
:104250000030CCE7BBF1000FEBD0DEE7F0B5002477
:104260000646204665B2AB4200DCF0BD51F8247032
:1042700052F824503D440544AF4218BF002046F890
:10428000245088BF40F001000134EBE7002300EB2D
:104290008101884200D3704751F8042D43EA52034C
:1042A0000B60D307F5E770B50368054613F0010608
:1042B000144605D013460A460146FFF7CFFF0646CF
:1042C00021462846FFF7E2FF46B104F18042013A59
:1042D00055F8223043F0004345F8223070BD2DE9F7
:1042E000F74F00273D463C464FFA87F9994516DBC4
:1042F0004FF0FF364FF0000806EB43060196019F92
:1043000053FA88FE4FFA8EFEBE455FFA88F628DB28
:1043100000EBC30040F8044C03B0BDE8F08F4FF051
:10432000000EF04602EB870A51F82EC05AF80469D5
:104330004FF0000BACFB066C36195CEB050C28BF8C
:104340004FF0010B0EF1010E34464FFA8EF6B145D7
:104350006546D844E8DA40F82740454664460137C8
:10436000C2E7A9460025013676B202EB8E0A77B283
:10437000BB4205DC40F82E4008F101084C46BEE780
:104380006FF00307774351F826C05AF807704FF0D3
:10439000000BA7FB0C7C3F195CEB090C28BF4FF00E
:1043A000010BE1463C465D440136E0E7002310B5D1
:1043B0001C465AB2914200DC10BD40F82340013344
:1043C000F7E700231A4610B55CB2A14203DCB2FA4B
:1043D00082F0400910BD50F8234001332243F3E737
:1043E00001234A1150F8220001F01F018B401840B0
:1043F00070474B1E10B55BB2041D1A0603D45A1E3B
:1044000054F8221071B101335BB24BB103F1804219
:10441000013A50F82220B2FA82F2C2EB43139BB267
:1044200018B210BD1346E8E7002310B55CB2A242F3
:1044300000DC10BD51F8234040F823400133F5E77C
:1044400010B5013A52B2130601D5002010BD50F844
:10445000224051F822309C4205D802F1FF32F2D2BC
:104460004FF0FF30F2E70120F0E7002330B5013ACA
:1044700052B2140603D5181E18BF012030BD50F8E3
:10448000224051F82250013A6C402343F1E7F0B545
:10449000002406469C46204665B2AC4500DCF0BDD3
:1044A00051F8247052F824303D1AED1AAF4218BF6B
:1044B000002046F8245038BF40F001000134EBE7FB
:1044C00070B59DF910601D4633460446FFF7C6FEE1
:1044D00030B9324621462846FFF7B2FF012807D0FF
:1044E00033462A4621462046BDE87040FFF7CFBF3D
:1044F00070BD70B59DF910601D4633460446FFF748
:10450000C6FF38B133462A4621462046BDE87040F2
:10451000FFF7A4BE70BD2DE9F04F1D46A7B016AB46
:10452000CDE904310290294610469046FFF761FF1D
:10453000C0EB851424B22146002CB8BF04F11F0142
:10454000634203F01F0306AF384641F3471104F0FE
:104550001F0658BF5E42FFF729FF002E4FEA810079
:104560002CDD002213463844C6F1200E9D421AD895
:104570000126AB00039307EB8503019305F1FF3898
:1045800026AB4FEA450903EB8808002C55DA26AB29
:1045900003EB86062A4656F8881C0298FFF744FF6C
:1045A00027B0BDE8F08F58F823C001330CFA06F1AC
:1045B0000A4340F8042B2CFA0EF2D7E72A4641466C
:1045C0003844FFF731FFD3E75AF8883C53F82120ED
:1045D00026AB03EB810353F8803C6344D31A34BF0A
:1045E0004FF0010B4FF0000B9A4204D0BBF1000CCE
:1045F00018BF4FF0010C5EF8882C013042F82130D2
:1046000041B24945E0DBA6EB0C035E422946384641
:104610005E41FFF73BFE039B294698336B4453F8FA
:10462000802C58F8803C019843EAC273013C48F85A
:10463000803C24B2FFF72AFEA7E7002026AB86F0D5
:10464000010E844603EB860A03EB8E0ED8E730B5E5
:1046500004461D4691B068469DF95030FFF73FFE75
:104660002A4669462046FFF756FF11B030BD30B5E7
:1046700005461C4691B0684693F90030FFF72FFEBF
:1046800069462846D4F8AC30984711B030BD13467F
:104690000A46FFF7ECBF2DE9F04793F900600446A6
:1046A000894692B03146104615461F46FFF789FEEF
:1046B000002840F091803A46494602A8FFF7E7FFFC
:1046C0003B46214602AA0AA8FFF7D1FF02A90846E5
:1046D0003A46FFF7DCFF3B462A4649464846FFF785
:1046E000C6FF07F104083A4629462846FFF7CFFFE0
:1046F00043462A46214620460096FFF7E1FE434600
:104700002A46294628460096FFF7DAFE43462A46FF
:10471000214628460096FFF7ECFE3B462A462146F6
:104720002046FFF7A4FF434622462146284600962E
:10473000FFF7C6FE43462A46214620460096FFF76D
:10474000BFFE2368DB074AD5334642462146204652
:10475000FFF784FD824631462046FFF797FD06F1BC
:104760008043013B54F8232042EACA7244F82320D4
:104770003A4621462846FFF78AFF434629462846FF
:104780000AAA0096FFF7B5FE4346294628460AAA1C
:104790000096FFF7AEFE0AA9084643462A46009651
:1047A000FFF7A7FE3B46214620460AAAFFF75FFF18
:1047B00002AA4346104621460096FFF79AFE32466B
:1047C00029462046FFF730FE49462846FFF72CFED3
:1047D000484602A9FFF728FE12B0BDE8F08731462F
:1047E0002046FFF753FDC3E72DE9F04115468AB097
:1047F00004460E461C22002103A801F022FB0323DD
:1048000095F900802A46314620462F1D0293FFF776
:104810003EFF3B462146204602AACDF80080FFF726
:1048200068FE2B46324621462046FFF720FF3B46D6
:1048300021462046CDF8008005F18402FFF740FEB6
:104840000AB0BDE8F081F0B50F460646A1B01946A2
:10485000384615461C46FFF7B4FD28B1304621B056
:10486000BDE8F040FFF7A2BD224639466846FFF793
:10487000DBFD294608A8FFF7D7FD10A82146FFF762
:1048800095FD012318A81093FFF790FD2246684676
:1048900008A9FFF7D5FD30B92246304610A9FFF729
:1048A000C3FD21B0F0BD009BDA0709D4214668465C
:1048B000FFF7ECFC2246294610A8FFF7F4FCE5E7D9
:1048C000089BDB0707D4214608A8FFF7DFFC224638
:1048D000294618A8F1E7012823461CD108AA6946F1
:1048E0006846FFF7D4FD21466846FFF7CFFC224615
:1048F00018A910A8FFF7A4FD013005D110A923467F
:104900002A460846FFF7AAFC10A92346084618AA1B
:10491000FFF7BDFDCEE76A4608A8FFF7B8FD2146C0
:1049200008A8FFF7B3FC224610A918A8FFF788FDD6
:10493000013005D118A923462A460846FFF78EFC08
:1049400018A92346084610AAFFF7A1FDBFE7F0B556
:1049500015461C4607460E4689B01A462946684643
:10496000FFF795FE23466A4639463846FFF77FFE35
:1049700023462A4669466846FFF779FE23466A467B
:1049800031463046FFF773FE09B0F0BD2DE9F04720
:104990008AB0DDF848A01446554680461F46894631
:1049A00015F9046B02462B46214602A80096FFF734
:1049B000A0FD02A952460846FFF769FE534641464C
:1049C000404602AAFFF753FE53462146204602AA5C
:1049D000FFF74DFE2B464A46394638460096FFF70C
:1049E00088FD5246394602A8FFF751FE02A92B4620
:1049F000424608460096FFF77CFD02A92B46224658
:104A000008460096FFF775FD2B4642462146204694
:104A10000096FFF76EFD5346224649464846FFF78B
:104A200026FE2B464146204602AA0096FFF761FD6E
:104A30005346224639463846FFF719FE2B464A466A
:104A4000394638460096FFF754FD3246204602A903
:104A5000FFF7EAFC0AB0BDE8F087F8B50E46D11CB6
:104A600048BF911D144641F38701FFF79FFC0025C5
:104A7000671E6AB2A24205F1010500DBF8BDBB1A50
:104A800023F00301B25C03F00303DB009A404358B8
:104A900013434350EDE72DE9F0471F46B3F90230C9
:104AA000064613F11F0448BF03F13E046511DC1DE7
:104AB00048BF03F10E04E410944228BF1446884610
:104AC0004FFA85F94946FFF771FC224641463046C8
:104AD000FFF7C3FFB7F90220E300B2EBC40F20D207
:104AE00000219B1A06EB8504C3F12005A6420FD3D3
:104AF00024374A4631463846FFF7A2FC012810D039
:104B00004B463A4631463046BDE8F047FFF7BFBC5A
:104B100054F8040D20FA03F20A43226000FA05F16A
:104B2000E4E7BDE8F0872DE9F04FFDB0869D1E4615
:104B3000B5F90230059213F11F0248BF03F13E029E
:104B40000023834642F3471808F1FF3924AA42F8AC
:104B500029307CAA95F9004002EB890242F8C03C5A
:104B600042F8A03C0F4695F9012001466CA8FFF7DA
:104B700074FFA30095F9012007936CAB03EB840A43
:104B80000BEB02015046FFF768FF314695F9012013
:104B90004CA8FFF762FF95F9012054A8B118FFF760
:104BA0005CFF21464CA8FFF70CFC18B100207DB03B
:104BB000BDE8F08F214654A8FFF703FC03900028BE
:104BC000F4D105F12403424618464CA90493FFF79B
:104BD00037FC0128EAD1424654A905F12400FFF729
:104BE0002FFC01280690E1D11CAE4346304605F16A
:104BF000240254A9FFF727FE039B0DF1300B394621
:104C00004BF8293058462B46059AFFF744FF3246A9
:104C10005946584605F12403CDF80080FFF717FDEB
:104C20005CAF05F1240332464CA914A8CDF80080EE
:104C3000FFF70DFD384622466CA9FFF7F5FBA300F0
:104C400007EB0309514648462246FFF7EDFB05F105
:104C500044039A461946224634A8FFF7E5FBA30011
:104C60000AEB030122463CA8FFF7DEFB39462B1D69
:104C7000304634AA00940593FFF73BFC4B463A4676
:104C80003CA934A80095FFF781FE23463146304603
:104C90002A1DFFF7D8FD2B46494638463246FFF716
:104CA00056FE039A4146CDE9082A58466CAACDE93A
:104CB0000A27FFF79EFB4146814614A8FFF799FBA0
:104CC0008145B8BF81461FFA89F909F1FF3A0FFA09
:104CD0008AFA51465846FFF783FB5146074614A807
:104CE000FFF77EFB003818BF0120003F18BF0127E7
:104CF00008AB47EA400753F827702246394624A8F4
:104D0000FFF792FBA300F91822462CA8FFF78CFBB3
:104D100021463046FFF74AFB069BA9F102093360A2
:104D20000FFA89F9B9F1000F21DA234631463046EE
:104D3000059AFFF788FD2B4632462CA924A8FFF7D9
:104D400006FE4246049824A9FFF77AFB012805D005
:104D500024A943460846049AFFF799FB22464CA92A
:104D600024A8FFF782FBB0FA80F040091FE72B462A
:104D70003246D5F8A4702CA924A8B84749460CA8F7
:104D8000FFF72EFB4946074614A8FFF729FB00381A
:104D900018BF0120003F18BF012708AB47EA4007B2
:104DA00053F8277027B32246394634A8FFF73CFB57
:104DB000079B2246F9183CA8FFF736FB2B463246E4
:104DC0003CA934A8FFF7C3FD059B34AA24A944A835
:104DD0000094FFF78EFB2CAB24AA3CA934A80095C5
:104DE000FFF7D4FD2B463146304644AAFFF73FFC7F
:104DF00009F1FF3994E7F8B50C4610B1F9B10AB9D9
:104E00000120F8BD00278D1800F12806AC42F7D02C
:104E1000836E5A1C826614F8011B03443F2A83F8F0
:104E20002810F3D93146FCF721FAD0E9083213F5FE
:104E3000007342F10002C0E908328766E6E70846DF
:104E4000DFE7F8B50C46054600284BD000294AD0CC
:104E50008B6ED1E90821D800121841F10001C4E994
:104E600008218022581C38282344A0664FF00007F0
:104E700083F8282004F128060BD9C0F140023946F6
:104E8000304400F032F820463146FCF7EFF938465E
:104E9000A766C0F138020021304400F026F8236AEA
:104EA000626A1BBA12BA3146C4E918232046FCF7DD
:104EB000DDF92B1D211F243551F8042F0433100E6A
:104EC00003F8080C100C03F8070C100A03F8060C82
:104ED00003F8052CAB42EFD120467022002100F0F0
:104EE00004F80120F8BD0846FCE700F0AABF10B5A1
:104EF000036A0446D8688368DB689847236DD868DE
:104F00008368DB689847012010BD002070470FB40C
:104F100007B504A951F8040B0191FCF7E1FA03B0BD
:104F20005DF804EB04B0704770472DE9F0411E4670
:104F3000436801205C688840D4F804C0C2F3801341
:104F40002CEA000C8B4043EA0C0390FAA0FCBCFA5C
:104F50008CFC4FF003086360D4F808E04FEA4C0C77
:104F600008FA0CFC2EEA0C0E90FAA0FCBCFA8CFCA1
:104F7000C2F3C1134FEA4C0C03FA0CF390FAA0FCF5
:104F8000BCFA8CFC43EA0E03A360D4F80CE04FEAB1
:104F90004C0C08FA0CFC2EEA0C0E90FAA0FCBCFAA1
:104FA0008CFCC2F341234FEA4C0C02F0300503FAAB
:104FB0000CF343EA0E03202D6FEA0007E36017D1DC
:104FC000072934D890FAA0F3216A73B3B3FA83F3B4
:104FD0004FF00F0C9B000CFA03F321EA030190FA47
:104FE000A0F3B3FA83F39B0006FA03F30B432362A7
:104FF000E36AD2044CBF03433B40E36290FAA0F360
:10500000B3FA83F390FAA0F00321B0FA80F022689B
:105010005B0001FA03F340002D0922EA03038540F7
:105020001D4325600020BDE8F0812B46D0E7030A30
:10503000D4F824C093FAA3F189B1B1FA81F193FABB
:10504000A3F34FF00F0EB3FA83F389000EFA01F1C8
:105050009B002CEA01019E400E436662C8E7294688
:10506000EDE70FB407B504A951F8040B0191FCF763
:1050700037FA03B05DF804EB04B07047002908DB91
:105080008068884205D9401A904234BF0020012030
:10509000704700207047704770B516461A4605469F
:1050A0000C46FFF7EBFF48B16968E8682144826865
:1050B00014683246A446BDE8704060476FF01500A2
:1050C00070BD70B516461A4605460C46FFF7D6FF6A
:1050D00048B16968E8682144826854683246A44649
:1050E000BDE8704060476FF0150070BD10B50B460D
:1050F0000446FFF7C3FF40B16168E0681944836864
:105100009B682BB1BDE8104018476FF0150010BD2B
:105110006FF05700FBE708B5C0688368DB68984705
:10512000006808BD08B5C0688368DB6898474079A7
:1051300008BD30B54C680368A34201D2012030BDE0
:105140008A682244934201D30020F8E7D1E904524F
:10515000954203D36FF00B038B61F5E7CA681B1B05
:1051600042F835304368086902EBC00253600B69AE
:1051700001330B61E2E737B50C46C0B201A9154611
:10518000FCF712FA00280CDB019850B121462A46A0
:10519000FCF730FA04460198FFF77DFF204603B084
:1051A00030BD6FF01504F9E700F04BBE00F03CBED7
:1051B000012801D1EFF30583FDF7B8BD0146006872
:1051C000FFF7F6BF08B5FCF769FABDE80840FCF741
:1051D000D9BC00210120FFF7EBBF036E83F30B88DE
:1051E00070476FF08500704761B662B680F3118832
:1051F000BFF36F8F704772B6002383F31188BFF33C
:105200006F8FBFF34F8F30BF62B6BFF36F8F7047A2
:1052100040E800F313F4803FD8B208BF6FF01500E8
:10522000704730B50C684B6885B00A894D89009489
:10523000013B24F01F04234402F01F0242EA4512FE
:1052400023F01F0369468DF808200393FCF74AFDFD
:1052500005B030BD08B5FCF725FF002008B50B21CF
:10526000FCF7A2FF024601460B20FCF711FC0022CE
:105270000C210120FCF798FF11460C20FCF708FCDC
:1052800000220D210220FCF78FFF11460D20FCF7B4
:10529000FFFB00220E210320FCF786FF11460E20A3
:1052A000FCF7F6FB00220F210420FCF77DFF1146DE
:1052B0000F20FCF7EDFB002210210520FCF774FF06
:1052C00011461020FCF7E4FB002211210620FCF718
:1052D0006BFF11461120FCF7DBFB00221221072097
:1052E000FCF762FF11461220FCF7D2FB00221321CB
:1052F0000820FCF759FF11461320FCF7C9FB0022D8
:1053000014210920FCF750FF11461420FCF7C0FBC4
:10531000002215210A20FCF747FF11461520FCF753
:10532000B7FB002216210B20FCF73EFF114616208A
:10533000FCF7AEFB002217210C20FCF735FF1146CD
:105340001720FCF7A5FB002218210D20FCF72CFFED
:1053500011461820FCF79CFB002219210E20FCF7B7
:1053600023FF11461920FCF793FB00221A210F207E
:10537000FCF71AFF11461A20FCF78AFB002008BD33
:10538000012001F01F018840704710B50F24C200B2
:1053900000F00C0000F1884000F50830036E02F0C8
:1053A0001802944023EA040391400B43036610BDA6
:1053B0000B8882B0C3F30B0303F67872C2F30B02BF
:1053C000202A14D803F1884303F503331A68486888
:1053D000024300201A600B88C3F30B0303F18843D8
:1053E00003F503331B680193019B02B070476FF014
:1053F0008500FAE70B88C3F30B0303F67872C2F358
:105400000B02202A9FBF03F1884303F503331A6878
:1054100049689BBF00208A436FF085001A6070477F
:10542000012806D006380B2834BF00206FF0850015
:1054300070470020704770B508884B68C0F30B00B8
:105440009AB2C3F30445FFF7EBFFA0B9FF2B11D0CD
:1054500002F188410122C3F34156013601F50331BF
:10546000B2400C68013AAA401B0E24EA0202AB408B
:1054700013430B6070BD6FF08500FBE7088808B52B
:10548000C0F30B0000F67873C3F30B03202B0AD88C
:1054900000F1884000F5033002684B6893430CBF6D
:1054A0000220012008BDFFF7BBFF00280CBF02202F
:1054B0000120F7E7F7B51C460023164682682360F3
:1054C000A3600D465369694601AA9847019B5A1E7D
:1054D00001921BB96FF0150003B0F0BD0098A268EF
:1054E00047682168676085B9B31AD0F800C0634582
:1054F00028BF634603FB07111A442160A2600268BB
:105500009A4206D808300090E0E76B1AB3FBF7F335
:10551000EBE70020E0E713460022FFF7CBBF2DE9C1
:10552000F0470024836886B0884691465B6902AAEA
:1055300001A99847A2462546029BAB4202D806B075
:10554000BDE8F0870026019F07EBC5077B68049341
:105550003A680AEB0603B24202D89A460135EBE7F5
:1055600049460394059303A8C0470028E7D0049B4D
:1055700001361C44ECE74FF0FF324FF0FF330430AC
:10558000FDF732BD70B51C461546002322460E4677
:1055900000F09FF840B12CB12246284606F1006188
:1055A00000F042FC002070BD6FF01500FBE700200A
:1055B000704708B5006904300122114600F066FA10
:1055C000FFF7F5FF00EAE07008BD73B50646C82294
:1055D0000023684600F040FBDDE9004533691B68A5
:1055E0001A6A12F4C02214D01A6A02F4C0221A6293
:1055F0006FF0040002B070BD002AF9D122462B469C
:10560000684600F04EFBDDE9003213430CBF012277
:10561000002233691B68186A10F00100ECD1E9E739
:1056200070B5012305460E46144600F052F8F8B155
:10563000CCB12869FFF79FFF00212846FCF7A8FF9F
:1056400098B9314622462846FCF7C4FF0646012198
:105650002846FCF79DFF002E14BF344604462869F7
:105660000430FDF78DFC204670BD6FF00406EEE7B8
:105670006FF01504F7E7F8B51C46174601232246DC
:1056800005460E4600F025F800B3D4B12869FFF7AF
:1056900072FF00212846FCF77BFFA0B93146234664
:1056A0003A462846FCF7F8FF064601212846FCF753
:1056B0006FFF002E14BF3446044628690430FDF7FE
:1056C0005FFC2046F8BD6FF00406EEE76FF01504AE
:1056D000F7E77FB506460D4614461BB141EA0203C3
:1056E0001B0710D12946304601AAFFF714FF50B915
:1056F000013C304601AA6119FFF70DFFB0FA80F0B6
:10570000400904B070BD0020FBE7436800205B68DF
:105710001B690B60704743685B68586942400A40E8
:1057200042405A6100207047436800205B689961DD
:105730007047436800205B689962704743680020A7
:105740005B685A6951405961704730B50369986880
:1057500000B30024884219D108688CB9DC689860CD
:10576000A14200D1D860002008602AB19A680A607E
:10577000DA68996002B9D96000200FE02846E9E7AD
:105780002060D868814208BFDC60ECE70568044609
:10579000002DF3D1002AE9D16FF0150030BD12F4CD
:1057A000003CF8B50C46134641D0960738D555074E
:1057B0005BD55022D90635D542F4007203F4C0619E
:1057C000B1F5806F43D0B1F5C06F3DD0B1F5007F2A
:1057D00040D013F44036056912D06F6827FA04F1FF
:1057E000C9075FBF0121A14039436960BCF1000FC7
:1057F00006D01F0331D501234168A34049688B615E
:1058000000232146FFF791FB46B96B6823FA04F2A7
:10581000D20741BF0122A24093436B600020F8BD34
:105820001022C7E79F06C9D542F48062C6E7D603B7
:1058300005D5D50605D4C2F340129202BEE7302248
:10584000BCE74FF40072B9E742F4C072C1E742F41A
:105850008072BEE742F08002BBE75903D0D5012336
:105860004168A34049688B62CAE76FF08500D6E7BC
:1058700070B50B690E469968054609B10C6801B907
:1058800070BD8A682A4002D030464B6898471CB1E8
:10589000236821461C46F2E72346FAE74FF0E02250
:1058A000136923F00103136170478068203820F0EA
:1058B0000F0020387047042809D0052803D1481E5E
:1058C00018BF01207047431A5842584170470120C1
:1058D000704738B515460C4661B15AB1FFF722FC46
:1058E0002146254411F8013B834203D1A942F9D155
:1058F000012038BD0020FCE738B50C4601231146D5
:1059000022460546FFF7C8FB00280FDB012221468F
:105910002846FFF7DEFF18B103230020237038BDAF
:105920002378012B14BF02230123F6E70120F6E7B9
:105930002DE9FF471D4606460F469046FFF7EBFB55
:105940006C1E044440420440102C01D9FFF782FC35
:105950003046FFF7E7FB82462A464146684600F09C
:1059600063FA5146621B0DEB050000F06AFA23460C
:105970006A4639463046FFF7A4FB003818BF0120BD
:1059800004B0BDE8F08707B501238DF8042001AA13
:10599000FFF7CEFF03B05DF804FB816801222039D8
:1059A00021F00F01FFF7EFBF8268203A22F00F02CB
:1059B000FFF7A2BF13B50C46C0B201A9FBF7F4FD77
:1059C00050B921460198FDF761F804460198FFF7A8
:1059D00062FB204602B010BD0124FAE70E2A13B57F
:1059E000044601D9FFF736FC0E29FBD841EA021123
:1059F0008DF80710FFF759FF012301460DF107024B
:105A00002046FFF795FF02B010BD816801222039C2
:105A100021F00F011039FFF7B6BF10B543690446F6
:105A20003BB90020E2684042537843F001035370D1
:105A300010BD98470028F4D00028B8BF4042FF2886
:105A4000A8BFFF20E3681870ECE740B1C36858783E
:105A500010F001001EBF1878B0FA80F040097047BE
:105A6000EFF31183102383F31288BFF36F8FFEE7E8
:105A700008B5FFF7F5FF102408B5EFF3118384F3A1
:105A80001288BFF36F8FFFF7B6FBF6E73AB18A4291
:105A900005D3C0E90212C0E90000002070476FF092
:105AA00015007047D0E9003213605A600023C0E946
:105AB0000033704708B5FFF7F5FF037C23F00203BE
:105AC00003740023836008BD38B504460D46FDF716
:105AD00053FB237C43F002032374D5B1A5602B68EC
:105AE0009D4209D16B68C4E900531C606C6010E0F2
:105AF0006A689A42F6D01B68002BF3D093F90E1017
:105B000094F90E209142F3DD5A68C4E90032146022
:105B10005C6038BD10B5EFF31184102383F3128855
:105B2000BFF36F8FFDF7E8FA84F31188BFF36F8F2F
:105B300010BD08B5037C014613F0280F0CD1836813
:105B40000BB1FFF7B7FF0B7C084623F004030B747F
:105B5000BDE80840FDF7D0BA08BD10B5EFF31184D9
:105B6000102383F31288BFF36F8F1838FFF7E1FF1C
:105B700084F31188BFF36F8F10BD0846FDF734BB67
:105B800038B50446EFF31185102383F31288BFF371
:105B90006F8F037C5B070ED5183000F028F8237C4C
:105BA000204623F004032374FDF7A6FA2846BDE837
:105BB0003840FDF719BB85F31188BFF36F8F38BDEF
:105BC00008B50246FDF7E6FC70B1D0E904319B1A36
:105BD00061EBE272B3F1004F72F1000104DA002AC6
:105BE000ACBF1846002008BD6FF00040FBE702463E
:105BF00038B5EFF31185102383F31288BFF36F8F4D
:105C00000368D3B1FDF7C6FC04461046FDF7D4FC8B
:105C100000224FF000438442C0E9042305D0002055
:105C200085F31188BFF36F8F38BDFDF7BBFCFFF71D
:105C3000C7FF0021FCF76EFEF1E7D0E90413B3F1D2
:105C4000004F08BF012904D100204FF00041C2E9F4
:105C500004016FF01500E3E7B3F1FF3F08BFB2F1B5
:105C6000FF3F70B506461D46144614D01A4316D0A1
:105C7000002B08DBFDF7A8FD041941EB0501C6E97F
:105C80000041304670BD6FF001031C1B4FF0FF3325
:105C900063EB0501F3E74FF0FF342146EFE7002403
:105CA000FBE7B3F1FF3F08BFB2F1FF3FF8B507468E
:105CB00016461C4610D054EA020311D0FDF784FDAD
:105CC000B0420A46A14103460AD2F31A64EB020429
:105CD000C7E900343846F8BD4FF0FF331C46F7E7FC
:105CE0000023FBE7704770B504680D1B002D02DC34
:105CF0006FF05F0070BD94F900602378002E0ADB1E
:105D0000631C0360237813600368C91A13688B420D
:105D1000EED80020EEE703F07F035C1E032C0ED8C4
:105D20009D42E5DD002414600468013B01340460F9
:105D30005E1C1568E8D0247844EA0524F3E76FF088
:105D40006300D7E770B404680E1B002E07DD2678C9
:105D50009E4208D10134046070BCFFF7C4BF6FF0ED
:105D60005F0070BC70476FF06100FAE738B503233D
:105D70000446FFF7E7FF18B9136813B96FF067001F
:105D800038BD013B136023681A78002AF6D101332D
:105D90002360F5E72DE9F34190461F4601AA302321
:105DA00005460E46FFF7CEFF0446F0B92B68F61AFB
:105DB000002E34DD42461B78284642F8043B2E680C
:105DC000019B1E4431460623FFF7BCFF044660B921
:105DD0002B68D8F80420C8F808309918B142296017
:105DE00007D10C213846FDF707FD204602B0BDE87B
:105DF000F0819B5C3A4642F8043B2B683146013304
:105E000028462B60FFF76FFF60B92B687A68BB608C
:105E10001344B34218BF6FF065042B60E5E76FF0E1
:105E20005F04E2E70446E0E70A44431E914200D1E2
:105E3000704710B511F8014B914203F8014FF9D1A9
:105E400010BD02440346934200D1704703F8011B82
:105E5000F9E70139024410B5904201D1002005E074
:105E6000037811F8014FA34201D0181B10BD013077
:105E7000F2E7F0B5C2F13705044602F01F0208460A
:105E8000EDB22746B4FBF2F602FB16413446CBB224
:105E9000092984BF5B19DBB2BA4203F1300300F871
:105EA000013BEED9F0BD000000000000285F0008B3
:105EB00045150008000000000000000040600008D8
:105EC00000000000246000080000000008600008D6
:105ED00000000000EC5F000800000000D05F000838
:105EE00000000000B45F000800000000985F000898
:105EF000000000007C5F000800000000605F0008F8
:105F000000000000445F00085B5200080000000031
:105F10007528000800000000000000005C60000818
:105F200029160008000000004C6B0008000000006B
:105F30000C630008A800002000000000D92300081E
:105F400000000000076A000810650008E862000809
:105F500094000020580A0020591500080000000095
:105F6000156A000824650008E86200089600002011
:105F7000680A00205915000800000000236A000884
:105F800038650008E862000898000020780A0020C0
:105F90005915000800000000316A00084C6500082F
:105FA000E86200089A000020880A002059150008BD
:105FB000000000003F6A000860650008E862000811
:105FC0009C000020980A00205915000800000000DD
:105FD0004D6A000874650008E86200089E00002011
:105FE000A80A002059150008000000005B6A00089C
:105FF00088650008E8620008A0000020B80A0020B8
:106000005915000800000000696A00089C65000836
:10601000E8620008A2000020C80A00205915000804
:1060200000000000776A0008B0650008E862000818
:10603000A4000020D80A0020591500080000000024
:106040002E6B00080000000000000000A6000020E9
:1060500000000000C120000800000000596B00088B
:1060600000000000D0620008AA00002050000020BC
:10607000B35500080000000000000000D3510008E4
:1060800000000000D351000800000000D3510008B8
:1060900000000000D351000800000000D3510008A8
:1060A00000000000D351000800000000D351000898
:1060B00000000000D351000800000000D351000888
:1060C00000000000D351000800000000D351000878
:1060D000096C00085D210008076C00085D210008BC
:1060E000056C00085D210008036C00085D210008B4
:1060F000016C00085D210008FF6B00085D210008AD
:10610000FD6B00085D210008FB6B00085D210008A5
:10611000F96B00085D210008F76B00085D2100089D
:10612000F56B00085D210008F36B00085D21000895
:10613000F16B00085D210008EF6B00085D2100088D
:10614000ED6B00085D210008EB6B00085D21000885
:1061500000000000D351000800000000D3510008E7
:1061600000000000D351000800000000D3510008D7
:1061700000000000D351000800000000D3510008C7
:1061800000000000D351000800000000D3510008B7
:1061900000000000D351000800000000D3510008A7
:1061A00000000000D351000800000000D351000897
:1061B00000000000D351000800000000D351000887
:1061C00000000000D351000800000000D351000877
:1061D00000000000D351000800000000D351000867
:1061E00000000000D351000800000000D351000857
:1061F00000000000D351000800000000D351000847
:1062000000000000D351000800000000D351000836
:1062100000000000D351000800000000D351000826
:1062200000000000D351000800000000D351000816
:1062300000000000D351000800000000D351000806
:1062400000000000D351000800000000D3510008F6
:1062500000000000D351000800000000D3510008E6
:1062600000000000D351000800000000D3510008D6
:1062700000000000D351000800000000D3510008C6
:1062800000000000D351000800000000D3510008B6
:1062900000000000D351000800000000D3510008A6
:1062A00000000000D351000800000000D351000896
:1062B00000000000D351000800000000D351000886
:1062C00000000000D351000800000000D351000876
:1062D00085550008775600082156000865250008F6
:1062E0006D250008592700089F5700080B57000824
:1062F0001757000829570008335700083D57000872
:10630000852700084B57000800000000B153000823
:10631000F5530008000000001D2300087D5400080C
:106320000000000037540008D46600080200000096
:10633000A8000000020000000100000002000000B0
:1063400001000000906B00080C65000801000000CF
:10635000020000000100000002000000082000010F
:10636000FFFFFFFFFFFFFFFFFFFFFFFF0000000039
:10637000000000000000000001000000FFFFFFFF20
:10638000512563FCC2CAB9F3849E17A7ADFAE6BCD7
:10639000FFFFFFFFFFFFFFFF00000000FFFFFFFF09
:1063A00096C298D84539A1F4A033EB2D817D0377AF
:1063B000F240A463E5E6BCF847422CE1F2D1176B4A
:1063C000F551BF376840B6CBCE5E316B5733CE2B1D
:1063D000169E0F7C4AEBE78E9B7F1AFEE242E34F4C
:1063E0004B60D2273E3CCE3BF6B053CCB0061D6589
:1063F000BC86987655BDEBB3E7933AAAD835C65A12
:1064000097460008E9470008E1100008982F8A42E3
:1064100091443771CFFBC0B5A5DBB5E95BC25639F6
:10642000F111F159A4823F92D55E1CAB98AA07D80E
:10643000015B8312BE853124C37D0C55745DBE7231
:10644000FEB1DE80A706DC9B74F19BC1C1699BE4B1
:106450008647BEEFC69DC10FCCA10C246F2CE92D41
:10646000AA84744ADCA9B05CDA88F97652513E9865
:106470006DC631A8C82703B0C77F59BFF30BE0C66C
:106480004791A7D55163CA0667292914850AB727FA
:1064900038211B2EFC6D2C4D130D385354730A6597
:1064A000BB0A6A762EC9C281852C7292A1E8BFA26E
:1064B0004B661AA8708B4BC2A3516CC719E892D1D6
:1064C000240699D685350EF470A06A1016C1A41959
:1064D000086C371E4C774827B5BCB034B30C1C3958
:1064E0004AAAD84E4FCA9C5BF36F2E68EE828F7417
:1064F0006F63A5781478C8840802C78CFAFFBE9031
:10650000EB6C50A4F7A3F9BEF27871C65B000000F3
:10651000FFFF000000200242080000008C00000085
:1065200000010000FFFF0000001C02420700000005
:106530008C00000080000000FFFF000000180242F5
:10654000060000008C00000040000000FFFF00007B
:1065500000140242050000008C0000002000000032
:10656000FFFF000000100242040000008C00000049
:1065700010000000FFFF0000000C024203000000BA
:106580008C00000008000000FFFF0000000802422D
:10659000020000008C00000004000000FFFF00006B
:1065A00000040242010000008C0000000200000014
:1065B000FFFF000000000242000000008C0000000D
:1065C00001000000040000000000000000000000C6
:1065D000000001005C6000080100000000000100F4
:1065E000000007005C6000080200000000000800D6
:1065F000000007005C6000080300000000000F00BE
:10660000000001005C600008000000204000000065
:1066100006000100020000001C66000800000008DF
:10662000166B000802000000E0FF0F0800000020C9
:106630001E6B000821000000E0FF03201000000096
:1066400000FF00000100000002000000A85E00083A
:10665000A85E0008105F0008185F0008205F0008AF
:10666000285F0008435E00080100020010001100CE
:1066700012002000210022002300240030003100FD
:1066800032003300FFFF10002DE15D29410B8D77B3
:10669000679C110F1F8A25633A20556E61626C65F5
:1066A00020746F2066696E6420626F6F7461626C23
:1066B0006520696D6167650A0025633A204E65763D
:1066C00065722073686F756C6420676574206865F7
:1066D00072650A006D6375626F6F740025633A20FE
:1066E000696E76616C696420666C617368204944E8
:1066F0002025643B2065787065637465642025649B
:106700000A0025633A204661696C656420746F2035
:1067100072656164207374617475732066726F6D45
:106720002025642C206572722025640A0A0070728C
:10673000696D617279007365636F6E64617279006F
:1067400025633A205365636F6E64617279206865D2
:1067500061646572206D6167696320646574656357
:1067600074656420696E2066697273742073656352
:10677000746F722C2077726F6E672075706C6F610A
:106780006420616464726573733F0A0025633A2074
:10679000496D61676520696E2074686520257320E6
:1067A000736C6F74206973206E6F742076616C69EE
:1067B00064210A0025633A2025642073746174758E
:1067C00073207772697465206661696C73207065E7
:1067D00072666F726D696E67207468652073776189
:1067E000700A0025633A204661696C656420746F05
:1067F000206F70656E20666C6173682061726561E0
:10680000732C2063616E6E6F7420636F6E74696E9B
:1068100075650A0025633A204661696C65642072DB
:10682000656164696E6720736563746F72733B2082
:10683000424F4F545F4D41585F494D475F53454369
:10684000544F52533D2564202D20746F6F20736D7B
:10685000616C6C3F0A0025633A204661696C65648F
:106860002072656164696E6720696D616765206883
:106870006561646572733B20496D6167653D25758F
:106880000A0025633A204661696C6564207265617F
:1068900064696E6720626F6F7420737461747573BE
:1068A0003B20496D6167653D25750A0025633A20E7
:1068B00070616E6963210A0025633A20446574653E
:1068C0006374656420696E636F6E73697374656E5B
:1068D0007420737461747573210A0025633A204330
:1068E000616E6E6F7420757067726164653A206EB8
:1068F0006F74206120636F6D70617469626C6520D4
:10690000616D6F756E74206F6620736563746F724E
:10691000730A0025633A2043616E6E6F74207570B0
:1069200067726164653A206D6F7265207365637488
:106930006F7273207468616E20616C6C6F77656430
:106940000A0025633A2043616E6E6F74207570678C
:10695000726164653A206E6F742073616D65207397
:106960006563746F72206C61796F75740A002563BA
:106970003A2043616E6E6F74207570677261646552
:106980003A20736C6F742077726974652073697A2A
:10699000657320617265206E6F7420636F6D706126
:1069A0007469626C650A0025633A204E6F74206535
:1069B0006E6F7567682066726565207370616365C8
:1069C00020746F2072756E20737761702075706708
:1069D000726164650A0025633A2072657175697297
:1069E0006564202564206279746573206275742063
:1069F0006F6E6C7920256420617265206176616913
:106A00006C61626C650A006770696F4034323032C5
:106A100032303030006770696F4034323032316369
:106A20003030006770696F40343230323138303086
:106A3000006770696F403432303231343030006773
:106A400070696F40343230323130303000677069F5
:106A50006F403432303230633030006770696F40DD
:106A60003432303230383030006770696F40343241
:106A7000303230343030006770696F403432303239
:106A800030303030002A2A2A20426F6F74696E67D6
:106A9000204D4355626F6F742076322E332E302D89
:106AA0006465762D6331643264313238613030315F
:106AB000202A2A2A0A002A2A2A205573696E67206A
:106AC0006E524620436F6E6E6563742053444B20B4
:106AD00076332E342E302D39393535333035353641
:106AE000303762202A2A2A0A002A2A2A2055736966
:106AF0006E67205A6570687972204F532076342E65
:106B0000342E302D62663830316534653364313966
:106B1000202A2A2A0A00464C4153485F300053522B
:106B2000414D5F300061626F727428290A00696EFE
:106B3000746572727570742D636F6E74726F6C6CA5
:106B4000657240343430323230303000726363402A
:106B5000343430323063303000666C6173682D63DA
:106B60006F6E74726F6C6C657240343030323230DC
:106B70003030006D61696E00286E756C6C29002ADA
:106B80008648CE3D030107002A8648CE3D0201001B
:106B90003059301306072A8648CE3D020106082ADE
:106BA0008648CE3D030107034200044DE144987C32
:106BB000303F31D203AA9DEC52AED3B161415F5355
:106BC000C8BF558D5FC62005AC919B0800C993A432
:106BD000B7873F5DA6C6EAA4EC6E358786F1411201
:106BE000531B2E15A26185AA6128630F010E010DAA
:106BF000010C010B010A0109010801070106010549
:106C00000104010301020101010001040104030464
:106C10000104040104030404020401040104040344
:106C200001040304010404002DE9F041036883F327
:106C30000888002383F31488BFF36F8FBFF36F8F2F
:106C4000DFF818C0064F4FF00058D0F804E0A7EB6B
:106C50000C0770460047BDE8F08100BF000000202F
:106C6000400000200000000001000000FFFFFFFFC7
:106C70000B4F0008C865000800200240000000001B
:106C80000000000000000000000000000090D003A1
:106C9000C80000006C0000206C000020FF00FF0016
:106CA000FF00FF00FF00FF00FF00FF00FF00FF00EC
:106CB000FF00FF00FF00FF00FF00FF0000000000DA
:106CC00000000000000000000000000000000000C4
:086CD0000000000015E015E0D2
:020000040801F1
:100000003DB8F39600000000000400007C80010071
:1000100000000000130100000000000000000000CC
:1000200000000000000000000000000000000000D0
:1000300000000000000000000000000000000000C0
:1000400000000000000000000000000000000000B0
:1000500000000000000000000000000000000000A0
:100060000000000000000000000000000000000090
:100070000000000000000000000000000000000080
:100080000000000000000000000000000000000070
:100090000000000000000000000000000000000060
:1000A0000000000000000000000000000000000050
:1000B0000000000000000000000000000000000040
:1000C0000000000000000000000000000000000030
:1000D0000000000000000000000000000000000020
:1000E0000000000000000000000000000000000010
:1000F0000000000000000000000000000000000000
:1001000000000000000000000000000000000000EF
:1001100000000000000000000000000000000000DF
:1001200000000000000000000000000000000000CF
:1001300000000000000000000000000000000000BF
:1001400000000000000000000000000000000000AF
:10015000000000000000000000000000000000009F
:10016000000000000000000000000000000000008F
:10017000000000000000000000000000000000007F
:10018000000000000000000000000000000000006F
:10019000000000000000000000000000000000005F
:1001A000000000000000000000000000000000004F
:1001B000000000000000000000000000000000003F
:1001C000000000000000000000000000000000002F
:1001D000000000000000000000000000000000001F
:1001E000000000000000000000000000000000000F
:1001F00000000000000000000000000000000000FF
:1002000000000000000000000000000000000000EE
:1002100000000000000000000000000000000000DE
:1002200000000000000000000000000000000000CE
:1002300000000000000000000000000000000000BE
:1002400000000000000000000000000000000000AE
:10025000000000000000000000000000000000009E
:10026000000000000000000000000000000000008E
:10027000000000000000000000000000000000007E
:10028000000000000000000000000000000000006E
:10029000000000000000000000000000000000005E
:1002A000000000000000000000000000000000004E
:1002B000000000000000000000000000000000003E
:1002C000000000000000000000000000000000002E
:1002D000000000000000000000000000000000001E
:1002E000000000000000000000000000000000000E
:1002F00000000000000000000000000000000000FE
:1003000000000000000000000000000000000000ED
:1003100000000000000000000000000000000000DD
:1003200000000000000000000000000000000000CD
:1003300000000000000000000000000000000000BD
:1003400000000000000000000000000000000000AD
:10035000000000000000000000000000000000009D
:10036000000000000000000000000000000000008D
:10037000000000000000000000000000000000007D
:10038000000000000000000000000000000000006D
:10039000000000000000000000000000000000005D
:1003A000000000000000000000000000000000004D
:1003B000000000000000000000000000000000003D
:1003C000000000000000000000000000000000002D
:1003D000000000000000000000000000000000001D
:1003E000000000000000000000000000000000000D
:1003F00000000000000000000000000000000000FD
:10040000C8530020A1600108491602088D60010848
:100410008D6001088D6001088D6001088D60010804
:1004200000000000000000000000000091610108D1
:100430008D600108000000007163010845AA0108F1
:10044000E9630108E9630108E9630108E963010858
:10045000E9630108E9630108E9630108E963010848
:10046000E9630108E9630108E9630108E963010838
:10047000E9630108E9630108E9630108E963010828
:10048000E9630108E9630108E9630108E963010818
:10049000E9630108E9630108E9630108E963010808
:1004A000E9630108E9630108E9630108E9630108F8
:1004B000E9630108E9630108E9630108E9630108E8
:1004C000E9630108E9630108E9630108E9630108D8
:1004D000E9630108E9630108E9630108E9630108C8
:1004E000E9630108E9630108E9630108E9630108B8
:1004F000E9630108E9630108E9630108E9630108A8
:10050000E9630108E9630108E9630108E963010897
:10051000E9630108E9630108E9630108E963010887
:10052000E9630108E9630108E9630108E963010877
:10053000E9630108E9630108E9630108E963010867
:10054000E9630108E9630108E9630108E963010857
:10055000E9630108E9630108E9630108E963010847
:10056000E9630108E9630108E9630108FFFFFFFF90
:1005700053B94AB9002908BF00281CBF4FF0FF310A
:100580004FF0FF3000F00CB8ADF1080C6DE904CE6F
:1005900000F010F8DDF804E0DDE9022304B0704754
:1005A000704700BF034613F8012B002AFBD1181A2D
:1005B000013870472DE9F0478C468E46089E154657
:1005C00004461946002B40F0D080724547D9B2FA54
:1005D00082F74FB1C7F120030EFA07FCBD40BC40C3
:1005E00020FA03F343EA0C0C4FEA154EA8B2230C91
:1005F000BCFBFEF80EFB18CC08FB00F943EA0C43E9
:10060000994528D9EB1808F1FF3204D2994502D94F
:10061000A8F102022B44A3EB0903A4B2B3FBFEFC36
:100620000EFB1C330CFB00F044EA0344A04214D937
:100630002C190CF1FF3304D2A04202D9ACF1020311
:100640002C44241A43EA02401EB1FC4000233460CB
:100650007360BDE8F0874246DDE76346F1E7002AB4
:1006600079D0B2FA82F3002B3FD01946C1F12003B2
:1006700002FA01F500FA01F42EFA03F20EFA01FE75
:1006800020FA03F3AFB243EA0E034FEA154EB2FB72
:10069000FEFC0EFB1C201A0C0CFB07F842EA004281
:1006A00090455AD9AA180CF1FF3004D2904502D9CE
:1006B000ACF102002A44A2EB08029BB2B2FBFEFCA2
:1006C0000EFB1C220CFB07F743EA02439F4246D96C
:1006D000EB180CF1FF3204D29F4202D9ACF10202B6
:1006E0002B44DB1B42EA004202E0AEEB0203012294
:1006F0004FEA154EAFB2200CB3FBFEFC0EFB1C33D1
:100700000CFB07F840EA034398452AD9EB180CF193
:10071000FF3004D2984502D9ACF102002B44A3EB80
:100720000803A4B2B3FBFEFC0EFB1C330CFB07F763
:1007300044EA0344A74216D92C190CF1FF3304D222
:10074000A74202D9ACF102032C44E41B43EA004067
:100750000F46114678E71F2188E76046ABE76246FF
:10076000BFE76046DBE76346EFE7734506D916B996
:10077000002108466DE7C6E9000EF9E7B3FA83F7F2
:1007800087B9734501D3824207D8841A6EEB0303FD
:1007900001209C461EB900215BE73846FAE7C6E90E
:1007A000004CF8E7C7F1200CBB4000FA07F422FA2E
:1007B0000CF520FA0CF1BA401D432EFA0CF30EFA98
:1007C00007FE4FEA154941EA0E011FFA85FEB3FB09
:1007D000F9F809FB18300B0C08FB0EFA43EA00434A
:1007E0009A4540D9EB1808F1FF3004D29A4502D956
:1007F000A8F102002B44A3EB0A0389B2B3FBF9F87A
:1008000009FB183308FB0EFE41EA03418E452CD943
:10081000691808F1FF3304D28E4502D9A8F102030A
:10082000294443EA0040A1EB0E01A0FB0298414598
:10083000CE46434602D306D14C4504D20138B9EB2B
:10084000020E68EB0503002EA5D0B4EB0E0261EB9F
:10085000030101FA0CFC22FA07F3F9404CEA030306
:10086000C6E9003197E74046C5E74346D9E70000AF
:100870002DE9F04F9BB002AF8D4812F03CFD0028EF
:1008800000F092808B4812F036FD002800F08C803A
:10089000894D07F130040FCD0FC40FCD0FC495E87B
:1008A000070084E80700002407F1300555F8043BF1
:1008B000186812F020FD002876D001340B2CF5D1F9
:1008C0004FF480317D4800F029FB7D4904467D4886
:1008D00000F024FB4FF4B01104437B4800F01EFBF2
:1008E0004FF4B0110443794800F018FB4FF4D011D5
:1008F0000443774800F012FB4FF4B01104437548ED
:1009000000F00CFB4FF4D0110443734800F006FBD9
:100910004FF4D0110443714800F000FB70490443C8
:10092000704800F0FBFA4FF4D01104436E4800F019
:10093000F5FA4FF4B01104436C4800F0EFFA0443A9
:1009400032D16B4B6B4A6C4C53601023A56893609B
:10095000EB694BB3012220466649984720BBAD693D
:100960006268236905B31268D1060ED4634940F268
:10097000A533634A634810F0B0F8634810F0ADF84F
:1009800040F2A5315E4810F09FF81B684FF0A0724E
:1009900013F0100F14BF4FF000734FF08063042169
:1009A0002046A847064658B10121584A584810F039
:1009B00034FB6FF0120420466437BD46BDE8F08F6B
:1009C0003B480121836807F13002FB605B68984770
:1009D000041EF0DBD7E90C4A41F28833A4FB03B2D2
:1009E00003FB0A234FF0FF39BB6058462EA3D3E91F
:1009F0000023B968FFF7BCFDDFF81881BB68D94553
:100A000078EB0303054602D26FF08504D3E740F686
:100A1000C413A4FB03B403FB0A4423A3D3E90023B8
:100A200021465846FFF7A4FDD94578EB0404034658
:100A3000EAD3854202D26FF01504BCE70096FA684B
:100A4000012114681A482A46A04704460028B2D15A
:100A50000321314A2E4810F0E0FA40F2DC500FF04A
:100A6000E0FE224605212D4800F00AFB0A200FF087
:100A7000D8FE01220521294800F002FB64200FF076
:100A8000D0FE274812F037FC48B1204604F07EF82B
:100A9000034620B10121234A1D4810F0C7FA002463
:100AA0004CE000BFAFF3008000CA9A3B000000009A
:100AB000043A0208203A0208803E0208343F020845
:100AC00010000100243F02082C3F02081C3F0208CE
:100AD000143F02080C3F0208043F0208FC3E0208D3
:100AE00020000100F43E0208EC3E0208E43E020849
:100AF00075100108CC1A002078390208C145020897
:100B00002E44020898440208FF45020811460208D4
:100B1000683D0208FFC99A3B3A4602082439020898
:100B2000CC390208594602080121B04AB04810F0F9
:100B300074FA44F6206000210EF026FB0022082102
:100B4000AC4800F09DFA00220A21AA4800F098FA69
:100B500064200FF066FE01220A21A64800F090FAF8
:100B60004FF4FA700FF05DFE02200FF05FFE1120CF
:100B70000FF05CFE0A200FF059FE9F4B01201C7005
:100B800000F062FB0028CFD010F0A4FF48B910F0AD
:100B9000BDFF034600283ED00121984A944810F03A
:100BA00045FA00F00DFB0321954A914810F035FA03
:100BB0000FF02FFE904D00F59C54924E0834924B4E
:100BC0001B7843B10FF025FE904B1B68C01A1D28FF
:100BD00001D900F077FC2B781BBB00F099FF0320B4
:100BE0000FF01FFE4FF00408DFF824A2DAF82430DB
:100BF00033B108F1FF3800F08BFF18F0FF08F5D192
:100C00000FF007FE2B788046002B40F01781002064
:100C100000F05EFA1BE103217E4A754810F0FDF9F1
:100C2000BFE7C82200237C480CF0E4FE002840F017
:100C3000DA80042000F0F0F9F8600AF039F8824612
:100C4000042000F0E9F981460028CBD107F114080F
:100C500000F068FAC346002000F080FA09F10109AB
:100C6000B9F11B0F08F8010BF5D100F069FA0AF091
:100C70001FF80AF01DF8A0EB0A0ABAF5700F38BF8A
:100C8000F023664A38BFBAFBF3FA13684FF000014D
:100C900003F10103136007F138004FF0280228BF69
:100CA0004FF6FF7A12F0E1FC5D4A3E631368591C6F
:100CB00011607B630FF0ADFD4FF47A735843DBF89E
:100CC0000030B863BB871B0C87F83E303B7D03F0D8
:100CD000F003A3F1C00253425341FA680AB943F04A
:100CE0000203504A1278042A65D143F0080387F8BA
:100CF0003F3007F1400E07F1170307F12F08F446C4
:100D0000186859680833ACE803004345E646F6D155
:100D100000234FF001082E2107F13000A7F858A05A
:100D200087F85A8087F85B20A7F85C300FF035FD14
:100D3000A7F85E0007F1300000F090FC00284DD1CC
:100D4000394A1368434413600FF063FD374B186052
:100D5000404600F0BDF900233B61DFF8D4A05046C7
:100D600012F0C9FA00283FF43DAFDAF808B0DBF81A
:100D70005030002B3FF436AF0421504607F11002EB
:100D8000984700287FF42EAF3B69002B3FF42AAF31
:100D9000804607F1300919F8011B5046DBF8043092
:100DA00008F101089847B8F1300FF4D1214A1368CF
:100DB0000133136016E7032A02D143F0100396E7CC
:100DC000012A08D822B143F0200343F080038EE7C4
:100DD00043F06003F9E7022AF7D088E7164A136860
:100DE00001331360B7E700F093FEFBE67346020899
:100DF000683D0208083902085A220020A24602086B
:100E0000F9460208A55A010142220020A81A002032
:100E100074080020C8460208A0080020C41A002058
:100E2000C81A0020C0070020C01A0020AC1A0020F9
:100E3000CC390208B81A0020BC1A00202A4B1B68C3
:100E4000002B3FF4E4AEC31A632B3FF6E0AEA8EBF1
:100E50000408B8F1000FFFF6B2AE244BC7F800D07B
:100E6000D3F800A0224B92B0D3F80090214B297800
:100E70001B6802AAFB60204B1B68BB601F4B1B68F2
:100E80007B601F4B18681F4BB3F800801E4B93F814
:100E900000E01E4B93F800C01D4B1B7813640D231C
:100EA000C2F81C90D7F80C90DFF868B0C2F8209018
:100EB000D7F80890C2E905BAC2F82490D7F8049090
:100EC000C2E90C18C2E90A90C2E90EEC42F8103FE0
:100ED000002346F6C001104804F59C5402F0CEFCF5
:100EE0000834D7F800D06AE6AC1A0020C41A0020F3
:100EF000C01A0020BC1A0020B81A0020B41A002022
:100F0000B01A002094070020C0070020BF0700206F
:100F1000BE07002051470208683D020803460A4602
:100F20002DE9F0411979DB880068134303F03002A2
:100F3000302A0669D0E901470ED12C4940F2F73337
:100F40002B4A2C480FF0C9FD2B480FF0C6FD40F28C
:100F5000F73127480FF0B8FD284A294D1A40AA4218
:100F60000CD1284940F2FB33214A22480FF0B5FD4D
:100F700025480FF0B2FD40F2FB31EAE703F006022C
:100F8000042A09D1214940F2FE33194A19480FF0C9
:100F9000A4FD40F2FE31DCE7012513F4E01F18BF89
:100FA00043F30002246818BF02F4402205FA01F559
:100FB00018BF5340254223F480120CD1144940F24B
:100FC00011430B4A0B480FF088FD12480FF085FDC6
:100FD00040F21141BDE73468DB074CBF2C43AC4302
:100FE00034603B68BDE8F041184700BF5F44020829
:100FF0002E44020898440208B54402080200030087
:1010000002000100F24402083F4502088E45020832
:10101000C1450208FF45020813B501248440104869
:1010200043681B681C420ED10E4940F224630E4AED
:101030000E480FF052FD0E480FF04FFD40F22461B4
:1010400009480FF041FD836801A95B68984720B902
:10105000019B1C40201E18BF012002B010BD00BF24
:1010600078390208C14502082E4402089844020853
:10107000FF45020801480CF041BC00BFA008002059
:10108000012310B503FA01F143681B6819420ED120
:101090000B4940F279630B4A0B480FF01EFD0B48D9
:1010A0000FF01BFD40F2796106480FF00DFD22B1F3
:1010B0008368DB68BDE81040184783681B69F9E75F
:1010C000C14502082E44020898440208FF45020860
:1010D00008B502460E4841680369096889070ED4BD
:1010E0000C4940F2A2630C4A0C480FF0F6FC0C4885
:1010F0000FF0F3FC40F2A26107480FF0E5FC1B780B
:101100000121C3F340035A40BDE80840FFF7B8BFD0
:1011100078390208C14502082E44020898440208A2
:10112000FF45020808B5002202210448FFF7A8FF86
:10113000BDE80840042012F0D0B800BF5C390208B6
:1011400008B5042012F0C9F8BDE8084001220221C8
:101150000148FFF795BF00BF5C390208F8B50646A5
:1011600007250024012746FA05F20721134802F05B
:101170000102FFF785FF012012F0AFF801220521DF
:101180000E48FFF77DFF012012F0A7F80620FFF7B9
:1011900043FF0028C4BF07FA05F31C434FF00002C9
:1011A0004FF005010548C8BFE4B2FFF769FF012011
:1011B00012F093F8013DD6D22046F8BD78390208E6
:1011C00010B50D4C2378ABB90C4B1B7893B10C4880
:1011D0000CF08AFC012208210A48FFF751FF022087
:1011E0000FF01FFB10200FF021FB08200FF01EFB5B
:1011F0000123237010BD00BF5A2200205922002075
:10120000A00800200839020810B50C4C0020FFF798
:101210005FFF23788BB1002208210948FFF730FFD8
:101220000A200FF003FB11200FF000FB00232370B6
:101230000448BDE810400CF057BC10BD5A220020F5
:1012400008390208A00800202DE9F74F954B044605
:101250001D78002D40F02481DFF84C92022899F887
:10126000007000F2F780914B1D783D40904B1B7849
:101270001F40002C00F0FB80012C4FF0000B00F011
:10128000F9804FF00008474600268A4B01201E7067
:10129000894BDFF828A219780FF0D6FA042C14BF76
:1012A000C021D12102200FF0CFFAEC2103200FF052
:1012B000CBFA524612F8011B99F800000901F040E0
:1012C000C30701F0700106F105004CBF41EA0B01B4
:1012D00041F08101C0B2013600920FF0B5FA082E3C
:1012E000009AE7D139460D200FF0AEFA41460E20A4
:1012F0000FF0AAFA291E18BF0121042049000FF09F
:10130000A3FA29460F200FF09FFA002110200FF0BA
:101310009BFA002111200FF097FA022C8CBF0021BC
:1013200001214B011946152000930FF08DFA644BF3
:10133000022C99F800601C7000F29E805B4B1F78B5
:1013400037405B4B1B781E40002C00F0A480012C22
:101350004FF0000800F0A28000252E4601200FF07B
:1013600089FA554B1A78101A4242424102200192E2
:101370000FF080FA042C14BFC021D121441AD4F1FB
:10138000000B4FF003004BEB040B0FF073FAEC284B
:1013900014BF4FF0000B0BF0010B019A02EA0B0493
:1013A00000221AF801BB99F80010501DD1404FEAF5
:1013B0000B1BC9070BF0700BC0B24CBF4BEA080BFC
:1013C0004BF0810B01920FF055FA019A584514BF6A
:1013D000002404F001040132082AE2D10D200FF0AC
:1013E00049FA831B5E424FF00E005E410FF042FA55
:1013F000A84214BF002606F0010604200FF03AFAB6
:101400003B1E18BF0123B0EB430F4FF00F0004EA5F
:1014100006040CBF012600260FF02CFAB84214BFB8
:10142000002404F0010410200FF024FA002814BF57
:10143000002404F0010415200FF01CFA009A264045
:10144000824214BF002006F001001A4B187003B04E
:10145000BDE8F08F032807D004287FF407AF4FF0D2
:10146000050BA8462F460FE74FF0010B09E7A346EF
:10147000B84609E7D84607E7032C4FF0000707D026
:10148000042C7FF45EAF4FF005083D463E4665E70D
:101490004FF0010860E7A04635465FE745465DE747
:1014A0000020D4E75A220020BF0700205822002045
:1014B000BE07002059220020C1070020B6070020E7
:1014C000C007002037B5124C2378FBB10025114A24
:1014D0001046D55412F0D1F8431E172B257015D89D
:1014E0000D4B1B7893B90DF10701C0B20FF06FF9E6
:1014F00060B108229DF80710084812F0B6F8084BB2
:10150000187803B0BDE83040FFF79EBE03B030BD91
:1015100042220020432200205A220020B607002049
:10152000C0070020BC2330B58FB08DF80430FF23F6
:101530008DF807306FF07F4302933E4B8DF8050026
:101540001B788DF806108DF80C3000238DF80D30C7
:10155000394B1B788DF80E30384B1B7893B9AA287D
:101560003CD101200FF086F9354B8DF807001B8820
:10157000ADF80830334B1878334B8DF80A001B78E0
:101580008DF80D3001AB0B2100251C4613F8012B03
:10159000013911F0FF0185EA0205F7D11A220DF198
:1015A0001D0012F062F80C238DF8103023468DF8E0
:1015B0000F5003CBCDF811001868CDF81510CDF8F9
:1015C000190000220023214804A911F0D3FE18B904
:1015D0001F4A1368013313600FB030BDA92811D121
:1015E0001C4B0F201B788DF807300FF043F98DF856
:1015F000080010200FF03EF98DF8090004200FF0CC
:1016000039F9B9E7A72812D101F00701481D0FF0F9
:1016100031F98DF807000D200FF02CF98DF8080036
:101620000E200FF027F98DF809001520E7E70A4B87
:101630001878EEE7C0070020BF0700205A220020DC
:10164000940700205B22002059220020740800200B
:10165000B01A002058220020BE0700202DE9F04FCC
:10166000302406469BB00EAD22460021284611F0DC
:10167000FCFFCDE90464CDE90654012404AB0893D2
:10168000002206AB0921A348CDE90A340994FFF7EB
:10169000F7FCA148A149836808AA1E680AABB047B5
:1016A0000646224609219B48FFF7EAFC86BB9DF8C7
:1016B0003830C32B2CD19DF839303C2B28D19DF8E4
:1016C0003A30A34224D19DF83E70262F20D8FC1D2D
:1016D000214628460FF061F807F168036B4413F8C0
:1016E000282C07F16F030DEB030414F8303C43EA98
:1016F000022383420CD19DF83B30012B08D1B04628
:101700000DF13E03DFF818A2864C0193B84503D3D0
:1017100030461BB0BDE8F08FDAF800300133CAF86C
:101720000030019B13F8015F019323780C2B0BD839
:101730009BB1013B0B2B10D8DFE803F07A7E0F0F33
:101740000F0F0F0F0F94989C282B34D01AD8142BFE
:1017500000F086801E2B00F0C480AA2D0FD8A42D87
:1017600000F2CE80392D00F27E812F2D00F298817B
:10177000202D04D000F26C810A2D00F2F380FFF7D7
:10178000A1FE52E0322BE8D1022D11D8664B33F87E
:101790001590FFF739FD654B654AA3F80090C5F138
:1017A00096031370634B1D70634B1878FFF74CFD65
:1017B0002946AA2052E0DFF88491DFF884B199F835
:1017C0000020531CDBB20C2B89F800300BF80250C0
:1017D0002BD15C4B1D78FDB90BF103030CAA13F858
:1017E000010F5119CDE902330EF0F1FFA0B101351F
:1017F000082D029BF3D19BF8013053490B709BF8E5
:1018000002100B4051490B70514B03CA18605960CC
:10181000494B1878FFF718FDA5209BF80110FFF73A
:1018200081FE002389F80030237008F101086DE77C
:10183000484B1D700223F7E7464B1B780D2B0FD149
:10184000404B1B7863B9404B404A1B782B401370C8
:10185000394B1878FFF7F8FC2946A620FFF762FEFF
:101860000023E1E73C4B1D700B23DDE73B4B1D7074
:101870000C23D9E7334BDFF8E0901B786BBB99F86A
:101880000020072A29D8354B0CA918780EF09FFFA5
:1018900018B301239DF830002D49DFF8B0C08854FB
:1018A0002948934015F0010F02789CF80010DBB234
:1018B00008D005F003051A43032D027006D021EA73
:1018C000030104E022EA03020270F8E719431A4B0D
:1018D0008CF800101878FFF7B7FCA72099F80010D3
:1018E000BCE7184B1B7843B9174B1D4A1B782B409C
:1018F0001370114B1878FFF7A7FC2946A920ADE714
:10190000A63D042D00F2B180DFE805F0B6BABEC2F4
:10191000C60000BF5C390208203A0208C83E02082F
:10192000B41A00205722002018440208940700200F
:10193000C10700205B220020C007002047220020B2
:10194000482200205A220020BF070020BE070020A6
:10195000B6070020562200205522002054220020E5
:10196000582200200D2D3FF40AAFFFF7ABFD423D9A
:10197000EBB2322B3FF659AF322D3FF656AF01A3F3
:1019800053F825F0C11A01082B1801082B1801087B
:101990005F1A01082B1801082B1801082B180108E1
:1019A0002B1801082B1801082B1801082B18010807
:1019B0005F1A0108CD1A0108D11A01085F1A01083F
:1019C000D51A0108DD1A0108C71A0108D91A010839
:1019D0002B1801082B1801082B1801082B180108D7
:1019E0002B1801082B1801082B1801082B180108C7
:1019F0002B1801082B1801082B1801082B180108B7
:101A00002B180108C11A01082B1801082B1801080E
:101A10005F1A01082B1801082B1801082B18010860
:101A20002B1801082B1801082B1801082B18010886
:101A30005F1A0108CD1A0108D11A01085F1A0108BE
:101A4000D51A0108DD1A0108C71A0108D91A0108B8
:101A50002C2D3FF494AEFFF735FD2A2D87D10120C0
:101A6000FFF7F2FBE1E63B2D7DE7FFF72BFD0022C0
:101A70001F4B1A702823D7E6FFF724FD0123D3E676
:101A8000FFF720FD0A23CFE6FFF71CFD1423CBE66A
:101A9000FFF718FD1E23C7E6FFF714FD3223C3E648
:101AA000144B1A78022A08D8511C1970124B9D54F5
:101AB0000EF0AFFE114B1860B7E600221A70B4E6C4
:101AC000FFF77EFBB1E6FFF79FFBAEE60020C7E71E
:101AD0000220C5E70320C3E70420C1E70023084A2A
:101AE0001360084A1360084A1360084A13609CE6B2
:101AF000472200204222002043220020A81A002072
:101B0000B81A0020BC1A0020C01A0020C41A0020F5
:101B100030B597B0302200210AA811F0A6FD0022AE
:101B20000023694623480BF0FFFA23490A88531C17
:101B30009BB20B8068BB9DF80040262C1FD81F4B22
:101B4000ADF82C200A938DF82E4034B122460DF1C9
:101B500001010DF12F0011F062FDE51D29460AA8D3
:101B60000EF01BFE04F15F030DEB030504F15803B7
:101B700005F8300C0DEB0304000A04F8280C0AA841
:101B8000FFF76CFD18B10E4A13680133136017B0EC
:101B900030BD0C4B07210A9300230AA8ADF82C2076
:101BA0008DF82E300EF0F9FD8DF82F00000A8DF81B
:101BB0003000E4E77408002040220020C33C01020A
:101BC000BC1A0020C33C01032DE9F84F04460EF077
:101BD00067FEB0FA80F0C0F11F0004EB8006D6F873
:101BE0001090CD0005F1040A0B4606358FB2B9F10D
:101BF000000F0AD10121E26881400A43E2603361AB
:101C000024F80A706753BDE8F88F4FEAC906043616
:101C100034F806B04FEACB0808F1060834F808306B
:101C200099450CD001210A4A0A480FF0F6F9002321
:101C300083F31188BFF36F8F0423184602DF24F863
:101C40000AB024F8059024F80870A753DBE700BF1A
:101C5000B9470208003E020810B500EBC1035B88DB
:101C60000446DB070A460ED40EF01FFE34F830306F
:101C7000C01A814207D134F831102046511A0EF0B3
:101C800014FE82420CD00121064A07480FF0C5F924
:101C9000002383F31188BFF36F8F0423184602DFFC
:101CA00010BD00BFDD470208003E02082DE9F843E1
:101CB00000EBC103DF880446B94202F104080BD1EE
:101CC000012303FA02F2C36823EA0203C36000237C
:101CD00040F82830BDE8F883B3F80490FD004FEADF
:101CE000C9060636835B0435994202D1435B9942AB
:101CF0000CD00121084A09480FF08FF9002383F323
:101D00001188BFF36F8F0423184602DF44F8287050
:101D1000A75324F80590DDE7B9470208003E020802
:101D20002DE9F84F8A4600AF002900F09A80046838
:101D30000E1F361BF50826F0070604EB0608B8F858
:101D400002B01BF0010B16D1E94688B06A46464B3B
:101D5000CDE90531032342F8103F4FF4C2515B46F1
:101D6000424801F08BFDCD468BF31188BFF36F8F96
:101D70000423184602DF294620460EF096FD34F86B
:101D80003030C01A854217D0E94688B06A46384BD1
:101D9000CDE9053A032342F8103F00234FF4C25126
:101DA000324801F06BFD0023CD4683F31188BFF369
:101DB0006F8F0423184602DFA15B2046691A0EF0DC
:101DC00074FDA84217D0E94688B06A46294BCDE990
:101DD000053A032342F8103F00234FF4C251234831
:101DE00001F04CFD0023CD4683F31188BFF36F8FC4
:101DF0000423184602DFB8F80230294623F0010315
:101E0000A8F8023020460EF050FD04EBC0035B88BA
:101E10008046DA070CD401462046FFF71DFF4146F5
:101E200020460EF047FD4246294620460EF08EFD24
:101E3000A65BAE1B04EBC6035B88DB070DD4314603
:101E40002046FFF709FF314620460EF033FD2A46B3
:101E5000314620460EF07AFD354629462046FFF7EA
:101E6000B3FEBD46BDE8F88F76480208003E020882
:101E7000264802084F480208B2F5802F2DE9F843A2
:101E80000ED33E494FF437733D4A3E480EF025FECF
:101E90003D480EF022FE4FF4377139480EF014FE23
:101EA000042A0CD8394940F2E323354A35480EF06C
:101EB00014FE37480EF011FE40F2E321EDE7043A3C
:101EC000CD1D114425F0070521F00706A6EB0508F6
:101ED000B8F1170F4FEAD8070CD82E494FF43B73CF
:101EE000274A28480EF0F9FD29480EF0F6FD4FF478
:101EF0003B71D2E7B7FA87F44FF00009C4F1200232
:101F0000C4F12404A4000734E408631CBB42056048
:101F1000AF60C5F80C900CD91F4940F20233184A43
:101F200018480EF0DAFD1A480EF0D7FD40F20231E3
:101F3000B3E74946920005F1100011F096FBA2B2FA
:101F4000530043F001036B803B1B9BB205EBC401C4
:101F50005800A5F80090488025F83420A6F8029093
:101F600025F8083005EBC7035A88214642F00102E4
:101F70005A802846BDE8F843FFF726BEF648020817
:101F80009B480208984402080C49020823490208A9
:101F9000444902085D490208864902082DE9F04FCC
:101FA00091B0009302F004030293C2F3C203013321
:101FB000840705460E46DDF868A00392059340F0BD
:101FC000C781041D002837D101F00706341DC6F172
:101FD0000806009B4FF0000804275A1E4FF0FF33FD
:101FE000C1460193C3463B46CDF810800DB1009920
:101FF00021600598002800F3C08094480099814230
:1020000003D393488142C0F0B8800399601B11F05C
:10201000020C40F0CB80B9F10F0F40F2CA808D491D
:1020200040F281238C4A8D480EF057FD8C480EF00B
:1020300054FD40F28121B6E00729CAD86FF01B0099
:1020400011B0BDE8F08F7A285AD84B280FD847280E
:1020500056D829282DD825284FD051D8202818BF48
:1020600023280CBF4FF0010B4FF0000B6EE04C38F3
:102070002E2845D8DFE800F06A44444444444444F0
:1020800044444444474444444444444444544447FA
:10209000475454546A4768446A4418471844447C77
:1020A0007A47444447447A0000204FF0000B04274D
:1020B00034E001212A38C0B201FA00F010EA0E0F14
:1020C00044D110F0625C2BD110EA010B3ED0604687
:1020D000013C3C44B4FBF7F47C4325B1A3EB050C75
:1020E000A444B445AAD8002800F097800599013986
:1020F00005915AF8041B009178E701990139019183
:102100004FF0000B22E012F8010C6C2832D10020B5
:1021100012F8023C83466C2BC9D108273B46D7E70F
:102120000AF1070A2AF0070A073424F00704FAE83C
:1021300002BC35B106982044B0423FF67FAFC4E9F7
:1021400000BC4FF0000B083408273B4612F8010F83
:10215000002800F08980BBF1000F7FF474AF2528C0
:10216000F4D14FF0010B019B013301930427ECE7FD
:1021700058469AE700208346AAE7039988072FD597
:102180004FF0010C601BB0F5007FFFF444AF314904
:102190004FF41F73304A31480EF09FFC31480EF067
:1021A0009CFC4FF41F712C480EF08EFC4FF0000C7D
:1021B000E9E705B309F140010DEB010E0199C0F308
:1021C00087000EF8200C0EF8101CBCF1000F0ED08A
:1021D00060F07F000EF8200C08F1010809F10109F8
:1021E000C5F108014FF6DA7E04340691AEE7049893
:1021F00001300490F2E7BCF1000F01D00136EDE7A9
:10220000029802360028E9D10098CDE90632FEF79F
:10221000C9F9DDE906320644E0E7042B08D10AF1EA
:10222000040015B1DAF800102160824604348DE70D
:102230000AF1070323F0070303F1080A1DB1D3E9EC
:102240000001C4E90001082308347FE76837020869
:10225000D47E02087C700208B9490208984402083A
:10226000084A0208E7490208631BB3F5806F0CD3E4
:10227000394940F2D223394A39480EF02EFC394808
:102280000EF02BFC40F2D2218DE71DB9A6F1080417
:10229000E018D5E6029A9B0828602B709DF8103054
:1022A000BAB1EB7085F80280B8F1000F05D00022BA
:1022B00008A8C5F1010791450DD14FF0000AC5F1FD
:1022C000010308AF01930DF1300BD14512D1601B12
:1022D000B6E66B70E6E710F8013B190608D507EB88
:1022E000040CB44503F07F033FF6A8AE04F8013BAD
:1022F0000132E0E7B8F1000F03D097F90020002A7F
:1023000016DB029BC3B11AF80B2004F8012B002244
:10231000019B18191044B0423FF690AE38780099EE
:1023200004F8010B2046039211F079F9039A144442
:102330000AF1010A0137C8E73A7855F822300093CC
:10234000029B009845F82230FEF72CF9421CDFE78B
:102350006FF00D0074E600BF7C700208B9490208F6
:1023600098440208224A02082DE9F04F95B000AFC8
:102370008A460546C7E9083258B99A4940F2993366
:10238000994A9A480EF0A9FB40F2993196480EF00E
:102390009BFB49B903784678807800EB830028449A
:1023A000564521D8A0EB050ABB6F95F8028003F0D3
:1023B0000103BC6F3B61EB78B8F1000F0CBF002448
:1023C00004F00104FB6113B1BB6F9A0715D4A4B9E3
:1023D0007B6A1BB1514628463A6A984756463046B2
:1023E0005437BD46BDE8F08F441C2046FEF7DAF8AE
:1023F000013020440AF1010AD2E7BB6FC3F3C003E6
:102400007B612B78FB609B007B606B68BB60FB682B
:1024100005EB830B7B6A002B71D15646D844ACB1D7
:102420001C461BF8013B55F82300FEF7BBF8FB6F79
:1024300001303BB1D7F88030A34282BFFB6F23F855
:1024400014000134C3450644EBD1D846BB6F4FF0AE
:10245000000913F0050F0CBF4FF0020B4FF0010BFA
:10246000FB699945BBD298F8013008F1020855F88C
:1024700023A05F4B9A45C0F080815E4B7A699A45F4
:102480002CBF002301230AB318F8021CB8687B6232
:102490000EF0EEFA7B6AC8B1EA468AB06A46564B3D
:1024A0000593BB68CDE906314FF40073ADF82030D9
:1024B000524B42F8103F00234FF41251504801F0A4
:1024C000DDF9D546023E09F10109C9E723B13B69AF
:1024D0002BB9A6EB0B06F6E7BB6F9B07F3D550466F
:1024E000FEF760F8FB6F43B1D7F880309C423FBFE6
:1024F000FA6F431C22F8143001340644E3E7002C41
:1025000065D1B8F1000F68D0BB6F580768D5C146D8
:1025100007F140004246594611F081F80BEB0803E1
:10252000BB610023334AF9698B426BD3BA6F95F8CC
:1025300001B03969920704EB0B0348BF0022DBB2FC
:1025400058BF4FEA5902002940F0E180B96F11F0FD
:10255000040F14BF494600216B70A970EA70284629
:102560003A6A79687B6A9847061EFFF638AFFB68BF
:1025700049462B70FB693A6AEB7085F801B07B6ABB
:1025800085F8028007F140009847B0F10009C0F2D9
:10259000F0807B68FA69B86903EB420141443A6A0A
:1025A0007B6AAAEB010198470028C0F2E4804FF053
:1025B000000BB14409EB000607F1300AA345C0F057
:1025C000A88000213A6A08467B6A984707E7444694
:1025D0004FF0000907F130009CE74446C1469DE7F3
:1025E000A1469BE7394A0208B94902089844020803
:1025F00068370208D47E0208544A02080400000129
:10260000783D0208B869DFF88CC110F8021B10F899
:10261000016CB86155F826006045C0F0B480904266
:1026200078692CBF4FF0000B4FF0010B30B1B86848
:102630003B600EF01DFA3B68574A60BBBBF1000FD0
:102640002BD0396959B10F2C36D9544940F2434344
:10265000534A54480EF041FA40F2434196E6B96FAE
:10266000490718D5B9F10F0F09D94F4940F2464330
:102670004B4A4C480EF031FA40F2464186E609F1E9
:10268000280007F1280C09F1010100EB0C0909F8F9
:10269000106C5FFA81F9013345E7B86F800715D5F3
:1026A0000F2C09D93D4940F24D433D4A3D480EF0BB
:1026B00014FA40F24D4169E6611C04F1280007F16B
:1026C0002804041904F8206CCCB2E4E7B9F10F0F28
:1026D00009D935494FF48A63314A32480EF0FDF981
:1026E0004FF48A6152E609F1280C07F1280EF444F0
:1026F00009F101000CF8101C07F1500109F1020961
:1027000051FA80F05FFA89F900F8106CC3E70021F4
:1027100022E71BF80A3055F8239087F82F30FB6F1B
:1027200023B3D7F880309B4520D2FB6F33F81B8052
:1027300001213A6A7B6A07F12F00984700281ADBCB
:102740000644B8F1000F06D14846FDF72BFF00F113
:1027500001081FFA88F8414648463A6A7B6A98475A
:10276000002808DB06440BF1010B27E74FF00008B7
:10277000DEE74E4633E6064631E67B69002B3FF442
:10278000ABAE002380E67869002886D04FF0000BBE
:102790004DE700BF68370208D47E0208F74A0208F6
:1027A000B949020898440208164B020880B505464C
:1027B0000E46174698460CF073FD034603F026FEBE
:1027C000DFF83C90044649F800304246394630462E
:1027D000A8470C4B1B7873B90B4940F246330B4AA0
:1027E0000B480EF07AF90B480EF077F940F24631BB
:1027F00006480EF069F954F8090003F0A3FD00BF84
:102800000800000085220020724B0208474B020896
:1028100098440208854B020838B50D46044620222C
:10282000002110F022FF0022EB68E361AB68A36196
:102830002B6823626B68A26263622A6923B1591E06
:10284000194208BF42F0010222610122002104F175
:102850002C0010F0C8FD48B1054906482F23064A50
:102860000EF03BF92F2104480EF02EF938BD00BFC1
:10287000CD4B020898440208A74B02082DE9F04FFF
:10288000002789B0CDE90123436A04468B4288467C
:10289000BA460597079754D300F11406EFF3118554
:1028A000102383F31288BFF36F8F3046A9460CF0D4
:1028B00075FF58B984234D4A4D494E480EF00DF925
:1028C00031464D480EF009F9842163E030460CF0A2
:1028D00089FF079A2AB1394620460EF0E4F9002311
:1028E000079306A920460EF005F90699834641454F
:1028F00030D32268236A204613F8221003EB820AA1
:1029000021F0030103F82210216842460EF016F967
:10291000E3682060984218D04FF0000B30460CF06E
:102920004BFF50B389F31188BFF36F8F059929B11D
:10293000A2690AB12046904700230593BBF1000F1E
:10294000ACD1504609B0BDE8F08F236943F00803CD
:102950002361E1E718B120460EF00AF9DEE7DDE970
:102960000132134339D0039110F06BFD0399A0BBE2
:102970009DBB30460CF020FF78B94FF499731B4A89
:102980001E491C480EF0A9F831461D480EF0A5F866
:102990004FF4997115480EF097F885F31188BFF33D
:1029A0006F8F04F12C00DDE901230BF023F883463F
:1029B000EFF31189102383F31288BFF36F8F304632
:1029C0000CF0ECFE00283FF475AFBBFA8BFB3046F1
:1029D0000CF008FF4FEA5B1BA0E7204607AB05AAF7
:1029E00027680EF0E4F8834698E700BFD64B02084C
:1029F000034C020898440208184C02082E4C0208A6
:102A0000454C02082DE9F0410446C36908460E46CC
:102A1000984704F114050746EFF31188102383F358
:102A20001288BFF36F8F28460CF0B8FE68B9842374
:102A30001A4A1B491B480EF050F829461A480EF056
:102A40004CF8842115480EF03FF828460CF0CAFED9
:102A500033783A4643F001033370616820460EF044
:102A60006DF8606020460EF039F928460CF0A4FE9F
:102A700068B94FF49973094A0C490A480EF02DF8C9
:102A800029460B480EF029F84FF49971DAE788F3DC
:102A90001188BFF36F8FBDE8F08100BFD64B0208ED
:102AA000034C020898440208184C02082E4C0208F5
:102AB000454C02082DE9F0470446002700F11406B2
:102AC000EFF31188102383F31288BFF36F8F304622
:102AD0000CF064FE054668B98423394A39493A48FE
:102AE0000DF0FBFF314639480DF0F7FF84213448E3
:102AF0000DF0EAFF30460CF075FE2369A168180757
:102B000002D463688B4200D2636A5B1A002B41D007
:102B1000206A10F8213000EB810913F003023CD049
:102B2000022A04D150F821205FEA920A05D1DA077F
:102B300020D44846E36998478246A1685246204619
:102B40000DF0FCFF5146A06020460EF005F82F4620
:102B500030460CF031FE10BB4FF49973184A1C49F3
:102B600019480DF0BAFF31461A480DF0B6FF4FF480
:102B70009971BCE743F0020300F82130E36948464D
:102B8000A56898472946024620460DF0D7FF002544
:102B9000A060DDE71D46A946DAE71546FBE788F3A6
:102BA0001188BFF36F8F002D8AD137B1B9F1000FB3
:102BB00003D104F12C000AF0A1FE4846BDE8F087DD
:102BC000D64B0208034C020898440208184C02082D
:102BD0002E4C0208454C02082DE9F0410446C36919
:102BE00008460D46984704F114060746EFF311888E
:102BF000102383F31288BFF36F8F30460CF0CEFDA5
:102C000068B98423274A284928480DF066FF3146D1
:102C100027480DF062FF842122480DF055FF304611
:102C20000CF0E0FD2B7823F001032B7023699B0748
:102C300005D5E268236A03EB82039D4222D12B78FB
:102C400023F002032B70D4E90231994204D13A46B1
:102C500020460DF073FFA060394620460DF07CFF42
:102C600030460CF0A9FD90B94FF499730D4A114903
:102C70000E480DF032FF31460F480DF02EFF4FF495
:102C80009971C9E72B6867F39F032B60E8E788F326
:102C90001188BFF36F8F04F12C00BDE8F0410AF0FA
:102CA0002DBE00BFD64B0208034C02089844020810
:102CB000184C02082E4C0208454C020870B5044618
:102CC00000F11405EFF31186102383F31288BFF38C
:102CD0006F8F28460CF062FD68B984231A4A1B499D
:102CE0001B480DF0FAFE29461A480DF0F6FE842125
:102CF00015480DF0E9FE28460CF074FD2369A06824
:102D00001B0702D46368834213D2646A241A2846DC
:102D10000CF052FD78B94FF499730B4A0E490C48E8
:102D20000DF0DBFE29460D480DF0D7FE4FF49971EA
:102D3000DEE71C1AEBE786F31188BFF36F8F201EC6
:102D400018BF012070BD00BFD64B0208034C02081B
:102D500098440208184C02082E4C0208454C020800
:102D6000044608B5EFF31183102383F31288BFF3F1
:102D70006F8F0FF007FB204603F0C0F902480DF0FB
:102D800096FE0EF07EFCFCE75A4C02082DE9F0435B
:102D9000079D15B91560002012E00324B5FBF4F47B
:102DA00004EB4407BD4218BF0134B4F1804F09D28F
:102DB000A40001348C4200D838B96FF00B001460C5
:102DC000BDE8F0834FF0FF34F7E704460021DFF859
:102DD000B4E0B94203F1030C04F104062BD3A94279
:102DE000274623D201F1010CAC451F7828BF0023F0
:102DF00024494FEAA70E38BF5B7811F80EE0AC45C6
:102E000084F800E001EB131E2EBF3D239B0003F06E
:102E10003C034FEA071738BFCB5C07F030071EF8BA
:102E20000770A3703D2367703746E3700023381A9C
:102E300010603B70AFE71CF8034C1CF8023C4FEAF3
:102E4000A4091EF8099024011CF8018C04F0300438
:102E500006F8049C0EEB131919F804409B0006F8C1
:102E6000034C03F03C030EEB9814E35C08F03F08BE
:102E700006F8023C1EF80830344606F8013C0331DF
:102E80006346A6E7C57D02082DE9F04300273C46CE
:102E90003E46DDF81CE0DFF81C81764526D3D4BB26
:102EA00000201460BDE8F0830135754531D013F87A
:102EB00005C0BCF1200FF7D0AEEB0509B9F1010F49
:102EC00016D0BCF10D0F13D103EB050999F8019051
:102ED000B9F10A0F1BD0B54205D1BCF13D0F0AD1A3
:102EE0000137022F0AD96FF01500DBE73546DCE722
:102EF000BCF10A0FEEE71CF0800FF4D118F80C605B
:102F00007F2EF0D03F2E01D8002FECD101346E1C63
:102F1000C3E72E46C3E74FF0060C04F00705E408AC
:102F20000CFB05F50CFB04F40735E41B04EBD5049E
:102F300070B18C420CD80027014603253C46DFF8CF
:102F400074E0DFF874801E44B34205D10C1AA7E781
:102F50006FF00B001460A5E713F8019BA9F10A0CB0
:102F60005FFA8CFCBCF1160F04D828FA0CFC1CF09C
:102F7000010FE9D11EF809C00134BCF1400F08BFB0
:102F8000013D0CF03F0C042C4CEA8717DCD17DB1DD
:102F90003C0C012D0C7002D101310024D4E7022D2C
:102FA0004FEA17244C7016BF8F7002310331F4E7DB
:102FB0002C46C9E7457D0208090040002DE9F34190
:102FC00006460F4615464FF000082A46304601A92E
:102FD0000DF0A9FE044640B102463946019810F0B2
:102FE0001EFB2D1BA0442744EFD142463046311D25
:102FF0000DF0B7FE48B1074907484823074A0DF0CE
:103000006CFD482105480DF05FFD404602B0BDE86B
:10301000F08100BFCD4B0208984402088E4C020894
:103020002DE9F34107460E4615464FF000082A46A3
:10303000384601A90DF086FE044648B12EB102467D
:103040000199304610F0EBFA26442D1BA044EED136
:103050004246384607F10A010DF083FE48B10749A0
:1030600007486323074A0DF038FD632105480DF03A
:103070002BFD404602B0BDE8F08100BFCD4B0208F9
:10308000984402088E4C020800200A4B82B0D3F804
:10309000882042F00102C3F88820D3F88830064A1D
:1030A00003F001030193019B536843F00203536053
:1030B00002B07047000C02440040024408B5416869
:1030C00005480C3183681B681BB1984700EAE07023
:1030D00008BD6FF05700F9E760380208192810B5ED
:1030E00002D90024204610BD044B53F8204020464E
:1030F00010F001F90028F5D1F3E700BFF03F020816
:1031000008B505F0F7FE024B024A1A6008BD00BF81
:10311000840700200048E80108B558B90749084865
:1031200040F23513074A0DF0D8FC40F2351105483E
:103130000DF0CAFC4368587908BD00BF874D0208EE
:10314000984402084F4D020810B548B9084909488B
:10315000A023094A0DF0C1FCA02107480DF0B4FCE2
:1031600003681B6913B1BDE810401847184610BD2D
:10317000874D0208984402084F4D02082DE9F84394
:10318000044606460127DFF8408094FAA4F5B5FA14
:1031900085F507FA05F308EB05156FEA030924EA3C
:1031A00003042B7B5BB12846FFF7CEFF38B96B6871
:1031B00004222846196806EA09060DF0BEFE002C16
:1031C000E3D13046BDE8F883683E020810B500221E
:1031D00088B00E490E4810F00EFA00220023002499
:1031E000CDE906230E234FF40062CDE90334CDE987
:1031F0000144084B0849009408480BF0FBF80849C3
:10320000064810F024F9204608B010BD013301082B
:10321000E80E00203936010888220020600A0020CC
:103220009E4D02082DE9F047DFF8B4902D4C804602
:10323000A9EB04038F2B0F460BD92B4940F25313F4
:103240002A4A2B480DF049FC40F2531127480DF053
:103250003BFC28480DF04DFE064660B3002528468D
:10326000BDE8F087237B8BB12368DB680BB1204678
:1032700098476368204683F806A0FFF765FFB0B95A
:1032800063680422204619680DF057FE0136103499
:103290004C4514D9184940F25F13144A14480DF0F4
:1032A0001CFC16480DF019FC40F25F11CEE70AFA3B
:1032B00006F31D43EAE705464FF0010AE8E7D1D3DC
:1032C000B8F1000FCBD0002DC8D02846FFF756FF2D
:1032D0000546002FF7D0002164200BF055FFF2E7E0
:1032E000783E0208683E0208D34D0208A64D020847
:1032F000984402087C1B0020034E0208244E02085A
:1033000001480AF0FBBA00BFB0080020014B53F897
:10331000200070476C40020808B5034608462BB1F0
:10332000044A136000F08CFD002008BD6FF015000A
:10333000FBE700BF5006002010B5044C237813B9FA
:1033400003480AF0DBFA0123237010BD5C22002041
:10335000B008002010B5044609480DF0CAFD3CB184
:10336000084BD3E8EF1F0139C3E8E21F002AF8D168
:1033700005480CF001FEBDE8104004480AF0BEBA52
:10338000741B0020781B0020E80E0020B0080020ED
:103390000022044BD3E8EF0FC3E8E12F0029F9D155
:1033A000704700BF741B002070B5FFF7F1FF0546A2
:1033B000104C114EB4421AD9104940F21623104A4B
:1033C00010480DF08AFB10480DF087FB40F21621E3
:1033D0000B480DF079FB2046FFF79EFE28B12368CD
:1033E0005B6813B12946204698471034E2E7F2D3D0
:1033F00070BD00BF683E0208783E0208034E020816
:10340000A64D020898440208244E020810B5044C48
:1034100004492046FFF700FA034B1C6010BD00BFB3
:10342000E807002058400208681B00200023154AC6
:1034300010B51370144A4FF47A711360134A14488C
:103440001360FFF769FFFFF7E1FF124B12491846BF
:103450008B4215D9114940F22B13114A11480DF036
:103460003CFB11480DF039FB40F22B110C480DF0DC
:103470002BFB1A1A5C681211013222711033E7E734
:10348000F7D310BD5D220020741B0020781B0020A4
:10349000050F0208683E0208783E0208034E020843
:1034A000A64D020898440208244E02080146002254
:1034B00000230148FFF7E2B9E80700200148FFF7C1
:1034C000F9BA00BFE8070020024B01461868FFF771
:1034D00083BB00BF681B00200148FFF7EFBB00BFA4
:1034E000E807002070B52D4B1B78002B54D0FFF758
:1034F000E5FF044600283FD1294B2A4D1B68002BCD
:1035000012DD10F030F80A220023FDF731F8D5E97A
:103510000032C01A40F2E93361EB0201984271F1C6
:10352000000101D3FFF740FFD5E9003213F57A73AC
:1035300042F10002C5E9003274B3BDE87040FFF704
:10354000CBBF2846FFF7E8FD20B12B68214628466F
:103550001B6898471035B54211D9134940F20A2328
:10356000124A13480DF0B9FA12480DF0B6FA40F2BB
:103570000A210E480DF0A8FA0F4D104EEBE7E0D3EC
:103580002046FFF7A1FF0E4BD3E8EF1F0139C3E838
:10359000E21F002AB0D0F7E7002070BD5C220020B7
:1035A000741B0020E00E0020034E0208A64D020806
:1035B00098440208244E0208683E0208783E020839
:1035C000781B002070B5154D297831BB0120FFF71D
:1035D00029FE134C134EB44218D9134940F2CF13AD
:1035E000124A13480DF079FA12480DF076FA40F2BB
:1035F000CF110E480DF068FA2046FFF78DFD18B187
:10360000236820469B6898471034E4E7F4D3FFF71B
:1036100069FF0028FBD101232B7070BD5D220020C3
:10362000683E0208783E0208034E0208A64D0208D2
:1036300098440208244E02082DE9F843374F384BCE
:10364000FB1A1B090AD137494FF46F73364A3748C2
:103650000DF043FA4FF46F71334819E0002108462A
:10366000FFF7E0FD0446A8B14FF4FA784FF00009E7
:103670002F4B1B789BB92F4940F246332E4A2B48DB
:103680000DF02BFA2D480DF028FA40F246312A4869
:103690000DF01AFA4FF0FF384FF0FF39E8E702F06B
:1036A000B5FE274B274A1B58136033B1264B1B68C6
:1036B000092B02DD25480AF021F9002544B12046F6
:1036C000FFF75CFD044618B94FF0FF384FF0FF39A3
:1036D000FFF708FF064628B935B91C4842464B4655
:1036E0000AF088F93546E9E70D4D08E0F5D22B6878
:1036F0009B691BB100222846114698471035BD42F0
:10370000F4D913494FF46C73074A08480DF0E5F9F2
:1037100010480DF0E2F94FF46C719DE7783E020815
:10372000683E0208434E0208A64D0208984402086B
:1037300085220020724B0208474B0208854B020885
:1037400008000000701B0020781B0020B00800203B
:10375000034E0208244E020813B52C480DF0C9FB95
:103760002B4B1B78002B35D0EFF31184102383F300
:103770001288BFF36F8F27480CF010F868B98423C4
:10378000254A264926480DF0A8F9224925480DF07A
:10379000A4F9842120480DF097F91E480CF022F876
:1037A000FFF7A0FE1B480CF007F868B94FF49973B7
:1037B000194A1D491A480DF090F916491B480DF099
:1037C0008CF94FF49971E5E784F31188BFF36F8F9B
:1037D00002B010BD164B1B68002BF9D050B9002267
:1037E00000231448CDE9002342F2107200230CF0AC
:1037F00055FBEDE70928EBD10E480CF0BDFB0E4858
:1038000002B0BDE810400AF079B800BF781B002074
:103810005D2200206C1B0020D64B0208034C0208DE
:1038200098440208184C02082E4C0208454C020825
:10383000701B0020E80E0020B008002010B5064BD9
:1038400004461B6898472146A0600448FFF7DAF851
:10385000BDE81040FFF780BF50060020E8070020B9
:10386000044A054B9B1AB1EBD30F34BF52F8310019
:1038700000207047603D0208683E02082DE9F04FC5
:103880008FB0C1F34A2604AF0D469046B8607B6006
:103890000C0D002E66D04FF000090A234FF0040BE8
:1038A00007F1140AFE60C7E90799C7F8249000934E
:1038B000CDF808B0CDF804A007F11C034A464046F5
:1038C000F968FEF751FDB0F5006F03461CD36C4656
:1038D0008AB0D8F8041004AB2B481A46C3E9050196
:1038E00040F2FF71D9614FF400711984274B42F8FF
:1038F000103F4FF412514B462548FFF7BFFFA54636
:103900002C37BD46BDE8F08FC0F30A0604F117005E
:10391000184420F0070080083B60FFF7C7FD66F3FE
:103920005325044630B33B6800F11001C7E908395C
:103930000A23F961CDE901AB00934046154AF968C5
:1039400007F11C03FEF710FD002813DA1249134893
:1039500040F24913124A0DF0C0F840F249111048E4
:103960000DF0B2F804F1170020F007008008FFF70F
:103970009DFD044666F353252A4620467B68B968B8
:103980000DF0FBFABCE700BF6C4E0208040000011A
:10399000A83D02084D0F0208D84E020898440208BC
:1039A000AB4E02082DE9F04F87B00546DDE9106BFC
:1039B000DDE9127A8846144699462FB33B465A46AB
:1039C00010210020CDF800A0CDF814A0FEF7E6FAF3
:1039D00000280BDA27494FF4B473274A27480DF023
:1039E0007CF84FF4B47124480DF06EF8B0F5006F18
:1039F00001460BD340F2FF730221214A214807B050
:103A0000BDE8F04F0DF012BB3946384604F007030D
:103A100005F00704E40044EA831444EA402444EA3D
:103A2000065406F11700084420F0070080080391AF
:103A3000FFF73CFD0546A0B19FB13B465A460399AE
:103A4000CDF800A01030FEF7A9FA002809DA0949DC
:103A500040F28D13084A09480DF03FF840F28D11ED
:103A6000C1E74B4622464146284607B0BDE8F04F25
:103A70000DF083BAD74E0208AB4E020898440208F4
:103A8000E14E0208A83D0208406820B1034BC01A6D
:103A900040F3CF0070474FF0FF307047603D0208A1
:103AA0000EB403B503AB53F8042B0146044801934D
:103AB00002F064FF02B05DF804EB03B0704700BF92
:103AC000E13A0108CA0605D48B064CBF02490349F6
:103AD000FFF7E6BF704700BFB8720208194F02082F
:103AE00038B54B6805461A68CB680C469A4202D135
:103AF00008460DF0BFFA6368D3E8EF2F511CC3E806
:103B0000E01F0028F8D1A3689D5463681A68E36831
:103B10009A4209D9054906487223064A0CF0DDFF8E
:103B2000722104480CF0D0FF002038BD4B4F020832
:103B3000984402081C4F02082DE9F04F89B09946BD
:103B40009DF85080159B044606930D46DDE916A3AB
:103B5000189F05920493B8F1000F00F0A180B8F10E
:103B6000040F0BD988494FF41573884A88480CF024
:103B7000B4FF4FF4157185480CF0A6FF07F480736D
:103B800007930DF0D8F907F0020B0246002856D033
:103B900020468049FFF784FF0646BBF1000F08D09E
:103BA00017F0440F4DD12A4620467B49FFF778FF96
:103BB000064407F0010353B1784B204653F8282000
:103BC000774B7849002A08BF1A46FFF769FF07F4C8
:103BD0008073002B07F0080318BF4FF00009002B7B
:103BE0005BD0714B204653F828207049FFF758FFEF
:103BF0000546059B2BB11A4620466D49FFF750FF3D
:103C00000544B9F1000F05D04A4620466949FFF73F
:103C100047FF054468483544069B002B47D02246A1
:103C200066490CF0F4FE002841DA654940F2B12300
:103C3000564A57480CF051FF40F2B1219BE7064627
:103C4000ABE7604B18680028B2D05F4B4FF47A7B2B
:103C50001B684FF03C0CB5FBF3F5B5FBF0F14FF4EE
:103C6000616300FB11550BFB05F5B1FBF3F2B5FBEE
:103C7000F0FE03FB121100FB1E55B1FBFCF30BFB26
:103C800005F5B5FBF0F50CFB131120460091CDE9CD
:103C900001E54E49FFF704FF8AE707F00805A8E7AA
:103CA000B9F1010F45460CBF43484948B4E7049BAE
:103CB000002B54D0DDF810903946B9F1100F204692
:103CC00028BF4FF010090026FFF7FCFEB54218DCB4
:103CD0000026334620461AF803203E49FFF7E0FE4F
:103CE0000136102E13D0710703D120463A49FFF751
:103CF000D7FE4E453346EDD320463849FFF7D0FE78
:103D0000EEE720463449FFF7CBFE0136DEE700261A
:103D100020463349FFF7C4FE33461AF803202046F5
:103D2000A2F120035F2B28BF2E222E49FFF7B8FEF9
:103D30000136102E0DD0720703D120462649FFF719
:103D4000AFFE4E453346E8D320462349FFF7A8FE91
:103D5000EEE7049BCA44B3EB09030493AAD1B8F17C
:103D6000000F0AD0FB0704D520460D4A0D49FFF786
:103D700097FE39462046FFF7A5FE204609B0BDE86C
:103D8000F04F0DF077B900BF804F02081C4F0208BA
:103D9000984402088B4F02088F4F02087C400208AB
:103DA0007B4F0208F86F020890400208B44F0208E7
:103DB000BA4F0208BE4F0208E13A01087D690108C6
:103DC000C34F0208841B0020801B0020984F02086C
:103DD0008F100208CC4F0208D44F0208D24F0208BD
:103DE000D64F0208D84F020842F20F7373B58B42C8
:103DF00028BF0B4605680446052168460D4A0CF0AD
:103E0000EBF90646636828460B225B680A490DF009
:103E100023F963683246694628465B680DF01CF951
:103E200063681B2228465B6804490DF015F902B04F
:103E300070BD00BFD6690208217E0208057E020817
:103E400000210123064A904206D8064A01B90123FF
:103E50001360054B18607047012140085B00F2E7D2
:103E600040420F00801B0020841B00200122014BD8
:103E70001A7070475E220020014B002019607047C5
:103E80009C1B00200148FFF7AFBF00BFC0400208E5
:103E900010B5064B0C461868FFF738FA2146BDE806
:103EA000104003460F220248184700BF9C1B002009
:103EB000C04002080122F8B5084B094D094E1A709E
:103EC000D5E900470CB92C60F8BD214630463A468A
:103ED00000F01EF8241A0644F4E700BF5F22002019
:103EE000901B00206022002010B9074B187070470B
:103EF000064B1B781BB141F288300FF0EEB932202F
:103F000000210BF041B900BF5E2200205F2200209B
:103F10002DE9F04780460F460425DFF87C901F4EC0
:103F200099F80040ACB90EF01CFB3A468246414677
:103F3000204607F03DF8044650460EF01AFBECB15F
:103F40000123337099F800307BB93C462046BDE828
:103F5000F0873A464146002007F02AF80446EEE78B
:103F600028466C1EFFF7C0FF2546002007F06AF8C0
:103F70000028EAD03378002BF2D1E6E7337833B16A
:103F8000013D2846FFF7B0FF3378002BC8D13378C6
:103F9000002BDAD0DAE700BF5F2200205E2200208B
:103FA000014B036000207047D040020870B5104BF1
:103FB0000D461C68B4B10F4B196800238B4202DB1D
:103FC0006FF0010070BD224612F8106B864202D0DD
:103FD00014460133F2E7E0680FF08DF928B10020B4
:103FE0002C60EFE76FF00C00ECE76FF01200E9E7F0
:103FF00054060020D040020810B5436888B00293F0
:1040000083680C46CDE9033200230A68C068CDE915
:104010000623054901AA05930DF02EFF079808B95C
:10402000059B236008B010BDC7110208F7B583686F
:10403000044663B3D0E90476026AB3FBF2F502FBEF
:1040400015353DB10068551B2A4694F824101844D4
:104050000FF00BFBA368E06822683E442B448168A4
:104060004D683146A847054648B101210346194A23
:10407000194800960CF0E4FF284603B0F0BDE36950
:104080005BB92369A268134423610023A360002560
:10409000F2E7535DDB4353550135A3682268AB4219
:1040A000F7D8E06881680D683146A847054630B109
:1040B00003460A4A012108480CF0B8FFDCE7324603
:1040C000E369A1682068984705460028D9D0044ACA
:1040D0000346EFE70B500208603D02082F5002082C
:1040E0004550020810B504460121034A03480CF06C
:1040F00094FF0020606010BD59500208603D020826
:104100002DE9F7430D46DDE90A8791461E46044630
:1041100080B179B172B18B680846DB689847036853
:10412000B6FBF3F203FB12624AB1204A0121204898
:104130000CF073FF6FF00D0003B0BDE8F083B8FB27
:10414000F3F203FB12820AB11A4AEFE727B1B7FB79
:10415000F3F103FB117109B1174AE7E718EB070FF9
:1041600001D3164AE2E7C4E90096C4E90587216154
:10417000A160E56003686A4623620C9BE3614379B2
:10418000CDE9006128460E4984F824300DF074FE14
:10419000019A0AB90B4AC9E7D4E905310B449A429E
:1041A00001D2094AC2E70020C6E700BF79500208E1
:1041B000603D0208B0500208C4500208D650020800
:1041C0003D120208F9500208155102082DE9F04786
:1041D00005460E4617461B4CDFF86C80DFF86C90E6
:1041E000444529D91A494FF4BB631A4A1A480CF0BE
:1041F00074FC1A480CF071FC4FF4BB6115480CF0CC
:1042000063FC6268D9F824309A4213D3A3698BB156
:10421000A9889078C9B2884205D13A4631462846E5
:10422000BDE8F04718475279012A03D13A46314692
:10423000284698472434D3E7E3D36FF08500BDE8E0
:10424000F08700BF140A00205C0A0020A01B002099
:104250007A5102084851020898440208244E020884
:104260002DE9F041154B164F5E6A164BBB421FD924
:10427000154940F2BB53154A15480CF02EFC154861
:104280000CF02BFC40F2BB5110480CF01DFC5C689C
:10429000B4420BD31D694DB194F802C08488E4B2D6
:1042A000A44503D12B46BDE8F04118472433DDE790
:1042B000EDD36FF08500BDE8F08100BFA01B0020AA
:1042C0005C0A0020140A00207A51020848510208B2
:1042D00098440208244E02080022024B1A605A60D9
:1042E000704700BF5B1C00202DE9F04105460E46DB
:1042F0001746124CDFF8488044451AD911494FF44B
:10430000C163114A11480CF0E8FB11480CF0E5FBC1
:104310004FF4C1610C480CF0D7FB63690BB924342E
:10432000EAE73A463146284698470028F7D1BDE8E3
:10433000F081F2D36FF08500F9E700BF140A002086
:104340005C0A00207A510208485102089844020889
:10435000244E0208430670B520D0134B134CA342E1
:104360001ED913494FF47D73124A13480CF0B5FB64
:1043700012480CF0B2FB4FF47D710E480CF0A4FB18
:104380000022196A1E7F0439D5B2AE4201D8243307
:10439000E5E7013211F832508542F5D1012001E004
:1043A000EED3002070BD00BF140A00205C0A00207C
:1043B0007A5102084851020898440208244E020823
:1043C000F7B584880F46E4B220468DF80740FFF722
:1043D000C1FF0546B8B114F07F0F164E02D096F813
:1043E000BA3023B397B103212346134A13480CF084
:1043F00078FF9DF8070004F0B1FAF3691BB10820BB
:104400000DF107019847284603B0F0BD032123466C
:104410000B4A0A480CF065FF9DF8070004F0C0FA4B
:10442000F369002BEFD009200DF10701EAE71D46E3
:10443000E9E700BFA01B00209D510208583E02087A
:10444000B051020808B503460121034A03480CF0A5
:1044500048FF002008BD00BFC5510208583E0208B1
:1044600038B5054604F0F2FA10F1780F044611D180
:1044700002212B460C4A0D480CF033FF28460CF065
:1044800032FF0B4A0024D2F8C43023EA0003C2F8FA
:10449000C43007E00028F1D001212B46054A03482B
:1044A0000CF01FFF204638BDE0510208583E0208BC
:1044B000A01B00200152020808B509480378C3F385
:1044C00041130A3350F823303BB100F1080200F1E8
:1044D00010019847C043C00F08BD1846FCE700BF55
:1044E000A01B002004282DE9F74F04460F46DFF8F3
:1044F000D4901AD0012834D1DFF8CC8098F8B930A4
:104500007BB300F039FF314D4D453AD9304940F287
:10451000C243304A30480CF0E0FA30480CF0DDFA83
:1045200040F2C2412B480CF0CFFAFFF7D5FEE3E78B
:1045300002EBC6063079019204F088FA834630799E
:104540000CF0D1FED8F8C430BBF1000F23EA000311
:10455000019AC8F8C4300AF1010A16DA002388F873
:10456000B9301A4D4D451FD9194940F2EE43194A49
:1045700019480CF0B2FA19480CF0AFFA40F2EE41CB
:10458000D0E7EBD24FF0000A2A6A2B7F5FFA8AF657
:10459000B342CDD82435B7E7EB681BB13A46214684
:1045A000284698472435DDE7F6D3074B1B6A2BB125
:1045B0003946204603B0BDE8F04F184703B0BDE8C8
:1045C000F08F00BF5C0A0020A01B0020140A00200E
:1045D0007A5102084851020898440208244E020801
:1045E00073B5044680782B4D8DF8000023796279ED
:1045F00043EA0223ADF80230E37803F003038DF8B9
:1046000004300CF070FED5F8C430064618420CD0C9
:10461000A478204600F092FE2046FFF721FF0EF01E
:1046200010FF10B996200EF072FF684604F042F9B0
:1046300010F1780F9DF800301BD10221164A17485F
:104640000CF04FFE9DF8000004F0D0F910F1780F47
:1046500019D19DF800300221114A10480CF041FE9A
:104660000120D5F8C43085F8B9003343C5F8C4300B
:1046700007E00028E6D00B4A084801210CF031FE83
:10468000002002B070BD0028EAD09DF80030064A34
:10469000F2E700BFA01B002023520208583E020888
:1046A0006A520208465202088A5202082DE9F0476F
:1046B000A94E0446B3690F4690466BB9237803F0C0
:1046C0001F03012B00F0A280022B00F0078143B1F1
:1046D0006FF01500BDE8F08798470028EED1002064
:1046E000F8E794F900206178002A2FDA062910D023
:1046F0000829D8F8002024D00029E9D101235170DD
:10470000137096F8C3305B0043F00103137002236B
:1047100020E16288100A011F01290546D8D907281F
:10472000D6D8D1B2726A1478002CD1D05678AE4265
:1047300003D1994200F0088101332244F3E7137852
:1047400008E196F8BA301370012303E10139082912
:10475000BED801A353F821F0F3470108D146010860
:1047600003480108D14601087D470108D1460108E8
:10477000D1460108D14601088B4701086088C0B2C4
:1047800003F0CEFF0028AAD0A2E763883BB1FF2741
:104790000020B846756A2B786BB9002898D0FFF7CF
:1047A0009BFD638886F8BA30F369002B97D003200D
:1047B0006A49984793E76B78042B0DD0052B0ED0F0
:1047C000022B06D16F796388BB4208BF40F001001D
:1047D000C0B22B781D44DEE795F80380F9E76388C3
:1047E000BB42F6D1B8F1000FF3D12846FFF7F8FE2F
:1047F000EFE76388012B7FF46BAF002386F8C330AB
:104800006DE76388012B7FF463AFF7E796F8BA3062
:10481000002B3FF45DAF756AA3882A465FFA83FCDC
:10482000117800293FF454AF5078022804D192F84F
:1048300004E0E64500F294800A44F1E70A704A7009
:1048400038604CE7154499E00B2A7FF441AF00270C
:104850004FF0FF08BA46C14606E06B78042B0FD034
:10486000052B21D02B781D442B78002BF5D1F36933
:1048700013B1514607209847002F7FF430AF27E748
:1048800095F80280A38895F803909845EAD163884B
:104890009945E7D1B8F1070F1DD806EB0803AA46E2
:1048A000012783F8BB90DDE7A3884345DAD163880D
:1048B000DBB24B450AD0AF78384600F03FFD3846B2
:1048C000FFF7CEFDB0FA80F77F09CBE72846FFF768
:1048D00087FE0746C6E7AA460027C3E794F90020EB
:1048E0006378002A1ADA002B7FF4F2AEA488E4B2CF
:1048F0002046FFF72FFD00283FF4EAAE630604D000
:1049000096F8BA30002B3FF4E3AED8F800502046BA
:1049100029460DF0D6F900236B70F8E6012B08D07C
:10492000032B7FF4D5AE6388002B7FF4D1AE012139
:1049300003E0618800297FF4CBAE2046FFF740FDFD
:1049400000287FF4CCAEC3E60228C8F800207FF42C
:10495000F6AE53883B60C2E6A01B00205A1C002024
:1049600094F9001062780029BFF66EAFD8F80010F5
:10497000002A3FF463AF0A2A7FF4AAAE2A78002AFD
:104980003FF4A6AE687804287FF45CAFA878834231
:104990007FF458AF072B8EBF00239B1993F8BB30D1
:1049A0000B70D1E62DE9F84305460F46904699462F
:1049B00004264B4642463946284604F075F810F165
:1049C0000B0F044609D102212B46054A05480CF07D
:1049D00088FC0AF0C1FA013EEBD12046BDE8F8831D
:1049E000AB520208583E020813B5164C237DF3B9AA
:1049F000E26801AB8020A1680192FFF7D3FF019A22
:104A0000A3681344A360E3689B1AE3606BB962B1C7
:104A10002369E2889A4208DD94F8C82093FBF2F1FA
:104A200002FB11330BB90123237502B010BD002323
:104A300080201A461946237502B0BDE8104004F0E4
:104A400033B800BFA01B00207FB500230D460646EB
:104A50000193002862D100293AD108220B460DEBC0
:104A600002010DF03BF9002803DA802003F076FF05
:104A70001FE0354C029AC4E903552260039ABDF841
:104A80000E30626004F13802A2609DF9082025759D
:104A9000002A10DB802B09D901212C4A2C480CF06C
:104AA000BCFA802003F05AFF2846DFE71BB1C4E9B7
:104AB000033304B070BDFFF7FFFC0028D5D0E288B7
:104AC00023699A42D4BFE260E360FFF78DFFF0E70D
:104AD0001D4C01ABD4E90212002A05DC02460DF0A0
:104AE000FDF80028E5DAC0E70DF0F8F8002804DA50
:104AF000802003F033FF3046B8E7019AA3681344DF
:104B0000A360E3689B1AE360002BD2D104F1380361
:104B1000A360FFF7D1FC0028D7D1A6E7802807D1F2
:104B2000094BDA68002AD0D11B7D002BCDD1C0E71C
:104B3000084909484FF4C573084A0BF0CEFF4FF4FB
:104B4000C57106480BF0C0FFA01B0020D25202081E
:104B5000583E02087C700208984402084851020836
:104B6000054B064A58629A62054A0020DA62054AF5
:104B70001A63054A9A617047A01B0020AD460108E0
:104B800061420108E9420108CD4101082DE9F341E4
:104B90000446554D4FF0FF334FF0FF32534808F0B5
:104BA000ABFB95F8B8306BB10221514A51480CF07B
:104BB00034FA6FF077044D4808F066FC204602B0E6
:104BC000BDE8F0816E6A6EB900F0EEF8FFF7C8FF3D
:104BD0006E6A3EB90121484A46480CF01EFA4FF071
:104BE000FF34E8E745482C62E86103F093FD03F0E9
:104BF000ADFC041EDFDB00F0E5FB041EDBDB73789D
:104C0000012B01D1F3793BB901213D4A39480CF020
:104C100004FA6FF01504CEE70026684685F8C83020
:104C2000ADF802308DF804608DF8006003F042FEAC
:104C3000041EC0DB802768468DF8007003F03AFE42
:104C4000041EB8DB30462F490DF030F8041EB2DBED
:104C500038462C490DF02AF8041EACDB2A4CDFF84C
:104C6000AC80444521D92A494FF4C363294A2A48D4
:104C70000BF033FF29480BF030FF4FF4C361254898
:104C80000BF022FF0026276A227FF3B29A4201D856
:104C90002434E6E707EBC30257F8331010790DF020
:104CA00005F801360028EFD099E7EBD3002003F098
:104CB0009DFE041EFFF67FAFD5F8C430802043F080
:104CC0000103C5F8C43003F091FE041EFFF673AF74
:104CD000D5F8C430002443F48033C5F8C430012330
:104CE00085F8B83067E700BFA01B002060080020EF
:104CF000EB520208583E02080E530208E544010830
:104D000033530208494A0108140A00205C0A0020B3
:104D10007A5102084851020898440208244E0208B9
:104D200030B51F4B8BB005AA03F110051446186867
:104D30005968083303C4AB422246F7D11B781022CE
:104D4000237001AC002120460EF08FFC12220021BE
:104D500014480EF08AFC1021204604F087FD00283C
:104D60001ADD0828B8BF0820002109380D4A04447C
:104D700014F8013F0AA800EB131003F00F032833C7
:104D80006B4410F8140C13F8143C0131082910700E
:104D9000537002F10202EBD102480BB030BD00BFEC
:104DA0006D530208712200202DE9F04F87B09D4B12
:104DB00000AF93F800A0BAF1000F04D09A481C3756
:104DC000BD46BDE8F08F984C00264FF001193546DE
:104DD000B046FE6023783BB9944B02349C42F3D139
:104DE0000123904A1370E9E76378052B05D8DFE8C3
:104DF00003F0C80703C82D6BA04623781C44E9E7DD
:104E0000402307F1100087F810A07B8287F814A0D8
:104E100003F036FDB8B1082307F110007B8203F0E0
:104E20002FFD80B1824940F28F13824A8248A7F851
:104E300012A00BF052FE81480BF04FFE40F28F1192
:104E40007C480BF041FE7B8AE371D6E7E378002BC8
:104E5000D3D1A378002B32D1794D03E06B689C420B
:104E600028D02435774B9D420CD977494FF49B735A
:104E7000704A71480BF031FE74480BF02EFE4FF46F
:104E80009B71DDE7EAD36D4688B06A46704BCDE989
:104E90000534032342F8103F00234FF4C2516D48FC
:104EA000FEF7ECFCAD466B4801216B4A0CF0B5F8FF
:104EB000002084E7AB6813B12046F9689847FB6887
:104EC0000133DBB2FB6098E7002D58D1634A012122
:104ED00060480CF0A2F8E6E72B6AA07803EBC20169
:104EE0000B79984245D14FF0010BE07894F805C05A
:104EF00000F00300387520795FFA8BF340EA0C204C
:104F0000788294F90200002826DA4FF0010C0BF1A8
:104F100010000CFA00F010EA090F25D143F08000D0
:104F2000387407F11000C7E90031BA6003F0A8FC3B
:104F3000D7E901123B68B8B93A7C12F0800FA27031
:104F40000A714FF001021DBF1033DBB29A4002FA22
:104F50000BF249EA020950E7012000FA0BF010EACF
:104F6000090F01D11846DBE70BF1010BBBF1100F64
:104F7000BBD101322B7F9A42AED3394AA7E7002238
:104F8000F8E7032E24D1FFF7CBFE8346A0B1FBF751
:104F900009FB034680B1102806D0B8600221314ACF
:104FA0002C480CF03AF8BB68102BA8BF10235946C8
:104FB0001A46A01C0EF033FB6FF002002378001B92
:104FC000191904EB5303C84209D50136F6B214E7A8
:104FD000002EF1D1B8F1000F17D1234A77E71A78E4
:104FE000203A5E2A0AD92149CB23124A12480BF0F3
:104FF00074FD1F480BF071FDCB2121E701F801ACD6
:1050000013F8012901F8022DDDE7A4EB080388F865
:105010000230C3F3072388F80330FB6888F80430B4
:10502000D3E700BF7022002000090020110A0020F1
:10503000B45302087E53020898440208BD53020884
:10504000140A00205C0A00207A510208244E02084B
:10505000E4530208503E02084B550208045402086B
:1050600045540208625402082E550208AD54020845
:10507000E4540208094B00211A4610B51C788442FA
:1050800004D15C6814B102EB811010BD0131082914
:1050900003F14003F2D10020F7E700BF6C1C0020B1
:1050A0002DE9FF4150F8283C0446103310F82C6CD1
:1050B0000AD1036950F8202C98073DD5D2B9590779
:1050C00015D5002344F8283C54F8283C10330BD065
:1050D00054E9077554F8148C0EF0B3F9002857D032
:1050E000214632480EF09DF904B0BDE8F08143F04E
:1050F0000403236103AB304654F8241CFFF752FC31
:10510000034640B101212A4A2A4800960BF098FF35
:105110006FF01503D6E7039A54F8243C134444F87F
:10512000243C54F8203C9B1A44F8203C54F81C3C86
:10513000134444F81C3CC7E703AB304654F8241C26
:1051400003F01CFD03460028DCD1039D54F8243CE9
:105150002B4444F8243C54F8203C5B1B44F8203C8E
:1051600054F81C3C2B4444F81C3C002DA9D030467C
:105170000CF0C2FDB5FBF0F303FB1055002DA0D1E0
:1051800054F8203C002B9CD0304603F03FFD9BE7B9
:1051900044F8180CA4F1100008F0B0FB002DA3D0C7
:1051A000424639463046A8479EE700BF200F002000
:1051B00079550208603E02084B1E012B73B5064666
:1051C0000D4614D8FFF756FF044690B9012D0ED1B5
:1051D00001AB012230460DF1030103F0CFFC019B2E
:1051E000002BF5D101210C4A0C480BF016FF02B040
:1051F00070BD0EF026F904F12C0108B1012D05D186
:10520000084602B0BDE87040FFF74ABF044802B04C
:10521000BDE870400EF005B996550208603E0208E0
:10522000200F00202DE9F74F0546164698460191BC
:105230000CF099F8002871D1EFF31183102200933C
:1052400082F31288BFF36F8F8346DFF8D890002275
:105250000023484608F0CEFBA0B9DFF8CCA04FEA07
:105260008B170AEB8B1BDBF8044014F1100F20D1D5
:1052700001212B462D4A2E480BF0D8FE484608F057
:105280003DFB0DE00BF1010BBBF1080F09F14009EB
:10529000DDD10121274A26480BF0BFFE6FF00B0439
:1052A000009B83F31188BFF36F8F204603B0BDE8E6
:1052B000F08F0C99019BCBF814100D99CBF81000CE
:1052C000CBF818106FF00F012846CBE902360AF828
:1052D0000750CBF83C80CBF804100CF00DFD68B102
:1052E00028460CF009FDB6FBF0F101FB10662EB16B
:1052F000DBF83C1041F00401CBF83C1018F0020F31
:1053000007D007F12C010C4851440EF08AF8002414
:10531000C6E7284603F07AFC0446C1E76FF00F04A5
:10532000C3E700BF881C00206C1C0020CB5502087E
:10533000603E0208B0550208200F002010B5EFF3C0
:105340001184102383F31288BFF36F8FFFF792FE4F
:1053500050B14368103307D16FF08B0300F12C017B
:10536000436004480EF05DF884F31188BFF36F8F3B
:1053700010BD00BF200F00202DE9F04108251027A7
:105380006FF08B080D4CEFF3118687F31288BFF393
:105390006F8F6368103306D10948C4F8048004F1A4
:1053A0002C010EF03EF886F31188BFF36F8F013D9C
:1053B00004F14004E7D1BDE8F08100BF6C1C00207F
:1053C000200F002038B50025084C2046084908F079
:1053D000D7FD0122A4F11000114601350EF003F8AB
:1053E000082D04F14004F0D1002038BD981C0020A5
:1053F000A15001080123016981F84B300B6833B1DA
:1054000091F849301BB1024808310EF00AB87047D4
:10541000200F00200123016981F84A300B6833B165
:1054200091F848301BB1024808310DF0FABF7047BF
:10543000200F002070B50569EFF31186102383F368
:105440001288BFF36F8FD5F89000FDF7B7FD0446C3
:1054500086F31188BFF36F8F30B100220023034819
:1054600005F1180108F0D8FE204670BD200F00207D
:10547000012370B582F8483013680D4614463BB1DD
:1054800092F84A3023B10E4802F108010DF0C9FF2D
:10549000D4F89030DA885B899A4205D17DB904F15D
:1054A00018014FF47A7204E004F11801002DF8D0CD
:1054B0000022BDE870400023014808F0ADBE70BD79
:1054C000200F0020002103460C4AA0F84810106865
:1054D00083F89C10C3F8940090889279A3F8980000
:1054E00083F89A2083F89B104022A3F89E1083F83B
:1054F000A01003F14C000EF0B8B800BFB43E020893
:1055000080B500AF88B06A46064BCDE9053003236D
:1055100042F8103F00234FF4C4510348FEF7AEF9A0
:10552000BD4680BD01560208403E0208002310B56A
:105530000469C4F8A8300C4BC4F8A400596804F1FD
:10554000A80269B9C3E9002204F10800074908F07C
:1055500017FD04F11800064908F032FE002010BDC6
:105560000A605A60F0E700BF701E00209113020825
:105570004956010830B54FF400334268056942F2DC
:10558000A10085B0CDE90103002385F89D30106AA4
:10559000ADF80C100A22007901A9FFF703FA054CB7
:1055A00095F89D3023B901200DF097FE013CF7D10D
:1055B00005B030BDA1860100002373B51025046934
:1055C0008DF8071084F84830EFF3118685F31288C0
:1055D000BFF36F8F0122D4F890000DF10701FDF7A2
:1055E000EDFC86F31188BFF36F8F012812D00DF008
:1055F00028FFC0B10122104BD3E8EF1F002903D1CF
:10560000C3E8E02F0028F7D104D102210B4A0C484F
:105610000BF003FD0A22002304F11801094808F0E9
:10562000FBFD02B070BD94F8A130002BE2D0002148
:105630000A2009F0A9FDC7E76C1E002022560208C7
:10564000403E0208200F0020F0B5D0F88C3005460F
:105650005B6885B01B6A1F7D38460BF084FE0646EA
:1056600050BB95F886303BB3A86F0146C38831F82C
:105670000A2F9B1A9BB2B3F5806F28BF4FF480634B
:1056800003AA0BF038FB0446B0B18306A5F118035A
:1056900085F830600193094B08BF00F1FF342246C2
:1056A0000399009338460223FFF7BCFDA86F2246FA
:1056B00000F10A010BF055FB05B0F0BD7154010873
:1056C00003460221014A02480BF0B0BC41560208D1
:1056D000403E020810B50146044606480BF02DFE78
:1056E00020B92046BDE81040FFF7EABF012300F8CB
:1056F000073C10BD701E002070B50E468188044620
:10570000C9B2184815460BF00BFE40B9A3881648DD
:105710000221164A0BF08AFC6FF0120070BD94F95A
:1057200000206378002A16DB202B04D0222B0ED019
:105730006FF08500F2E72B681A6840F8102C9A8801
:1057400020F80C2C9B7900F80A3C0020E6E76388DF
:1057500000F8093CF9E7212BEAD10723103828602B
:105760003360F2E7701E0020403E020867560208D0
:1057700073B50D1E064614462ADD2A46D4F88C0061
:1057800004F14C01FDF71AFC854205D901212B1AC1
:10579000174A18480BF04AFC012384F84930236863
:1057A0003BB194F84B3023B1134804F108010DF0DC
:1057B00038FED4F88C209388918912695B1A9BB2C9
:1057C000D31A3F2B04D8012384F8A03002B070BD57
:1057D00094F89E30002BF9D0084B402200933046BD
:1057E0000123019404F14C01FFF71CFDEEE700BF1B
:1057F0008E560208403E0208200F00207157010813
:1058000073B506460D4601462C480BF07EFD044656
:1058100028B9304602B0BDE87040FFF771BE691E7E
:10582000A0F1A406052922D8DFE801F028210323EE
:105830002E3703685D680321214A22480BF0EDFBF7
:1058400014F8061C99B9012304F8063C2B6A324669
:10585000187BFFF78DFF14F85C2C42B92B6A1146B8
:10586000187D194B019600930223FFF7DBFC02B071
:1058700070BD0321154A13480BF0CFFB304602B030
:10588000BDE87040FFF71EBE0321114A0D480BF022
:10589000C4FB012304F8053CE9E703210D4A09484C
:1058A0000BF0BBFB14F8053C002BE0D003210A4AA7
:1058B00004480BF0B2FB0023ECE700BF701E002091
:1058C000AF560208403E020871540108C156020852
:1058D000D5560208E6560208F556020813B500240C
:1058E0004FF0FF334FF4806205490648009408F0FA
:1058F000F7FB054903480DF0AAFD204602B010BD94
:10590000882A0020200F0020315702082DE9F04797
:1059100005460123084698B005F500710593FEF78A
:1059200045FB0446B8B9D5F800020BF043FC06AAC3
:10593000804605A9D5F80002FEF75EFBD5F80062A7
:10594000074660B110F10C0F09D030460BF0F0FBA8
:10595000C5F800423C46204618B0BDE8F087059BDC
:10596000012B08D030460BF0E3FB00236FF001045D
:10597000C5F80032EFE7B46814F0030401D000F07A
:10598000EBFF30460BF018FC4FF0013303FB00F93E
:10599000D6F808A0A24518DDAAEB0407402FA8BF3F
:1059A000402721463B46304608AA0BF0C2FB031EA7
:1059B00006DB002308AABF08BB421BD14034E9E73D
:1059C0000121184A18480BF031FB0022D5F80012CB
:1059D00002928A68079B05F50170D21A01924A6803
:1059E0004146134400932A464FF40073FEF788FBA8
:1059F0000446B0E752F8041B894501D10133DBE7C7
:105A00000021079AD5F800020BF0BDFB04460028E0
:105A1000DBD0D5F800020BF08BFB0023C5F8003279
:105A200099E700BF3A570208903D020808B50448BC
:105A30000BF03DF803480BF03AF8002008BD00BF1A
:105A400072570208A757020808B50348034A002105
:105A5000121A0BF0F1FD08BD600A00208822002018
:105A6000074808B5074A0849121A0BF0E7FDBDE8D8
:105A700008400648064A0749121A0BF0DFBD00BF6E
:105A8000C00400205C0A0020DC7E0208B80400206C
:105A9000C0040020D47E02082DE9F04706460C46DB
:105AA00000AF002936D0D1E90012E9468AB06D4630
:105AB000A3684FF0050AE8461F48CDE90723CDE962
:105AC000050148F810AF002342464FF421511B480E
:105AD000FDF7D4FED4E90312CD466369AD461848FC
:105AE000C5E90723C5E90501C5F810A00023424612
:105AF0004FF421511148FDF7C1FECD46E369012164
:105B0000104A0E480BF092FAA36901210E4A0B4885
:105B10000BF08CFA012E07D1EFF305830B4A3146C7
:105B20000648103B0BF082FA2146304606F0D0FDC5
:105B3000BD46BDE8F08700BFD4570208F83D020813
:105B40000358020832580208415802086F580208E8
:105B500030BFFFF7FDBF00BF2DE9F04105460B4EFA
:105B6000DFF82C80324606EB0807CC1B204609499B
:105B70000DF055FDA01942460021083C0DF075FDC1
:105B80002C6707F10800BDE8F08100BF00000000AD
:105B900008000000803E020810B5244C2449254826
:105BA0000BF059FDA36A99013ED5224822490BF01A
:105BB00052FD1E20A36ADA0104D51E481F490BF0CE
:105BC0004AFD1F20194CA36ADB0204D519481C4961
:105BD0000BF041FD0220A36A1C0304D515481949A6
:105BE0000BF039FD2120114CA36A590304D511484B
:105BF00015490BF030FD2220A36A9A0304D50D4805
:105C000012490BF028FD2320084CA36ADB0304D5BE
:105C100008480F490BF01FFD2420A36A6FEA0343D5
:105C20006FEA1343A36210BD1D20C3E700ED00E03F
:105C300082580208F83D02089A580208AD58020836
:105C4000C7580208F15802080F59020834590208CF
:105C50004E59020870B506460D46334C3349344858
:105C60000BF0F9FCA36AD9064DD5314831490BF048
:105C7000F2FC1120A36A1A0704D52D482E490BF017
:105C8000EAFC1220284CA36A9B0712D52B4928480E
:105C90000BF0E1FC636BA26A110609D50121284AC9
:105CA00023480BF0C3F91EB1A36A23F08003A3625B
:105CB00013201D4CA36ADA0704D51D4821490BF0B7
:105CC000CAFC1420A36A9B0604D519481E490BF090
:105CD000C2FC1520144B9A6AD60602D49A6A94071D
:105CE00013D59B6AD90610D5184940F22D13184ACE
:105CF00018480AF0F2FE18480AF0EFFE40F22D11A3
:105D000013480AF0E1FE1020B4E7074B9A6A9206A6
:105D100042BF5A6A22F400525A629A6A42F0FF0263
:105D20009A6200232B7070BD00ED00E079590208E3
:105D3000F83D02088F590208C2590208D5590208D5
:105D4000ED590208035A0208225A0208835A02082F
:105D5000515A020898440208CD5A020870B5064606
:105D60000D46284C284929480BF075FCA36AD90434
:105D70003CD5264826490BF06EFC1720A36A1A056D
:105D800004D5224823490BF066FC18201D4CA36A59
:105D90009B0512D51D4820490BF05DFCA36BA26A40
:105DA000100409D501211D4A18480BF03FF91EB116
:105DB000A36A23F40043A3621920124CA36A590575
:105DC00004D5124816490BF046FC1A20A36ADA05DE
:105DD0000ED50E4813490BF03EFC1B20094A936A6E
:105DE00043F47F43936200232B7070BD1620C5E7F8
:105DF000A36A9B04F2D505480B490BF02CFC1C2030
:105E0000ECE700BF00ED00E0315B0208F83D02085E
:105E1000475B0208C2590208585B0208715B02081E
:105E2000865B0208A15B0208225A0208F0B58BB01B
:105E30007A4B04465868002500AFC0F3080385F389
:105E40001188BFF36F8F02F07F46B6F17F4F07D105
:105E500002F00C06082E12D1714972480BF0FBFBC0
:105E6000714940F21B43714A71480AF036FE71488D
:105E70000AF033FE40F21B416C480AF025FE16077B
:105E80004CBF0C460125002CEAD00022FA71DA1E24
:105E9000092A00F2A280DFE802F005989B7BA0A00F
:105EA000A0A0A09E64495F480BF0D5FB00235B4E89
:105EB000FB71F36A9A0705D560495A480BF0CBFB92
:105EC00000232DE0F36A002B01DA5D49F5E7F36A60
:105ED0005B006DD55B4953480BF0BDFB7369A2694C
:105EE00043F480737361BFF34F8FBFF36F8F32F84A
:105EF000023C726922F480727261BFF34F8FBFF36C
:105F00006F8F03F47F42B2F55F4F2AD1DBB2022BD1
:105F100027D1236801214C4A42480BF087F82368B7
:105F2000FA79DAB907F1080604F1200C3246206844
:105F30006168083403C264451646F7D17A6A002DB9
:105F400068D0C2F3080121B96FEA52226FEA4222F7
:105F50007A62184607F10801FFF79EFD2C37BD460F
:105F6000F0BD2E4B9A6AD2B22AB10120F91DFFF77B
:105F700071FE0346D4E79A6A12F47F4F04D00120E1
:105F8000F91DFFF7EBFEF4E79B6AB3F5803F02D300
:105F9000FFF702FEEDE72D4940F2ED23234A2448A6
:105FA0000AF09BFD2A480AF098FD40F2ED2163E7D4
:105FB00026494FF43C731D4A1D480AF08EFD2548C2
:105FC0000AF08BFD4FF43C7156E70020F91DCEE737
:105FD0000020F91DD5E720496FE7204A6E4610F4EE
:105FE000F87F8AB01E4918BF11466A46103B0793D6
:105FF0004FF400731B48ADF820301B4BCDE9050171
:1060000042F8103F00234FF411510648FDF736FCCB
:10601000B54655E76FF308029AE700BF00ED00E0D0
:10602000E75B0208F83D0208125C0208515A0208B8
:1060300098440208255C0208635C02087A5C020846
:106040009B5C0208A95C0208C85C02087C7002081C
:10605000E45C0208085D0208385D0208CE5B0208B5
:10606000B95B02085C5D020804000001064B5A6936
:1060700042F010025A615A6942F480625A615A69C8
:1060800022F008025A61704700ED00E0EFF308804B
:10609000EFF3098101B57246FFF7C8FE01BD00BFED
:1060A000002080F31488BFF36F8F002080F30A88EC
:1060B00080F30B880E4880F3088800200D490860A3
:1060C000BFF34F8F00F03EF8102080F311880A488C
:1060D0004FF40061401880F30988EFF31480022127
:1060E000084380F31488BFF36F8F00F0C5F80000F9
:1060F000C853002094ED00E0883A0020BFF34F8F92
:106100000549064BCA6802F4E0621343CB60BFF353
:106110004F8F00BFFDE700BF00ED00E00400FA056F
:10612000002318460649D1F89020C2F30722934273
:1061300000DB7047C1F89830C1F8A0000133F6E7E2
:1061400000ED00E010B572B6002484F31388FFF769
:10615000E7FF23464FF0FF300C4A03F120010133E3
:10616000102B42F82100F8D100234FF0FF30074AEE
:1061700003F160010133102B42F82100F8D162B61F
:10618000BFF34F8FBFF36F8F10BD00BF00E100E082
:106190001EF0040F0CBFEFF30880EFF30980816954
:1061A00011F8021C0229FFD001B572460BF048FA23
:1061B00001BD00BF00B2002807DB01234109034AEB
:1061C00000F01F00834042F82130704700E100E0FA
:1061D00000B200280CDB01220649430900F01F0031
:1061E0008240203341F82320BFF34F8FBFF36F8FDE
:1061F000704700BF00E100E038B54B1C0F2B044690
:106200000D460FD96B23104A104911480AF065FC5E
:10621000294610480F2322460AF05FFC6B210A48EA
:106220000AF052FC00B20028ACBF00F160400A4AFC
:106230004FEA0313DBB2ABBF00F5614000F00F0083
:1062400080F80033135438BD6F5D0208A65D020864
:1062500098440208C15D020814ED00E0044B054AB1
:1062600023F07F039360BFF34F8FBFF36F8F7047AF
:106270000004010800ED00E008B5FFF7EFFF074A52
:10628000D2F8883023F47003C2F88830FFF7DCFBC3
:10629000FFF7E6FB00F09CF806F076FB00ED00E06F
:1062A00042F8203C009B0B4942F81C3C019B21F02A
:1062B000010142F8183C029B42F8081C42F8143CC9
:1062C0004FF0807342F8043C0023203A0265436794
:1062D000704700BFAD27010800B50D4B154698600B
:1062E000026F0C4B0E461A60036E83F30B882C462C
:1062F00086F309880020044B98472046002100229D
:106300000023024C2047000075160208AD27010843
:10631000F4210020781E00201022014B1A617047E2
:1063200000ED00E0054B5A699B689A421FBF044A82
:10633000536843F080535360704700BFF42100203E
:1063400000ED00E0084B9B6883420BD1EFF305831F
:1063500043B1064B5A6842F080525A605A6A22F49E
:1063600000425A6208F0A2BFF421002000ED00E0D4
:1063700014498A684FF030001044EFF3098C80E82C
:10638000F01F102080F31288BFF36F8F0E4F4FF075
:1063900000664A698A603E60106F0C4C2060506F46
:1063A0000023536780F3118802F1300090E8F01F5A
:1063B0008CF3098802F1000004B50BF054F9BDE834
:1063C00004407047F421002004ED00E0781E002016
:1063D000002310210348C21801334B2B82F800130D
:1063E000F9D1704700E100E008B5EFF30583064AF4
:1063F000103B02EBC30152F8330049688847BDE8FF
:106400000840FFF78FBF00BF3C3A02080148006810
:1064100070470000781E00201FB50121094B0A4A71
:106420000A4800F00FF90023064A0393084B0121A4
:10643000019301A8D31A029300F028F905B05DF882
:1064400004FB00BF000004200000002014410208EB
:10645000600A00200A7A0B6810B562F304031C4638
:10646000CB68520923F01F0343EA4203044A43F076
:106470000103C2F89800C2F89C40C2F8A03010BDD9
:1064800000ED00E010B50A4BD3F89030C3F30723BA
:10649000013B984208D901210346064A06480AF002
:1064A000C5FD6FF0150010BDFFF7D4FFFBE700BF7F
:1064B00000ED00E0055E0208E03D02082DE9F04F26
:1064C0008946144606464FF000084F4D85B0C84532
:1064D00027DAD6F804A0BAF1000F44D0BAF11F0FA2
:1064E00017D91AF01F0F14D1D6F800B01BF01F0FE8
:1064F0000FD158460BF0D2F807460AEB0B000138D3
:106500000BF0CCF8874210D06FF015073F4A3B469E
:1065100001E043463E4A01213E480AF087FD6FF004
:106520001504204605B0BDE8F08F17F1160FEDD029
:10653000BC42EBDDC5F89870D5F89C10C5F8987092
:10654000D5F8A03021F01F0143F01F0BD6E900322F
:106550001A44994202F1FF3A1AD1D34507D1314684
:10656000F8B20BF0A4F808F101080C36AFE7314699
:10657000C5F89870D5F89C30E0B263F30402C5F812
:106580009C200BF094F810F1160FC8D0441CEAE7D9
:10659000C5F89870D5F8A020013B23F01F0302F046
:1065A0001F021343D3453146E0B2C5F8A030E8D00E
:1065B0000BF07DF810F1160FB1D0C5F89870D5F832
:1065C0009C209DF808300BF1FF3B62F304038DF82B
:1065D0000830D5F8A0309DF808205B0863F3471217
:1065E0008DF80820D6E900321344009323F01F03EE
:1065F0005B44A3EB0A03013023F01F036946C0B2DA
:106600000393FFF73FFFBEE700ED00E0515E020895
:106610002B5E0208E03D02080522044BC3F89420DB
:10662000BFF34F8FBFF36F8F704700BF00ED00E0E7
:10663000BFF35F8F0022024BC3F89420704700BF66
:1066400000ED00E038B50C4D0C462A78FFF736FF18
:10665000287016300FD140F28913084A08490948BA
:106660000AF03BFA214608480AF037FA40F289114D
:1066700002480AF029FA38BD83220020745E02081D
:106680007C70020898440208A35E02082DE9F74FC7
:10669000314D894606464FF00008AB462F4FC8459E
:1066A00002DB03B0BDE8F08FD6F804A0BAF1000F0A
:1066B0004CD03168084601910AF0F0FF0199044678
:1066C0000AEB010001380AF0E9FF84424FF014029E
:1066D000234B15D002FB08F36FF015024BF8032093
:1066E00040F299131F4A204920480AF0F6F949461A
:1066F0001F480AF0F2F940F299111A480AF0E4F939
:1067000014F1160F2C60EBD01978A142E8DD02FBE2
:1067100008B0C7F89840C7F89840D7F89C4000F1F7
:106720000801007B64F304000871D7F8A0000C791D
:10673000400860F347140C71D7F89C1021F01F013A
:106740006960D7F8A01021F01F01296108F1010844
:1067500014350C36A3E700BF7C1E002000ED00E0DE
:1067600083220020745E02087C70020898440208AC
:10677000CF5E02082DE9F0416B4D6C4ED5F890309C
:106780003468C3F307239C4286B013D940F2022336
:10679000674A684968480AF0A0F9D5F89020214670
:1067A0006648C2F307220AF098F940F202216048D5
:1067B0000AF08AF90020FFF73BFF614BC5F8C030B3
:1067C00084421BD15F4D01A82C70FDF7E9FB002628
:1067D00007464FF061085C4CB74216D100202B7879
:1067E0005149D1F89020C2F307229342C0F295801C
:1067F0000020FFF711FF06B0BDE8F081716801EBE2
:106800000011FFF727FE0130DAE7019A300102EBB1
:106810000613D3F80CC00CEA0401B1F1807F57D005
:106820000AD8B1F5001F29D0B1F5800F43D0B1F5DA
:10683000801F14D00136CFE7B1F1006F48D0B1F11D
:10684000805FF7D159689B681258013B21F01F0007
:106850000344CDE9021223F01F0301220BE0596823
:1068600012589B68CDE902122122013B21F01F0042
:10687000034423F01F038DF8102036E059681258A6
:106880009B68CDE902124122013B21F01F00034425
:1068900023F01F031CF0010F8DF81020059325D065
:1068A0002A498423224A24480AF017F928480AF082
:1068B00014F984217BE759689B681258013B21F049
:1068C0001F000344CDE9021223F01F030222D2E786
:1068D000596812589B6821F01F00013BCDE9021254
:1068E000034423F01F038DF810800593287802A934
:1068F000FFF7C8FD00280CDA0E4940F235230C4A98
:106900000D480AF0EAF813480AF0E7F840F235219A
:106910004DE72B7801332B708CE7C1F89830C1F824
:10692000A00001335DE700BF00ED00E02041020858
:10693000745E02087C70020898440208FE5E020839
:10694000AAFF4400832200200000F0FF325F02080B
:10695000585F0208875F020808B5054905481B23F0
:10696000054A0AF0BAF81B2103480AF0ADF800BF47
:106970007C70020898440208C05F0208F0B587B036
:1069800007460E4614460021102268461D460CF0AC
:106990006CFE02238DF80230054B2A4621466846DC
:1069A000CDE90476019309F0B5FC07B0F0BD00BF56
:1069B000E116020808B50649064821F00701C1F1B1
:1069C000005202F58022FBF757FA002008BD00BFF5
:1069D00037830020901E002070B541690446867AF6
:1069E0000A4D59B1437ADB0706D42C2303FB065327
:1069F0005B6A1B689B689847002363612C202146D3
:106A000000FB0650BDE870400CF0E3BCD408002049
:106A10002C21827A054B01FB02339A6A1B7F801A74
:106A20001B3323F00303B0FBF3F07047D4080020BE
:106A300038B52C24827A064B04FB02335B6AD3E917
:106A400001240C601568FFF7E3FF04FB005038BD1C
:106A5000D408002008B543684BB1074907485A23BA
:106A6000074A0AF03AF85A2105480AF02DF803823D
:106A70004369C36008BD00BF136002089844020860
:106A8000EE5F02082DE9FF470546684617461C469B
:106A900003910CF06AFDDDE9008955B95C4940F2CB
:106AA00001135C4A5C480AF018F840F20111594899
:106AB00018E005F11406EFF3118A102383F312880E
:106AC000BFF36F8F304608F069FE68B98423534ADC
:106AD000534951480AF001F83146524809F0FDFF88
:106AE00084214E4809F0F0FF304608F07BFE6B8BA6
:106AF000002B5AD02A8B9A4239D9002200232846EB
:106B000006F070FE0446002831D0304608F054FEEE
:106B100068B94FF49973414A43493F4809F0DDFF92
:106B20003146424809F0D9FF4FF49971D9E78AF309
:106B30001188BFF36F8F039D002D59D042464B46FD
:106B400068460CF037FD2C21A27A394B204601FB18
:106B500002335B6A03A91B681E68DDE90023B047A6
:106B60006061002837D12046FFF736FF2EE06C8B9E
:106B70003046631E6B8308F01FFE0028C9D08AF3DD
:106B80001188BFF36F8F2B7F2A8B1B33121BAC6ACC
:106B900023F0030302FB0344254B264AEB1A9B1008
:106BA0005343A3722B7FE372C5E7304608F004FE1F
:106BB0000028AED08AF31188BFF36F8F23463A4680
:106BC000284606F00FFE04460028B4D100242046D3
:106BD00004B0BDE8F087039B9D420BD916494FF4E2
:106BE000AB730C4A0C4809F078FF4FF4AB715EE7C9
:106BF0002B46656100210122616022816382E27A75
:106C000004F118000CF031FD2046FFF723FFDEE70A
:106C10002D600208EE5F020898440208D64B020875
:106C2000034C0208184C02082E4C0208454C02087E
:106C3000D4080020A38B2EBA32600208F8B50546AE
:106C400098B12C27184E2C46237A6D68CBB940F2A8
:106C5000C113164A1649174809F03FFF2146164846
:106C600009F03BFF40F2C11108E0144940F2BB13A8
:106C70000E4A104809F031FF40F2BB110B4809F0F1
:106C800023FF013BDBB2237253B9E3606360A37A55
:106C9000204607FB03631B6A1BB19847002DD2D126
:106CA000F8BDFFF799FEF9E7D4080020EE5F02086F
:106CB0004860020898440208516002086A600208AD
:106CC00008B5828803468A420BD20949094840F236
:106CD000C313094A09F001FF40F2C311064809F045
:106CE000F3FE521A828000680844186008BD00BF95
:106CF000A9600208984402086E60020838B50D4C7D
:106D00000D4DAC4212D90D49F9230D4A0D4809F039
:106D1000E4FE0D4809F0E1FEF921094809F0D4FE2E
:106D200054F8043B002BECD09847EAE7F8D3002056
:106D300038BD00BF783E0208803E0208FE600208AF
:106D4000C860020898440208244E0208084B024614
:106D5000186808B1036800B9704741899142FBD0B7
:106D60001BB1196818460B46F5E71946FAE700BF4C
:106D70009C1E0020094B0246186868B1036800B9E0
:106D800070474189914206D01BB1196818460B46DD
:106D9000F5E71946FAE7C068704700BF9C1E00205F
:106DA00000230360044B5A6812B9C3E9000070471E
:106DB00010605860704700BF9C1E002000232DE922
:106DC000F04F05460E4691B0CDE90C3301F10C03AE
:106DD0000B93348A64B9A346304629680AF0DDFD76
:106DE000204629680AF0D9FD584611B0BDE8F08F59
:106DF000072C40F23881F3680CAA1868596803C25E
:106E00009A88082109929A790B980A92DA795B8814
:106E100005925BBA9BB20793099B5BBA9BB208933E
:106E2000FFF74EFF338A079A9342C0F020819DF806
:106E3000303013F00507069340F01C813046296876
:106E40000AF097FD0446002800F0178101226868C7
:106E5000042140F8046B338ACDE901770092F2688F
:106E60000BF0A9FE2146A8680AF05EFC9DF8309060
:106E7000D5F808A0C9F3C109B9F1010FCAF84C70DF
:106E800000F2EB800898FFF761FF002800F0D48043
:106E900005990AF039FC002800F0CE809DF830708A
:106EA00017F0070752D0022F6BD04FF0030B21468B
:106EB000A8680AF039FCD5F80880022108F1040717
:106EC00038460BF047FF002840F0B9804FF000092A
:106ED000022138460BF046FF10EA090F3FF47CAF61
:106EE000D8E90031DA680027891A9DF83020198224
:106EF00012F0070FC2F3C10214BF4FF0030E4FF0A0
:106F0000010E012A28BF01224EEAC20E089AA1F101
:106F1000080052BAA968ADF83C200A9A09688DF8B1
:106F20003E20059ACB6840BAADF838708DF83F2006
:106F30008DF838E0ADF83A000EAA03CA186059601F
:106F40002A682046526A90473C4645E7D0F80080C0
:106F5000B8F1000F70D0A8680F2104300BF0FAFED2
:106F600060B12846C0478346A8680F2104300BF063
:106F7000F9FE804640B9BBF1000F98D14FF0070BE6
:106F800095E7D0F80480E3E7BBF1000F8FD1BAF8A2
:106F90004EB0BBF1000F19D0069B13F0180F15D19E
:106FA000BAF84C00FFF7E6FE0346002858D05846D2
:106FB00098478346002834D0B8F1000F3FF40CAF57
:106FC000002C7FF474AF3446002670E7DAE9001332
:106FD000C868002FA3EB00030B8214BF032101211B
:106FE0000022DAF8003069F3C4011B8AADF83820BA
:106FF000083B8DF83810C3F3072141EA0323ADF8AD
:107000003A30099BAA68ADF83C300A9B12688DF8AB
:107010003E30059BD2688DF83F300EAB03CB10603D
:1070200051602B6820465B6A9847834640BB0799AE
:107030000B98FFF745FECCE64FF0080B37E702222E
:10704000384610490BF06BFE00283FF43FAF59461D
:1070500038460BF048FE81463AE74FF00D0B26E725
:107060004FF0010B23E74FF0090B0024B4E64FF07B
:10707000090BA8E74FF0080BA5E74FF0020BA2E7BA
:10708000002499E72261020870B504460E461546B1
:107090008AB3A0F84810A0F84A20184903220BF040
:1070A0003EFE18B9002000F0010070BD022120460C
:1070B0000BF050FE0028F5D00522204610490BF0B9
:1070C0002EFE0028EED0314620460BF016FE00289A
:1070D000E8D0022220460B490BF021FE0028E1D027
:1070E000294620460BF009FE0028DBD0022120466D
:1070F0000BF038FED7E70120D7E700BFEB4F0208BF
:1071000025610208226102082DE9F04184680646E3
:1071100014F0030490B001D0FFF71EFC0AF04CF805
:107120004FF0013303FB00F7D6F80880A04501DCDF
:10713000012019E0A8EB0405402DA8BF40256A46B0
:107140002B462146304609F0F4FF031E06DB6A4653
:107150000023AD10AB420AD14034E7E708480121D3
:10716000084A09F063FF0B2010B0BDE8F08152F827
:10717000041BB94201D10133ECE70020F4E700BF62
:10718000C83D02083A5702081FB50AF03CFB03A9A4
:107190000446C0B2FCF70AFF00280ADA01212346A0
:1071A0000090114A114809F04BFF0A24204604B010
:1071B00010BD0398FFF7A8FF014688B903988268BD
:1071C00009F0E1FF034620B90024039809F0B0FF5D
:1071D000ECE70121064A054809F028FF0D24F4E7F1
:1071E0000128F1D00B24F0E72B610208C83D02080A
:1071F0004F610208F0B585B00AF005FB0D46044664
:1072000003A9C0B216461F46FCF7D0FE50B10121BB
:10721000234600900D4A0E4809F012FF0A2420462A
:1072200005B0F0BD3B4632462946039809F081FF80
:107230000446039809F07CFF002CF0D0012123467E
:10724000044A034809F0F2FE0B24E8E72B61020828
:10725000C83D02086E61020870B50C4615461E4610
:1072600048B133462A46214607480AF0BFF90028AC
:1072700018BF0C2070BD054B03481978FEF746FB7C
:107280000028EED00A20F5E7A41E0020D020002020
:10729000F0B50D4687B000286CD1374F02A9387879
:1072A000FCF784FE034640B10121344A344809F01A
:1072B000BDFE0A24204607B0F0BD029809F07AFF0F
:1072C0000646002854D0029B5C68013C2C442146B1
:1072D00003AA0AF0CDFD50B101212346294A2848CE
:1072E00009F0A4FE1324029809F022FFE2E7049BB0
:1072F000DDE902451D4463683878ED1A00F05AFF55
:107300002A460146204609F03EFF044640B12B467E
:107310001D4A009001211A4809F092FE0D24E2E76F
:1073200003212B46194A164809F080FE029B9868F3
:107330000AF001FC8542D6D8029B5968014403AA91
:1073400030460AF095FD0298039943688568C91A8A
:107350006D1A2A4609F017FF18B10D4A2B46009006
:10736000D8E703212B460B4A054809F05FFEBAE730
:107370001224B8E714249DE7D02000209161020870
:10738000C83D0208B7610208CA610208FA61020832
:107390001B6202085362020870B50C4605461822AB
:1073A0000021204686B00CF060F96B68581C00F094
:1073B0009580002B40F081802A691F2A73D9AA6822
:1073C000511C72D0C4E90023EE68454B32689A42E2
:1073D0006DD1AA69202A6CD85AB14248036801339A
:1073E00007D0037B9A4204D169690D300CF049F94A
:1073F000E8B100200AF049FA20B101200AF045FA6C
:1074000088B901200AF0FFF902A9E060C0B2FCF7D8
:10741000CDFD70B1E36801210090334A334809F093
:107420000FFE0A2003E04FF0FF330920E36006B0AF
:1074300070BD0298AA6883689A4203D909F078FE61
:107440001E20F4E709F074FE2B7F73B9267B03A995
:107450003046FCF7ABFDA8B1012133460090224A2B
:10746000224809F0EDFD0A2613E004A80AF04DFABF
:1074700008BB06F1140104A80AF0CDF90130E5D0EB
:107480001B20D4E70398FFF73FFE0646039809F058
:107490004FFEB6FA86F0400960742B69A3600123A1
:1074A00023740020C3E71620C1E71520BFE717208B
:1074B000BDE71820BBE71A20B9E70A4A13689168AC
:1074C000E3600023216063606B6852689342E8D1F7
:1074D0002A6913449942E0D21F20A8E71420A6E7A6
:1074E0003DB8F396D02000202B610208C83D020869
:1074F0007FB50AF088F90E46054603A9C0B2FCF72D
:1075000055FD044650B1012100902B46074A08481A
:1075100009F096FD0A24204604B070BD039809F0D6
:107520004BFE3070039809F003FEF4E72B6102086C
:10753000C83D020808B506497923064A064809F0FD
:10754000CCFA064809F0C9FA7921024809F0BCFAD8
:10755000E06202087C62020898440208FD620208A8
:1075600008B506496A23064A064809F0B6FA0648ED
:1075700009F0B3FA6A21024809F0A6FAE0620208AB
:107580007C62020898440208FD620208F0B52023DC
:107590000F4695B00293044615466B460CAA384632
:1075A00003A9019200F072FA0646002840F091808B
:1075B00004340F2120460BF0CDFB10B9002015B08C
:1075C000F0BD0422204644490BF0A9FB0028F5D069
:1075D000204607F001010BF090FB0028EED00722B7
:1075E00020463E490BF09BFB0028E7D005A903A8E5
:1075F00000F0F2F9002864DA0522204638490BF041
:107600008EFB0028DAD00422204636490BF087FB97
:107610000028D3D0204601A90BF07BFB0028CDD059
:107620000822204630490BF07AFB0028C6D09DF88E
:1076300000102046C1F3001181F0010101F00101A9
:107640000BF0A4FB0028B9D00722204627490BF0F5
:1076500066FB0028B2D02046C5F340010BF096FB34
:107660000028ABD00922204621490BF058FB002806
:10767000A4D02046C5F380010BF088FB00289DD0E4
:10768000062220461B490BF04AFB002896D02046D4
:1076900005F001010BF07AFB00288FD0092220466B
:1076A00015490BF03CFB002888D02046C5F3C001EB
:1076B0000BF06CFB002881D00F2120460BF052FB11
:1076C0007DE71922204605A98DF82C600BF030FBD0
:1076D00097E7012073E700BF1662020816630208ED
:1076E0001E63020824630208296302083263020849
:1076F0003A630208446302084B6302082DE9F34130
:107700008668074604360622304634490BF007FBEC
:1077100038B90AF0D8F80AF0D7F8072002B0BDE867
:10772000F081022130460BF011FB04460AF0CBF841
:10773000002CF0D000240DF1070120468DF8074001
:107740000AF080F8804620460AF0BFF80128054676
:1077500041D89DF8073080F00101022B2BD18045E4
:107760004FF0010801D01E4AD4568D42B86829DB7B
:107770002246FFF70BFF0028CDD042462946B868C5
:10778000FFF704FF0028C6D0022130460BF0E6FACE
:107790000028C0D00B22304612490BF0C0FA002856
:1077A000B9D0002130460BF09EFA0028B3D00AF081
:1077B0008BF80020B2E780454FF00508D5D0022BAA
:1077C000D3D8D0E742460021FFF7E0FE0028A2D040
:1077D00022460121D3E7FFF7ADFE00BF5563020843
:1077E0002D7E02085C6302082DE9F047012882B073
:1077F0000646884600AF01D9FFF7B2FE00200AF026
:1078000064F881460020F91CF8700AF01BF8054660
:10781000B8F1000F15D00AF05AF870B9FC78012CB5
:1078200013D1B8F1000F1CD1B54214BF1C240024A1
:1078300020460837BD46BDE8F087B145EED120248B
:10784000F6E7B145EAD12124F2E77CB9B8F1000F9F
:1078500003D0B542ECD0B14506E0B14503D14D456A
:107860000BD01C24E4E7B54207D1FAE7022C04D17F
:10787000B8F1000FF5D0B54232D0304609F0C3FF61
:10788000391DC0B2FCF792FB824638BBA9EB060358
:1078900059424246786859410AF02BFE0446C8B165
:1078A0006D468AB06A460F4BCDE90769CDE90530D0
:1078B0000623CDF8248042F8103F4FF4415153463F
:1078C0000948FBF7DBFF013C032CAD468EBF0124CA
:1078D000064B1C57786809F02BFCA9E70A24A7E798
:1078E0000024A5E768630208C83D0208307E02084C
:1078F000F0B5354997B00C9104210D91334902AA96
:10790000CDE90E12324A0023119207221292314A17
:10791000CDE9023313920DF103028DF80330019388
:107920008DF8403014928DF854300646D0E90104A9
:10793000022201AB0CA9043009F00FFF0546002814
:107940003FD109F0C0FF039B04346BB99DF80330AD
:1079500063B109F0BCFF09F0B8FF9DF80310FFF711
:1079600043FF10B382B202E0202B0AD01822204637
:107970000121FFF789FB044609F0A6FFF4B90725AA
:107980001CE0029B04AA03F1200C174618685968F2
:10799000083303C763453A46F7D1002104A809F02C
:1079A00098FF0028D9DA0822E1E73046FFF7A6FE63
:1079B00010B109F089FFE2E709F086FF284617B009
:1079C000F0BD0325FAE700BF246302086529020819
:1079D000BB630208352A020873B50E464388054684
:1079E000019343781921009303780B4A304608F03D
:1079F000F3FB041E03DA4FF0FF3002B070BD6B687A
:107A00003BB1064AC4F11901301908F0E5FB031E29
:107A1000F1DBE018F1E700BFC3630208CF6302089F
:107A2000033880B219289ABF014B185601207047BD
:107A3000347E02082C2208B5002104480BF015FE04
:107A40004FF0FF33014A42F8043C08BDD420002027
:107A50000148FFF7A5B900BFD806002010B5041DE6
:107A60000322204607490BF05AF908B9072010BD38
:107A7000054B204659680BF04AF90028F6D0002043
:107A8000F5E700BFD3630208D02000202DE9F043C2
:107A90008BB00C460DF10301054616461F46FFF755
:107AA00027FD002840F09180284609F0ACFEC0B2C6
:107AB00000F080FB2023014602AA2846FFF79AFB2C
:107AC000002852D19DF8038024B108224146204667
:107AD0000BF0CBFD0298404B98423ED11CB107AB56
:107AE00003CB206061600FB1069B3B60059BBDF836
:107AF000104028461C4409F086FEC0B200F05AFB34
:107B000004230444214628460DEB0302FFF772FBD1
:107B100040B946F60813BDF804209A4204BFBDF8E8
:107B20000630E4180423214628460DEB0302FFF734
:107B300061FB0746E0B946F60713BDF804209A42F8
:107B400016D1BDF806800434A04404F10409C145EF
:107B500010D987F00107F80007E04FF0013303FB6D
:107B600008F8404514BF172003200BB0BDE8F08390
:107B70000420FAE70423214628460DEB0302FFF711
:107B800039FB0028F1D1BDF80420BDF80630FF2AEA
:107B900005D14FF6FF72934205D10520E5E7102A83
:107BA00001D1202B02D004331C44CEE77FB924340A
:107BB0000EB90127C9E744450BD832464946284645
:107BC000FFF718FB0028F4D0CFE70220CDE706200E
:107BD000CBE70720C9E700BF3DB8F39670B51C4A54
:107BE0008AB005920422D0E90105002301260692FD
:107BF000184ACDE90163079201AA08928DF8243052
:107C0000324602AB05A9043009F0A7FD0446E8B9E5
:107C10000346024603A901980435FFF737FF58B918
:107C2000019809F032FE38B1092201212846FFF7F8
:107C30002BFA20460AB070BD0198FFF7A5FA064658
:107C4000FFF7F8FE002EF4D0B2B2EEE70324F0E71F
:107C5000166202085B2902082DE9F04F0024D0E9E2
:107C6000016AB7B008AF2022214680463846019409
:107C70000BF0FBFC4FF0FF33CDE909336A4B0325D2
:107C8000189305231993694B0BAACDE91A37684B52
:107C900020921D9304231E93664B674A1F932E93D5
:107CA0000DAB2F93654B229231930723644A0AA9A7
:107CB00024922992329309AA624B25912A92624911
:107CC000624A043633930FAB3046CDE92715CDE930
:107CD0002C253493062201AB18A98DF870408DF83D
:107CE000844023958DF898408DF8AC408DF8C040C5
:107CF0008DF8D44009F031FD0646002840F092800E
:107D0000384602A9FFF748FB0AF1040A044610B3FB
:107D1000012103464E4A4F4809F088F90121504697
:107D2000A2B2FFF7B1F9354681464B4BD3E90123A7
:107D30009A4201D0002C6ED000230120194610AACF
:107D4000FFF7A4FE002C66D0FFF774FEB9F1000F18
:107D500008BF072609E09DF81890B9F1000F08D177
:107D6000D8F80800FFF77AFE0646304637B0BDE87F
:107D7000F08F394F059B099D3B60029BBB601DBB8B
:107D8000DDF838B00D995A46786007F10D0087F894
:107D90000CB00BF044FC0BF10D002146CBF120029E
:107DA00038440BF062FC9DF819306BB120460A99FB
:107DB000FFF76EFA834638B182B201215046FFF7D1
:107DC00063F95C468146B0E70C9D002DADD07B6821
:107DD0000B991D44BB680998EA1A53425341049A0F
:107DE000FFF73AFA044640B97B68049ABD68134429
:107DF0007B60EB1A5D425D4197E701210346174A1C
:107E0000144809F013F901215046A2B2FFF73CF9DA
:107E10004D46814689E7D8F80800FFF71FFE002D80
:107E200094D091E72E46A0E7D76302085B290208A9
:107E30003C56020865290208B5600208E1630208A1
:107E400061290208352A0208D3630208DD630208AB
:107E5000E9630208C83D0208D02000200964020836
:107E60000148FEF79DBF00BFE806002008B540F6B8
:107E7000C4120023024806F053FA002008BD00BFD8
:107E800020060020F0B50023D0E901450127134A60
:107E900089B00392124A01AECDE90133CDE905263E
:107EA0008DF81C30201D6B463A4603A9049709F053
:107EB00054FC044678B904353A46284609490AF084
:107EC0002EFF20B1314628460AF026FF00B90724CC
:107ED000204609B0F0BD0324FAE700BFD7690208C5
:107EE0007D290208486E020807B5084806F0DEF84A
:107EF000074B4FF40062009306490323034806F042
:107F0000EFF8002003B05DF804FB00BFC00F0020B5
:107F1000C8410208882E002000220023014809F0F1
:107F2000E6BB00BFD408002010B5436A044663B91D
:107F30000A49AC230A4A0B4808F0CFFD0A4808F06A
:107F4000CCFDAC21064808F0BFFD084906F018F842
:107F500004F110000BF029FA002010BD8C64020817
:107F60005264020898440208B464020841190208E5
:107F700010B5044610300BF021FA2146BDE8104040
:107F800001480BF04EBA00BFC00F0020074A084B53
:107F900010B55362074B10469362FFF7C5FF0446C6
:107FA00010B9054801F098F9204610BD00210020C5
:107FB000BB190208B5190208BD7F010808B50146C2
:107FC00003480BF0FBF9BDE80840024806F068B82A
:107FD000C0080020F806002038B5002200230B4816
:107FE00005F000FC044600B938BDD4F884200848E8
:107FF000211D09F0F7FC0546204601F0D7F8002DB9
:10800000EBD029460348FFF7B3FFE6E7C00800209E
:108010003C2100200021002010B586B00346144604
:10802000009103AA052104A8FAF7B0FE48B10C4953
:10803000E5230C4A0C4808F050FDE521094808F0FA
:1080400043FD0399042907D00849E623054A064859
:1080500008F043FDE621F1E704A8A04706B010BDF3
:10806000486502080665020898440208506502083F
:108070002DE9F04F064685B00F4615460A460146E3
:10808000002009F011FD0024804640F606124FF052
:108090005D0AA14601230DF10C0BBC42ADF80A208C
:1080A00001DB00205CE0022101930DF10A00A847EA
:1080B000002855D1019B93B1BB1C5BBAADF80A30C7
:1080C000ADF80C3033782A46032103A88DF80E3022
:1080D000FFF7A2FF002843D10134AAF1030A3A1B9B
:1080E00052451346AAEB0202A8BF5346012A04D800
:1080F0004FF00009013B234413E0C8BF49F00109D8
:10810000F9E73219315B9278ABF800108BF8022056
:1081100003212A4658460193FFF77EFF00BB019BCF
:108120000334191B02292246EBDCB9F1000F0FD0F2
:108130003B1B012B17D0022B22D04BB92A46022120
:1081400098FA98F3ADF80C3003A8FFF765FF38B93B
:1081500001211748A847002341F2044200289CD07F
:1081600005B0BDE8F08FB35C03218DF80C304FEA09
:1081700018232A4601348DF80D308DF80E80E3E780
:10818000631C325DF35C8DF80C208DF80D302A46AF
:108190004FEA1823032103A802348DF80E30FFF7AD
:1081A0003BFF0028DCD12A4601218DF80C80CBE76B
:1081B000B872020830B50228044687B00CD10125F8
:1081C00002A90395FBF7F2FE50B1144A0090234632
:1081D0002946134808F034FF0024204607B030BD7C
:1081E00002F028FE042811D0204604AA03A909F0B1
:1081F0000CF8034610B110F10C0F02D1039A012ABA
:1082000009D00121074A064808F010FF002402980F
:1082100008F08EFFE1E7059CF9E700BF5D65020805
:10822000B83D02087B65020807B5084A92E80300DA
:10823000CDE9000106488268126822B1694690477C
:1082400003B05DF804FB6FF05700F9E7AC3E02089D
:1082500060380208024608B500F01F0301203F2ADB
:1082600000FA03F305D90C480C4909F066FC00201C
:1082700008BD1F2A0A4A09D8D16833EA0101F7D09C
:10828000126993430CBF01200020F1E7D16A33EA61
:108290000101EDD0126BF4E7803D0208A8650208E9
:1082A0000020024408B5012300F01F013F280246C8
:1082B00003FA01F306D90848084909F03EFC6FF0BB
:1082C000150008BD1F28064A03D8D360136100209B
:1082D000F7E7D3621363FAE7803D0208A865020856
:1082E000002002442DE9F041054600264FF0010828
:1082F0000E4F6B78F4B2A34201D8BDE8F0812B7821
:108300001C442046FFF7A6FF68B12046FFF7CAFFCE
:1083100057F834303BB107EBC40204F01F04516836
:1083200008FA04F098470136E3E700BF4421002033
:1083300008B510B1431E03420CD00E4960230E4A0B
:108340000E4808F0CAFB0E4808F0C7FB60210A4837
:1083500008F0BAFBB0FA80F0C0F11F000F2807DD6B
:1083600008496123044A054808F0B7FB6121EEE79C
:10837000C0B208BD6C6602082A660208984402086A
:10838000A1660208CA660208014B23F81010704764
:108390009607002010B50446FFF7CAFF0C4B33F9CF
:1083A0001000FF2809D10B490B48CB230B4A08F0DA
:1083B00094FBCB21094808F087FB094BD3F88020B8
:1083C0001443C3F88040BDE81040FDF7F3BE00BF82
:1083D0009607002046670208984402082A660208A9
:1083E00000200244034AD2F8803023EA0003C2F896
:1083F000803070470020024408B5174B03291ED86F
:10840000DFE801F0020B0E161A6822EA00021A6079
:108410005A6822EA00025A6008BD1A680243F6E769
:108420005A6802435A601A6822EA00021A60F3E7A7
:108430001A6802431A605A6810435860ECE707490B
:1084400007484FF48173074A08F047FB4FF48171E6
:10845000044808F039FB00BF002002447C70020889
:10846000984402082A66020838B50D461446FFF7FC
:108470005FFF0A4B53F83020AA4204D103EBC0013E
:108480004968A14205D032B943F8305003EBC0032C
:108490005C60002038BD6FF00F00FBE74421002036
:1084A00008B5FFF745FF0022034B43F8302003EBEC
:1084B000C0035A6008BD00BF44210020C300074A22
:1084C000C0F38100183052F8202003F018000F2369
:1084D0008340134023FA00F0704700BF002002449D
:1084E00020F08002072A0BDC064B10F0800FA3F56A
:1084F000907114BF18460846242303FB02007047FE
:108500000020704768140020014802F0EBBD00BF56
:108510006010002008B502460349044809F0BDFB7D
:108520006FF0150008BD00BF55670208483E0208FD
:1085300008B502460349044809F0AFFB6FF0150087
:1085400008BD00BF6E670208483E020870B58AB0D9
:10855000594C20460AF0CFFE40B95849584809F016
:10856000A1FB6FF0120420460AB070BD554AA56801
:10857000936B43F000739363AB6933B9524950482E
:1085800009F090FB6FF00404EDE7002220464F490C
:1085900098470028F2D12B680BB94D49EFE72046E8
:1085A0004C4998470028F8D1EB680BB94A49E6E7EF
:1085B0002046464909AA984706460028F6D1099A56
:1085C000464B9A4206D046493D4809F066FB6FF09B
:1085D0008504C8E7434D444B01462B6008232B71AB
:1085E0000223EB714FF40073E87209AA3F482B8114
:1085F00009F064FD041E07DB099B324619791868EF
:1086000009F06EFD041E05DA394922462C4809F0AE
:1086100044FBA8E733480AF0F3FB024620B1354992
:10862000274809F03AFBADE72E480AF06BFC0246FA
:1086300008B13149F4E72B480AF04FFC024608B173
:108640002E49EDE740230446A5F8E83285F8EC0210
:10865000A5F8083485F80C04C5F8F437284D012234
:108660002819114624340AF0BEFEB4F5907FF6D1E5
:10867000244910230222A1F50B7004F025FD0022ED
:1086800000230024CDE906236FF00D030122CDE97C
:108690000144CDE903321C491C4B4FF48062009425
:1086A0001B4805F0A7FE224621464A20FDF7A4FDFF
:1086B0004A20FDF77FFD56E7603802088067020810
:1086C000483E0208000802449F670208FC41020875
:1086D000C1670208F4410208DC670208006CDC0292
:1086E000006802086010002000600140D4410208C8
:1086F0001C6802083A6802084E68020862680208AC
:108700007C1400203418002088360020B58701082A
:1087100088150020014BC3F8E40270476010002068
:1087200013B50446014607480AF002FC40B1012196
:10873000009023460448054A08F082FC6FF00400CC
:1087400002B010BD60100020483E020877680208A1
:108750001346020613B504460BD5802800D15BB141
:1087600010482246104909F098FA6FF0150002B03F
:1087700010BD402B28BF402324F080020B489201FB
:1087800002F2D452214602440AF03FFC0028EED007
:108790000121009023460348054A08F051FC6FF080
:1087A0000400E4E7483E02086E67020860100020FB
:1087B0009D680208234B13B5A3F5B5644FF0FF3253
:1087C00001A94FF0FF331F4804F0AEFC014658B139
:1087D0001D491E4840F20D131D4A08F07EF940F273
:1087E0000D111B4808F070F99DF80500FF2807D10E
:1087F000D4F8E432002BE1D09DF804009847DDE77F
:10880000242200F07F03534302064CBF03F581632B
:1088100003F53A7323449B68002BCFD09DF80410D6
:1088200098479DF804000028C8D1B4F8A222002A75
:10883000C4D094F99C32002BC0DB0649FFF788FFB7
:10884000BCE700BF08160020F86802089844020838
:10885000C368020834160020030610B50C4600D485
:1088600021B9FFF765FE6FF0150010BD0146034802
:108870000AF0E2FB20600020F7E700BF6010002054
:1088800008B5027903784AB913F07F0005D006498C
:10889000064809F007FA4FF0FF3008BD13F07800E2
:1088A000FBD00349F4E700BF01690208483E020813
:1088B00020690208F8B5077805463846FFF710FE2C
:1088C000044670B16888638883422DD22A79224E8B
:1088D000012AD6F8F43707D103EB4001B1F5006F58
:1088E00011D36FF01500F8BD1844B0F5006FF8D241
:1088F0000022394630460AF021FC6A886280D6F8A8
:10890000F43713440EE0184403EB00433946304675
:108910000AF014FC6B885B0063806A88D6F8F43731
:1089200003EB4203C6F8F4372A796B88012A04BFA7
:108930005B009BB223802B79032BD2D8DFE803F0B6
:108940000206080A002300202371CCE70123FAE77E
:108950000223F8E70323F6E76010002037B5054649
:10896000FFF7BEFD044690B129460A480AF084FB91
:1089700050B1012100902B460748084A08F060FBDF
:108980006FF0040003B030BD01236371FAE76FF0AC
:108990001500F7E760100020483E0208446902080D
:1089A00037B50546FFF79CFD0446A8B143798BB166
:1089B00029460B480AF090FB50B1012100902B464C
:1089C0000848094A08F03CFB6FF0040003B030BDD2
:1089D0006071E0600020F9E76FF01500F6E700BF76
:1089E00060100020483E02086B69020873B5044617
:1089F000FFF776FD054600B3114E03790288214644
:108A000030460AF0A8FA50B10121009023460D48E3
:108A10000D4A08F015FB6FF0040002B070BD63B2A0
:108A2000002BFADD204606EB84112A8801F2D4518E
:108A300002B0BDE87040FFF78BBE6FF01500ECE7A9
:108A400060100020483E02089269020813B50446EF
:108A5000FFF746FDD0B10F4883681B6913B90020AA
:108A600002B010BD0C4998470228F8D121460B48A6
:108A70000AF0A3FA0028F2D001210090234608480A
:108A8000084A08F0DDFA6FF00400E9E76FF015001E
:108A9000E6E700BF60380208F441020860100020D9
:108AA000483E0208B56902082DE9F74305468946A4
:108AB00016469846FFF714FD08B12B060AD42A493A
:108AC0002A462A4809F0E9F86FF01504204603B059
:108AD000BDE8F08300F1140700220023384604F0BB
:108AE00089FF044638B122490246204809F0D5F8EA
:108AF0006FF00A04EAE70AF0A4FC10B94A20FDF777
:108B000067FB802D02D1402E28BF40264A463346BF
:108B1000294618480AF098FA0246C0B1012100908F
:108B20002B46154A114808F08BFA384604F0E6FE49
:108B30006FF004040AF085FC10B94A20FDF73AFBF7
:108B400074B9B8F1000FC1D0C8F80060BEE7802D3D
:108B5000F0D1002EEED001462846FFF7F9FDE9E7F7
:108B60006FF00404B2E700BF6E670208483E0208D7
:108B7000D969020860100020F76902082DE9F8435E
:108B80000446884691461F46FFF7AAFC054640B9B1
:108B900022461949194809F080F86FF01500BDE820
:108BA000F8832306C66802D515492246F2E7B8F1D4
:108BB000000F16D04E4528BF4E460369A401114947
:108BC00004F2D4541C443246404621440AF027FDA6
:108BD000EB689B1BEB602B6933442B614FB9002082
:108BE000DDE7B9F1000FF9D00749044809F05AF858
:108BF000F4E73E60F3E700BF1E6A0208483E020841
:108C0000326A020860100020536A020810B5044658
:108C1000FFF766FC08B1230605D52046FFF77AFC6E
:108C20006FF0150010BDC3680BB10020FAE70449CE
:108C3000028801EB84112046FFF78AFDF5E700BFAB
:108C40003416002037B500234022802117480AF04F
:108C500082F900234022194614480AF07CF90024C6
:108C6000134D2819243404F049FEB4F5907FF8D14F
:108C7000104B1B88ADF80430002200230E4801A9D8
:108C80000AF078FB024678B10C490D4809F005F866
:108C90000C490D4840F22A530C4A07F01EFF40F2DF
:108CA0002A510A4807F010FF03B030BD60100020C1
:108CB0007C140020BB3E020808160020636A0208EC
:108CC000483E02087C70020898440208C368020803
:108CD00007B50F4BDB88ADF80430002200230D48A8
:108CE00001A90AF047FB024678B10B490B4808F08E
:108CF000D4FF0B490B4840F23F530B4A07F0EDFEFF
:108D000040F23F51084807F0DFFE03B05DF804FB76
:108D1000BB3E020808160020636A0208483E0208AB
:108D20007C70020898440208C368020807B50F4B1C
:108D30001B89ADF80430002200230D4801A90AF078
:108D400019FB024678B10B490B4808F0A6FF0B4906
:108D50000B4840F246530B4A07F0BFFE40F2465123
:108D6000084807F0B1FE03B05DF804FBBB3E020803
:108D700008160020636A0208483E02087C70020858
:108D800098440208C36802080023082213B5134C54
:108D9000ADF80430C4E9BD23D4E9A70104F2D452EC
:108DA00082E803000022002301A904F5B5600AF05F
:108DB000E1FA024678B10A490A4808F06EFF0A490A
:108DC0000A4840F257530A4A07F087FE40F25751CB
:108DD000074807F079FE02B010BD00BF6010002008
:108DE000636A0208483E02087C7002089844020840
:108DF000C368020837B501F07F042046FFF770FB17
:108E0000054600F10C012046FFF726FD00232B61EB
:108E100001238DF805408DF80430002200230C4812
:108E200001A90AF0A7FA024678B10A490A4808F0EF
:108E300034FF0A490A4840F269530A4A07F04DFED6
:108E400040F26951074807F03FFE03B030BD00BF54
:108E500008160020636A0208483E02087C70020877
:108E600098440208C368020813B541F08004204604
:108E7000FFF736FB70B9174940F27453164A17488A
:108E800007F02BFE164807F028FE40F274511248F6
:108E900007F01AFE143004F031FD02238DF805406E
:108EA0008DF80430002200230E4801A90AF062FA6E
:108EB000024668B10C490D4808F0EFFE0C494FF42A
:108EC000AF63054A054807F008FE4FF4AF61DEE7DF
:108ED00002B010BD7B6A0208C36802089844020809
:108EE000846A020808160020636A0208483E0208E5
:108EF0007C700208074B1A6822F004021A605A6854
:108F0000D207FCD40222DA601A6842F001021A6029
:108F1000704700BF00040340044B1A6822F00102AE
:108F20001A601A68D207FCD4704700BF00040340DF
:108F3000024B1868C0F34000704700BF000C0244A9
:108F40000B88C3F30B03102B32D813B96FF08500D5
:108F50007047013B0F2BF9D801A050F823F000BF58
:108F6000D58F01084D8F01084D8F01084D8F0108E5
:108F70004D8F0108A18F0108D18F0108CB8F010807
:108F8000CB8F0108CB8F0108CB8F0108CB8F010855
:108F9000CB8F0108D58F0108D58F0108D58F010827
:108FA000114B13600968B1F5805F15D2002070473E
:108FB000882B0AD003F67473C3F30B031C2BC5D89C
:108FC0000A4820FA03F3DB07C0D5094B1B68E8E722
:108FD000084BE6E7084BE4E7C1F313310131B3FB7B
:108FE000F1F31360E2E700BF0090D003010111111B
:108FF00084070020006CDC02001C4E0E10B55E4C95
:10900000E369236A5D4B1A6942F030021A615A69BA
:109010001007FCD55A4803F07BFA236923F4FE03BA
:1090200043F480032361FFF783FF012807D02368FF
:1090300043F001032360FFF77BFF0128FBD14E4A79
:10904000136823F018031360136843F4805313600C
:1090500013689904FCD5D36903F01803182B18D1B1
:10906000FFF766FF012807D0136843F00103136080
:10907000FFF75EFF0128FBD13F4BDA6922F00302C4
:10908000DA61DA6912F0180FFBD11A6A22F00F02C6
:109090001A62394B1A6822F080721A609A6A22F0BA
:1090A000030242F001029A629A6A22F47C5242F46C
:1090B00080629A629A6A42F00C029A629A6A22F07C
:1090C00020029A625A6B6FF3080242F01D025A6343
:1090D0009A6A22F010029A625A6B22F47E4242F49B
:1090E00000725A639A6A42F480329A625A6B22F48E
:1090F000FE0242F480325A639A6A42F400329A6263
:109100005A6B22F0FE4242F080725A639A6A42F42D
:1091100080229A621A6842F080721A601A6892017C
:10912000FCD5DA6A22F00302DA621A6B22F003023B
:109130001A631A6A22F00F021A621A6A22F0700287
:109140001A621A6A22F4E0621A621A6A22F4E0428F
:109150001A62DA6942F00302DA61074BDA6902F057
:109160001802182AFAD1DA69002022F40042DA61E2
:10917000044B034A1A6010BD000C0244000802446C
:10918000001C4E0E8407002070B50446064E45189C
:10919000AC4201D1002070BD14F8011BB368024835
:1091A0005B689847F4E700BFB03902080146014800
:1091B00003F0A4BD280800202DE9F0473B4F8AB0FA
:1091C0003B4CA66802E02046984748B9736C002BD8
:1091D0005AD1A5682B6C002B5DD16B6B002BF2D1A3
:1091E000AB6913B96FF0570506E02022304802A999
:1091F000984705460028E9D04FF000082D4C02AEF4
:10920000A845DDDA3B7816F8019B8BB9D4F800A0AD
:10921000BAF1000F1CD100220023274801A903F056
:10922000E1FC58B9019BC3F8840023603B787BB113
:10923000B9F10A0F25D100233B7022E0C4F800A049
:1092400002211E4A1E4807F0E8FE01233B70EFE7AB
:109250002068D0F884307F2B0AD90221194A184897
:1092600007F0DBFE2068FFF7A1FF00232360ECE797
:109270005A1CB9F10A0F0344C0F8842083F8049003
:109280000ED008F10108BBE7204698470028A0D17E
:109290000AB0BDE8F0872046984700289DD1F7E73F
:1092A00000232360084B1B689847EAE784220020CC
:1092B000B0390208C421002028080020CD6A020825
:1092C000383E0208F46A0208C8210020014AFEF76D
:1092D000CFBE00BF899101080F4B70B518600F4CCD
:1092E00020460AF008F8B0B1A368DB6A0BB120464B
:1092F0009847A5682B6A0BB108489847AB6C1BB11F
:109300000022074905489847A3689B6A1BB1BDE83E
:1093100070400248184770BDC8210020B0390208CB
:10932000B9910108004870470442020810B50C4684
:10933000FFF7F2FD054BB3F80C389B0223600023C6
:109340006360FFF7D7FD002010BD00BF00F0FF08ED
:1093500007B50346054A00910548012107F070FE54
:109360006FF0150003B05DF804FB00BF206B02082E
:10937000983D020873B50646C822002368460AF0E5
:10938000F4F8DDE9004533691B681A6A12F4C0225B
:1093900012D01A6A02F4C0221A626FF0040002B0FE
:1093A00070BD22462B4668460AF004F9DDE900321A
:1093B00013430CBF0122002233691B68186A10F0A6
:1093C0000100ECD0002AECD014230121024A03480A
:1093D00007F02CFEE1E700BF4A6B0208983D020847
:1093E00038B5036905461C6849B1FFF7C3FF58B19A
:1093F0002869043004F082FA6FF0040038BDA36AD3
:10940000DB0706D40020F9E7A36A43F00103A36257
:10941000F8E7034B636003F188336360F2E700BF52
:109420002301674573B5012306460D46144608F02F
:10943000A0FD50B90A482B4601210A4A009407F0C2
:10944000FFFD6FF0150002B070BD3CB12246294609
:10945000304602B0BDE8704008F068BD2046F2E733
:10946000983D02085E6B0208F7B51C4617460123BB
:10947000224605460E4608F07CFD58B901210094AD
:109480003346154A154807F0DBFD6FF015042046FA
:1094900003B0F0BD002CFAD0286908F019FD0021B6
:1094A0002846FFF79DFF98B9314623463A4628469D
:1094B00000F080F8064601212846FFF791FF002EB4
:1094C00014BF344604462869043004F017FADEE776
:1094D0006FF00406EFE700BF896B0208983D0208B1
:1094E0002DE9F0472F4B17461B688A46804603F04C
:1094F00001090025FFF710FD013F2B4E574457454A
:109500000CD3D8F810301C68A36ADB070ED50121F4
:10951000264A274807F081FD6FF00405B9F1000FD6
:1095200001D0FFF7E7FC2846BDE8F0874046FFF78B
:1095300021FF051EF2DBBAF5002FE3694FEA5A322C
:1095400006D2002BA36A27DB23F00043A36206E0C8
:10955000002BA36A23DA23F00043A362403AA36AF4
:10956000404643F00403A362A36A23F4FE53A362BC
:10957000A36A43EA8213A362A36A43F02003A362AF
:10958000A36AFFF7F7FEA36A051E03EA0603A362B8
:10959000C4DB0AF5005AB2E743F00043D6E743F0D4
:1095A0000043DAE700040340FBFFFF7FDA6B0208A9
:1095B000A03D02082DE9F84F00249846324B0D4695
:1095C0001F6806469146A346FFF7A6FC07F0010771
:1095D00005F10065D8450DD93369D3F800A0DAF854
:1095E0002830DB070CD50121284A294807F015FD52
:1095F0006FF004040FB1FFF77DFC2046BDE8F88F43
:109600003046FFF7B7FE041EF4DB2BF003024A449A
:10961000111F0B460C3253F8040F00BB9342FAD1D2
:10962000DAF8283043F00203CAF82830DAF8283094
:109630002B4651F8040F914243F8040BF9D1304600
:10964000FFF798FEDAF82830041E23F00203CAF868
:10965000283005F11005CDDB0BF1100BBAE72846D9
:1096600000230468013408D005F178450121094A36
:1096700007482B4407F0DAFCBAE70133042B00F16A
:109680000400EED1CCE700BF00040340DA6B02080F
:10969000A03D0208E76B0208084B0B6018680849F8
:1096A00010B10B68136070474FF0800C4FF40050FE
:1096B000C3E900C001230B60F4E700BFD021002004
:1096C000CC21002038B5036961B921496423214ABE
:1096D000214807F002FA214807F0FFF964211D48EC
:1096E00007F0F2F9486850B91D496523194A1A482C
:1096F00007F0F3F91B4807F0F0F96521EFE79868E8
:1097000000B30024884219D108688CB9DC689860DD
:10971000A14200D1D860002008602AB19A680A608E
:10972000DA68996002B9D96000200FE02846E9E7BD
:109730002060D868814208BFDC60ECE70568044619
:10974000002DF3D1002AE9D16FF0150038BD00BF1C
:109750004D6C0208116C020898440208566C02080D
:10976000656C0208776C02082DE9F843D0F8049084
:1097700090460746D9F808000D461E4608F075FACF
:10978000B8F5001F044616D12846D9F80840FEF760
:1097900095FE84420CD1294608F067FA0446FEF78C
:1097A00021FE2046FEF77CFE00212046FEF724FE27
:1097B0000020BDE8F883B8F5800F20D0B6F1806FA7
:1097C00019D0B6F1C06F18D0B6F1007F1AD10226B9
:1097D0003A4620460E49FEF747FEB0B92846D9F86A
:1097E000081008F047FA20463146FEF705FE2046ED
:1097F000FEF7D0FDDCE70126EAE70326E8E76FF095
:109800008500D6E76FF01500D3E76FF00F00D0E7C3
:109810001598010870B50B690E469968054609B19F
:109820000C6801B970BD8A682A4010D04B6863B9D2
:109830000A4989230A4A0B4807F04FF90A4807F0FA
:109840004CF98921064807F03FF9304698471CB18A
:10985000236821461C46E4E72346FAE78E6C02089B
:10986000116C020898440208776C020830B50C4667
:1098700085B00546FFF750FB0C4BD3F8082812BA09
:109880000192D3F8042812BA0292D3F800381BBA16
:109890000393FFF72FFB0C2C28BF0C2428462246ED
:1098A00001A909F0BCFE204605B030BD00F0FF085C
:1098B0008C462DE9F041194640680CF1FF33052B29
:1098C000BDF81870056809D96346A74AA748012161
:1098D00007F0ACFB6FF01500BDE8F081B5F1804FEB
:1098E00015D0B5F1A04F12D0A14CA5420FD004F174
:1098F0008054A5420BD0B2F5803F08D90121134610
:109900009A489C4A07F092FB6FF08500E4E79A4C76
:10991000BCF1040F54F8236096BF984C002454F80F
:10992000234017F4807F03D01CB9954A6346CDE7E6
:1099300034462AB92B6A23EA04032B620020CBE7C2
:109940008068002840F09A8002F1FF3807F0010794
:10995000B4F5807F4FEA470C00F0B88000F2A38096
:10996000102C00F0B58000F29980012C00F0B2803C
:10997000042C14BF09200120824F2A6A385C022778
:1099800007FA00FE22EA0E020CFA00F002432A62F5
:109990007D4A284652F823309847C5F82C802B6A18
:1099A00034EA0303CAD0B6F5807F00F0B18000F23C
:1099B0009C80102E00F0AE8000F29280012E00F00C
:1099C000AB80042E14BF09230123704F704817F891
:1099D00003C010F803E005F118016E4B51F80C209C
:1099E00003FA0EF322EA0303602202FA0EF2134393
:1099F000B4F5807F41F80C3000F0AC8000F2978025
:109A0000102C00F0A98000F28D80012C00F0A680BF
:109A1000042C14BF09230123DFF87CC16A681CF8F9
:109A200003C04FF4807303FA0CF322EA03036B6064
:109A30002B6AB6F5807F44EA03042C622B6843F05E
:109A400080032B6000F0C28000F2AD80102E00F089
:109A5000BF8000F2A380012E00F0BC80042E14BF52
:109A600009230123FA5CC05C08238C5883402343FC
:109A70008B506B6943F001036B615FE7102801D1E4
:109A8000013961E720F0400CBCF1200F02D04028E2
:109A90007FF43AAF49084FEA520857E7402C14BF09
:109AA0000920032068E7B4F5804F15D008D8B4F535
:109AB000806F13D0B4F5805F14BF092006205BE7E8
:109AC000B4F5803F14BF0920082055E7042053E770
:109AD000022051E700204FE707204DE705204BE724
:109AE000402E14BF092303236FE7B6F5804F15D02E
:109AF00008D8B6F5806F13D0B6F5805F14BF092380
:109B0000062362E7B6F5803F14BF092308235CE70C
:109B100004235AE73B4658E7002356E7072354E758
:109B2000052352E7402C14BF0923032374E7B4F53F
:109B3000804F15D008D8B4F5806F13D0B4F5805F8E
:109B400014BF0923062367E7B4F5803F14BF092338
:109B5000082361E704235FE702235DE700235BE757
:109B6000072359E7052357E79A6C0208083E0208C5
:109B7000000C0040AF6C02087C4202086C420208F4
:109B8000F36C0208787E0208544202088C7E0208B8
:109B9000827E0208730001006E7E0208402E14BF10
:109BA000092303235EE7B6F5804F15D008D8B6F534
:109BB000806F13D0B6F5805F14BF0923062351E7E9
:109BC000B6F5803F14BF092308234BE7042349E778
:109BD000022347E7002345E7072343E7052341E73F
:109BE0002DE9F04F83B0DFF868824668D8F808B0F6
:109BF0008146DBF80030D0F810A03468716900AFFE
:109C000073B140469847051E0DDA2B46914A012153
:109C1000914807F00BFA28460C37BD46BDE8F08F97
:109C20006FF05705F1E7B369012B25D97169DBF8AE
:109C3000183008313BB1002240469847054628B10C
:109C4000864A2B46E3E76FF05705F9E77169DBF8C1
:109C50000C3008316BB140463A469847B0F10008E5
:109C600012DA43467E4A01217B4807F0DFF9454678
:109C7000D1E76FF05708F4E701217A4A764807F0F8
:109C8000CCF96FF01505C6E73B68DAE90101CAF8BF
:109C900000308368DB6803B198470021F0693A1D02
:109CA00008F00CFAB0F1000808DB7B680022197993
:109CB000186808F015FAB0F1000802DA6A4A43465B
:109CC000D1E77368A3620023E362684B9C424CD0E7
:109CD00003F180539C4248D0B4F1804F45D0B4F199
:109CE000A04F42D0624B9C423FD003F180539C4234
:109CF0003BD0604B9C4238D003F180539C4234D01F
:109D00005D4B9C4231D003F180539C422DD05B4B84
:109D10009C422AD003F180539C4226D0584B9C424F
:109D20002AD1236823F440732360504B9C425FD1B7
:109D3000002323636368326923F0007323F0700308
:109D400013436360494B9C4240F0F080636CF268BF
:109D500023F0FF0313436364636C43F400436364C1
:109D6000236843F00103236055E72368B26823F0BA
:109D7000700313432360D4E7424B9C42D1D0424B43
:109D80009C42CED003F180539C42CAD03F4B9C42B0
:109D9000C7D003F180539C42C3D03D4B9C42C0D0FE
:109DA00003F180539C42BCD03A4B9C42B9D003F1A2
:109DB00080539C42B5D0384B9C42B2D003F18053C3
:109DC0009C42AED0354B9C42B4D003F180539C42B0
:109DD000B0D0334B9C42ADD003F180539C42A9D00C
:109DE000274B9C42A6D003F180539C42A2D013E0A3
:109DF0002C4B9C429CD0214B9C4299D02A4B9C429C
:109E000096D0234B9C4293D0284B9C4290D0214B20
:109E10009C4251D1002323633369002B7CD06C46D4
:109E200088B0D9F800306A462149CDE905134FF4CE
:109E30000073ADF81C301F4B42F8103F00234FF465
:109E4000E2510548F9F71AFD6FF08505A546E2E6EF
:109E5000603802081A6D0208083E02083A6D0208CE
:109E6000596D0208796D02089D6D0208002C0140B1
:109E70000004004000080040000C00400034014095
:109E80000018004000180050001C00400020004056
:109E900000400140004401400048014000100040E3
:109EA00000140040002C01500034015000400150CB
:109EB000BB6D020803000001334B9C42AAD0334B18
:109EC0009C42A7D0324B9C4202D100221A63A3E7E6
:109ED000B4F1804F3FF42EAFB4F1A04F3FF42AAF5E
:109EE0002C4B9C423FF426AF03F180539C423FF43D
:109EF00021AF294B9C423FF41DAF03F180539C429C
:109F00003FF418AF254B9C423FF414AF03F180534C
:109F10009C427FF457AF0DE7214B9C423FF416AFB4
:109F2000194B9C423FF412AF184B0DE01D4B9C4265
:109F30003FF40CAF1C4B9C423FF408AF03F180533D
:109F40009C423FF403AF194B9C423FF4FFAE03F138
:109F500080539C423FF4FAAEF368002B3FF400AF0D
:109F60006C468AB06A46D9F8001011480791CDE9CD
:109F7000050340F20133ADF820300E4B42F8103F9C
:109F800000234FF411515CE70044015000480140A8
:109F9000004801500004004000080040000C004050
:109FA00000440140002C01500034014000400140B9
:109FB000E16D02080400000138B50B680546988879
:109FC00008F046F904280346D1E912200C4614D0C3
:109FD000022B91F858100BD1012902D9616D01298A
:109FE0000BD8298E89B20AB100B11180022509E08F
:109FF000032913D9616D032912D9296B0AB100B164
:10A0000011600425B5FBF3F5E26C2AB1954213D932
:10A010001649174808F058F9284638BD012902D9D1
:10A02000616D0129DDD895F83010C9B202B108B9C7
:10A030000125E9E71170FBE7521BE2647AB9626B14
:10A0400004F1380108326263A26B04F13400013A72
:10A05000A26304F14C0208F0E5F8A064DCE7A26C0E
:10A06000002AD9D005FB0322A264D5E72C6E020892
:10A07000183E020838B50B680546988808F0E8F8DD
:10A0800004280C4603460A6C15D0022891F8581093
:10A090000CD1012902D9216D01290CD86AB3616C58
:10A0A00001B1118889B2298402250AE0032916D951
:10A0B000216D032915D982B1616C01B11168296242
:10A0C0000425B5FBF3F5626C2AB1954219D91A49FA
:10A0D0001A4808F0F9F8284638BD1146EFE701297B
:10A0E00002D9216D0129D9D84AB1616C01B1117829
:10A0F000C9B285F820100125E5E71146D2E71146DF
:10A10000F6E7521B62647AB9E26A04F13001083260
:10A11000E262226B04F12C00013A226304F1440252
:10A1200008F080F82064D6E7226C002AD3D005FB23
:10A1300003222264CFE700BF2C6E0208183E0208FB
:10A1400070B543680546DA680669012A12D91E48C7
:10A150009968836808319B694BB100229847041EB7
:10A1600008DA1A491A4808F0AFF8204670BD6FF0B7
:10A170005704F6E7336923B9736006F1080003F06A
:10A18000BDFB0121686808F0CBF8041E02DA14F167
:10A19000860FEAD16D680021284608F0C1F8041E38
:10A1A0000BDB0948A96883681B684BB198470446D4
:10A1B00018B10849064808F087F804EAE474D4E7BF
:10A1C0006FF05704F5E700BF603802084A6E0208D6
:10A1D000183E02086C6E02082DE9F04F87B08246E7
:10A1E00088461E469346046900AF12B9002B00F062
:10A1F000F880B8F804309A0400F1CA804FF0FF32BA
:10A200004FF0FF3304F1080003F0F4FBC4F80480BE
:10A21000DAF81030DAF80490FB601B68D9F80050C7
:10A220009845B8F8042040F0BF80130508D5BBF16D
:10A23000000F00F0B6804FF4C121284607F0E3FF7D
:10A24000B8F8040008F004F80346BBF1000F40F032
:10A250003081C4F82CB00022226304F1300104F1F3
:10A26000440204F12C00FB6007F0DCFFFB68206473
:10A27000002E40F0278166630022A26304F13801BA
:10A2800004F14C0204F1340007F0CCFF00231A461D
:10A29000A064206BA362824240F01B810022114621
:10A2A000D4F838C0614540F01B8193422CBFE36372
:10A2B000E2632A68EB6802F4006203F4C0231343EC
:10A2C000FB6099F82130D80729D5B8F80430D907B0
:10A2D00025D4DAF80430DAF81020BB601B6819685E
:10A2E000D86801F4006100F4C020014340F001810E
:10A2F000516CD66C29B1002E00F0F9808E4228BF37
:10A300000E46002E62DBB968C969B142C0F0FF8019
:10A31000C2E914665A686FF30F0232435A60DAF8E2
:10A3200004301B681A6842F001021A60DA685202AF
:10A3300006D51A6842F400721A601A689605FCD5B0
:10A34000636C1BB9E66C002E00F06A812268D9F8B4
:10A350000060928812F0010F00F0E08072699207AD
:10A3600040F1D981002B00F0D68121463046FFF71D
:10A3700081FE7369D80740F1F180A36C002B00F0D7
:10A38000ED80E36C002B00F0E98021463046B3E11C
:10A390002369002B7FF432AF636898457FF42EAFBA
:10A3A00036E74FF4C02148E7D9F81010C2F345133F
:10A3B00002291BD003291CD0012939D1043B1C2BB5
:10A3C0008CBF00230123C3B96FF08506236813B146
:10A3D0009B889A0405D40023636004F1080003F00D
:10A3E0008DFA30461C37BD46BDE8F08F043B0C2B80
:10A3F000E6E7082B01D0102BE6D1100448BFEB682C
:10A40000A54842BF23F4601343F40023EB60D9F85E
:10A410000C208368012AD9F80810DB6832D908318A
:10A420005BB99E499E4807F04FFF6FF00406CDE7E9
:10A430009C499B4807F048FFC6E707F1140298477C
:10A440000028EEDB00227B69D8F8001023FA02F026
:10A45000884240F204820132092AF7D16D468AB05F
:10A460006A4607931B0A089305238F48CDE9050127
:10A4700042F8103F00234FF421518948F9F7FEF9C3
:10A48000AD4648E00BB98949CCE707F1140298477B
:10A490000028D7DAF7E74FF4C02115E21BB1EB68CB
:10A4A00023F010533BE2EB6823F0105343F00053CA
:10A4B00035E2DBF80020E262002A3FF4CCAEDBF8A4
:10A4C0000420C9E632686263002A3FF4D5AE7268A0
:10A4D000D3E6E16A01EBC201496801320B44DAE6D6
:10A4E000606B00EBC100406801310244DAE60E46C1
:10A4F00007E7B1F5C12F14BF314659464046C7E9B9
:10A50000003207F0BFFED7E900320646F9E6684997
:10A51000634807F0D9FE6FF0150657E799F8213028
:10A5200013F0010F3368F26800F0D78003F4006382
:10A5300002F4C02213432DD1726950072DD5226D2C
:10A540005AB3626D4AB32146304607F0D5FE214624
:10A55000304607F0BDFE73691B073CD4D9F8006094
:10A56000736913F4787340F0DB80FB68B3F5C12F97
:10A570007FF4E6AE636C002B00F0F28000212A68C5
:10A58000EB6800294AD102F4006203F4C0231343AC
:10A59000FB60D5E6B3F5C12F08D07269D10702D5AB
:10A5A000626D002AD3D1B3F5C02FD4D073699A0756
:10A5B000D1D5236D002BCED0626D9342CBD12146F5
:10A5C000304607F099FEC6E721463046FFF7F4FC17
:10A5D000636D1B1A6365636D002BF5D1626CE36CD0
:10A5E00022B1002B55D0934228BF1346C4E914333F
:10A5F000002BB3D0B369304643F01003B361B369A5
:10A6000043F00803B36107F0A0FE226DD9F81C30B7
:10A610009A4251D92649224807F056FE6FF0150696
:10A62000DAF80480DAF81050D8F800104B69D8072F
:10A6300000F1DF80CB685A0240F1DE80DFF87490D1
:10A64000084607F010FE002800F0D6800B68D807F7
:10A6500040F1D28098F82130DA070CD42B689B881F
:10A66000C3F34513192B06D829FA03F3DB0702D5E8
:10A67000084607F06AFE0B68CA6803F4006302F438
:10A68000C0221343B3F5C02FDAD1084607F05DFEB0
:10A69000D6E71346AAE700BF60380208AF6E02088B
:10A6A000183E0208876E02083E6F0208DB6E020841
:10A6B000076F020800020202736821466FF30F035E
:10A6C00013437360336843F001033360336843F42A
:10A6D0000073336007F010FE40E703F4006802F4F3
:10A6E000C02348EA0308B8F5C02F08D1D9F8000004
:10A6F0004369D907FCD52146FFF75EFC2EE7736955
:10A700009807FCD521463046FFF7B4FCB8F5C12FB9
:10A710003FF424AFEAE7336923F00203336128E60C
:10A720006D468AB06A46A2490591A249CDE9061351
:10A730004FF40073ADF820309F4B42F8103F0023D8
:10A740004FF411519D48F9F799F87369AD465906D0
:10A7500003D5B36943F04003B3616FF004065FE7CC
:10A76000E36C002B3FF40AAF304607F07CFD034654
:10A770000028F9D1326822F0010232602268908804
:10A78000C20712D41A46D4F838C0624527D107F060
:10A790005FFD93FBF0F200FB12323ABBB3FBF0F328
:10A7A00072686FF30F02134373604FF4C021304699
:10A7B00007F029FD336843F001033360F368590261
:10A7C0007FF5DCAE336843F40073336033689A0579
:10A7D0003FF5D4AE73691B073FF5D0AEF6E7616B6A
:10A7E00001EBC201496801320B44CEE76FF015015D
:10A7F000C5E691F8303019E74B699B0542BF8B697C
:10A8000043F400738B6198F821000B68C007CA6895
:10A8100010D58B6943F010038B618B6943F04003C3
:10A820008B618B6943F008038B614B686FF30F03F7
:10A830004B6007E003F4006302F4C0221343B3F556
:10A84000C02FF2D02B689B88D80402D4084607F0AA
:10A850007CFDAE6205F1180003F050F8B6E52B68F8
:10A86000574923F001032B60AB6851F8222023F0F5
:10A8700070431343AB6099F821309B0703D5EB6815
:10A8800043F40043EB60B8F8043013F0020FEB68B8
:10A8900014BF43F0007323F00073EB60B8F804308A
:10A8A00013F0040FEB6814BF43F0807323F0807340
:10A8B000EB60B8F8041011F4006105D0BBF1000F93
:10A8C0003FF4E9AD4FF4C121284607F09CFCB8F8ED
:10A8D000043013F0100FEB6814BF43F4000323F4AB
:10A8E0000003EB60AB6823F48003AB60B8F804307E
:10A8F00098F8142003F0010322B999F82120510798
:10A900007FF5CCAD33B9EB68DA005EBF2B6843F45A
:10A9100080532B60EB6823F0105343F08063EB60AF
:10A92000B8F80430274913F0010FEB6814BF23F483
:10A93000800343F48003EB60B8F80420AB68C2F3F3
:10A940004512043A51F8222023F01F031343AB6051
:10A95000EB68D9F8182023F00F031343EB60EB6882
:10A96000D9F8142023F0F00343EA0213EB6099F8BE
:10A9700021301549DB0741BFB8F8043099F8202091
:10A98000C3F34513073343BFDB085B00B2FBF3F3AC
:10A990000123FA6882F85830AA68013B51F8233045
:10A9A00022F4F0721343AB60FB68C3F8008047E405
:10A9B000336F0208967E020804000001183E020868
:10A9C0009842020858430208184302084FF0E02357
:10A9D0000D4A9969126818699B69002908BF1146D8
:10A9E000002B08BF134610F4803F084801D199425C
:10A9F00005D20168114401604FF0E0210969006847
:10AA00001044C01A704700BFEC210020E82100204C
:10AA10001022094B002083F8232045F6C052074B33
:10AA20001A60074B45F6BF5218604FF0E0235A6199
:10AA3000072298611A61704700ED00E0EC210020C8
:10AA4000E8210020684620F007018D4631B5FFF768
:10AA5000BDFF1348134A0368D2E900411B1941F1B5
:10AA60000001C2E900310022026045F6C0520E49E1
:10AA7000D1E900505B1BB3FBF2F402FB04F35B195A
:10AA800040F10000C1E9003005F0C2F8014620465F
:10AA900005F026F8FBF746FCBDE8314085467047D7
:10AAA000E821002060180020581800202DE9F0410E
:10AAB0004A4F89B1421C0AD14FF0E022136923F0BA
:10AAC000010313614FF07F433B60BDE8F0813D68B7
:10AAD000012806DC00240AE0431C3D68F8D140F25E
:10AAE000BA2040F2BB239842A8BF1846441EEFF399
:10AAF0001186102383F31288BFF36F8F384804F058
:10AB00004DFE68B98423374A3749384805F0E5FFD8
:10AB10003349374805F0E1FF8421324805F0D4FF7E
:10AB20002F4804F05FFEFFF751FF4FF0E02331495B
:10AB3000D3F818C0D1E9002380184FF0000243F188
:10AB40000003C1E900032C4B1A602C4B1A68831ACE
:10AB50003AD445F6C05E45F6BF5814FB0E841C443B
:10AB6000B4FBFEF4131A40F2DC520EFB04339342A2
:10AB700038BF1346224A934228BF13464FF0E022C3
:10AB80003B60013B946953610023A4459361ACEBA6
:10AB90000400D1E900321AD20544EB1842F1000258
:10ABA0000F48C1E9003204F007FE90B94FF49973E1
:10ABB0000C4A14490D4805F090FF0949124805F068
:10ABC0008CFF4FF49971A8E740F2DC53D6E7C31825
:10ABD000E4E786F31188BFF36F8F76E7EC2100205E
:10ABE000F0210020D64B0208034C020898440208CA
:10ABF000184C020860180020E82100205818002096
:10AC0000809DFF002E4C0208454C020838B5EFF33A
:10AC10001185102383F31288BFF36F8F1B4804F054
:10AC2000BDFD68B984231A4A1A491B4805F055FF2F
:10AC300016491A4805F051FF8421154805F044FFD4
:10AC4000124804F0CFFD164B1C68164B1B68E41A23
:10AC5000FFF7BCFE04440D4804F0AEFD68B94FF4A4
:10AC600099730B4A10490C4805F037FF07490F4804
:10AC700005F033FF4FF49971DFE785F31188BFF3D7
:10AC80006F8F45F6C050B4FBF0F038BDF0210020C6
:10AC9000D64B0208034C020898440208184C0208DC
:10ACA00060180020581800202E4C0208454C02085D
:10ACB00038B5EFF31185102383F31288BFF36F8F3C
:10ACC000184804F06BFD68B98423174A17491848DF
:10ACD00005F003FF1349174805F0FFFE84211248D1
:10ACE00005F0F2FE0F4804F07DFD134B1C68FFF7E2
:10ACF0006DFE04440B4804F05FFD68B94FF499738E
:10AD0000094A0E490A4805F0E8FE06490C4805F0D4
:10AD1000E4FE4FF49971E2E785F31188BFF36F8F7A
:10AD2000204638BDF0210020D64B0208034C020813
:10AD300098440208184C0208601800202E4C0208A3
:10AD4000454C0208F0B5816885B01039054621F000
:10AD50000F0406F031FA6A460A4B03F11007164653
:10AD600018685968083303C6BB423246F7D110232E
:10AD70006A462146284606F0F1F9003818BF01203E
:10AD800005B0F0BD1E44020830B50D46816887B09D
:10AD9000102302AA1039044606F0CBF9002802DA83
:10ADA000012007B030BD1022204602A907F005FBA4
:10ADB00000283AD110221E4902A808F062FC00289F
:10ADC0000CBF012302232B70204607F0E2FA012377
:10ADD00001460DF10702204606F0ABF90028DFDB43
:10ADE0009DF80730204603F00F021B096A702B7193
:10ADF00001220DF1070107F0E0FA10B96B78042B7E
:10AE000003D901236B7000232B71A2682046203ADE
:10AE100022F00F02103AA91C07F0E2FA0028BFD175
:10AE20002046E91C07F034FBBBE70323CBE700BF58
:10AE30001E4402082DE9F04184B0DFF8EC8000AF39
:10AE400046000546394658F8260007F027FB044619
:10AE500020B1FF201037BD46BDE8F081013658F81B
:10AE6000260007F1080107F019FB012808D103218A
:10AE70002B462E4A2E4806F0D9F82E4B3C73BB6069
:10AE800000263A7897F808802B4C1146207807F076
:10AE900086FA002837D04146607807F080FA00280B
:10AEA00031D0A378042B02D0F97899422BD1E378E2
:10AEB000042B02D0F97A994225D12379042B1FD192
:10AEC0006379023BDBB2022B2AD91C4B6E468AB057
:10AED0006A46079340F201331949ADF82030194B07
:10AEE000CDE9051542F8103F002311484FF41351E6
:10AEF000F8F7C4FC6079B546831E022BAAD9A8E7EF
:10AF0000B9789942DCD00136032E04F10604BCD195
:10AF100007482B4631460C4A06F088F8012099E78D
:10AF20000A4A52F82330D1E7D8430208966F020844
:10AF3000C03D020803010303A87E0208846F0208D3
:10AF4000DC6F020804000001FB6F0208CC4302081A
:10AF500008B5124BA8220021184608F086FB0322F0
:10AF60000F49026142610F4A8161C2614FF4806200
:10AF70000262002282624262C26201660A4903469C
:10AF800041661021816609490267C266426711F86D
:10AF9000010D98540132102AF9D108BD1004002087
:10AFA0003A7002081000002000000020CA7E02084B
:10AFB0002DE9F74F1826DFF88880814606FB0087C9
:10AFC00000FB06667D6AD7F828C046447368AC4526
:10AFD0008B46144603EB050025D83B6AA3EB050A14
:10AFE0000AF1FF3E724507D82C4408F018FB7C623A
:10AFF000012003B0BDE8F08FE64472451ED85246EA
:10B00000019308F00CFB019B2C44E41A05D0224666
:10B0100070680BEB0A0108F002FB182303FB098898
:10B02000C8F82440E4E70CF1FF3CACEB050C944578
:10B0300004D3254408F0F3FA7D62D9E70020D8E76D
:10B04000100400201822034B02FB00339A6A586A4E
:10B05000801A704710040020002310B4074A0849E2
:10B06000C85C12F8014D844204D10133102BF7D192
:10B0700010BC704710BCFFF76BBF00BFCA7E020850
:10B080001004002070B516461D465A1C036804467D
:10B090001344C2689A4205D20821006A07F08DFD68
:10B0A000002070BD65B93278204607F089FD002880
:10B0B000F6D03544B5420CD1A3680133A360F0E764
:10B0C000AB1E062B8EBF0023054AD35C1833DAB2C1
:10B0D000EAE723685A1C226015F8012D1A70E9E787
:10B0E000CB7E02082DE9F74F0446006808F0ACF863
:10B0F00010F4004500F06B84C14FC24ED4F80080BC
:10B10000D8F844301A0451D5D8F8441011F00F057E
:10B1100040F0948011F01001D8F8003021D13B406C
:10B1200043F40043C8F80030237DA26ADB0003F13A
:10B13000804303F5B2331B682046C3F309431A4426
:10B140002363A262FDF790FE637C002BD6D0E26AF7
:10B15000002AD3D1637C216843F08003CB646274FE
:10B16000CCE713F4006935D094F8540107F035FEAC
:10B1700008280346C4F870011BD048F28001D8F8B3
:10B180000020A14B134083F480530B43C8F80030D8
:10B1900022689E4B1068034083F010030B4313603A
:10B1A00022681368334043F08003136003B0BDE8A6
:10B1B000F08F4046B4F85A2104F5277108F06AF878
:10B1C000226820461368334043F080031360FDF784
:10B1D000DBFD93E71A0491D5D8F80020894B134082
:10B1E00043F08003C8F8003094F85401256807F054
:10B1F000F4FD0346C4F8700150B92A68824B13402D
:10B2000083F4405343F4004343F080032B6075E71D
:10B21000D4F8681100293FF471AF2846B4F85A21D8
:10B2200008F038F8D4F86831D4F87021494613444E
:10B230002046C4F86831FDF7DDFD5FE758F825A02A
:10B240001AF4004F1FFA8AF97FD0282158F82530C8
:10B2500001FB0541334043F0800348F8253091F865
:10B26000603191F8542173B91046D4F800B007F05A
:10B27000B4FD8046002850D00346B1F85A21584604
:10B28000D1F8681147E091F85731022B40F0E68081
:10B2900019F4804309F0400B00F09780104607F046
:10B2A0008AFDD1F86C318046834210D20023C1F868
:10B2B0006C312168544B51F82200034083F4005351
:10B2C00043F4004343F0800341F8223004E01B1AAA
:10B2D000C1F86C31002BECD0BBF1000F0FD028234C
:10B2E00003FB0543226893F85411494B52F821009F
:10B2F000034043F4004343F0C00342F82130B8F167
:10B30000000F0AD02821434601FB0541B1F85C211A
:10B31000D1F86811206807F0BDFF28216943631840
:10B32000D3F870214244C3F87021D3F86C2122B1C4
:10B33000D3F86421904580F0BC80282303FB0543AB
:10B34000204693F85411FDF755FD1AF0800F3FF495
:10B35000D5AE226852F825303B4043F4004342F812
:10B360002530282303FB05F02218D17D012940F068
:10B37000EA80002105FB03332344596092F8203012
:10B38000DBB11AF0400F537D00F0B380002B40F08A
:10B390009C80137DDB0003F1804303F5B233196811
:10B3A00021F07C411960137DDB0003F1804303F53C
:10B3B000B2331A6842F000421A60282303FB0543A7
:10B3C000197D2046FDF750FD98E61046019307F0E1
:10B3D00004FD8046D1F86C0140451BD2019BC1F8A9
:10B3E0006C312168084B51F82200034083F400536C
:10B3F00043F4004343F0800341F8223010E000BFE3
:10B400000F8FFF078F0FFF078FBFFF07BF8FFF074C
:10B410008F8FFF07A0EB0800C1F86C010028E0D077
:10B42000BBF1000F0FD1282303FB0543226893F8DB
:10B430005411A14B52F82100034043F4004343F060
:10B44000C00342F82130B8F1000F3FF466AF282165
:10B4500001FB05414346B1F85E2159E7206850F8E9
:10B46000223023F0784323F4E04323F0700343F4C5
:10B47000004343F0C00340F82230D4F800B091F804
:10B4800054015BF820305B0409D507F094FC80463A
:10B4900000283FF442AF0346B1F85C21EFE607F025
:10B4A0009CFC804600283FF438AF0346B1F85E218B
:10B4B000E5E6D3F8682101F5AA714244C3F8682192
:10B4C0002068214400F00EFE3FE7012B7FF475AFAA
:10B4D000137DDB0003F1804303F5B233196889B2B1
:10B4E0001960137DDB0003F1804303F5B2331A6862
:10B4F00062E7A3B9137DDB0003F1804303F5B233A8
:10B50000596821F07C415960137DDB0003F18043D1
:10B5100003F5B2335A6842F000425A604DE7012BFE
:10B520007FF44BAF137DDB0003F1804303F5B233AF
:10B53000596889B25960137DDB0003F1804303F53C
:10B54000B2335A68E9E71AF4807A117D1CD1CB0036
:10B5500003F1804303F5B2331B68D56AC3F3094393
:10B560009D4202D8C2F82CA02BE7916AED1A19442B
:10B570009162116BD5621944116300F114012144E9
:10B58000206800F0AFFDB9E519F04008084609F45D
:10B59000804900F01D8107F00EFCD36A1FFA89F97B
:10B5A000834294BF00231B1AD362002B40F0888093
:10B5B000282303FB05435A7D002A58D1C90001F115
:10B5C000804101F5B2310A6822F07C420A601B7D9D
:10B5D000DB0003F1804303F5B2331A6842F0004206
:10B5E0001A60282202FB0542517D137D002950D1AB
:10B5F000DB0003F1804303F5B233596821F07C414D
:10B600005960137DDB0003F1804303F5B2335A68C0
:10B6100042F000425A60282303FB0543DA7D022AE8
:10B620000DD1197D2268254B52F82100034083F08B
:10B63000200343F4004343F0800342F821302823E1
:10B6400003FB05452046297DFDF70EFCB9F1000FEF
:10B650003FF454AD297D2268174B52F82100034076
:10B6600043F4404343F0800342F8213046E5012A89
:10B67000B7D1C90001F1804101F5B2310A6892B237
:10B680000A601B7DDB0003F1804303F5B2331A68C7
:10B69000A6E70129BFD1DB0003F1804303F5B233F4
:10B6A000596889B25960137DDB0003F1804303F5CB
:10B6B000B2335A68AEE700BF8F8FFF07BF8FFF0717
:10B6C000B9F1000F0CD0D4F800C0B44B5CF821E005
:10B6D0000EEA030343F4404343F080034CF8213067
:10B6E000282101FB054191F83830012B44D18B6AA8
:10B6F00003448B62136B034413634A6B4B6A9A4295
:10B700001CD3D21A4A63282101FB05414A7D002A35
:10B7100049D10A7DD20002F1804202F5B2321068AE
:10B7200020F07C4010600A7DD20002F1804202F5D8
:10B73000B23273B9116841F0004113E01AB90346FF
:10B7400081F83820DFE7002381F838304B63134657
:10B75000D9E73E2B1ED8116803F0010000EB53001F
:10B7600041EA80611160282101FB05418A8B9BB26F
:10B77000896A206807F06AFD282303FB05452268D3
:10B78000297D874B52F82100034083F0300343F4B6
:10B79000004367E75809D906116808BF00F1FF3078
:10B7A00041EA8061C7E7012ADDD10A7DD20002F1BA
:10B7B000804202F5B232106880B210600A7DD20079
:10B7C00002F1804202F5B232116841EA0341C9E751
:10B7D00007F003FBD36A1FFA89F9834234BF43465B
:10B7E0001B1AD362002B76D1282303FB05435A7D15
:10B7F000002A4CD1C90001F1804101F5B2310A683B
:10B8000022F07C420A601B7DDB0003F1804303F5DC
:10B81000B2331A6842F000421A60282202FB054245
:10B82000517D137D002944D1DB0003F1804303F5F2
:10B83000B233596821F07C415960137DDB0003F17C
:10B84000804303F5B2335A6842F000425A6028231D
:10B8500003FB0543DA7D022A0DD1197D2268504B86
:10B8600052F82100034083F0200343F4004343F0E7
:10B87000800342F82130282303FB05452046297D1B
:10B88000FDF7F2FAB9F1000F7FF438ACE2E6012AD5
:10B89000C3D1C90001F1804101F5B2310A6892B209
:10B8A0000A601B7DDB0003F1804303F5B2331A68A5
:10B8B000B2E70129CBD1DB0003F1804303F5B233BA
:10B8C000596889B25960137DDB0003F1804303F5A9
:10B8D000B2335A68BAE7B9F1000F0CD1D4F800C0FE
:10B8E0002E4B5CF821E00EEA030343F4404343F09F
:10B8F00080034CF82130282101FB054191F83830B4
:10B90000012B7FF439AF8B6A03448B62136B0344C2
:10B9100013634A6B4B6A9A421CD3D21A4A6328219A
:10B9200001FB05414A7D002A3CD10A7DD20002F18B
:10B93000804202F5B232506820F07C4050600A7DAF
:10B94000D20002F1804202F5B23273B9516841F07F
:10B95000004113E01AB9034681F83820DFE70023DD
:10B960004B6381F838301346D9E73E2B0DD8516828
:10B9700003F0010000EB530041EA8061516028218F
:10B9800001FB05419BB2CA8BF2E65809D906516802
:10B9900008BF00F1FF3041EA8061D8E78F8FFF07D1
:10B9A000BF8FFF07012AEAD10A7DD20002F180424F
:10B9B00002F5B232506880B250600A7DD20002F1C6
:10B9C000804202F5B232516841EA0341D6E74305AD
:10B9D00010D522682046536C23F480631B041B0C93
:10B9E0005364FDF72FF92946204603B0BDE8F04F18
:10B9F00007F09EBA470408D52268536C23F48043AD
:10BA00001B041B0C5364FFF7D1BB10F4005104D08E
:10BA10002268536C23F40053F2E7C6041AD5226857
:10BA2000136C23F0040313642268136C23F00803DF
:10BA3000136494F8CC32012B04D1204684F8CC1244
:10BA400007F0A5FB2046FDF771F92268536C23F43B
:10BA50008053D5E7050515D52268136C43F008031C
:10BA600013642268536C23F400631B041B0C53649F
:10BA70002268136C43F0040313642046FDF728F991
:10BA8000FFF794BB010624D52268536C23F0800392
:10BA90001B041B0C536494F8CC32002BEDD1012114
:10BAA00020462268136C43F0040313642268136C6D
:10BAB00043F008031364236884F8CC125B6D9B0881
:10BAC00003F03C03C4F8D03203B0BDE8F04F07F0F8
:10BAD0005EBB82050BD522682046536C23F40073AD
:10BAE0001B041B0C536407F022FAFFF75FBBC3056E
:10BAF0007FF55CAB2268536C23F4807380E700BF52
:10BB0000F0B50C780346B14A50F824000240C878DA
:10BB1000032803D8DFE800F04E555351012048F2C6
:10BB200080052A4343F824200C78A94E53F824209A
:10BB3000324022432A4343F824200C7B0A78002C0D
:10BB400040F09F80D2004C7802F18042A14D02F576
:10BB5000B232002C38D014682C4014600A78CD889A
:10BB6000D20002F1804202F5B2321468AD0844EA14
:10BB7000850414600C7853F82420520608D553F835
:10BB80002420324042F4004242F0C00243F8242014
:10BB9000CA780C78012A904953F8242002EA01025D
:10BBA00018BF82F0200242F4004242F0800243F8C3
:10BBB0002420F0BD42F40072B1E742F4C0620020DC
:10BBC000ADE742F48062FAE754682C4054600A788A
:10BBD000CD88D20002F1804202F5B2325468AD083D
:10BBE00044EA850454600A78D20002F1804202F5EA
:10BBF000B232546824F07C4454600A780C69D20054
:10BC000002F1804202F5B2321CB9546844F000449B
:10BC100008E03E2C22D8556804F0010707EB5404D5
:10BC200045EA846454600C7853F82420550408D500
:10BC300053F82420324042F4404242F0800243F85C
:10BC400024200978654C91B91A68224082F4405248
:10BC500042F4004242F080021A60AAE76509E70652
:10BC6000546808BF05F1FF3544EA8564CEE753F810
:10BC70002120224082F4005242F4004242F080022D
:10BC8000DFE0CC78022C0DBF53F8224053F822702D
:10BC9000534C344015BF3C4044F401442C4344F021
:10BCA000800443F822400A784A4CD20002F18042D4
:10BCB00002F5B2321568254015600A780F89D20066
:10BCC00002F1804202F5B2321568BF0845EA8705E5
:10BCD00015600A78D20002F1804202F5B23255684E
:10BCE0002C4054600A784D89D20002F1804202F55E
:10BCF000B2325468AD0844EA850454604A780F783B
:10BD0000354C364D002A40F0BD8053F827205204B0
:10BD100008D553F82720324042F4404242F08002D6
:10BD200043F827200F7853F82720520608D553F8F8
:10BD30002720324042F4004242F0C00243F827205C
:10BD40004E780A78002E4DD1D20002F1804202F5E1
:10BD5000B232166826F07C4616600A780E69D20068
:10BD600002F1804202F5B2321EB9166846F0004672
:10BD700008E03E2E20D8176806F0010C0CEB5606A2
:10BD800047EA866616604E780A78002E65D1D200A2
:10BD900002F1804202F5B232566826F07C465660C7
:10BDA0000A780E69D20002F1804202F5B23276BB07
:10BDB000566846F0004633E07709F606166808BF75
:10BDC00007F1FF3746EA8766D0E700BF8F89FF0794
:10BDD0008F8FFF070000FFFFBF8FFF078FBFFF0799
:10BDE0008F8EFF07012ECED1D20002F1804202F5E4
:10BDF000B2321668B6B216600A780F69D20002F144
:10BE0000804202F5B232166846EA0746BAE73E2E8D
:10BE10001AD8576806F0010C0CEB560647EA8666FE
:10BE200056600E7853F826202A4048F2800582F4A6
:10BE300040522A4343F82620097853F82120224013
:10BE40002A4343F82120B4E67709F606566808BF6E
:10BE500007F1FF3746EA8766ABE7012EE1D1D20052
:10BE600002F1804202F5B2325668B6B256600A78E4
:10BE70000F69D20002F1804202F5B232566846EAFA
:10BE80000746CDE753F82720520408D553F827205A
:10BE9000324042F4404242F0800243F827200F78BB
:10BEA00053F82720520608D553F82720324042F491
:10BEB000004242F0C00243F82720CA780E78012AD7
:10BEC00053F8262002EA040218BF82F0200242F44E
:10BED000004242F0800243F82620097853F82120DE
:10BEE0002A40C9E670B50A7B4E780B7862BB50F8E1
:10BEF0002320C6B1540609D550F82340494A2240B0
:10BF000042F4004242F0C00240F823200A78464B37
:10BF100050F822100B4043F4004343F0800340F8F4
:10BF20002230002070BD520409D550F823403D4A0C
:10BF3000224042F4404242F0800240F823200A7836
:10BF40003A4B50F82210E5E7364D374C374A9EBB46
:10BF500050F82360760408D550F823602E4046F44C
:10BF6000404646F0800640F823600E7850F82630B0
:10BF70005B0608D550F826302B4043F4004343F0CD
:10BF8000C00340F826300E7850F826302B4048F297
:10BF9000800543F4004343F0C00340F826300E7898
:10BFA00050F8263013402B4340F826300A7850F8DA
:10BFB000223023402B43B2E750F82360760408D5A3
:10BFC00050F823602E4046F4404646F0800640F884
:10BFD00023600E7850F826305B0608D550F82630DE
:10BFE0002B4043F4004343F0C00340F826300E7862
:10BFF00050F826302B4043F4404343F0800340F890
:10C0000026300D7850F82530234048F28004234331
:10C0100040F82530097850F821301340234340F888
:10C0200021307EE78F8FFF07BF8FFF078FBFFF078E
:10C030000A784B7850F822105BB1084B0B4083F024
:10C04000100343F4004343F0800340F82230002003
:10C050007047034B0B4083F48053F2E7BF8FFF0719
:10C060008FBFFF0710B54B780A78FBB150F822302C
:10C070005C0609D550F82240174B234043F4004397
:10C0800043F0C00340F82230CB78012B0CD00A7863
:10C09000124B50F822100B4083F0200343F400436E
:10C0A00043F0800340F82230002010BD50F82230C9
:10C0B0005B0409D550F82240074B234043F440432A
:10C0C00043F0800340F822300A78054B50F82210E4
:10C0D0000B4083F44053E1E78F8FFF07BF8FFF07CB
:10C0E0008FBFFF07F8B54A780646012A0C460B7B3E
:10C0F00040F0C0810969A5698D4228BF0D4633BB58
:10C10000E288ABB2616907F0A1F82378DB0003F1A4
:10C11000804303F5B2331A6892B21A602378DB00C9
:10C1200003F1804303F5B2331A6842EA05421A600C
:10C130002278A94B56F822100B4083F030030020E0
:10C1400043F4004343F0800346F82230F8BDE7781B
:10C15000236A022F227840F06381994280F0408167
:10C1600050F822109D4B0B4043F4014343F08003F1
:10C1700040F82230236A22785B1B236250F8227039
:10C18000617817F04007ABB200F0958000294FD1DD
:10C19000D20002F1804202F5B232516821F07C41B6
:10C1A00051602278D20002F1804202F5B2321DB90C
:10C1B000516841F0004108E03E2D30D8516805F04B
:10C1C000010000EB550041EA806151606289304610
:10C1D000616907F03BF8636922692B446361236A54
:10C1E000934294BF00225A1B2262627888BF2B467A
:10C1F000002A4BD12278D20002F1804202F5B232FD
:10C20000116821F07C4111602278D20002F1804255
:10C2100002F5B23203BB116841F0004125E0680924
:10C220005168EF0608BF00F1FF3041EA8061C0E7C6
:10C230000129CBD1D20002F1804202F5B23251681D
:10C2400089B251602278D20002F1804202F5B23206
:10C25000516841EA0541B8E73E2B0ED8116803F05A
:10C26000010000EB530041EA8061116022899BB21A
:10C270003046616906F0EAFF5AE758091168DD06A1
:10C2800008BF00F1FF3041EA8061C5E7012AEDD126
:10C290002278D20002F1804202F5B232116889B2EE
:10C2A00011602278D20002F1804202F5B2321168A8
:10C2B00041EA0341D9E700294ED1D20002F1804280
:10C2C00002F5B232116821F07C4111602278D2006F
:10C2D00002F1804202F5B2321DB9116841F000410D
:10C2E00008E03E2D2FD8116805F0010000EB550045
:10C2F00041EA8061116022893046616906F0A6FF3B
:10C30000636922692B446361236A9342627888BF20
:10C310005F1B276288BF2B46002A47D12278D200B4
:10C3200002F1804202F5B232516821F07C41516045
:10C330002278D20002F1804202F5B23203BB51688A
:10C3400041F0004125E06809E906116808BF00F1E5
:10C35000FF3041EA8061C1E70129CCD1D20002F16E
:10C36000804202F5B232116889B211602278D2009F
:10C3700002F1804202F5B232116841EA0541B9E7A3
:10C380003E2B0AD8516803F0010000EB530041EA4C
:10C390008061516062899BB26AE75809D906516889
:10C3A00008BF00F1FF3041EA8061C9E7012AF1D1FD
:10C3B0002278D20002F1804202F5B232516889B28D
:10C3C00051602278D20002F1804202F5B232516807
:10C3D00041EA0341DDE700BFBF8FFF078F8FFF07F3
:10C3E00050F822504749294041F4004141F0800172
:10C3F00040F822102278D20002F1804202F5B232D7
:10C40000116889B211602278D20002F1804202F5EF
:10C41000B232116841EA034111609BB222891AE0ED
:10C420005B1B236250F82210D20002F180424F06BB
:10C43000ABB202F5B2324FEA05450ED5516889B26A
:10C4400051602278D20002F1804202F5B232516886
:10C4500029435160628961690CE7116889B21160F2
:10C460002278D20002F1804202F5B23211680D4307
:10C470001560D3E72BBB8B690A78CBB9CB78BBB9F6
:10C4800050F82210204B0B4043F4014343F080034B
:10C4900046F82230A3692269934210D99B1AA361FE
:10C4A00022781A4B56F822100B4083F4405346E68C
:10C4B00056F82210134B0B4043F40043E6E70023E9
:10C4C000EDE7CB78022B19D1CB69002BE8D00A78A5
:10C4D00050F8221001F0400349040CD5002BDFD0A6
:10C4E00056F82210084B0B4043F4004343F0C003BE
:10C4F00046F82230D4E7002BD2D1F1E7012BDED071
:10C50000012023E68F8EFF078F8FFF078FBFFF0766
:10C51000B8B1384B1A6902F03002302A13D1364BC9
:10C5200098425DD9354B98425CD9354B98425BD9DE
:10C53000344B98425AD9344B98422ED9334B9842B7
:10C540003BD9012070471A6902F03002202A10D12D
:10C550002F4B984244D92F4B984243D92E4B9842A7
:10C5600042D92E4B984241D92D4B984215D92D4B8B
:10C57000E5E71B6903F03003102B10D12A4B9842DA
:10C580002ED92A4B98422DD9294B98422CD9294B88
:10C5900098422BD9284B9842D3D804230EE0274B3E
:10C5A00098421DD9264B98421CD9204B98421BD942
:10C5B000244B98421AD9244BEDE7052323490A68F6
:10C5C00022F00F021A430A600A6802F00F02934237
:10C5D0000ED0086800F00F00C01A18BF0120704785
:10C5E0000023EBE70123E9E70223E7E70323E5E77D
:10C5F000002070470008024480DE800200BD010573
:10C60000809B8207007A030A8058840C80B2E60E71
:10C6100080CC060200990D048065140600321B08C8
:10C6200080FE210A00C2EB0B80C3C901008793037F
:10C63000804A5D05000E270780D1F008002D3101EA
:10C64000005A620200B4C40400E1F5050020024073
:10C6500038B5436905463BB90024EA68604253781F
:10C6600043F00103537038BD984704460028F3D0C7
:10C6700000F1FF03FE2B0ED92123094A09490A487C
:10C6800004F02BFA29680948224604F026FA2121F1
:10C69000034804F019FAEB6844421C70DDE700BF60
:10C6A0004370020866700208984402087E7002080F
:10C6B00010B50446F6F786FF03480121034A04F04B
:10C6C000ACFC204606F022FEF83D0208A3700208EA
:10C6D0002DE9F84304460D4600AFEFF3118810230F
:10C6E00083F31288BFF36F8F0428324A98BF324B0E
:10C6F000E9468AB09668117C98BF53F820306A46A4
:10C7000088BF2E4BCDE9073140F201332C48ADF8FC
:10C7100024302C4BCDE9050442F8103F00234FF4A0
:10C7200031512948F7F7AAF8CD4645B1EB69C3F373
:10C73000080323B10121254A234804F06EFC2EB1E1
:10C74000304606F087FE08B1037803B92048E94671
:10C750008AB06A461F4B0790CDE9053640F2013397
:10C76000ADF820301C4B42F8103F00234FF411511C
:10C770001548F7F783F82946CD462046FFF798FF7E
:10C78000042C0CD115498723154A164804F0A5F945
:10C79000154804F0A2F98721114804F095F988F3AF
:10C7A0001188BFF36F8F3046F9F7CCFDBD46BDE869
:10C7B000F88300BFF4210020E0430208B2700208B1
:10C7C000C870020805000001F83D0208F070020878
:10C7D000C070020811710208040000014B710208C8
:10C7E00029710208984402086871020838B50A4B9A
:10C7F00053F82040013053F82050A54200D838BDEE
:10C80000606830B1037EDB0701D4FFF721FF0834F5
:10C81000F3E723689847FAE7F4430208012270B56A
:10C82000364B86B003201A70FFF7E0FF06F0F6FEE5
:10C830000420FFF7DBFF324C324DAC42264628D9AC
:10C8400031494423314A324804F047F9314804F071
:10C8500044F944212D4804F037F954F80C3C059371
:10C8600054F8103C049354F8143C039354F8183CC7
:10C87000029354F81C3C019354F8203C009354E973
:10C880000A2354E90C0101F051FD54F8303C5E6577
:10C89000D3E7AE4204F13004DFD302F029FA184C9A
:10C8A000AC421FD918496823184A194804F015F9F1
:10C8B000184804F012F96821CCE7D4E90A23B3F14F
:10C8C000FF3F08BFB2F1FF3F05D052EA03012068E5
:10C8D00003D102F08DFC3034E2E70F49183002F04A
:10C8E000B7FFF8E7E9D302F075FAF3F7C1FF0B4A97
:10C8F000938923F00103938106B070BD8522002047
:10C90000943C0208943C020808720208E77102088D
:10C9100098440208244E0208DDE80108E8180020C7
:10C920000023012270B586B0CDE904230F220193C4
:10C93000CDE9023214234FF4A0720E4D0E4E03FBCC
:10C9400000550E4906EBC016044602FB00110C4BC5
:10C950003046009501F0EAFC337C2C7423F004038C
:10C960003374084B013403EBC423EE606B6006B0F4
:10C9700070BD00BFF421002068180020884200200C
:10C9800075CE0108883A00207FB50020FFF72EFF02
:10C99000334B03F5006282F3088883F30A88F0239F
:10C9A000304C84F822300023E37723766376A37635
:10C9B00084F82030636A43F4E0236362F9F756FB9E
:10C9C000F9F7AAFC4FF0FF33A362E362F9F7D2FE56
:10C9D000F9F722FDF6F72AFD234801F051FD234B1C
:10C9E000234A93420ED92349CC23234A234804F0F7
:10C9F00074F8234804F071F8CC211F4804F064F85F
:10CA00001C33EEE7FCD3F6F77BFB0120FFF7EEFECD
:10CA100002201C4CFFF7EAFE02F096FA1A4B0025A2
:10CA20005C611A4B4FF48052059301231849CDE9FC
:10CA300003532046174BCDE90155009501F076FCD4
:10CA40000646237C204623F00403237401F0B8FE3D
:10CA50002846FFF765FF314620460E4AF9F73CFCB1
:10CA6000883A002000ED00E06819002060380208D4
:10CA70003C3A020835720208E7710208984402083D
:10CA8000244E0208E8180020F4210020464D020838
:10CA9000C84300201DC8010838B50D4C0D4DAC42EF
:10CAA00013D90D4925230D4A0D4804F016F80D48F9
:10CAB00004F013F82521094804F006F82046D4E9CB
:10CAC000011206F02BFC1834E9E7F7D3002038BD3B
:10CAD0004808002060080020BA720208507202085C
:10CAE00098440208244E0208F8B505460E4600F1A7
:10CAF0001404EFF31187102383F31288BFF36F8FB1
:10CB0000204602F04BFE68B984231B4A1B491C488F
:10CB100003F0E3FF21461B4803F0DFFF84211648A2
:10CB200003F0D2FF204602F05DFE28463146F5F7BD
:10CB3000F7F805F10C0002F0BFF928B1394620469C
:10CB4000BDE8F84006F0CABC204602F035FE68B9E0
:10CB50004FF49973084A0C49094803F0BEFF214677
:10CB60000A4803F0BAFF4FF49971D8E787F31188A8
:10CB7000BFF36F8FF8BD00BFD64B0208034C02080D
:10CB800098440208184C02082E4C0208454C020832
:10CB900038B50E4C0E4DAC4212D90E49A2230E4AA6
:10CBA0000E4803F09AFF0E4803F097FFA2210A48AF
:10CBB00003F08AFF204606F0BBFB20B92034EAE7E9
:10CBC000F8D3002038BD6FF01500FBE728080020DF
:10CBD00048080020F8720208D3720208984402083C
:10CBE000244E02082DE9F74305460F4691461C46A0
:10CBF00000F10806EFF31188102383F31288BFF3C6
:10CC00006F8F304602F0CAFD60B98423314A324941
:10CC1000324803F062FF3146314803F05EFF842161
:10CC20002C4826E0304602F0DDFD2B691BB33B604B
:10CC30001C68EB692C610133EB6114B96A6993429A
:10CC40001FD0EB68E41A09D4D5E905235A43A24260
:10CC500004D9B4FBF3F203FB124494B12149F72346
:10CC6000214A1E4803F039FF204803F036FFF72120
:10CC70001D4803F029FF59EA040214D16FF00B0498
:10CC80003B60304602F098FDF0B94FF49973114AB9
:10CC90001749124803F021FF3146164803F01DFFE3
:10CCA0004FF49971BCE7CDE900942A4641463046DD
:10CCB00001F05CFE044618B90F4B9B685B693B6052
:10CCC000204603B0BDE8F08388F31188BFF36F8F6F
:10CCD000F6E700BFD64B0208034C0208984402084E
:10CCE000184C020815730208D372020891730208E7
:10CCF0002E4C0208454C0208F42100202DE9F8438F
:10CD0000C3680546CB1A0E4623D4D0E90512514319
:10CD100099421ED9B3FBF2F102FB1133CBB900F1FA
:10CD20000807EFF31189102484F31288BFF36F8F83
:10CD3000384602F033FDD8B98423414A414942487C
:10CD400003F0CBFE3946414803F0C7FE84213C483E
:10CD50000CE03F4940F21F133E4A3B4803F0BDFE42
:10CD60003D4803F0BAFE40F21F113A4803F0ACFE12
:10CD7000384602F037FDD5F81080B8F1000F40D1E9
:10CD8000EFF3118384F31288BFF36F8F83F311885D
:10CD9000BFF36F8F5BB93149BB23314A2A4803F097
:10CDA0009CFE304803F099FEBB212D48DEE72C683D
:10CDB000A54226D02CB3A3683BB92B49A423284A0B
:10CDC000214803F08AFEA421EFE7D4E90032136082
:10CDD0005A60237CC4E9008823F002032374C4F85A
:10CDE000088004F1180002F00FFE2046C4F8788095
:10CDF000666101F0E5FC49463846BDE8F84306F0B7
:10CE00006DBB2B6938463360EB692E61013BEB61EA
:10CE100002F0D2FC68B94FF49973094A13490A48E1
:10CE200003F05BFE3946124803F057FE4FF4997148
:10CE30008DE789F31188BFF36F8FBDE8F88300BFDA
:10CE4000D64B0208034C020898440208184C02080A
:10CE50007C700208D3720208AC730208F9730208EE
:10CE6000CE730208B7720208117402082E4C020831
:10CE7000454C020808B50D4B9B6893F90E30002B0A
:10CE800009DB1024EFF3118384F31288BFF36F8F53
:10CE900004F0F7FBF6E7064906481C23064A03F0B0
:10CEA0001CFE1C21044803F00FFE00BFF4210020EB
:10CEB00049740208984402082874020808B5836877
:10CEC0004BB90B490B48A4230B4A03F006FEA421DF
:10CED000094803F0F9FDD0E9003213605A600023DD
:10CEE000027CC0E9003322F002020274836008BDB4
:10CEF0001174020898440208CE7302082DE9F74F16
:10CF00000446884692461E469DF83090EFF305830E
:10CF100073B152EA06030BD05E4999235E4A5F481B
:10CF200003F0DBFD5E4803F0D8FD99215A4819E073
:10CF300004F10805EFF311874FF0100B8BF3128803
:10CF4000BFF36F8F284602F029FC68B98423554A45
:10CF50005549524803F0C1FD2946544803F0BDFD30
:10CF60008421504803F0B0FD284602F03BFC626A81
:10CF700023699A4276D2EFF311838BF31288BFF3C1
:10CF80006F8F83F31188BFF36F8F5BB94849BB2361
:10CF9000484A424803F0A1FD414803F09EFDBB21F1
:10CFA0004448DFE72668B44219D0C6B13046FFF7DF
:10CFB00085FF06F1180002F027FDE26800244146D3
:10CFC000706906F02CFB3046B46701F0F9FB394676
:10CFD000284606F083FA204603B0BDE8F08F206AA9
:10CFE0006669B04207D3A3695A1E904203D8E2682B
:10CFF000191A914207D23049B423274A274803F02F
:10D000006CFDB42192E7B9F1000F21D0414606F042
:10D0100006FB236AE2681344A2692362934201D1AA
:10D0200063692362636A013363620024284602F065
:10D03000C3FB50BB4FF499731A4A2049174803F0B9
:10D040004CFD29461E4803F048FD4FF4997188E7CE
:10D05000E1698E4218BF0B46981A4146E06106F01E
:10D06000DEFADFE75AEA06030CD0164B22469B682D
:10D070003946C3F814802846CDE900A601F076FCB5
:10D080000446A8E76FF02204D0E787F31188BFF3C6
:10D090006F8FA0E772720208717402089844020848
:10D0A000B7720208D64B0208034C0208184C02085B
:10D0B000F9730208CE730208937402082E4C02081A
:10D0C000454C0208F421002038B5A2FB03545CB99A
:10D0D00002FB03F54D1911D30F492F230F4A1048B6
:10D0E00003F0FBFC2F2106E00E492E230B4A0C48CF
:10D0F00003F0F3FC2E21094803F0E6FCC0E903230A
:10D10000C0E90515C0E90711C0E90000446280F8D4
:10D110002840846038BD00BF6E7502087174020833
:10D1200098440208397502082DE9F74304468846F9
:10D1300017461D46EFF3058383B152EA05030DD070
:10D1400060494FF49773604A604803F0C6FC60483A
:10D1500003F0C3FC4FF497715B4818E004F1080634
:10D16000EFF31189102383F31288BFF36F8F3046DA
:10D1700002F014FB68B98423564A5749534803F018
:10D18000ACFC3146554803F0A8FC8421514803F01B
:10D190009BFC304602F026FB636A002B67D0E268F6
:10D1A0004046E16906F03BFAE369E2681344A2698C
:10D1B000E361934204BF6369E361636A013B6362B5
:10D1C000EFF31183102282F31288BFF36F8F83F382
:10D1D0001188BFF36F8F5BB94149BB23414A3B487C
:10D1E00003F07BFC3A4803F078FCBB213D48CEE7D6
:10D1F0002568AC424BD0002D4AD02846FFF75EFE92
:10D2000005F1180002F000FC206A6369984207D318
:10D21000A3695A1E904203D8E2681B1A934209D2AE
:10D2200031494FF4A473284A284803F056FC4FF4C0
:10D23000A47191E7696906F0F2F9236AE268284669
:10D240001344A2692362934204BF63692362636A41
:10D25000013363620024AC6701F0B2FA49463046FC
:10D2600006F03CF92546284603B0BDE8F08357EAAE
:10D2700005031FD01D4B22469B684946C3F8148006
:10D280003046CDE9007501F071FB0546EBE700255E
:10D29000304602F091FA80B94FF499730D4A14495F
:10D2A0000A4803F01AFC3146124803F016FC4FF40A
:10D2B00099716BE76FF02205EAE789F31188BFF3F4
:10D2C0006F8FD0E7727202087174020898440208E6
:10D2D000B7720208D64B0208034C0208184C020829
:10D2E000F9730208CE73020893740208F421002037
:10D2F0002E4C0208454C02082DE9F341044617461E
:10D300001E46EFF3058565B154497323544A5548C9
:10D3100003F0E3FB544803F0E0FB7321504803F0B3
:10D32000D3FBEFF31188102383F31288BFF36F8FC1
:10D330004E4802F033FA60B984234D4A4D494948BA
:10D3400003F0CBFB49494C4803F0C7FB8421484814
:10D35000E5E7464802F046FA484BE2689B6892B11E
:10D36000A068984227D057EA06022CD13F4802F025
:10D3700023FA90B188F31188BFF36F8F6FF00F001D
:10D3800002B0BDE8F08193F90E100132C4E9023217
:10D390003648216102F010FA78B94FF49973344A93
:10D3A0003749304803F099FB3049364803F095FB84
:10D3B0004FF49971CBE72169E7E788F31188BFF350
:10D3C0006F8F0020DCE793F90E1090F90E30994230
:10D3D00005DA9942A8BF194605F0D3FF0546224653
:10D3E0004146CDE90076214801F0C0FA0028E8D096
:10D3F000EFF31186102383F31288BFF36F8F1B485E
:10D4000002F0CCF9002897D0184802F0EBF9A06898
:10D41000C0B1236821699C420AD04BB193F90E3008
:10D420009942A8BF19466FF07F039942B8BF1946C9
:10D4300005F0A7FF30B131460C4806F04FF86FF009
:10D440000A009DE7002DF6D1084802F0B5F9002842
:10D45000A3D086F31188BFF36F8FF0E7E175020860
:10D46000BF75020898440208F375020814220020D0
:10D47000D64B0208034C0208184C0208F421002085
:10D480002E4C0208454C0208F8B50546EFF305831B
:10D4900063B15549EA23554A554803F01EFB5548E8
:10D4A00003F01BFBEA21514803F00EFB8368002BBD
:10D4B00000F09480504A9268934240F09280C36892
:10D4C0004BB94E494FF48173484A494803F005FB74
:10D4D0004FF48171E7E7012B03D0013BC3600020CB
:10D4E000F8BDEFF31187102484F31288BFF36F8F18
:10D4F000434802F053F960B98423424A42493C4808
:10D5000003F0EBFA3E49414803F0E7FA84213D4835
:10D51000CAE73B4802F066F92969A86805F031FFBF
:10D52000EFF3118384F31288BFF36F8F83F31188B5
:10D53000BFF36F8F5BB93649BB23364A2C4803F0E3
:10D54000CCFA354803F0C9FABB213248ACE72C6865
:10D55000AC4215D100232A48C5E9023302F02CF968
:10D56000002836D14FF49973264A2C49204803F0FD
:10D57000B4FA23492A4803F0B0FA4FF49971C6E788
:10D58000002CE7D0A3683BB92649A423214A1848B8
:10D5900003F0A3FAA421D8E70026D4E900321360EF
:10D5A0005A60237CC4E9006623F002032374A6605A
:10D5B00004F1180002F028FAAC6094F90E3020460D
:10D5C0002B61A66701F0FCF839460D4805F086FF8F
:10D5D00085E787F31188BFF36F8F80E76FF0150041
:10D5E0007EE74FF0FF307BE7E1750208BF75020868
:10D5F00098440208F3750208F42100201876020806
:10D6000014220020D64B0208034C0208184C0208D2
:10D61000F9730208CE730208B77202082E4C020892
:10D62000454C02081174020808B583684BB90B49D0
:10D630000B48A4230B4A03F050FAA421094803F035
:10D6400043FAD0E9003213605A600023027CC0E93B
:10D65000003322F002020274836008BD11740208D4
:10D6600098440208CE7302082DE9F04704460D469F
:10D6700091469A469DF8206000F10807EFF3118863
:10D68000102383F31288BFF36F8F384602F086F8B9
:10D6900060B984234A4A4B494B4803F01EFA394685
:10D6A0004A4803F01AFA842145481BE0384602F044
:10D6B00099F806B16568EFF31183102282F312889E
:10D6C000BFF36F8F83F31188BFF36F8F63B9404946
:10D6D000BB23404A3C4803F000FA3F4803F0FDF901
:10D6E000BB213C4803F0F0F9234653F80C6F9E42EF
:10D6F00015D0A6B100243046FFF796FF06F11800BA
:10D7000002F082F93046B467C6F8149001F058F878
:10D710004146384605F0E2FE2046BDE8F087BAF102
:10D72000000F14D0082002F039FD00283FD001225C
:10D73000C0F804900260016801F003015DB922683D
:10D740000A430260626820606AB960600BE0484684
:10D75000C9F800A0EFE72A68032A1DD801606168B4
:10D76000A1B9C4E900000024384602F025F808BB3E
:10D770004FF49973124A1949134803F0AEF9394628
:10D78000174803F0AAF94FF499718DE70A6802F07F
:10D79000030202430A60D8E722F003020A43026050
:10D7A0002A6802F0030240EA02032B60DBE76FF015
:10D7B0000B04D9E788F31188BFF36F8FACE700BF84
:10D7C000D64B0208034C020898440208184C020881
:10D7D000F9730208CE730208B77202082E4C0208D1
:10D7E000454C02082DE9F743064690461F4600F1D6
:10D7F0000805EFF31189102383F31288BFF36F8FAD
:10D80000284601F0CBFF68B98423254A25492648DC
:10D8100003F063F92946254803F05FF98421204885
:10D8200003F052F9284601F0DDFF3468FCB12368AB
:10D83000726823F00303944220464FF001013360E5
:10D8400008BF736005F0A5FD0446284601F0B4FF4B
:10D85000E8B94FF49973124A1549134803F03DF99A
:10D860002946144803F039F94FF49971D7E758EA7B
:10D870000703EAD049462846CDE9008706F10C02A5
:10D8800001F074F838B90C4B9B685C6903E089F3CC
:10D890001188BFF36F8F204603B0BDE8F08300BF4F
:10D8A000D64B0208034C020898440208184C0208A0
:10D8B0002E4C0208454C0208F421002008B583686C
:10D8C0004BB90B490B48A4230B4A03F006F9A421DA
:10D8D000094803F0F9F8D0E9003213605A600023D8
:10D8E000027CC0E9003322F002020274836008BDAA
:10D8F0001174020898440208CE73020870B50446F9
:10D90000EFF31186102585F31288BFF36F8F2F4830
:10D9100001F044FF60B984232D4A2E492E4803F0BC
:10D92000DCF82A492D4803F0D8F88421284818E06B
:10D93000264801F057FFEFF3118385F31288BFF3F8
:10D940006F8F83F31188BFF36F8F63B92449BB23B3
:10D95000244A214803F0C1F8234803F0BEF8BB2154
:10D96000204803F0B1F82568AC4212D08DB12846AA
:10D97000FFF7A4FF05F1180002F046F8002328463F
:10D98000AB6700F01DFF3146BDE870400F4805F061
:10D99000A5BDD4E902329A4218BF01330B48A360F7
:10D9A00001F00AFF68B94FF49973094A0F490A4810
:10D9B00003F093F805490E4803F08FF84FF499717E
:10D9C000B4E786F31188BFF36F8F70BD1822002073
:10D9D000D64B0208034C020898440208184C02086F
:10D9E000F9730208CE730208B77202082E4C0208BF
:10D9F000454C0208F7B5044616461D46EFF305836D
:10DA00007BB152EA05030CD02D4988232D4A2E48BC
:10DA100003F063F82D4803F060F88821294803F0EB
:10DA200053F8EFF31187102383F31288BFF36F8F3E
:10DA3000274801F0B3FE60B98423264A26492248CC
:10DA400003F04BF82249254803F047F88421214888
:10DA5000E5E71F4801F0C6FEA368D3B1013B1C48AF
:10DA6000A36001F0A9FE68B94FF49973194A1C49E3
:10DA7000154803F032F816491A4803F02EF84FF40F
:10DA80009971E4E787F31188BFF36F8F002003B02B
:10DA9000F0BD56EA05030BD10D4801F08DFE0028BC
:10DAA000E2D087F31188BFF36F8F6FF00F00EEE7BE
:10DAB00022463946CDE90065054800F057FFE6E704
:10DAC0004F7602082F76020898440208B7720208BF
:10DAD00018220020D64B0208034C0208184C0208FA
:10DAE0002E4C0208454C02082DE9F0410546EFF3A3
:10DAF0001188102787F31288BFF36F8F304801F029
:10DB00004DFE064660B984232E4A2F492F4802F065
:10DB1000E4FF2B492E4802F0E0FF8421294819E058
:10DB2000274801F05FFE0023EFF3118287F312888C
:10DB3000BFF36F8F82F31188BFF36F8F62B92549EE
:10DB4000BB23254A214802F0C8FF244802F0C5FF44
:10DB5000BB21214802F0B8FF2C68A5420FD074B158
:10DB60002046FFF7ABFE04F1180001F04DFF6FF007
:10DB70000A032046A36700F023FE3346D4E70022C1
:10DB8000AA608BB90E4801F017FE98B94FF499734B
:10DB90000C4A13490D4802F0A0FF0949114802F050
:10DBA0009CFF4FF49971B9E74146BDE8F041044844
:10DBB00005F094BC88F31188BFF36F8FBDE8F08146
:10DBC00018220020D64B0208034C02089844020891
:10DBD000184C0208F9730208CE730208B7720208E3
:10DBE0002E4C0208454C02082DE9FF410446794EAF
:10DBF000EFF31187102383F31288BFF36F8F7648FA
:10DC000001F0CCFD68B98423744A7549754802F067
:10DC100064FF7149744802F060FF84216F4802F08C
:10DC200053FF6D4801F0DEFDD4F88450F5B90221B0
:10DC300004F19C0005F0E3FB002840D004F19405BA
:10DC400000220121284601F065FC0028F8D10023BC
:10DC50004FF0FF3202934FF0FF333946CDE90023F6
:10DC60005D4804F18C0201F0B3FCC1E7D4F88820D0
:10DC70002B68954208BFC4F88830C4F88430D4F8C3
:10DC80009C30554843F00203C4F89C30EB68D5F84B
:10DC9000048023F0040343F00103EB6001F08CFDEA
:10DCA000F8B94FF499734D4A50494E4802F015FFA8
:10DCB00049494F4802F011FF4FF49971AEE7D4F88B
:10DCC0009C30DD06C3D5C4F89C00434801F074FDC8
:10DCD0000028E6D087F31188BFF36F8F04B0BDE84A
:10DCE000F08187F31188BFF36F8FB8F1000F0AD16D
:10DCF00040493C4840F2F3233F4A02F0EEFE40F236
:10DD0000F3213D488BE72846C047EFF311871023E6
:10DD100083F31288BFF36F8F2F4801F03FFD002877
:10DD20003FF471AF2C4801F05DFDEB68D90623F09C
:10DD3000010236D4EA60EB689A0716D5306823F002
:10DD40000203EB6088B10022036870B141688D4224
:10DD500035D103686ABB72683360904200D173604A
:10DD6000002340F8083BFFF7C9FDD4F89C3023F0AE
:10DD70000203C4F89C30DB0529D4D4F88450003D5C
:10DD800018BF0125144801F017FD002889D087F33A
:10DD90001188BFF36F8F002D3FF42AAF01F0DCF83C
:10DDA00026E723F01103EB6005F11000FFF7A6FD55
:10DDB000C1E713607368984208BF7260D0E70246FB
:10DDC0001BB1196818460B46BFE71946FAE700254C
:10DDD000D8E700BF1C22002024220020D64B0208D6
:10DDE000034C020898440208184C02082E4C020802
:10DDF000454C0208DE7602089C760208F8B5C36836
:10DE000004469A070E46C3F340054FD45F074FD42C
:10DE10000B680BB983680B60E368D80736D5A36835
:10DE20005BB92549254840F25713254A02F055FEB3
:10DE300040F25711224802F047FE0225336037684E
:10DE400067B3204B9A68D7F880309A4220D105F00A
:10DE5000F8FA80F00100C0B2D7F89C30D907C3F3BC
:10DE600080021ED502B308B300232360D7F88830A0
:10DE700083B9C7E92144384605F0CCFAE36843F09A
:10DE80000403E3603368A3602846F8BD0125D6E7A4
:10DE90000020E1E71C60C7F88840ECE76FF015054B
:10DEA00006E06FF0120503E01B07DDD56FF00F05EC
:10DEB00000233360E8E700BFBD76020898440208FB
:10DEC0009C760208F421002073B50446EFF3118517
:10DED000102383F31288BFF36F8F224801F05EFC9A
:10DEE00068B98423204A2149214802F0F6FD1D49E2
:10DEF000204802F0F2FD84211B4802F0E5FD19489C
:10DF000001F070FC00230193D4E90423B3F1004F26
:10DF100008BF012A11D0134801F04EFCE0B94FF4BC
:10DF20009973114A1449124802F0D7FD0D4913485C
:10DF300002F0D3FD4FF49971DEE70321201FA4F115
:10DF4000100605F05CFA0028E5D0A369304601A967
:10DF50000193FFF753FFDEE785F31188BFF36F8F5F
:10DF600002B070BD24220020D64B0208034C0208E8
:10DF700098440208184C02082E4C0208454C02082E
:10DF800038B50D46044648B90C499C230C4A0D4847
:10DF900002F0A3FD9C210A4802F096FD39B90A4916
:10DFA0009D23074A074802F098FD9D21F3E71022C0
:10DFB000002105F05AFB656038BD00BF30770208CC
:10DFC0009C76020898440208DE76020837B50C46B3
:10DFD000019059B9284940F27D13284A284802F097
:10DFE0007CFD40F27D11254802F06EFD4B684BB977
:10DFF00024494FF4BF73214A214802F06EFD4FF4CB
:10E00000BF71F0E7EFF31185102383F31288BFF39C
:10E010006F8F1D4801F0C2FB60B984231B4A1C4965
:10E02000174802F05AFD18491A4802F056FD84219B
:10E030001648D9E7144801F0D5FB204601A9FFF79F
:10E04000DDFE0446104801F0B7FB68B94FF4997340
:10E050000E4A11490A4802F040FD0B490F4802F0F0
:10E060003CFD4FF49971E3E785F31188BFF36F8F9F
:10E07000204603B030BD00BF307702089C7602080E
:10E0800098440208D876020824220020D64B0208C1
:10E09000034C0208184C02082E4C0208454C02089A
:10E0A0000146014805F0BDB9081A002008B558B965
:10E0B0000849094840F22633084A02F00EFD40F2B2
:10E0C0002631064802F000FDA022002105F0CDFA1D
:10E0D00008BD00BFC3760208984402089C76020877
:10E0E000F0B589B004460E9D58B92F4940F253331C
:10E0F0002E4A2F4802F0F1FC40F253312B4802F037
:10E10000E3FC49B92B494FF45573284A284802F0DB
:10E11000E4FC4FF45571F1E7D0F89C0010F00100D9
:10E1200009D0254940F25533204A214802F0D5FC58
:10E1300040F25531E2E7C4E9210004F18C00C4E962
:10E14000230004F19400C4E9250055B32879002880
:10E1500040F2011008BF0120C4F89C0000204FF0DD
:10E16000FF364FF0FF37CDE90330CDE90100CDE9AF
:10E1700006672046114B009400F03CF955B1296820
:10E1800011B1204605F063F96B791BB1A38943F007
:10E190000103A381204601F02BF8C4F8804009B0A8
:10E1A000F0BD0120D8E700BF297702089C7602085D
:10E1B000984402082D530208F5760208E9DB0108AD
:10E1C00038B50D46044658B90F4940F20F430F4A7F
:10E1D0000F4802F082FC40F20F410C4802F074FC40
:10E1E00049B90C494FF48263084A094802F075FCAA
:10E1F0004FF48261F1E73022002105F036FA4FF446
:10E2000080736560E36038BD2F7702089C76020852
:10E2100098440208DE760208F7B50C4616461D46FD
:10E22000019058B9334940F28643334A334802F0EB
:10E2300054FC40F28641304802F046FC49B930496E
:10E2400040F287432C4A2D4802F047FC40F28741B8
:10E25000F1E7EFF31187102383F31288BFF36F8F79
:10E26000284801F09BFA60B98423274A27492348AC
:10E2700002F033FC2349264802F02FFC8421224877
:10E28000DAE7204801F0AEFAE36813F01E0F27D159
:10E2900055EA060216D1204601A9FFF7AFFD044654
:10E2A000184801F089FAE8B94FF49973164A1949E8
:10E2B000124802F012FC1349174802F00EFC4FF40A
:10E2C0009971DCE743F00803E360019B04F110005F
:10E2D000A36232462B46114901F0BAFA0124DFE766
:10E2E0000024DDE787F31188BFF36F8F204603B06A
:10E2F000F0BD00BFC37602089C760208984402086D
:10E300002F77020824220020D64B0208034C020873
:10E31000184C02082E4C0208454C0208C9DE0108C0
:10E3200001460148FFF778BF081A00202DE9F043A5
:10E3300085B00F9D04460F2D0E46984637D1274BCA
:10E34000984538D104F15803C4E91633109B0027CF
:10E35000A38104230732A57322F0070506EB050904
:10E36000494623742046C4E90677A760E773F7F7A8
:10E37000F3FB0E9B073020F00700A066C4E9186588
:10E3800002930D9BA9EB000901930C9B4A46009355
:10E39000314643462046F7F783FF114B67659B687C
:10E3A00003B1DB6E4846E36605B0BDE8F08305F1D6
:10E3B00010031E2BC6D940F24B230A4A0A490B48C8
:10E3C00002F08BFB29460A486FF00F030E2202F081
:10E3D00084FB40F24B21034802F076FB75CE010826
:10E3E000F421002044770208677702089844020865
:10E3F000E7770208F0B587B00446DDE91276EFF35F
:10E40000058575B1194940F21733194A194802F0C8
:10E4100064FB194802F061FB40F21731144802F026
:10E4200053FB0595109D04950F9D03950E9D029538
:10E430000D9D01950C9D0095FFF778FFB6F1FF3F0C
:10E4400008BFB7F1FF3F05D056EA070305D12046C4
:10E4500000F0CEFE204607B0F0BD3A46334604F148
:10E460001800064901F0F4F9F4E700BFE17502086D
:10E47000447702089844020818780208DDE8010889
:10E48000012310B50374838100230446C0E91833C7
:10E4900001F07EFE014B9C6010BD00BFF421002006
:10E4A00070B590F91020037C002A49DBD90647D1CA
:10E4B00063F07F030374264B984209D1254926480F
:10E4C0005223264A02F009FB5221244802F0FCFAAA
:10E4D000234C224652F8183FE169934207D1C0E924
:10E4E00000210860E0610FE08B42F8D01B68002B30
:10E4F000F5D093F90E6090F90E50AE42F4DD5968F4
:10E50000C0E9003108605860A569954200D005B99E
:10E51000E568A3685BB91349EA23134A0E4802F081
:10E52000DCFA124802F0D9FAEA210F48CEE71A7C49
:10E53000D20606D1DA897F2A03D9AA690AB96361AA
:10E5400070BDAB4202D0284601F0A2F86561F7E742
:10E55000681800205F780208984402083D78020895
:10E56000F4210020AC78020880780208B772020813
:10E5700038B590F910200146002A037C1BDA224AA4
:10E5800003F07F039042037409D120495A23204AA3
:10E59000204802F0A2FA5A211D4802F095FADC0741
:10E5A00007D51D495B231A4A1A4802F096FA5B21E7
:10E5B000F2E704F051FF194D2A4652F8184FAB68A4
:10E5C000944200D004B9EC688B4214D05BB9144972
:10E5D000EA23144A0F4802F080FA134802F07DFA49
:10E5E000EA211048D9E71A7CD20604D1DA897F2AB9
:10E5F00001D9A2692AB1A34202D0204601F048F80D
:10E6000023466B6138BD00BF681800205F780208A0
:10E610003D78020898440208D3780208F4210020CB
:10E62000AC78020880780208B772020808B5124A6E
:10E63000936880B1197C11F0090F0CD10F49D923CF
:10E640000F4A104802F049FA0F4802F046FAD92161
:10E650000B4802F039FA6FF00A0199670B495867C5
:10E660004B6843F080534B60002383F31188BFF362
:10E670006F8F9368986F08BDF42100201679020807
:10E68000EC780208984402087F79020800ED00E067
:10E6900070B504460D46F9B9EFF30586E6B91A4B95
:10E6A0005A699B689A4217D001F086F878B940F20F
:10E6B0006D13164A1649174802F00FFA21461648FC
:10E6C00002F00BFA40F26D11104802F0FDF93046ED
:10E6D000BDE87040FFF7AABF204601F06DF868B9A9
:10E6E0004FF49973094A0A490A4802F0F6F921469B
:10E6F000094802F0F2F94FF49971E5E785F31188C2
:10E70000BFF36F8F70BD00BFF4210020D64B02080D
:10E710002E4C020898440208454C020808B583684C
:10E720004BB909490948A423094A02F0D6F9A421A2
:10E73000074802F0C9F904F08FFE037C23F00203BE
:10E7400003740023836008BD117402089844020812
:10E75000CE73020838B5184CA168E0690B68814295
:10E7600014BF1A46002249680B605960A368E1692A
:10E770002AB9124AC3E900210B60E3610AE092F969
:10E780000E5093F90E00854212DD5168C3E9002155
:10E790000B605360A569094B9D4200D005B9E5683F
:10E7A000A3689D4202D0284600F072FF656138BD23
:10E7B0008A42DED01268DBE7F42100200C22002020
:10E7C00038B50446EFF31185102383F31288BFF3A5
:10E7D0006F8F174800F0E2FF68B98423154A164985
:10E7E000164802F07AF91249154802F076F98421A8
:10E7F000104802F069F90E4800F0F4FF2046FFF7D8
:10E800004FFE0B4800F0D8FF68B94FF49973094ADE
:10E810000C490A4802F061F905490B4802F05DF91C
:10E820004FF49971E4E785F31188BFF36F8F38BD1A
:10E8300028220020D64B0208034C02089844020804
:10E84000184C02082E4C0208454C020838B5044604
:10E85000EFF31185102383F31288BFF36F8F1848ED
:10E8600000F09CFF68B98423164A1749174802F044
:10E8700034F91349164802F030F98421114802F0A6
:10E8800023F90F4800F0AEFFA36813B12046FFF74D
:10E8900045FF0B4800F090FF68B94FF49973094A9F
:10E8A0000C490A4802F019F905490B4802F015F91C
:10E8B0004FF49971E2E785F31188BFF36F8F38BD8C
:10E8C00028220020D64B0208034C02089844020874
:10E8D000184C02082E4C0208454C020838B5A0F12D
:10E8E0001804EFF31185102383F31288BFF36F8FA1
:10E8F000174800F053FF68B98423164A1649174891
:10E9000002F0EBF81249164802F0E7F884211148AA
:10E9100002F0DAF80E4800F065FF204604F0CAFD68
:10E920000B4800F049FF68B94FF49973094A0D4943
:10E930000A4802F0D2F806490B4802F0CEF84FF42C
:10E940009971E4E785F31188BFF36F8F38BD00BF7D
:10E9500028220020D64B0208034C020898440208E3
:10E96000184C02082E4C0208454C02082DE9F047CD
:10E97000DFF8D4A0354D1746DDE90898DAF808200D
:10E98000334BA84204460E461A600BD13149324837
:10E9900040F2B923314A02F0A0F840F2B9212F48E1
:10E9A00002F092F8EFF31183102383F31288BFF380
:10E9B0006F8F284600F0F2FE60B98423284A294967
:10E9C000254802F08AF82946274802F086F8842173
:10E9D0002348E5E7284600F005FFDAF808503946F5
:10E9E000284604F041FDB8F1FF3F08BFB9F1FF3FF1
:10E9F00006D04A4643461D4905F1180000F028FF9D
:10EA0000204600F0D9FE68B9194940F26D13144A46
:10EA1000114802F062F82146164802F05EF840F212
:10EA20006D11D5E7094800F0C7FE40B9104940F222
:10EA30006D130B4A084802F050F80449ECE73046E1
:10EA4000BDE8F047FFF7F2BDF421002028220020A6
:10EA50002C220020A7790208984402083D78020879
:10EA6000D64B0208034C0208184C0208DDE80108E6
:10EA70002E4C0208454C020870B50546EFF311868E
:10EA8000102383F31288BFF36F8F1B4800F086FEBC
:10EA900068B98423194A1A491A4802F01EF816491F
:10EAA000194802F01AF88421144802F00DF81248AF
:10EAB00000F098FE2C68A54215D014B12046FFF74F
:10EAC0002DFE0D4800F078FE78B94FF499730B4A8B
:10EAD0000E490C4802F001F807490D4801F0FDFF0E
:10EAE0004FF49971E0E70024EBE786F31188BFF358
:10EAF0006F8F204670BD00BF28220020D64B020831
:10EB0000034C020898440208184C02082E4C0208D4
:10EB1000454C02082DE9F04104460D46EFF31187FC
:10EB2000102383F31288BFF36F8F594800F036FE2D
:10EB300060B98423574A5849584801F0CEFF5449D8
:10EB4000574801F0CAFF8421524818E0504800F0AD
:10EB500049FE237C03F01F02002A0CBF0126002679
:10EB600062D103F07F0323744E4B9C4209D14E497E
:10EB70005A234E4A494801F0B0FF5A214B4801F050
:10EB8000A3FF204604F068FC237C6DB243F08003B1
:10EB9000DA07A573237407D545495323434A3F48F1
:10EBA00001F09BFF5321E9E7DFF80881424652F864
:10EBB000183FD8F81C10934208D1C4E900210C601A
:10EBC000C8F81C400DE08B42F7D01B68002BF4D036
:10EBD00093F90E00A842F6DD5968C4E900310C60D3
:10EBE0005C60D8F81840944200D00CB9D8F80C40BA
:10EBF000D8F808309C4202D0204600F049FDC8F801
:10EC00001440234800F0D8FD00283AD14FF49973FE
:10EC1000204A2949214801F060FF1D49274801F099
:10EC20005CFF4FF499718FE79B0728D5A16841B924
:10EC300023491A48A423234A01F04FFFA421214865
:10EC40009DE720466DB204F007FCA5730B6899425E
:10EC500009D14B68C4E900131C604C60D1E74A68D5
:10EC60009342F6D01B68002BF3D093F90E20AA42F2
:10EC7000F5DD5A68C4E9003214605C60C1E7A57331
:10EC8000BFE787F31188BFF36F8F3046BDE8F0818F
:10EC900028220020D64B0208034C020898440208A0
:10ECA000184C0208681800205F7802083D780208B6
:10ECB000D3780208F42100202E4C0208454C0208AB
:10ECC00011740208CE730208034648B9EFF30582B7
:10ECD00032B9064A51699268914201D0FFF7A6BC49
:10ECE00083F31188BFF36F8F704700BFF4210020BA
:10ECF00010B5EFF31184102383F31288BFF36F8FE5
:10ED0000284800F04BFD60B98423274A274928484A
:10ED100001F0E3FE2349274801F0DFFE8421224869
:10ED200012E0204800F05EFDEFF3058373B1224945
:10ED300040F23B33214A1E4801F0CFFE204801F04B
:10ED4000CCFE40F23B311D4801F0BEFE1D4B9A68DF
:10ED5000D37B012B0CD11C494FF44F73174A144835
:10ED600001F0BBFE164801F0B8FE4FF44F71EAE720
:10ED7000013BD3730B4800F01FFD68B94FF4997342
:10ED8000094A12490A4801F0A8FE0649104801F054
:10ED9000A4FE4FF49971C2E784F31188BFF36F8F1B
:10EDA00010BD00BF28220020D64B0208034C0208E9
:10EDB00098440208184C0208E17502083D780208E0
:10EDC000B7720208F4210020E07902082E4C0208F4
:10EDD000454C020870B5EFF31186102383F31288B7
:10EDE000BFF36F8F2A4800F0D9FC68B98423294A01
:10EDF00029492A4801F071FE2549294801F06DFE94
:10EE00008421244801F060FE264D214800F0EAFCF0
:10EE1000AB68DA7B6AB9244940F24D33234A1F4874
:10EE200001F05BFE224801F058FE40F24D311F48D0
:10EE3000E8E7EFF3058161B11E4940F24E331B4A0A
:10EE4000164801F04AFE1A4801F047FE40F24E31E2
:10EE5000EDE70132DA732A4652F8184F944200D097
:10EE600004B9EC681A7CD20604D1DA897F2A01D968
:10EE7000A2692AB19C4202D0204600F009FC234638
:10EE80006B613146BDE870400148FFF701BC00BF2F
:10EE900028220020D64B0208034C0208984402089E
:10EEA000184C0208F4210020117A02083D7802086B
:10EEB000B7720208E175020838B50446EFF3118510
:10EEC000102383F31288BFF36F8F184800F066FC9D
:10EED00068B98423164A1749174801F0FEFD134903
:10EEE000164801F0FAFD8421114801F0EDFD0F48AC
:10EEF00000F078FC204604F0F3FA04460B4800F0DA
:10EF00005BFC68B94FF49973094A0D490A4801F04E
:10EF1000E4FD06490B4801F0E0FD4FF49971E3E789
:10EF200085F31188BFF36F8F204638BD282200205B
:10EF3000D64B0208034C020898440208184C0208F9
:10EF40002E4C0208454C0208024B03F11802C3E99B
:10EF500006227047F421002070B5EFF3058373B1EA
:10EF600038494FF49063384A384801F0B6FD3848C4
:10EF700001F0B3FD4FF49061334801F0A5FDEFF3CC
:10EF80001186102383F31288BFF36F8F314800F08E
:10EF900005FC60B98423304A30492C4801F09DFDBE
:10EFA0002C492F4801F099FD84212B48E5E72D4C91
:10EFB000284800F017FCA168E0690B68814214BF83
:10EFC0001A46002249680B605960A368E1692AB9B2
:10EFD000254AC3E900210B60E3610AE092F90E5073
:10EFE00093F90E00854223DD5168C3E900210B60CF
:10EFF0005360A5691C4B9D4200D005B9E568A36824
:10F000009D4202D0284600F043FB1248656100F0A3
:10F01000D3FB88B940F26D130F4A14490B4801F035
:10F020005CFD0C49124801F058FD40F26D11BCE73F
:10F030008A42CDD01268CAE73046BDE87040FFF77B
:10F04000F5BA00BFE17502083D780208984402084D
:10F05000B772020828220020D64B0208034C02088F
:10F06000184C0208F42100200C2200202E4C02082B
:10F07000454C02082DE9F04106460C46EFF30587A2
:10F0800077B134494FF49363334A344801F025FD96
:10F09000334801F022FD4FF493612F4801F014FD35
:10F0A00050EA010304D1FFF757FF0020BDE8F081CB
:10F0B000EFF31188102383F31288BFF36F8F294871
:10F0C00000F06CFB60B98423274A2849234801F0EB
:10F0D00004FD2449264801F000FD84212248DDE793
:10F0E000244D204800F07EFBA868234B1860FFF7F2
:10F0F0003FFAA868234632462049183000F0A8FBA2
:10F10000AA680446137C174843F00403137400F004
:10F1100053FB68B940F26D13134A19490F4801F0C7
:10F12000DCFC1049174801F0D8FC40F26D11D5E71E
:10F130004046FFF77BFAAB68D3E90A23B3F1004FEF
:10F1400008BFBA42B1D104F00AFA201A20EAE070EE
:10F15000ACE700BFE17502083D7802089844020858
:10F16000B772020828220020D64B0208034C02087E
:10F17000184C0208F42100202C220020DDE80108B0
:10F180002E4C0208454C020838B505460C46EFF3F4
:10F19000058373B1124940F2C643124A124801F086
:10F1A0009CFC124801F099FC40F2C6410D4801F068
:10F1B0008BFCFFF75FFFB4F1FF3F08BFB5F1FF3FE6
:10F1C0000AD0C11709304FF00A024FF0000341F195
:10F1D0000001F1F7CDF938BD4FF0FF30FBE700BF7C
:10F1E000E17502083D78020898440208B7720208E7
:10F1F00038B50446EFF31185102383F31288BFF36B
:10F200006F8F204800F0CAFA68B984231E4A1F494C
:10F210001F4801F062FC1B491E4801F05EFC84217E
:10F22000194801F051FC174800F0DCFA237C5B0719
:10F2300010D504F1180000F0E7FB237C204623F0F2
:10F2400004032374FFF72CF92946BDE838400D4824
:10F25000FFF71EBA0B4800F0AFFA68B94FF4997384
:10F26000094A0D490A4801F038FC06490B4801F0EB
:10F2700034FC4FF49971D3E785F31188BFF36F8F96
:10F2800038BD00BF28220020D64B0208034C0208DC
:10F2900098440208184C02082E4C0208454C0208FB
:10F2A000014B9868704700BFF42100202DE9F84316
:10F2B00004468789EFF31185102383F31288BFF387
:10F2C0006F8F824800F06AFA68B98423804A8149C6
:10F2D000814801F002FC7D49804801F0FEFB842159
:10F2E0007B4801F0F1FB794800F07CFA237C180799
:10F2F00017D5764800F060FA68B94FF49973744AEC
:10F300007749754801F0E9FB7049764801F0E5FB63
:10F310004FF49971E4E785F31188BFF36F8FBDE86F
:10F32000F883D90943F0080240F083802274A3686F
:10F3300013B12046FFF7F2F904F1180000F064FB66
:10F34000A66D04F15808B04511D04FF0000976B110
:10F350003046FFF7E3F906F1180000F055FB3046A0
:10F36000C6F87890FFF79CF8A66DB045EFD1DFF8AE
:10F370007881D8F808309C427AD1EFF30589B9F149
:10F38000000918BF4FF00109D8F81860574A964293
:10F3900000D00EB9D8F80C60B34202D0304600F06D
:10F3A00077F92046C8F8146002F061F9B9F1000F4E
:10F3B00002D04F48FFF764F8D8F808309C426AD171
:10F3C000EFF30586002E66D1A389DA071FD53F48E3
:10F3D00000F0F2F9002890D085F31188BFF36F8F09
:10F3E00086F31188BFF36F8F0423184602DFEFF313
:10F3F0001185102383F31288BFF36F8F334800F019
:10F40000CDF900283FF461AF304800F0EBF92F4808
:10F4100000F0D2F978BB40F26D132D4A30492E48E6
:10F4200001F05BFB29492F4801F057FB40F26D11B9
:10F4300056E7304A03F07F0343F0080394422374F5
:10F4400008D12D495A232D4A234801F046FB5A2161
:10F450002A4846E7D90707D529495B23274A1E488A
:10F4600001F03BFB5B21F3E7204603F0F5FF5EE78D
:10F470004FF0000988E72846FFF7D8F821494FF4F4
:10F48000EE731E4A144801F028FB1F4801F025FBCB
:10F490004FF4EE71DCE70D4800F08EF900283FF4E0
:10F4A0002CAF85F31188BFF36F8FFB077FF537AF64
:10F4B00040F2A253114A1549074801F00EFB2146BC
:10F4C000134801F00AFB40F2A251C1E728220020B4
:10F4D000D64B0208034C020898440208184C020854
:10F4E0002E4C0208454C0208F42100200C2200207A
:10F4F00068190020681800205F7802083D7802082B
:10F50000D3780208427A02084D7A02086F7A02081C
:10F510007A7A02082DE9F843064688461746EFF343
:10F520001189102383F31288BFF36F8F214800F0F5
:10F5300035F9054668B984231F4A2049204801F05F
:10F54000CCFA1C491F4801F0C8FA84211A4801F07E
:10F55000BBFA184800F046F93468A6421FD004B33D
:10F560002046C4F878806761FFF7D8F804F11800E6
:10F5700000F04AFA2046FEF793FF0E4800F01CF90F
:10F5800088B94FF499730C4A0F490D4801F0A5FA58
:10F5900008490E4801F0A1FA4FF49971D6E7002509
:10F5A000EBE72546E9E789F31188BFF36F8F28461B
:10F5B000BDE8F88328220020D64B0208034C02083D
:10F5C00098440208184C02082E4C0208454C0208C8
:10F5D000D3B5DDE90667089CCDE90067FFF7C6F9FA
:10F5E0001CB1034B9B685B69236002B0D0BD00BFB8
:10F5F000F4210020027C034612F01F0210D10A49B8
:10F6000088420DD00949086868B1D9897F2909D88D
:10F6100093F90E20064B1B689A42B8BF0020704732
:10F6200000207047104670476818002088070020A7
:10F630003022002008B568B10F4B98420AD303F17D
:10F640001802904206D21822C01AB0FBF2F302FB55
:10F6500013034BB109490A483F230A4A01F03DFA16
:10F660003F21084801F030FA0122074BC0105843EF
:10F67000064B1A5408BD00BFE8190020C07A0208E2
:10F6800098440208987A0208ABAAAAAA8622002007
:10F6900070B50C4B0C4D1E7CFFF7ACFF182303FB21
:10F6A00006550446284600F0AFF90022074B9A554C
:10F6B0003CB1621E2846BDE870400549D31700F0F2
:10F6C000C7B870BDF4210020E81900208622002070
:10F6D00035F6010838B5EFF31185102383F312884E
:10F6E000BFF36F8F234800F059F868B98423224A8A
:10F6F0002249234801F0F1F91E49224801F0EDF9B1
:10F7000084211D4801F0E0F91A4800F06BF81E4B07
:10F710001E4A9C681068A04213D1FFF7B9FF154834
:10F7200000F04AF800BB4FF49973134A1849144883
:10F7300001F0D3F90F49174801F0CFF94FF499714F
:10F74000DFE700211B7C1160134AD35C002BE6D05D
:10F750002046FFF74FFF0028E1D0237CDB0601D1D4
:10F76000FEF7F8FF2046D8E785F31188BFF36F8FC7
:10F7700038BD00BF28220020D64B0208034C0208E7
:10F7800098440208184C0208F42100202C22002082
:10F790002E4C0208454C020886220020006838B131
:10F7A000044B00F003001B7CC01A18BF01207047F7
:10F7B00001207047F4210020002302680360EFF36A
:10F7C0000581074B986811B1017CC90705D41B7CE2
:10F7D0001843831A5842584170470120704700BFB0
:10F7E000F4210020024B1A7C9B681343036070478E
:10F7F000F4210020024B1868984208BF002070478F
:10F800008C070020034B1B680BB9FBF7FFB90020E6
:10F81000704700BF3422002030B570B10B4B5B68DD
:10F8200098420AD0036843B1D3E90421D0E90445E2
:10F83000121941EB0501C3E90421D0E9003213603C
:10F840005A600023C0E9003330BD00BF8C070020A0
:10F85000B3F1FF3F08BFB2F1FF3F2DE9F84F044677
:10F860009B4615461F4600F0B280D0F80090B9F1D3
:10F87000000F0CD057496423574A584801F02DF91E
:10F88000574801F02AF96421534801F01DF98160BD
:10F89000EFF31188102383F31288BFF36F8F514861
:10F8A000FFF77CFF824660B984234F4A4F494B489B
:10F8B00001F013F94B494E4801F00FF984214A48F1
:10F8C000E3E74848FFF78EFFBBF1000F494A1FDB13
:10F8D000FFF798FF064601354BF1000B454A2D18FE
:10F8E0004BEBE073D2E90017C4E904536D1843EB06
:10F8F0000707FFF77FFF0346DFF8FCE0DEF8049020
:10F90000EBB9C4E900E9C9F80040CEF8044028E0AA
:10F910006FF00103D2E900125B1A4FF0FF3161EB87
:10F9200002025B1B62EB0B02012B72F10001BCBFF8
:10F9300001234A464FF0000AC4E90432D9E7D3E96B
:10F94000041CD4E904208A4270EB0C0B2EDA891ACD
:10F950005A686CEB0000C3E90410C4E9003214607B
:10F960005C60FFF747FF84420ED1244B1B685BB9F4
:10F97000BAF1000F02D1FFF745FF0646304603F00B
:10F98000D7FD0021FBF792F81648FFF715FFB0B935
:10F990004FF49973144A1A49104801F09EF811491E
:10F9A000184801F09AF84FF4997188E7521A60EB01
:10F9B0000C004B45C4E90420A3D01B68A0E788F3E2
:10F9C0001188BFF36F8F28463946BDE8F88F0025B0
:10F9D0002F46F8E78F7C02086B7C020898440208E7
:10F9E000B772020838220020D64B0208034C0208E6
:10F9F000184C0208001A00208C0700203422002036
:10FA00002E4C0208454C020870B50446EFF31186EF
:10FA1000102383F31288BFF36F8F2A48FFF7BEFECF
:10FA200068B98423284A2949294801F056F825490C
:10FA3000284801F052F88421234801F045F8214874
:10FA4000FFF7D0FE23683BB3FFF7D4FE0546204600
:10FA5000FFF7E2FE00224FF00043A542C4E9042371
:10FA600012D000241748FFF7A7FE20BB4FF499736C
:10FA7000154A1949164801F030F81249174801F0A3
:10FA80002CF84FF49971D7E7FFF7BCFE03F050FD57
:10FA90000021FBF70BF8E4E7D4E90423B3F1004FAE
:10FAA00008BF012A04D100224FF00043C4E9042317
:10FAB0006FF01504D6E786F31188BFF36F8F2046E9
:10FAC00070BD00BF38220020D64B0208034C02084C
:10FAD00098440208184C02082E4C0208454C0208B3
:10FAE0002DE9F047DFF804910246C9F80000FFF75E
:10FAF00081FE8846044600260027DFF8F4A04FEA7E
:10FB0000E27CDAE9001354B1D4E90450AA427CEB58
:10FB1000000E1EDAAD1A60EB0C00C4E9045000249C
:10FB2000521843EB0C032046CAE90023C9F80040F1
:10FB300003F0FEFC2146FAF7B9FF2E48FFF73CFE22
:10FB4000D0B188F31188BFF36F8FBDE8F047FFF79E
:10FB5000C1BD691843EBE5732046C4E90467CAE9EF
:10FB60000013FFF759FE01224FF000432148C4E97A
:10FB70000423FFF721FE78B94FF499731E4A1F49F9
:10FB80001F4800F0AAFF1B491E4800F0A6FF4FF4D3
:10FB90009971194800F098FF88F31188BFF36F8FAF
:10FBA0002046A3689847EFF31188102383F3128847
:10FBB000BFF36F8F0F48FFF7F1FD58B984230E4A4A
:10FBC00011490F4800F089FF0A49104800F085FFED
:10FBD0008421DEE70748FFF705FED9F80020521B15
:10FBE000C9F80020FFF706FE044688E7342200200B
:10FBF000001A002038220020D64B02082E4C0208A2
:10FC000098440208454C0208034C0208184C0208AC
:10FC100010B5EFF31184102383F31288BFF36F8FB5
:10FC20000B48FFF7BBFD68B984230A4A0A490B4811
:10FC300000F053FF06490A4800F04FFF84210548B1
:10FC400000F042FF0248FFF7CDFD204610BD00BF87
:10FC500038220020D64B0208034C020898440208C0
:10FC6000184C020870B5EFF31186102383F3128845
:10FC7000BFF36F8F1A48FFF791FD68B98423194AC3
:10FC800019491A4800F029FF1549194800F025FFC5
:10FC90008421144800F018FF1148FFF7A3FDFFF777
:10FCA000B1FD144AD2E90045041945EBE0750C4852
:10FCB000FFF782FD68B94FF499730A4A0E490B4861
:10FCC00000F00BFF06490D4800F007FF4FF4997153
:10FCD000DFE786F31188BFF36F8F2046294670BD9A
:10FCE00038220020D64B0208034C02089844020830
:10FCF000184C0208001A00202E4C0208454C02083D
:10FD0000F8B50446EFF31187102383F31288BFF38D
:10FD10006F8F5A48FFF742FD68B98423584A594902
:10FD2000594800F0DAFE5549584800F0D6FE8421C3
:10FD3000534800F0C9FE5148FFF754FDD4E90423AD
:10FD4000B3F1004F08BF012A13D04C48FFF734FD30
:10FD5000002840F08E804FF49973494A4C494A4834
:10FD600000F0BBFE45494B4800F0B7FE4FF49971D7
:10FD7000DEE7D4E90A566A1C46F10003022A73F151
:10FD8000000334D3013D46F1FF36002EBCBF0025F1
:10FD90002E4603F0E8FB013041F10001401946EB2B
:10FDA0000101012871F100015ADB03F0DCFB6FF067
:10FDB0000203013041F10001401946EB0101834289
:10FDC0006FF000438B4150DB03F0CDFB013041F17C
:10FDD00000016FF00102401946EB01034FF0FF31C3
:10FDE000121A61EB030320462B49FFF731FD236B09
:10FDF000256A01332363D5B12048FFF7DDFC0028D5
:10FE0000A9D087F31188BFF36F8F2046A847EFF37F
:10FE10001187102383F31288BFF36F8F1748FFF702
:10FE2000BDFC00283FF479AF1448FFF7DBFC54F821
:10FE3000185FA54289D0002D87D02846FEF706FD21
:10FE400000230E48AB67FFF7B7FC002883D087F389
:10FE50001188BFF36F8F2846BDE8F840FEF7B0BCAD
:10FE60006FF001024FF0FF33BDE700224FF0004377
:10FE7000B9E787F31188BFF36F8FF8BD3C220020EC
:10FE8000D64B0208034C020898440208184C02089A
:10FE90002E4C0208454C020801FD01082DE9F843EB
:10FEA000064614461D4691469846EFF311871023E7
:10FEB00083F31288BFF36F8F2748FFF76FFC68B991
:10FEC0008423264A2649274800F007FE224926486F
:10FED00000F003FE8421214800F0F6FD1E48FFF7E4
:10FEE00081FCB5F1FF3F08BFB4F1FF3F11D11A48C3
:10FEF000FFF762FC50BB4FF49973184A1B4919482D
:10FF000000F0EBFD14491A4800F0E7FD4FF4997139
:10FF1000E1E7002D0ADB012C75F100032246BCBF8E
:10FF20000122002512F1FF3945F1FF383046FFF775
:10FF30006BFDDDE90823C6E90A2300234A46336343
:10FF4000304643460B49FFF783FCD0E787F311881F
:10FF5000BFF36F8FBDE8F8833C220020D64B020828
:10FF6000034C020898440208184C02082E4C020860
:10FF7000454C020801FD010870B50546EFF31184F8
:10FF8000102686F31288BFF36F8F2D48FFF706FC0B
:10FF900068B984232B4A2C492C4800F09EFD28493F
:10FFA0002B4800F09AFD8421264800F08DFD24485E
:10FFB000FFF718FC2846FFF727FD90B12048FFF710
:10FFC000FBFB002837D14FF499731E4A21491F4883
:10FFD00000F083FD1A49204800F07FFD4FF499712D
:10FFE000E2E76B6ACBB11648FFF7E6FB0028EAD0E0
:10FFF00084F31188BFF36F8F28466B6A9847EFF33D
:020000040802F0
:10000000118486F31288BFF36F8F0D48FFF7C6FB8C
:100010000028BED00A48FFF7E5FB05F11800FEF7FF
:100020002BFD0028CAD0FEF7CBFB2146BDE870406F
:10003000034803F053BA84F31188BFF36F8F70BD88
:100040003C220020D64B0208034C020898440208C8
:10005000184C02082E4C0208454C02082DE9F84FB6
:100060004F1E0F4206460D469A460BD02F491823C5
:100070002F4A304800F031FD2F4800F02EFD1821A6
:100080002B481CE0141D4DD241F0040B00F1140864
:10009000EFF31189102383F31288BFF36F8F40466B
:1000A000FFF77CFB68B98423244A2549214800F0E6
:1000B00014FD4146234800F010FD84211F4800F044
:1000C00003FD4046FFF78EFB224659463046D04797
:1000D00004464046FFF770FB68B94FF49973174A1E
:1000E0001949144800F0F9FC4146184800F0F5FCA5
:1000F0004FF49971E2E789F31188BFF36F8F8CB1E8
:1001000044F8046B7DB13C420DD03523084A1049B8
:10011000084800F0E2FC21462A460E4800F0DDFCCB
:100120003521ADE700242046BDE8F88FBE4802081F
:10013000AF7C020898440208D9480208D64B02084E
:10014000034C0208184C02082E4C0208454C0208C9
:10015000D37C0208057D02082DE9F04105460E46D4
:10016000174603F06EF928B9074B9B68DC6E14B98B
:10017000BDE8F081054C3B46324629462046BDE8A5
:10018000F041FFF76BBF00BFF421002048080020BA
:10019000014BC366704700BF480800200146024A71
:1001A0000020FFF7D9BF00BF090A020807B5074BB7
:1001B0004FF48052009306494FF0FF330548FDF796
:1001C0008FFF002003B05DF804FB00BF0C44020861
:1001D00008580020081A00200CB430B58BB0044633
:1001E0000D462022002102A803F03FFA0223002D31
:1001F00006948DF80A300C4B039312DB01D06B1E72
:100200001C440FAA0E9902A80794019200F082F8EC
:1002100015B1069B00221A700BB0BDE8304002B049
:1002200070470024EDE700BF4F370208242A2DE96C
:10023000F041054601D8012A0AD1354B1622F6F7BE
:10024000E5F81A5001B10D600020BDE8F08130469C
:10025000064616F8014B202CF9D0A4F109072346D5
:10026000042FF4D92B2C32D02D2C33D14FF0010C8C
:100270003378861C302B34D1307840F02000782839
:100280002BD132F0100028D1737835461022023677
:100290000CF100470020013FB7FBF2FE02FB1E7885
:1002A000392B82BF03F1FF3343F02003263B303B61
:1002B0009A421DD9704502D817D1984515D24CF0F5
:1002C000020C3446354614F8013B2646E8E74FF069
:1002D000000CCDE74FF0000CCCE7002A08BF082245
:1002E000D6E7002A08BF0A22D2E700FB0230E8E77F
:1002F00001B10D601CF0010F18BF40421CF0020F4D
:10030000A3D0034B2222F6F781F81A5038469CE717
:100310000C0000002DE9F04F43688BB080469246F8
:10032000009383789C0740F1F98000250878002825
:1003300000F0F68025280AD04B1C01930135414678
:10034000009B98470028C0F2E3800199EEE74E78C1
:100350008B1C252E0193F1D000270A22B9463C467A
:100360001F2C22D8A6F12003102B20D8DFE803F0A1
:10037000141F1F1A1F1F1F0B1F1F1F121F171F1FC6
:10038000090044F00104019B13F8016B0193002E56
:10039000E6D13AE044F0020444F00404F3E744F008
:1003A0000804F0E744F01004EDE77F2C24D8A6F110
:1003B0003003092B08D860064EBF02FB073744F014
:1003C000200402FB0939DEE72A2E0DD161065AF816
:1003D000043B53D4002BA7BF44F020049946C3F13B
:1003E000000944F02804CEE72E2E05D1630600F163
:1003F000978044F04004C6E76C2E2ED028D8682E93
:1004000032D06A2E37D04C2E35D0002F46F0200344
:10041000B8BF24F04004A3F16502BCBF0027A4B21A
:10042000022A01D9612B2BD10AF1070A07279D4E19
:100430002AF0070A0AF1080A210760D506EB070B24
:1004400034465C455DD1AE1BA9EB0709A21959E101
:10045000742E98D07A2E96D0D7E7260648BF44F45B
:10046000007444F080048EE7E00548BF44F4007453
:1004700044F4807487E744F4207484E71F4682E7DD
:10048000A6F16302122A00F2D880DFE812F013000E
:100490004D00D600D600D600D6004D00D600D600BE
:1004A000D600D600D600E800D100D600D6001A004B
:1004B000D600A0005AF8043B012704AE8DF8103096
:1004C000BAE75AF8046B784B002E08BF1E4614F0AA
:1004D000400F304614BF39464FF0FF3102F00FF99C
:1004E0000746A9E741462020009B984700280FDBDC
:1004F000013CA742F6D34D44A1462D1B9EE74C4636
:10050000F7E7414614F8010B009B9847002898DA5A
:1005100098F8023043F0040388F802304FF0FF35BA
:1005200028460BB0BDE8F08F220630D5A3052AD5AA
:100530000AF1070A2AF007039A4659685AF8080B85
:1005400024F0100B00291FFA8BFB2FDA40424BF4EA
:10055000806B61EB410104AC0A23224603F0A1F851
:100560001BF0400FA0EB040200F08E802BF0010482
:100570009742A4B240F38F80002E40F08E802BF083
:100580001104A4B21DE05AF8040BC117D8E7E00526
:100590005AF8041B01D40846F7E7A20547BF48B242
:1005A00041F3C01108B241F3C031C9E750EA010379
:1005B000D1D16306CFD5002FCDD124F011043A4616
:1005C000A4B23B4640F206410C4262D124E024F042
:1005D00010040A23A4B214F0800243D014F4007172
:1005E00017BF0AF1070A5AF8040B2AF007029246CD
:1005F0001CBF51685AF8080B50EA01023ED124F0A2
:10060000160B62061FFA8BFB3CD5002F3AD124F063
:1006100017043A463B46A4B221075AD4E10705D550
:10062000994572DDA9EB03039F184B469B464AE0B0
:1006300044F0100410237826CDE7782B04D1C6F1BE
:10064000780343F01003C6E741462520009B9847F6
:100650000028FFF65DAF02354146304670E60823BC
:100660000026B8E714F480715AF8040BC4D014F4CF
:1006700000711ABFC0B2114680B2BDE724F0060473
:100680001FFA84FB04AC68E713465C46E10699D583
:100690002EB90133C0E71346F8E73B46F6E70233CD
:1006A000BAE700BF3D7D0208367D0208CDE902327F
:1006B00041462020009B98470028FFF629AF0BF108
:1006C000010BDDE90232D945F0DCEB1A03EB0B0537
:1006D0005B46E10627D541463020CDE90232009B3A
:1006E00098470028FFF614AFDDE902327EB90135E4
:1006F0002F44791B8A4229DB144604AE94BB2A445A
:10070000A9EB03091546914440E017468EE70235F0
:1007100041463046CDE90232009B98470028DDE98A
:100720000232E5DAF4E640F206410C42E0D014F081
:10073000020F05F10105414614BF2B20202014F4BF
:10074000806FCDE9023218BF2D20E5E7CDE90232F6
:100750004146009B3020013598470028DDE90232F0
:10076000C7DAD5E6013C4146CDE90232305D009B57
:1007700098470028DDE90232C0DAC9E64146202068
:10078000009B013598470028FFF6C2AEA9EB050390
:10079000002BF3DCD9E500BF7047024670B5014479
:1007A00041F221054FF6FF70082412F8013B80EA60
:1007B000032006B2430098B2002E04F1FF33B8BF05
:1007C000684013F0FF04F4D19142EDD170BD0C28C4
:1007D0000BD868B101380B2809D8DFE800F00A0E01
:1007E0000810081208140808081618280FD000204E
:1007F0007047002301200B7070470123FAE70223A2
:10080000F8E70323F6E70423F4E70523F2E70623DA
:10081000F0E708B502F0A7FE0A220023EFF7A8FED2
:1008200008BD0A21A0FB0101FEF7AEBC10B50446CD
:10083000F0F778FC2046F0F791FCF0F781FCBDE87A
:1008400010400220FFF7EDBF38B505460C46F0F723
:1008500069FC45F04000F0F781FC0020F0F77EFCD9
:100860002046F0F77BFCF0F76BFCBDE83840022037
:10087000FFF7D7BF10B50446F0F754FC44F0200052
:10088000F0F76CFC0020F0F769FC0020F0F766FC44
:100890000446F0F755FC0220FFF7C3FF204610BDC9
:1008A00000EBC10040884008704708B5FFF7F8FF2B
:1008B000084408BD08B50346FFF7F2FFB0FA80F21E
:1008C0001846BDE80840C2F11F02F1F7EFB92DE963
:1008D000F843B1FA81F3C3F11F0800EB8809D9F896
:1008E000106005460A46A6B94FF0FF34C3F1200355
:1008F0009C40EB681C401CD094FAA4F6B6FA86F62D
:10090000331D55F8234028462146F1F7A5F9324614
:100910000BE03446032721462846FFF7C1FF8242F9
:100920000AD82846F1F798F9424621462846F1F7B9
:10093000BDF92046BDE8F88305EBC404E488013F17
:10094000C9F81040D0D0B442E5D1CDE738B504465F
:10095000FFF7A6FF0D46034611462046FFF7A0FF0E
:100960001A1892B2530004EBC50520466B80FFF7BE
:100970009CFF24F8302038BD70B50B460546FFF7C4
:100980008FFF511A89B205EBC3049B1A03444E0032
:1009900066809CB2600005EBC203588025F83210D7
:1009A00028461146FFF781FF25F8304070BD70B52D
:1009B00009B9002070BD056801F007030B33CC08AE
:1009C00004EBD304AB6828469C4228BF1C46214652
:1009D000FFF77DFF06460028EBD001462846FFF7CB
:1009E0005FFFA04207D928463219FFF7C5FF11461D
:1009F0002846F1F7E9F805EBC602104653880430A3
:100A000043F001035380D5E71146FFF7D0BF2DE92E
:100A1000F04706460D46174698462BB34FF0000A9E
:100A200098F8004093F80190DB78A40004EB4304AD
:100A300098F802301C444444CA4509D3394630462C
:100A4000AC46D8F8042008F10803BDE8F047604739
:100A500014F8013B0AF1010A204648F82340EFF759
:100A6000A1FD01300444E7E76FF01500BDE8F08711
:100A700030B502460024002012F8013B43B178B1A2
:100A80008C4207D1702B04D0A3F140053A2D07D832
:100A9000002030BDA3F140053A2D01D80134EAE72A
:100AA000252B08BF80F00100E6E700F033BA0FB451
:100AB00007B504A951F8040B019100F02BFA03B01B
:100AC0005DF804EB04B07047002383F31188BFF393
:100AD0006F8F0423184602DF70470FB407B504A9CF
:100AE00051F8040B0191FFF7E0FF03B05DF804EB50
:100AF00004B0704710B50369024613F0080009D12D
:100B00001368D4689C429BBF0120526AE31AD31A2F
:100B10000B6010BD00231846FAE713B501A904467F
:100B2000FFF7E8FF20B1019BE268013B134401930A
:100B3000606A019BC01A013802B010BD10B50446AE
:100B400050182269636AD20702D5013B184010BDD4
:100B5000984228BFC01AFAE710B504460A46C16891
:100B6000FFF7ECFF2369E06023F00803236110BD69
:100B700038B50D46026A8B00016843F00203044653
:100B800042F8213001682A46FFF7D8FFE368616820
:100B9000984208BF2369206008BF43F008032A4633
:100BA000204608BF2361FFF7C9FF606038BD2DE90B
:100BB000F74F0F460021D0F80CB0066A009216F8E5
:100BC0002B209A4602F00302022A14BF894656F8E7
:100BD0002B2006EB8B030193009B08BFC2F39D09FA
:100BE00019600446CAF80010B9F1000F07D0494651
:100BF000FFF7B2FFE368A3604FF0010804E001696A
:100C00008A0705D44FF00008404603B0BDE8F08FD6
:100C1000C16906EB8B00884716F82B10054611F0CA
:100C20000108EFD08B071DD51FB139462046FFF7CD
:100C30009FFF61682A462046FFF780FFD4E9021330
:100C40008B42606007D12A462046FFF777FF4FF0BE
:100C500000080146A0602369216043F00803E160B9
:100C60002361D1E701462046FFF776FFE168A160E6
:100C70001FB12068216A41F82090EA19CAF80020C3
:100C800021682046FFF75AFF2269206042F00802DF
:100C9000226116F82B2022F0010206F82B20DDE954
:100CA00000321A60A8E770B504461546FFF746FF04
:100CB0002368834205D12369216023F0080323615F
:100CC00070BD226AAB0043F0020342F82130616834
:100CD0002A462046FFF732FF6060F1E738B5036926
:100CE00004465B0706D5856AFFF717FF85422CBFD0
:100CF000A562A06238BD70B506460C888888241AA3
:100D00003069A4B2844285B224BF641BA4B22D1BF7
:100D1000A8B2984228BF18463368234413600B8852
:100D200003440B8070BD70B4838985880669ED1A11
:100D3000ADB2731B934228BF134670BC0A46011D17
:100D4000FFF7D9BF70B40E460146C58831F80A3F97
:100D5000EC1AA3B2934228BF1346324670BCFFF789
:100D6000CABF10B54B880C88E41AA4B294420ED3C3
:100D70001A4492B28B884A800A800069D21A92B2D1
:100D8000824201D2002010BD03448B80FAE76FF04D
:100D90001500F8E770472DE9F0411E464368012031
:100DA0005C688840D4F804C0C2F380132CEA000CBD
:100DB0008B4043EA0C0390FAA0FCBCFA8CFC4FF089
:100DC00003086360D4F808E04FEA4C0C08FA0CFC06
:100DD0002EEA0C0E90FAA0FCBCFA8CFCC2F3C113F4
:100DE0004FEA4C0C03FA0CF390FAA0FCBCFA8CFC12
:100DF00043EA0E03A360D4F80CE04FEA4C0C08FA67
:100E00000CFC2EEA0C0E90FAA0FCBCFA8CFCC2F38F
:100E100041234FEA4C0C02F0300503FA0CF343EA8D
:100E20000E03202D6FEA0007E36017D1072934D89D
:100E300090FAA0F3216A73B3B3FA83F34FF00F0C67
:100E40009B000CFA03F321EA030190FAA0F3B3FA32
:100E500083F39B0006FA03F30B432362E36AD20495
:100E60004CBF03433B40E36290FAA0F3B3FA83F331
:100E700090FAA0F00321B0FA80F022685B0001FA3A
:100E800003F340002D0922EA030385401D4325603A
:100E90000020BDE8F0812B46D0E7030AD4F824C037
:100EA00093FAA3F189B1B1FA81F193FAA3F34FF068
:100EB0000F0EB3FA83F389000EFA01F19B002CEABE
:100EC00001019E400E436662C8E72946EDE70378BC
:100ED0005B075FBF03684288C3F34A2303EB12102A
:100EE0005DBF173020F00700800800207047002009
:100EF00070470346D3E8EF0F421CC3E8E12F0029F7
:100F0000F8D1704708B502F02EFB0A220023EFF754
:100F10002FFB08BD1FB50023CDE902011A46194673
:100F20001846CDE90033F2F73DFD05B05DF804FB4E
:100F30000120F2F70FBA002070474368DA710122EE
:100F40004368196043685A71F2F7F6B970B51546EF
:100F50000C4669B1D2E901369B1B99420AD8136845
:100F60000A460146981902F05AFBAB682344AB606D
:100F7000204670BD6FF01B00FBE770B50E461546AE
:100F80001946044618B9BDE87040F2F7E3B933B129
:100F9000C2F34A231030120D184402F040FBC4E99A
:100FA00000562046BDE87040F2F748BC2DE9F341F9
:100FB0005F1C4FEA8708064608F1170020F007007B
:100FC00080080C461546F2F771FA00238DF804707C
:100FD000ADF805308DF8073068B10346019AA8F1E5
:100FE000040143F8102F2A46294452F8045B8A4230
:100FF00043F8045FF9D100233146A20102F4E07204
:1010000042EA482222F07F4222F4700222F03F029C
:1010100002B0BDE8F041FFF7B0BF07B50123019270
:1010200001AAFFF7C3FF03B05DF804FB07B5CDE9E4
:10103000002302236A46FFF7B9FF03B05DF804FB03
:101040001FB5CDE90123069B01AA03930323FFF7F4
:10105000ADFF05B05DF804FBF8B506460D46144635
:101060001F4604B9F8BD214628463A46B047241A1F
:101070000544F6E710B542680446D2E900238168CA
:101080000068FFF7E9FF002263681A6010BD0A28B4
:1010900038B504460D4602D10D20F2F721FD294650
:1010A0002046F2F71DFD002038BD2DE9F04305462E
:1010B00089B008460E8891F800900C46D1F8088057
:1010C0001746F2F7E1FC011EC6F38216C9F3C20906
:1010D0001FDB4846F2F7C4FB0346214651F8102BAC
:1010E0006088C2F34A22002A01EB020408BF0021F3
:1010F0000022C0F30B10CDE90507CDE90314284603
:101100004146CDE900220296F2F716FD09B0BDE88E
:10111000F0830023E1E7002908DB8068884205D9D5
:10112000401A904234BF00200120704700207047D1
:10113000704770B516461A4605460C46FFF7EBFF9A
:1011400048B16968E8682144826814683246A44658
:10115000BDE8704060476FF0150070BD70B5164671
:101160001A4605460C46FFF7D6FF48B16968E8689D
:101170002144826854683246A446BDE87040604706
:101180006FF0150070BD10B50B460446FFF7C3FFA6
:1011900030B16168E0681944BDE8104000F038BA29
:1011A0006FF0150010BD08B5C0688368DB6898470C
:1011B000006808BDC068704708B5C0688368DB6810
:1011C0009847407908BD30B54C680368A34201D206
:1011D000012030BD8A682244934201D30020F8E701
:1011E000D1E90452954203D36FF00B038B61F5E70D
:1011F000CA681B1B42F835304368086902EBC0021D
:1012000053600B6901330B61E2E737B50C46C0B29E
:1012100001A91546F2F7CAFE00280CDB019850B16F
:1012200021462A46F2F7E8FE04460198FFF780FFC0
:10123000204603B030BD6FF01504F9E708B50B6820
:101240004268934204D90846F2F74CFF002008BDDB
:101250004B68012013444B60F9E72DE9F0478946BC
:1012600016469846044698B3826803691344826917
:101270003344934230D80025D4E90170A6EB050A27
:101280003F1ABA4515D2B54209D2236852461844CE
:1012900009EB050102F0C3F9A3685344A360B8F158
:1012A000000F1CD0A068A8B12046BDE8F047F2F7B7
:1012B000BDBE23683A46184409EB050102F0AFF9B8
:1012C00063682046A360F2F7B1FE18B93D44D3E746
:1012D0006FF00D00BDE8F0876FF00B00FAE74046B5
:1012E000F8E7FFF7A3BE10F0700F08B500F07F021B
:1012F00003D0F3F7A7F8002008BD10F0800F4FF0DF
:10130000010018BF10329040F6E7006838B150F87D
:10131000043C04385B688B4201D04068F6E77047B4
:10132000006848B150F8043C04385B685B689B78FF
:101330008B4201D04068F4E7704730B5006888B14F
:1013400050F8043C04385B681A6A1D7F0023043A95
:10135000DCB2A54201D84068F1E7013312F833400E
:101360008C42F5D130BD08B5F3F784FE28B1406852
:1013700010F1100F14BF0020012008BD4B1CDBB280
:101380008170817680F82530C37600F8061C70479E
:1013900050E90231D0F89C0018470022036983F815
:1013A0004A207047036993F84A0050B193F8480007
:1013B00038B1D3F890209388918910695B1A9BB259
:1013C000C01A70470022036983F84B2070470369F5
:1013D00093F8490008B193F84B00704708B50246EE
:1013E000FFF7F5FF28B91046FFF7DCFF003818BFFC
:1013F000012008BD0369C3E900127047022903698F
:1014000008D004290BD001290ED1D3F89430002044
:101410001360704793F89B30C3F34003F7E793F8EA
:101420009B3003F00103F2E76FF085007047CB7942
:10143000026923B1012B02D06FF0850070470020B4
:1014400082F8A130704710B50369D3F894200A6080
:1014500093F898206AB1012A0CBF022203224A7134
:1014600093F89920501E032805D8DFE800F0050501
:1014700005050122F3E700220A7193F89A20062A53
:101480000BD0072A0BD0052A0CBF002203228A7139
:1014900093F8A1300020CB7110BD0122F7E70222A2
:1014A000F5E708B5402903693DD011D810292ED0A1
:1014B00006D801291AD008291CD06FF0120008BDE7
:1014C0002029FAD193F89C1052BB01F0FB0116E0E1
:1014D000B1F5807F33D0B1F5007F39D08029ECD1D0
:1014E00093F89C1042BB01F0EF0108E0C3F8942090
:1014F0000020E4E793F89C1032B901F0FE0183F874
:101500009C10F4F737F8F3E741F00101F7E793F89F
:101510009C1012B901F0FD01F1E741F00201EEE784
:1015200041F00401EBE793F89C1012B901F0F701C8
:10153000E5E741F00801E2E741F01001DFE793F849
:101540009C1012B901F0DF01D9E741F02001D6E784
:1015500093F89C1012B901F0BF01D0E741F04001AF
:10156000CDE770B504690546D4F88C00F1F758FD55
:1015700094F8A0300646B3B1D4F88C2093889189B2
:1015800012695B1A9BB2D31A3F2B0CD994F89E3088
:1015900033B16B6822461B6A0021187BF4F7E8F828
:1015A000002384F8A030304670BD012208B5FFF753
:1015B000D8FF013818BF4FF0FF3008BD0269D2F8DC
:1015C000901088898B8809691B1A9BB2994204BFC5
:1015D000002382F84830D2F88C300120D9885B890A
:1015E000994204BF002382F84930704770B5044621
:1015F00000F501701E46FFF730FE054636B1D4F8FF
:101600000002FFF795FD0023C4F80032284670BDA4
:101610002DE9F04187680446FB680D461646984759
:10162000BB682BB1324629462046BDE8F041184739
:101630006FF05700BDE8F08102F017B801F0EFBF7E
:1016400001460068F4F728BA08B5F4F781FABDE856
:101650000840F4F767BE0A460121FFF7DEBC00210F
:101660000120F4F719BA036E83F30B8870476FF00B
:101670008500704761B662B680F31188BFF36F8F43
:10168000704772B6002383F31188BFF36F8FBFF3E7
:101690004F8F30BF62B6BFF36F8F704740E800F3E3
:1016A00013F4803FD8B208BF6FF01500704730B513
:1016B0000C684B6885B00A894D890094013B24F081
:1016C0001F04234402F01F0242EA451223F01F03C5
:1016D00069468DF808200393F4F7D4FE05B030BDB9
:1016E00008B5D1E904319847002008BD7047416A28
:1016F0008968F5F7C7B910B5036802211C88F5F7AA
:10170000DFFA60BA80B210BD03898B420AD9436800
:1017100003EBC10053F831302BB94368002B08BFED
:10172000002070470020704737B5054608460C4634
:10173000F5F790F92846082340F8044BE268618ADF
:101740002382636900240839D31ACB1A009402213A
:10175000083201F026FB03B030BD2DE9F04F85B013
:1017600005460E4690461F4601F014F920B96FF069
:101770004C0005B0BDE8F08F4FF01409002334464B
:101780004FF0010A09FB08693B60284602A901F0F5
:10179000F5F860B1DDE902324FF0000B0093C3456C
:1017A0000CD10021284601F075F90028EDD128461A
:1017B00001F019F90028DAD00020DAE7A14598BF36
:1017C000344661688A4214D121680098019201F080
:1017D00058FF019A68B9237C7BB9D4E902312846C5
:1017E000984768B184F810A03B68143401333B601B
:1017F000CBE714340BF1010BD1E76FF06F00B8E7C2
:101800006FF02200B5E720B101280CBF0220FF20B5
:1018100070470120704702780B789A420FD30CD89A
:1018200042784B789A420AD307D842884B889A422A
:1018300005D38CBF012000207047012070474FF076
:10184000FF30704770B506460D4600F03EF804467E
:10185000304600F03DF9012C034601D9F5F76AFE48
:10186000013B84F00100032B0CD8DFE803F00806ED
:101870000902022305B12B7070BD0123FAE720464F
:101880000023F7E74FF0FF30F6E7012837B50546AC
:1018900001D9F5F765FE002000F017F80446002096
:1018A0000DF107018DF80700FFF7CCFFA84203D127
:1018B0009DF80730022B04D0631B5842584103B0F7
:1018C00030BD0120FBE770477047002070470020C3
:1018D000704770B505460E46002488B000236A465E
:1018E00031462046F6F7D2F828B920222946684624
:1018F00001F0C7FE30B1631C022B4FF00104EDD1A3
:101900004FF0FF34204608B070BD002301461A4650
:101910001846F6F7BBB8042804D8022808D809D11D
:10192000032070470638012894BF05200120704726
:101930000520704701207047002008B5F1F710FA24
:1019400070B50446BCB000F1100517AE00220023AC
:101950002846FBF747FF014608B93CB070BD03AB12
:101960006846CDE900460293F5F728FAEEE7F5F769
:1019700065B970B505460E46F6F7CEFA044618B1BD
:10198000F36A1BB129469847204670BDEA7A05F1F3
:101990001801183001F043FEF6E710B5044640B1D7
:1019A0000B6B0BB1183098472046BDE81040F5F797
:1019B00045B910BD4FF48070704738B50446018AB0
:1019C000C068F7F783FC05462046FFF7D0FF28469E
:1019D00038BD10B50446006818B1FFF7C8FF0023F2
:1019E000236010BDF0B5036804460E46154685B069
:1019F00023B1012D0BD8002005B0F0BDF6F78CFA0D
:101A00002060F5F727F82368002BF2D1F3E741F2C5
:101A1000044337889F423FD040F606139F42EAD1E5
:101A20002068F5F717F82368023DD3F80CE0188A10
:101A3000B3F812C05969ACEB000CAEEB0101009594
:101A4000B31C03AAACEB01017044F1F71DFA38BBDB
:101A50002268039B118A0B44138240F606139F42AF
:101A600007D12068038A012B1AD90C30FFF743FEF7
:101A7000A0802368A1881A8A8A42BCD310D8D9686A
:101A8000002000F011F8034650B921680A8A023A92
:101A90000A8220682360AFE723681B8A002BC2D12B
:101AA0002046FFF796FFA6E70A448A4200D1704716
:101AB00011F8013B40BA80B25840C0F303134340D1
:101AC000180380B24340580100F4FF505840ECE73F
:101AD000F9F7B0B91FB5012001A9F2F767FA18B1FB
:101AE000002005B05DF804FB019802A9F9F74CF954
:101AF0000028F5D19DF80830032B05D09DF80B0088
:101B0000431E58425841ECE70120EAE713B5012093
:101B100001A9F2F74BFA58B901220198114600F0D9
:101B2000E8FC04460198FFF703FB204602B010BD15
:101B30006FF00404F9E73038704713460A46012174
:101B4000FFF774BA002008B50B21F6F71DFC02461A
:101B500001460B20F4F750FB00220C210120F6F780
:101B600013FC11460C20F4F747FB00220D21022044
:101B7000F6F70AFC11460D20F4F73EFB00220E2179
:101B80000320F6F701FC11460E20F4F735FB002286
:101B90000F210420F6F7F8FB11460F20F4F72CFB79
:101BA000002210210520F6F7EFFB11461020F4F774
:101BB00023FB002211210620F6F7E6FB1146112037
:101BC000F4F71AFB002212210720F6F7DDFB11467D
:101BD0001220F4F711FB002213210820F6F7D4FBA2
:101BE00011461320F4F708FB002214210920F6F710
:101BF000CBFB11461420F4F7FFFA002215210A202E
:101C0000F6F7C2FB11461520F4F7F6FA002216216A
:101C10000B20F6F7B9FB11461620F4F7EDFA002277
:101C200017210C20F6F7B0FB11461720F4F7E4FA61
:101C3000002218210D20F6F7A7FB11461820F4F713
:101C4000DBFA002219210E20F6F79EFB114619201F
:101C5000F4F7D2FA00221A210F20F6F795FB11466D
:101C60001A20F4F7C9FA002008BD012001F01F0175
:101C70008840704710B50F24C20000F00C0000F13E
:101C8000884000F50830036E02F01802944023EA01
:101C9000040391400B43036610BD13460A4601211D
:101CA000FFF7C4B90A460121FFF7B7B910B50C46D2
:101CB000F6F716FC10B18460002010BD6FF015001F
:101CC000FBE710B50C46F6F70BFC20B11CB14379CD
:101CD0000020237010BD6FF01500FBE710B504461F
:101CE000F6F74CFF10B16FF0150010BD2046F6F767
:101CF0008DFF0028F9D0F6E708B5F6F7F1FB08B13B
:101D0000008808BD6FF01500FBE70B8882B0C3F3B5
:101D10000B0303F67872C2F30B02202A14D803F1E6
:101D2000884303F503331A684868024300201A60A9
:101D30000B88C3F30B0303F1884303F503331B68DC
:101D40000193019B02B070476FF08500FAE70B88A2
:101D5000C3F30B0303F67872C2F30B02202A9FBF72
:101D600003F1884303F503331A6849689BBF0020D9
:101D70008A436FF085001A607047012806D0063844
:101D80000B2834BF00206FF085007047002070479B
:101D900070B508884B68C0F30B009AB2C3F30445D2
:101DA000FFF7EBFFA0B9FF2B11D002F18841012210
:101DB000C3F34156013601F50331B2400C68013AD4
:101DC000AA401B0E24EA0202AB4013430B6070BD15
:101DD0006FF08500FBE7088808B5C0F30B0000F63C
:101DE0007873C3F30B03202B0AD800F1884000F569
:101DF000033002684B6893430CBF0220012008BDEA
:101E0000FFF7BBFF00280CBF02200120F7E7F7B562
:101E10001C460023164682682360A3600D46536962
:101E2000694601AA9847019B5A1E01921BB96FF09F
:101E3000150003B0F0BD0098A2684768216867608C
:101E400085B9B31AD0F800C0634528BF634603FBC9
:101E500007111A442160A26002689A4206D808302D
:101E60000090E0E76B1AB3FBF7F3EBE70020E0E745
:101E700013460022FFF7CBBF2DE9F047002483680B
:101E800086B0884691465B6902AA01A99847A24696
:101E90002546029BAB4202D806B0BDE8F08700267B
:101EA000019F07EBC5077B6804933A680AEB0603BA
:101EB000B24202D89A460135EBE7494603940593AE
:101EC00003A8C0470028E7D0049B01361C44ECE778
:101ED0004FF0FF324FF0FF330430FBF78BBD70B58E
:101EE0001C461646002322460D4600F042F830B943
:101EF00021462846F7F72CFA6FF0150070BD2CB17B
:101F00002246304605F1006101F089FB0020F5E72B
:101F10000020704708B5006904300122114601F025
:101F200062FAFFF7F5FF00EAE07008BD70B50446FD
:101F300000690D461646FFF7CBFF00212046F7F754
:101F40004FFA98B9294632462046F7F7C9FA0546AE
:101F500001212046F7F744FA002D14BF2E4606460D
:101F600020690430FBF7CAFC304670BD6FF00405F1
:101F7000EEE77FB506460D4614461BB141EA020363
:101F80001B0710D12946304601AAFFF771FF50B94F
:101F9000013C304601AA6119FFF76AFFB0FA80F0F0
:101FA000400904B070BD0020FBE7436800205B6877
:101FB0001B690B60704743685B68586942400A4080
:101FC00042405A6100207047436800205B68996175
:101FD0007047436800205B6899627047436800203F
:101FE0005B685A6951405961704712F4003CF8B57A
:101FF0000C46134641D0960738D555075BD550227D
:10200000D90635D542F4007203F4C061B1F5806F92
:1020100043D0B1F5C06F3DD0B1F5007F40D013F48F
:102020004036056912D06F6827FA04F1C9075FBF0F
:102030000121A14039436960BCF1000F06D01F03A4
:1020400031D501234168A34049688B6100232146B3
:10205000FEF7A1FE46B96B6823FA04F2D20741BF2E
:102060000122A24093436B600020F8BD1022C7E715
:102070009F06C9D542F48062C6E7D60305D5D506CA
:1020800005D4C2F340129202BEE73022BCE74FF4FF
:102090000072B9E742F4C072C1E742F48072BEE751
:1020A00042F08002BBE75903D0D501234168A34029
:1020B00049688B62CAE76FF08500D6E730B50368E0
:1020C00013600579046804EBC504A34202D36FF0E2
:1020D000010030BD5C7908338C42F1D10020F8E773
:1020E0002DE9F84F044600254FF0010900EBC10827
:1020F000444502D10020BDE8F88FD4F800B01BF0B1
:10210000100F20D1656845F02005CBF34420F0F78F
:10211000E5FF074608B3CBF343160BF01F0A5346FF
:102120002A463146FEF737FE0028E4DBBAF1110FEC
:1021300007D17B6809FA06F65B682A054CBF9E61E9
:102140009E620834D4E70BF01F03102B03D0112B31
:10215000DBD16568D9E73025D7E76FF01200CAE711
:102160004163704781637047C16370470164704782
:10217000836C6FF313030B4383647047C164704730
:102180004168036949681B680131B3FBF1F3002022
:10219000C2E9003070474368C1F34B101B6801F07F
:1021A0001F01C05801238B400340003B18BF01238F
:1021B00000201370704710B54368C1F34B101A68C4
:1021C0000123845801F01F018B40234383500020DA
:1021D00010BD012210B54368C1F34B14186801F01B
:1021E0001F0123588A4023EA02032350002010BD18
:1021F00038B504460D46FFF7DEFF29462046FFF7B7
:10220000E8FF002038BD036801F4006223F4006396
:1022100013430360C36801F4C02123F4C0230B43BC
:10222000C360704730B50446086808B9106008E01C
:10223000206845689D4205D3B5FBF3F5156023681A
:10224000186830BD08302060086801380860EBE786
:10225000C0F34510082804D910288CBF04200220A0
:10226000704701207047436840699BB223B980F4EE
:102270008050C0F300307047C0F3C00080F0010010
:10228000C0B2704738B5D1B1002213464D68AA429A
:102290000ED18088FFF7DCFFB3FBF0F100FB1133B8
:1022A0007BB9B1F5803FB4BF08466FF0790038BD07
:1022B0000C6804EBC204646801322344E7E7084673
:1022C000F5E76FF01500F2E70A460121FEF7A5BE1B
:1022D00070B506460C46002521463046F7F76CFEE1
:1022E000636D94F858200544EDB21B1AAA42636549
:1022F00001D9002BF0D170BD70B506460C46002503
:1023000021463046F7F7B6FE236D94F85820054471
:10231000EDB21B1AAA42236501D9002BF0D170BD82
:1023200013B5406801AA0C46FFF7C8FE002805DB7C
:10233000019B002219791868FFF7D2FE012C02D107
:10234000831C08BF002002B010BD4369DA0702D524
:1023500090F83030F9E7036823F001030360036865
:10236000DB07FCD4704710B5036944681A6922B9C9
:102370005A6003F10800FBF7C1FA2068FFF7E5FF98
:10238000002010BD4FF0E022136923F00103136118
:1023900070478068203820F00F00203870470428EC
:1023A00009D0052803D1481E18BF01207047431AE1
:1023B0005842584170470120704738B515460C46C1
:1023C00061B15AB1FEF7F8FE2146254411F8013BF0
:1023D000834203D1A942F9D1012038BD0020FCE796
:1023E00038B50C460123114622460546FEF7A1FEEC
:1023F00000280FDB012221462846FFF7DEFF18B137
:1024000003230020237038BD2378012B14BF02233F
:102410000123F6E70120F6E72DE9FF471D460646B2
:102420000F469046FEF7BFFE6C1E04444042044037
:10243000102C01D9F4F790FA3046FEF7BDFE824623
:102440002A464146684601F0EAF85146621B0DEB08
:10245000050001F00AF923466A4639463046FEF780
:102460007DFE003818BF012004B0BDE8F08707B535
:1024700001238DF8042001AAFFF7CEFF03B05DF819
:1024800004FB81680122203921F00F01FFF7EFBF23
:102490008268203A22F00F02FFF7A2BF13B50C4664
:1024A000C0B201A9F1F782FD50B921460198F8F7B1
:1024B0006BFC04460198FEF73BFE204602B010BDBF
:1024C0000124FAE70E2A13B5044601D9F4F744FAB9
:1024D0000E29FBD841EA02118DF80710FFF759FFCA
:1024E000012301460DF107022046FFF795FF02B0D8
:1024F00010BD73B50E46694604461546F8F744FC10
:1025000020BB9DF80030022B22D0032B0BD0012BD7
:1025100020D136B19DF80330032B02D12046FFF7BE
:10252000B0FF02B070BD002EFBD12046F8F70AFCC8
:1025300060B935B9A91C00222046C9B2FFF7C2FF15
:10254000EFE72046FFF79DFF0028F3D00120E8E7E2
:10255000F01CE6E7F4F700FA08B5F8F77DFD002077
:1025600008BDEFF31180102383F31288BFF36F8F40
:10257000704780F31188BFF36F8F704730B5026AE0
:102580000346D2E9014084424FF0000002D3012308
:10259000D36030BD18745068242501305060186A2B
:1025A0004268541E0268184605FB04225C1950F864
:1025B000045BA04242F8045BF9D101209960E8E78E
:1025C000F0B5064604468BB001AD0F4694460FCEDB
:1025D0000FC50FCE0FC5216A33684A682B6022B938
:1025E0000223CB6000200BB0F0BDFB072068A5687C
:1025F00013D524260B68013A06FB02337E0703D469
:102600001A7C0AB10F23ECE7224603F1240153F8A8
:10261000046B8B4242F8046BF9D1B90741BF226ABF
:10262000536803F1FF335360AC4505D2236A002B96
:10263000D8D00422DA60D5E77A0748BF20603B078C
:1026400001D40120CFE7143406AB93E8070084E8F7
:102650000700F6E710B502601A44029B0129836067
:102660004FF00003C26003740375836101D80362F5
:1026700010BD24224A43243A841804628350026A1B
:102680008C1E9460026A02295360026AD360026A57
:102690001374026A53741EBF036A24301860E7E79C
:1026A000182871F100030ED3B0F5807F71F100039B
:1026B0000BD3B0F5803F71F1000308D3002914BF9C
:1026C0000920052070470120704702207047032031
:1026D000704737B50024002508290A46CDE9004592
:1026E0000AD80146684600F09AFFDDE9000103B010
:1026F000BDE83040FFF7D4BF002003B030BD034633
:102700000020884200D170471A5C002AFBD00130BB
:10271000F7E700B1C1607047436803608368013325
:102720008360006AFFF7F5BF08B50268C3689A4284
:1027300005D3006A0821FFF7ECFF002008BD012047
:10274000FCE738B504460D46FFF7EEFF40B12368BD
:102750001B78B5EB531F04D00A21206AFFF7D9FF7D
:10276000002038BD10B50446FFF7DEFF38B12368FE
:102770001A78FF2A05D00A21206AFFF7CAFF002035
:1027800010BD01332360FBE710B5027D044632B172
:10279000FFF7E8FF48B100234FF0FF3223752046D2
:1027A000BDE810400721FFF70BBF10BD2DE9F84F22
:1027B0001D46531E072B04460E46174602D90E210E
:1027C000206A1EE020B94FF000094846BDE8F88FA6
:1027D0000029F4D0FFF7A8FF81460028F3D0A368B2
:1027E0000BB90321ECE7226892F8008008F01F0B78
:1027F000BBF11F0F14D10DB3206A28B1037C1BB1AC
:102800001521FFF786FFDEE701232B7000252368E3
:10281000013563602B442360A368013BA360D4E7C8
:10282000BBF1170F0CD9ABF11803D9B2032905D8A6
:1028300001259D40AF4204D20521C1E70721BFE732
:102840000025E36805F1010A5244934201D20821B0
:10285000B6E73A460021304600F007FF15B986F882
:1028600000B0D3E72268711E531913F8010993428F
:1028700001F8010FF9D1236A002BC8D01B7C002B73
:10288000C5D008F107085FFA88F8B8F1020FBED981
:1028900039463046FFF71DFF8245B8D015218FE736
:1028A00038B50C4611460546FFF74BFF08B9002026
:1028B00038BD042200232846A118FFF777FF00281F
:1028C000F5D02B682360F3E7002337B504468DF875
:1028D0000330FFF736FFA8B1042220460DF10303B1
:1028E0000DEB0201FFF762FF60B19DF8035065B97F
:1028F00001992046FFF742FE50B963682360A36840
:102900000133A360002003B030BD6FF00F01F0E78A
:102910002575F8E738B504460D46FFF7C1FF48B105
:102920002268E3689B1A6A689A4204D90821204603
:10293000FFF7F2FE002038BD70B50D4600210446B9
:102940001646FFF7FEFE38B1324629462046BDE85E
:1029500070400023FFF72ABF70BD0422FFF7ECBFD1
:10296000FFF7FBBF38B5022204460D46FFF7D2FF42
:1029700018B123686A681344236038BD38B5032250
:1029800004460D46FFF7C6FF18B123686A68134472
:10299000236038BD10B505210446FFF795FF50B1FF
:1029A000237D4BB96FF00042A368934205D3052104
:1029B0002046FFF7B1FE002010BD5B00A360FBE7DF
:1029C000037D23B98068B0FA80F04009704703683E
:1029D000C268934205D21878A0F1FF0358425841CB
:1029E000704700207047FFF7CFBE70B50D46072136
:1029F0000446FFF7A6FE48B123681E7806F01F06BE
:102A0000182E05D90A21206AFFF783FE002070BD29
:102A10000023012229462046FFF7C8FE0028F5D0F2
:102A2000182EF4D12B781F2BF1D815212046FFF753
:102A300073FEEBE737B50C460DF107010546FFF7CE
:102A4000D4FF58B19DF80730143BDBB2012B8DF851
:102A5000073006D90A212846FFF75EFE002003B0A2
:102A600030BD03F001032370F9E738B50D460621A8
:102A70000446FFF766FE08B9002038BD0023042293
:102A800029462046FFF792FE0028F5D0A3680133BF
:102A9000A360F2E7F0B504460E468FB021B10E21D7
:102AA000206AFFF736FE02E0FFF73EFE18B9002667
:102AB00030460FB0F0BD236800221D780023CDE919
:102AC000022322466D0905AB04F1200C1F46106855
:102AD0005168083203C762453B46F7D11068386039
:102AE000062D1CD0002308228DF804302B1F012B4B
:102AF00098BF01AE33460DEB020105A8FFF756FE65
:102B000006460028D3D0042D36D017D8023D012D1B
:102B10001FD9059B2360A368013BA360C8E701A9F7
:102B200005A8FFF7A2FF0028C1D0059B089A934291
:102B300001D30821B4E71D786D09D1E7052DE8D14F
:102B4000DDE90232B3F1004F72F1000110D32946E2
:102B5000A6E7E3682168029A5B1A9A4203D8059BAC
:102B600013440593D5E708212046FFF7D5FD9EE7DE
:102B7000DB185241CDE902329DF8045025B16FF0C7
:102B80000F020023CDE90223029B8DF82850079302
:102B900005A8FFF715FF014638B1002DB9D005A8EB
:102BA000FFF7E0FD0028B4D181E705A8FFF772FF29
:102BB0000028EDD17BE7FFF74DBD00B1C160704744
:102BC00010B50368C468A34205D30821006AFFF763
:102BD000F4FF002010BD1F2A01D90E21F6E742EABA
:102BE00041121A700368013303600120F2E770B5E7
:102BF00005460E46104619461446FFF76AFD224662
:102C00003146431E2846BDE87040F8F73BBAF8B598
:102C10001746C368026804469A420D4606D3082147
:102C2000206AFFF7CAFF00263046F8BD9B1A4A68A3
:102C30009A42F4D80E4656F8043B53B1042130466C
:102C4000FFF747FD6A6823681344E26803449A4229
:102C5000E5D33246042339462046FFF7C8FF06462F
:102C60000028E0D020682968884202D06A6800F015
:102C7000E3FC23686A6813442360D5E7082A73B528
:102C800013460C4606D90521006AFFF796FF00207F
:102C900002B070BD8E1816F9012C002A0EDA0A4611
:102CA0006C466946B24203D101214BB90E21EBE7D4
:102CB00012F8015BED4301F8015BF3E70021F4E753
:102CC0002246FFF794FFE3E7134610B52AB1BDE8AB
:102CD00010400A460021FFF78ABF0E21006AFFF765
:102CE0006CFF104610BD07B5042201910DEB0201E7
:102CF000FFF7C4FF03B05DF804FB07B504220191A0
:102D00000DEB0201FFF7E0FF03B05DF804FBFFF7F6
:102D1000F4BF0222FFF77BBF0322FFF778BF07B59E
:102D2000CDE900126946FFF7F7FF03B05DF804FB39
:102D300038B50C46054611462046FFF7E0FC214613
:102D400002462846BDE83840FFF7E9BF1F220421AC
:102D5000FFF736BF1F220521FFF732BF1F220721D1
:102D6000FFF72EBFFFF7FABF10B50A4609781839EA
:102D7000072905D9BDE8104001230721FFF737BF18
:102D80001521006AFFF719FF002010BD07B51431A7
:102D90008DF807100DF10701FFF7E6FF03B05DF8AE
:102DA00004FB1FB50024CDE90144069C0094FFF705
:102DB00051FC04B010BD0A2382B00193019B4BB9B2
:102DC000C00000F1804000F5B2300068C0F3094057
:102DD00002B07047019B013BEFE70A2382B00193E9
:102DE000019B4BB9C00000F1804000F5B230406853
:102DF000C0F3094002B07047019B013BEFE7704709
:102E0000F7B50446E0B190F8953203F0FF021BB924
:102E100080F89422FFF7F3FF0323206884F89532AB
:102E200000F0D4F9237C251D8DF8003095E80E00C4
:102E3000206800F0ADF9014630B1022384F89532E4
:102E40000125284603B0F0BD206800F0C7F900282E
:102E5000F3D102460127267904F11403C1B28E4250
:102E600003F1280321D800210A4604F5AA73C8B249
:102E7000864203F1280324D8237C8DF8003095E89E
:102E80000E00206800F0B9F905460028D5D10123CD
:102E9000607484F89532237B012B02D1204600F028
:102EA00066F9206800F0CAF9CBE743E9062203F887
:102EB000277C03F8281C03F8252C43F8102C01303C
:102EC000CCE743E9062203F8272C03F8280C03F883
:102ED000252C43F8102C0131C9E710B590F8943235
:102EE0000446012B0CD0012380F89432006800F0D6
:102EF00066F9206800F09CF9002084F8940210BD67
:102F00000220FCE710B590F894320446012B0CD057
:102F1000012380F89432006800F058F9206800F02E
:102F20008DF9002084F8940210BD0220FCE7704760
:102F300010B590F894220446012A0AD00122417467
:102F400080F89422006800F06EF9002084F8940262
:102F500010BD0220FCE770B52824054601F00700EB
:102F6000444311F0800F14BF04F1140104F5AA7159
:102F700005EB040615BF01240024747586F855413D
:102F800014BF49194919022BCB7008BF0023C2F3A3
:102F90000A0208BF0B7108700A6195F89432012B80
:102FA00009D00123286885F89432F8F7A9FD00209C
:102FB00085F8940270BD0220FCE7282301F0070287
:102FC000534311F0800F10B5044618BF03F11401EC
:102FD00018440BBF03F5AA710123002309190ABF86
:102FE0000919437580F855310A7094F89432012B11
:102FF00009D00123206884F89432F8F773FF002089
:1030000084F8940210BD0220FCE770B52824002645
:1030100001F007014C430519C5E95A2385F85411FD
:10302000C5F8706185F8556104F5AA71014400681E
:10303000F9F758F8304670BD282301F0070103FB6B
:103040000100D0F87001704770B5282501F0070124
:103050004D434419C4E90A2300260122217584F84E
:10306000382063632663627505F11401014400682A
:10307000F9F738F8304670BD10B5037901F0070252
:103080009342044624D311F0800F4FF0280316D04A
:10309000534303F1140101440344012058750123F3
:1030A0000A708B7094F894229A4213D0206884F8A6
:1030B0009432F8F7BDFF002084F8940210BD4B4312
:1030C00003F5AA7101440344002083F85501E6E7A3
:1030D0000120F3E70220F1E738B5027901F00F0390
:1030E0009A42044626D3282301F00702534311F0E5
:1030F000800F14BF03F1140103F5AA7118444FF0B7
:10310000000515BF012300230919091914BF4375D0
:1031100080F855318D700A7094F89432012B0BD0E1
:103120000123206884F89432F8F79CFF284684F83D
:10313000945238BD0120FCE70220FAE710B528249C
:1031400011F0800F1BBF01F0070104FB010004FB1D
:103150000100143008BF00F5AA7099B21AB90273C1
:10316000C180002010BD012283600273F9E70121B4
:103170000268C0F8D8120346002083F8CC02536DD1
:103180000B435365536D43F002035365704770471B
:1031900084B010B503AC84E80E0070B1036C23F06A
:1031A00000430364036C43F001030364002343649E
:1031B0001846BDE8104004B070470120F9E7034607
:1031C0004BF68072002058641A647047036C23F435
:1031D0003F4323F0800303640020704729B9036C48
:1031E00023F00043036400207047012903D1036CDE
:1031F00043F00043F6E70120704784B010B5044661
:1032000003A880E80E00012300202364236C23F030
:1032100001032364236C23F0004323646064BDE84E
:10322000104004B0704709B98023C3640020704780
:10323000836D43F40043836500207047836D23F45E
:103240000043836500207047406C704702F1804264
:1032500002F5B232F0B51446D81C800813F003030F
:1032600018BF00F1FF30860001EB800081420CD1D5
:1032700053B100210C46455CCF00BD4001312C43C9
:103280008DB2AB42F7D19451F0BD51F8045B44F8D4
:10329000045BEBE702F1804202F5B23270B51446EE
:1032A000D81C800813F0030318BF00F1FF3085001D
:1032B00001EB800081420BD14BB154590022D10067
:1032C00024FA01F18154013291B28B42F7D170BDE1
:1032D00054F8046B41F8046BECE738B5044648B188
:1032E000F7F7E6FCF02305465C43F7F7E1FC431BE8
:1032F000A342FAD338BD40B1C368587810F001003A
:103300001EBF1878B0FA80F040097047EFF31183C0
:10331000102383F31288BFF36F8FFEE710B400F120
:103320000C04C0E903440024446110BCEEF7A4BDC2
:1033300010B582696AB1C36842EA0301890708D1FE
:103340004169A2FB011424B95B182CBF01210021A3
:1033500002D36FF0150005E001619B1A42698A42B1
:1033600001D8002010BD026901311A608269036131
:103370009B1AF3E713B501240094F9F7BFFD02B0DF
:1033800010BD90F90E308B4201D0FBF7C3BB00207B
:10339000704710B5044630B10268930703D0446803
:1033A00009B100F034F9204610BD0023C0E9003314
:1033B000836000F10C03C0E903337047012307B5B4
:1033C000009300230A461946FAF74EF903B05DF858
:1033D00004FB002307B50A4600931946FAF744F99F
:1033E00003B05DF804FB3AB18A4205D3C0E902128A
:1033F000C0E90000002070476FF0150070470123FE
:1034000002688B4022EA0303036022FA01F000F015
:103410000100704720B100228C301146FCF77AB8C9
:10342000704710B5FAF7D2FD041E08DDEFF31180E6
:10343000102383F31288BFF36F8FFBF745FC204600
:1034400010BDEFF30580003818BF012070476FF002
:103450005700704700207047D0E9003213605A606F
:103460000023C0E90033704738B504460D46FBF72A
:103470007FF8237C43F002032374D5B1A5602B6849
:103480009D4209D16B68C4E900531C606C6010E078
:103490006A689A42F6D01B68002BF3D093F90E109D
:1034A00094F90E209142F3DD5A68C4E900321460A9
:1034B0005C6038BD10B5037C044613F0280F0CD1B6
:1034C00083680BB1FBF72AF9237C204623F0040321
:1034D0002374BDE81040FAF7E3BF10BDFBF7D8B87E
:1034E00038B5054604680020AC4200D138BD002C38
:1034F000FCD02046FBF712F904F11800FCF784FA1F
:103500002046FAF7CDFF2C680120A542EDE7C11750
:10351000633008B54FF064024FF0000341F1000141
:10352000EDF726F8C117FBF7A5FD6423584308BD46
:1035300008B50246FCF75EF970B1D0E904319B1A78
:1035400061EBE272B3F1004F72F1000104DA002A7C
:10355000ACBF1846002008BD6FF00040FBE708B57F
:10356000FCF780FB08BDFCF77DBBB3F1FF3F08BF54
:10357000B2F1FF3F70B506461D46144614D01A43FB
:1035800016D0002B08DBFCF76DFB041941EB05019D
:10359000C6E90041304670BD6FF001031C1B4FF0BF
:1035A000FF3363EB0501F3E74FF0FF342146EFE70C
:1035B0000024FBE7B3F1FF3F08BFB2F1FF3FF8B5CE
:1035C000074616461C4610D054EA020311D0FCF7F9
:1035D00049FBB0420A46A14103460AD2F31A64EB02
:1035E0000204C7E900343846F8BD4FF0FF331C46EB
:1035F000F7E70023FBE70023C0E9081200F11802F7
:10360000C0E90622C0E9003303634363704720B179
:10361000011F50F8040CF9F767BA704770470A4465
:10362000431E914200D1704710B511F8014B9142F1
:1036300003F8014FF9D110BD884210B501EB020427
:1036400002D98442234607D8431EA14207D011F86D
:10365000012B03F8012FF8E70244824200D110BD8C
:1036600013F8011D02F8011DF7E7024403469342D7
:1036700000D1704703F8011BF9E70A220021FCF78B
:10368000D5BD0139024410B5904201D1002005E0BA
:10369000037811F8014FA34201D0181B10BD01306F
:1036A000F2E7F0B5C3F13707044603F01F031046F5
:1036B000FFB2082BE6B232D0102B3DD06508A4082B
:1036C00045EAC17544EA81748A082D1942EB51021A
:1036D000290941EA02716D1842EB1212290A41EAE6
:1036E00002616D1842EB1222290C41EA02416D1869
:1036F00042EB1242AD1842F10002EC0844EA427477
:10370000D10804EB8402A6EB4205EDB2092D0CD9D9
:103710000134A5F10A0541F10001EDB212E0E4081F
:1037200006F0070544EA4174C908303554EA01023D
:1037300000F8015BBDD1F0BD240906F00F0544EA95
:1037400001740909092D84BFED19EDB2EDE7D1E946
:10375000043293421EBF5A1C0A6118707047000061
:1037600054CEFE7F01000000000000006038020817
:1037700089300108000000005925020800000000FF
:1037800099CA01080000000091CB01080000000068
:10379000000000007C380208000000009439020894
:1037A0000000000078390208000000005C390208BF
:1037B000000000004039020800000000243902081F
:1037C000000000000839020800000000EC38020880
:1037D00000000000D038020800000000B4380208E1
:1037E0000000000098380208451B02080000000095
:1037F00000000000B039020800000000CC390208C7
:1038000011AA010800000000CD31010800000000ED
:10381000B569010800000000DD5801080000000043
:10382000AD0102080000000000000000E8390208B5
:1038300000000000043A020800000000203A0208DC
:103840002D5A010800000000FD6C01080000000076
:10385000E97E0108000000008D7F010800000000E3
:10386000C06A020800000000F03C0208DC070020EB
:1038700000000000FD8F0108000000001B6E020820
:1038800094420208D83C0208E20700200000000031
:103890000000000000000000B94C02083C3F020894
:1038A000AC3C0208C4070020D81A0020BD30010833
:1038B00000000000C74C0208503F0208AC3C020860
:1038C000C6070020E81A0020BD30010800000000F3
:1038D000D54C0208643F0208AC3C0208C80700202F
:1038E000F81A0020BD30010800000000E34C020877
:1038F000783F0208AC3C0208CA070020081B0020E1
:10390000BD30010800000000F14C02088C3F0208A5
:10391000AC3C0208CC070020181B0020BD30010879
:1039200000000000FF4C0208A03F0208AC3C020867
:10393000CE070020281B0020BD3001080000000039
:103940000D4D0208B43F0208AC3C0208D00700202D
:10395000381B0020BD300108000000001B4D02088C
:10396000C83F0208AC3C0208D2070020481B0020D8
:10397000BD30010800000000294D0208DC3F0208AC
:10398000AC3C0208D4070020581B0020BD300108C1
:1039900000000000016602080000000000000000B6
:1039A000DA07002000000000298201080000000062
:1039B00002570208380A00200C3D0208D6070020F2
:1039C000C00400202D550108000000001357020814
:1039D000140A00200C3D0208D807002070050020C2
:1039E0002D55010800000000B46B02080000000023
:1039F000943C0208DE07002008070020151F02087B
:103A0000000000000D6E02080C420208D03C0208C3
:103A1000E00700201C070020E19B010800000000D7
:103A20006D6F0208BC420208E83C0208E40700206F
:103A30002807002041A1010800000000000000004C
:103A40005F160208000000005F1602080000000078
:103A50005F160208000000005F1602080000000068
:103A60005F160208000000005F1602080000000058
:103A70005F160208000000005F1602080000000048
:103A80005F160208000000005F1602080000000038
:103A90005F1602086C7E0208E58201086A7E020851
:103AA000E5820108687E0208E5820108667E020858
:103AB000E5820108647E0208E5820108627E020850
:103AC000E5820108607E0208E58201085E7E020848
:103AD000E58201085C7E0208E58201085A7E020840
:103AE000E5820108587E0208E5820108567E020838
:103AF000E5820108547E0208E5820108527E020830
:103B0000E5820108507E0208E58201084E7E020827
:103B1000E5820108000000005F16020800000000B6
:103B20005F160208000000005F1602080000000097
:103B30005F160208000000005F1602080000000087
:103B40005F160208000000005F1602080000000077
:103B50005F160208000000005F1602080000000067
:103B60005F160208000000005F1602080000000057
:103B70005F160208000000005F1602080000000047
:103B80005F160208000000005F1602080000000037
:103B90005F160208000000005F1602080000000027
:103BA0005F160208000000005F1602080000000017
:103BB0005F160208000000005F1602080000000007
:103BC0005F160208000000005F16020800000000F7
:103BD0005F160208000000005F16020800000000E7
:103BE0005F160208000000005F16020800000000D7
:103BF0005F160208000000005F16020800000000C7
:103C00005F160208000000005F16020800000000B6
:103C10005F160208000000005F16020800000000A6
:103C20005F160208000000005F1602080000000096
:103C30005F160208000000005F1602080000000086
:103C40005F160208000000005F1602080000000076
:103C50005F160208000000005F1602080000000066
:103C60005F160208000000005F1602080000000056
:103C70005F160208000000005F1602080000000046
:103C80005F160208000000005F1602080000000036
:103C900009850108DF1E02086994010825940108BE
:103CA000259301082D93010899960108EB1F02083E
:103CB000AB1F0208B71F0208C91F0208D31F020862
:103CC000DD1F020869970108C59601080000000081
:103CD000B19801088121020897210208B721020842
:103CE000D3210208F1210208D9A1010867230208A3
:103CF0000B1D02084F1D020800000000418F010843
:103D0000D71D020800000000911D0208AB15020833
:103D1000B9550108000000002F14020847140208DA
:103D20003554010863150208155401089B13020855
:103D3000A5130208F5530108C5130208000000008E
:103D4000CF1302080000000000000000DD1302088D
:103D5000BD150208F5130208A3140208FD1302089A
:103D60003B51020803000000AB47020803000000BB
:103D7000B46A020803000000364B0208030000008A
:103D80001F660208030000006C57020803000000D1
:103D90006257020803000000CE6B02080300000017
:103DA000036C0208030000005F4E020803000000DD
:103DB000634E0208030000009C6502080300000037
:103DC0002D700208030000003564020803000000A3
:103DD0004464020803000000FB64020803000000C2
:103DE000015E020803000000666002080300000094
:103DF000B9600208030000004D72020803000000D1
:103E0000B149020803000000116E0208030000001F
:103E10004B4D0208030000007A6F02080300000007
:103E2000AE6A020803000000374D020803000000DC
:103E3000834C020803000000146B0208030000001A
:103E40002557020803000000A76A020803000000CB
:103E50006A550208030000006253020803000000D4
:103E6000F455020803000000A4400208881B00204B
:103E7000FB4F020801000000517A0108617E010831
:103E8000343F02082C3F0208243F02081C3F02086E
:103E9000143F02080C3F0208043F0208FC3E0208DF
:103EA000F43E0208EC3E0208E43E0208A8000000CE
:103EB0000200000000C2010000000801FF02FF0430
:103EC000FF05FF06FF00000080841E0000010000C7
:103ED00000000000000000000000000000000000E2
:103EE0000000000078390208010000005C39020877
:103EF00009000000243902080600200024390208C5
:103F000005000000083902080A000000083902080C
:103F1000080000005C39020802000000783902083D
:103F2000070000007839020806000000783902080E
:103F3000050000007839020804001100FFFF0000AE
:103F400000200242080000008C0000000001000078
:103F5000FFFF0000001C0242070000008C00000070
:103F600080000000FFFF0000001802420600000071
:103F70008C00000040000000FFFF0000001402421F
:103F8000050000008C00000020000000FFFF000082
:103F900000100242040000008C000000100000002D
:103FA000FFFF0000000C0242030000008C00000034
:103FB00008000000FFFF00000008024202000000AD
:103FC0008C00000004000000FFFF0000000402421B
:103FD000010000008C00000002000000FFFF000054
:103FE00000000242000000008C0000000100000000
:103FF000783902085C39020840390208243902087D
:1040000008390208EC380208D0380208B43802082F
:1040100098380208000000000000000000000000C6
:104020000000000000000000000000000000000090
:104030000000000000000000000000000000000080
:104040000000000000000000000000000000000070
:104050000000000000000000E00A00200001000055
:10406000310F0208CF0E020802000000AB10020858
:104070000000000000000000000000000000000040
:10408000DB4F0208E34F02080000000000000000C0
:1040900000000000EB4F0208EF4F0208F34F020848
:1040A000F74F0208913E0108853E0108B53E010820
:1040B0006D3E010800000000793E0108000000008C
:1040C000113F0108901B002060220020100000001A
:1040D00004000000000000000000000000000100DB
:1040E000E83902080100000000000100000007009C
:1040F000E839020802000000000008000000070084
:10410000E83902080300000000000F000000010071
:10411000E8390208C0040020000000000600010089
:10412000020000002841020800000008B15F0208F8
:1041300002000000E0FF0F0800000020B95F020845
:1041400021000000E0FF0320316A010800000000A8
:10415000ED160208FD760108F17801080000000064
:10416000597C010800000000000000000000000071
:10417000000000000000000000000000000000003F
:10418000DD7B0108857E0108857E010800000000B6
:10419000000000000000000000000000000000001F
:1041A000000000000000000000000000000000000F
:1041B0006D7E010848410208C441020880010000E8
:1041C00000000000B06B0020F06402080000000056
:1041D00000000000DC41020801000000E441020888
:1041E000020000006A010000000000008A010000D7
:1041F00000000000A4000000000000010700000013
:10420000E40024031000000000FF00000040014013
:10421000000000000000000000000000000000009E
:104220002C420208020000003C420208A4000000E8
:10423000000001000D000000FF00000044420208E1
:10424000010000004C42020801000000A408000028
:1042500000000000612102086521020869210208AE
:104260006D210208712102087D210208040000006E
:1042700040000000000400000040000001000000B9
:10428000100000000001000000100000000001000C
:1042900000001000000C024400000080000000003C
:1042A000000000100000002000000030000000406E
:1042B000000000500000006000000070003C004062
:1042C000F0420208E0420208020000000100000083
:1042D0000000000000000000FFFF000010000000D0
:1042E0009C000000008000000F000000E00046007D
:1042F000F842020801000000004302080300000029
:1043000066020000800500008602000080050000B3
:10431000A70200008005000000000000200000004F
:10432000400000006000000080000000A0000000CD
:10433000C0000000E00000000001000020010000BB
:10434000400100006001000080010000A0010000A9
:10435000C0010000E00100000300000004000000B4
:104360000500000006000000070000000800000033
:10437000090000000A0000000B0000000C00000013
:104380000D0000000E0000000F00000010000000F3
:1043900011000000120000001300000014000000D3
:1043A00015000000160000001700000018000000B3
:1043B000190000001A0000001B0000001C00000093
:1043C0001D0000001E0000001F0000001C700208FD
:1043D000217002082670020801000000020000009F
:1043E0009D710208AB710208BF710208CE7102080C
:1043F000DA710208683702086837020800380208D4
:104400000838020840380208603802082D7D02088A
:104410000001000088130000FA00F401E803100016
:104420002DE15D29410B8D77679C110F1F8A574540
:1044300053545F544F504449522F7A6570687972D3
:104440002F696E636C7564652F7A65706879722F59
:10445000647269766572732F6770696F2E680028C1
:10446000666C616773202620282831203C3C20346C
:1044700029207C202831203C3C2035292929202155
:104480003D20282831203C3C203429207C20283124
:10449000203C3C2035292900415353455254494F73
:1044A0004E204641494C205B25735D2040202573FA
:1044B0003A25640A000950756C6C20557020616EB5
:1044C000642050756C6C20446F776E2073686F7534
:1044D0006C64206E6F7420626520656E61626C652D
:1044E000642073696D756C74616E656F75736C793A
:1044F0000A00212828666C61677320262028315520
:104500004C203C3C202831362929292026262021F0
:1045100028666C6167732026202831554C203C3C6E
:10452000202831372929292026262028666C616712
:10453000732026202831203C3C20312929290009DC
:10454000496E7075742063616E6E6F7420626520B1
:10455000656E61626C656420666F7220274F7065BE
:104560006E20447261696E272C20274F70656E2083
:10457000536F7572636527206D6F6465732077696B
:1045800074686F7574204F75747075740A002866AE
:104590006C6167732026202831203C3C203129297A
:1045A00020213D2030207C7C2028666C61677320B0
:1045B00026202831203C3C20322929203D3D203036
:1045C00000286366672D3E706F72745F70696E5F5E
:1045D0006D61736B202620286770696F5F706F7242
:1045E000745F70696E735F74292831554C203C3CB0
:1045F000202870696E29292920213D203055000985
:10460000556E737570706F727465642070696E0A90
:104610000050574D2C20535049332C206F722047A7
:1046200050494F20696E697469616C697A61746977
:104630006F6E206661696C6564004E5343313030A3
:1046400032205045352050574D3A20323030206BC3
:10465000487A2C20353025250055534220434443C9
:1046600020656E61626C65206661696C65643A20E4
:1046700025640041445331323939207265676973CA
:1046800074657220766572696669636174696F6EBC
:10469000206661696C65643B207265747279696E2D
:1046A00067004D4355626F6F7420696D61676520C7
:1046B000636F6E6669726D6174696F6E20666169A1
:1046C0006C65643A202564004D4355626F6F742019
:1046D000696D61676520636F6E6669726D656420E0
:1046E00061667465722041445331323939207365F3
:1046F0006C662D636865636B004144533132393910
:104700002056313920636F6E74726F6C2072656150
:1047100064793A203235302F3530302F3130303017
:10472000205350532C20535242312C2072756E74FA
:10473000696D65206368616E6E656C2F6761696E77
:104740002F424941532F4C4F46462F6D6F6465737E
:10475000006672616D65733D25752072663D257535
:10476000206572723D2575207573623D2575206345
:1047700074726C3D2575207265706C793D257520CD
:1047800072756E3D256420726174653D2575206DDE
:104790006F64653D2575206D61736B3D2530327802
:1047A00020626961733D253032780062636962611D
:1047B0006E645F73746D3332006865617020636F7F
:1047C0007272757074696F6E202866726565206CF0
:1047D000697374206C696E6B616765290068656137
:1047E0007020636F7272757074696F6E20286672C4
:1047F0006565206368756E6B206C696E6B616765BB
:1048000029006865617020636F7272757074696FDA
:104810006E20286E6F7420696E207573653F2920A5
:104820006174202570006865617020636F72727515
:104830007074696F6E2028627566666572206F7687
:104840006572666C6F773F2920617420257000685F
:1048500065617020636F7272757074696F6E202865
:104860006C656674206E65696768626F723F2920A7
:104870006174202570006865617020636F727275C5
:104880007074696F6E2028646F75626C6520667243
:1048900065653F2920617420257000574553545F9A
:1048A000544F504449522F7A65706879722F6C6961
:1048B000622F686561702F686561702E63002861E2
:1048C0006C69676E20262028616C69676E202D2038
:1048D000312929203D3D20300009616C69676E2037
:1048E0006D757374206265206120706F776572202A
:1048F0006F6620320A006279746573202F20385564
:10490000203C3D2030783766666655000968656151
:10491000702073697A6520697320746F6F206269F3
:10492000670A006279746573203E20686561705F74
:10493000666F6F7465725F627974657328627974EB
:104940006573290009686561702073697A6520695B
:104950007320746F6F20736D616C6C0A0068656101
:10496000705F737A203E206368756E6B737A28736C
:10497000697A656F6628737472756374207A5F68EC
:104980006561702929006368756E6B305F73697AA1
:1049900065202B206D696E5F6368756E6B5F736950
:1049A0007A65286829203C3D20686561705F737ACC
:1049B000006F735F6865617000574553545F544FD3
:1049C000504449522F7A65706879722F6C69622F52
:1049D0006F732F63627072696E74665F7061636B70
:1049E000616765642E630009537472696E6720778E
:1049F00069746820746F6F206D616E7920617267D1
:104A0000756D656E74730A00097374725F707472E9
:104A10005F706F735B5D20746F6F20736D616C6C82
:104A20000A0009746F6F206D616E7920666F726D78
:104A3000617420617267730A00696E5F7061636BF5
:104A40006167656420213D202828766F6964202AEB
:104A50002930290028756E7369676E6564292063A3
:104A6000686172202A207573656420666F72202544
:104A7000257020617267756D656E742E20497427EC
:104A800073207265636F6D6D656E64656420746F0D
:104A9000206361737420697420746F20766F696479
:104AA000202A2062656361757365206974206D61D9
:104AB00079206361757365206D69736265686176DD
:104AC000696F7220696E206365727461696E20631C
:104AD0006F6E66696775726174696F6E732E2053AD
:104AE0007472696E673A2225732220617267756D50
:104AF000656E743A256400736370795F636E742029
:104B00003C2073697A656F66286370795F7374728D
:104B10005F706F7329006B6565705F636E74203C16
:104B20002073697A656F66286B6565705F73747250
:104B30005F706F73290063627072696E74665F7074
:104B400061636B61676500574553545F544F504430
:104B500049522F7A65706879722F696E636C75643B
:104B6000652F7A65706879722F6B65726E656C2E31
:104B70006800216B5F69735F7072655F6B65726E51
:104B8000656C282900096B5F63757272656E745FCE
:104B90006765742063616C6C6564207072652D6B51
:104BA00065726E656C0A00574553545F544F50440C
:104BB00049522F7A65706879722F6C69622F6F7312
:104BC0002F6D7073635F706275662E63006572721D
:104BD000203D3D203000574553545F544F504449C9
:104BE000522F7A65706879722F696E636C7564658F
:104BF0002F7A65706879722F7370696E6C6F636B52
:104C00002E68007A5F7370696E5F6C6F636B5F769E
:104C1000616C6964286C290009496E76616C69646D
:104C2000207370696E6C6F636B2025700A007A5F69
:104C30007370696E5F756E6C6F636B5F76616C69C4
:104C400064286C2900094E6F74206D792073706997
:104C50006E6C6F636B2025700A004661696C656439
:104C600020746F207265626F6F743A207370696E82
:104C70006E696E6720656E646C6573736C792E2E39
:104C80002E0A007379735F6765746F7074005745FF
:104C900053545F544F504449522F7A65706879726B
:104CA0002F6C69622F7574696C732F72696E675F00
:104CB0006275666665722E63006770696F40343294
:104CC000303232303030006770696F403432303209
:104CD00031633030006770696F40343230323138C0
:104CE0003030006770696F403432303231343030E8
:104CF000006770696F4034323032313030300067D5
:104D000070696F4034323032306330300067706920
:104D10006F403432303230383030006770696F4065
:104D20003432303230343030006770696F403432A2
:104D30003032303030300073746D33325F62616313
:104D40006B75705F646F6D61696E00736F630057A0
:104D50004553545F544F504449522F7A65706879D7
:104D6000722F696E636C7564652F7A6570687972ED
:104D70002F6C6F6767696E672F6C6F675F62616327
:104D80006B656E642E68006261636B656E642021E2
:104D90003D202828766F6964202A293029006C6F0D
:104DA0006767696E6700574553545F544F504449D5
:104DB000522F7A65706879722F7375627379732FC9
:104DC0006C6F6767696E672F6C6F675F636F726583
:104DD0002E63006C6F675F6261636B656E645F6317
:104DE0006F756E745F6765742829203C202828330E
:104DF00032202F20335529202D202831202B203000
:104E00002929006261636B656E64203C3D205F6C04
:104E10006F675F6261636B656E645F6C6973745F1B
:104E2000656E640009756E657870656374656420ED
:104E30006C69737420656E64206C6F636174696F54
:104E40006E0A006C6F675F6261636B656E645F63BF
:104E50006F756E745F6765742829203E2030006C82
:104E60006F67006C6F675F6D676D74004D6573737E
:104E7000616765202822257322292064726F707073
:104E80006564206265636175736520697420657867
:104E900063656564732073697A65206C696D6974F4
:104EA0006174696F6E202825752900574553545F3A
:104EB000544F504449522F7A65706879722F737538
:104EC000627379732F6C6F6767696E672F6C6F679A
:104ED0005F6D73672E6300706C656E203E3D203001
:104EE000004D6573736167652064726F70706564EF
:104EF00020626563617573652069742065786365F8
:104F00006564732073697A65206C696D6974617476
:104F1000696F6E2028257529000D0A0057455354E6
:104F20005F544F504449522F7A65706879722F73DD
:104F300075627379732F6C6F6767696E672F6C6F1B
:104F4000675F6F75747075742E63006F75745F633F
:104F500074782D3E636F6E74726F6C5F626C6F63FA
:104F60006B2D3E6F6666736574203C3D206F7574D3
:104F70005F6374782D3E73697A65001B5B306D004A
:104F80006C6576656C203C3D203400257320005B09
:104F90002530386C755D20005B253032753A253040
:104FA00032753A253032752E253033752C25303345
:104FB000755D20003C25733E200025732F0025736E
:104FC0003A2000657272203E3D2030002530327854
:104FD0002000202020007C002563001B5B313B3338
:104FE000316D001B5B313B33336D006572720077AE
:104FF000726E00696E6600646267006C6F675F6264
:1050000061636B656E645F72747400666C61736873
:105010005F7772697465206572726F7220256420F3
:105020006F66667365743D30782530387A7800662F
:105030006C6173682072656164206661696C656487
:105040003A2025640063616C6C6261636B20666169
:10505000696C65643A202564004275666665722055
:1050600073697A6520697320626967676572207465
:1050700068616E20706167650042756666657220C2
:1050800073697A65206973206E6F7420616C69673B
:105090006E656420746F206D696E696D616C207738
:1050A000726974652D626C6F636B2D73697A65002C
:1050B000496E636F727265637420706172616D65B1
:1050C0007465720053697A6520697320696E636F35
:1050D00072726563740052657175657374656420DE
:1050E00072616E6765206F766572666C6F7773208C
:1050F00053495A455F4D41580044657669636520C0
:105100007365656D7320746F20686176652030204B
:1051100073697A6500526571756573746564207290
:10512000616E6765206F766572666C6F7773206459
:1051300065766963652073697A6500535452454109
:105140004D5F464C41534800574553545F544F50B0
:105150004449522F7A65706879722F73756273793A
:10516000732F7573622F6465766963652F7573623B
:105170005F6465766963652E63006366675F64617B
:105180007461203C3D205F7573625F6366675F6496
:105190006174615F6C6973745F656E6400536574FC
:1051A0002068616C7420657020307825303278007A
:1051B000436C6561722068616C7420657020307882
:1051C0002530327800456E64706F696E74203078D7
:1051D0002530327820697320696E76616C696400CD
:1051E000456E64706F696E74203078253032782097
:1051F000616C72656164792064697361626C656475
:10520000004661696C656420746F20646973616233
:105210006C6520656E64706F696E7420307825301F
:10522000327800456E64706F696E74203078253076
:10523000327820616C726561647920636F6E666993
:105240006775726564004661696C656420746F20DF
:10525000636F6E66696775726520656E64706F69ED
:105260006E742030782530327800456E64706F6936
:105270006E742030782530327820616C72656164FC
:105280007920656E61626C6564004661696C656475
:1052900020746F20656E61626C6520656E64706F4E
:1052A000696E7420307825303278004661696C650B
:1052B0006420746F20777269746520656E64706F06
:1052C000696E7420627566666572203078253032AA
:1052D00078005265717565737420627566666572D3
:1052E00020746F6F20736D616C6C005553422064A5
:1052F000657669636520737570706F727420616C78
:10530000726561647920656E61626C6564004661F6
:10531000696C656420746F20636F6E66696775726F
:105320006520555342206465766963652073746116
:10533000636B004572726F6E656F7573206465767E
:105340006963652064657363726970746F72206F3E
:105350007220624D61785061636B657453697A6540
:1053600030007573625F6465766963650030313261
:105370003334353637383941424344454600574582
:1053800053545F544F504449522F7A657068797274
:105390002F7375627379732F7573622F64657669E5
:1053A00063652F7573625F64657363726970746F90
:1053B000722E6300726574203D3D20300009466105
:1053C000696C656420746F2066696E642076616C18
:1053D000696420624D61785061636B657453697ACA
:1053E00065300A005468657265206973206E6F200D
:1053F0007573625F6366675F6461746120666F7274
:1054000020257000556E696E697469616C697A65F2
:1054100064207573625F6366675F646174612070A6
:105420006F696E7465722C20636F7272757074652B
:10543000642064657669636520646573637269706E
:10544000746F723F004661696C656420746F2076EA
:10545000616C696461746520656E64706F696E74F7
:105460007300746865206E657720534E2064657301
:1054700063726970746F7220646F65736E27742035
:1054800068617665207468652073616D65206C6560
:105490006E67746820617320434F4E4649475F55DD
:1054A00053425F4445564943455F534E006275661B
:1054B0005B61736369695F6964785F6D61785D20C2
:1054C0003E2030783146202626206275665B617367
:1054D0006369695F6964785F6D61785D203C203045
:1054E00078374600094F6E6C79207072696E74616E
:1054F000626C652061736369692D3720636861722E
:105500006163746572732061726520616C6C6F7782
:10551000656420696E2055534220737472696E670A
:105520002064657363726970746F72730A00496EE8
:10553000636F6D706C657465206465766963652062
:1055400064657363726970746F72004661696C653B
:105550006420746F2066697875702055534220640A
:10556000657363726970746F72007573625F6465EE
:105570007363726970746F72005472616E736665E2
:1055800072206572726F722025642C206570203045
:1055900078253032780052582064617461206C6F35
:1055A00073742C206E6F207472616E736665720066
:1055B0004E6F207472616E7366657220736C6F74C7
:1055C00020617661696C61626C6500412074726172
:1055D0006E7366657220697320616C7265616479AF
:1055E000206F6E676F696E672C206570203078259C
:1055F000303278007573625F7472616E73666572C3
:10560000004465766963652064617461206E6F741F
:1056100020666F756E6420666F7220636667202552
:10562000700052696E6720627566666572206675E5
:105630006C6C2C20646973636172642064617461B2
:10564000004465766963652064617461206E6F74DF
:1056500020666F756E6420666F7220656E64706F71
:10566000696E742025750044657669636520646100
:105670007461206E6F7420666F756E6420666F7241
:1056800020696E74657266616365202575005269D4
:105690006E67206275666665722066756C6C2C207C
:1056A00064726F7020257A64206279746573004497
:1056B000657669636520636F6E6669677572656498
:1056C0000044657669636520646973636F6E6E6517
:1056D00063746564004465766963652073757370EF
:1056E000656E646564004465766963652072657300
:1056F000756D65640066726F6D2073757370656E8D
:1057000064004243492D42616E6420444655204363
:105710004443004243492D42616E642044617461F8
:1057200020434443007573625F6364635F61636D2C
:1057300000757362776F726B71004661696C6564A6
:1057400020746F20726561642064617461206672E8
:105750006F6D20666C61736820617265613A202507
:105760006400666C6173685F696D6700666C617385
:1057700068002A2A2A20426F6F74696E67206E5271
:105780004620436F6E6E6563742053444B2076331E
:105790002E342E302D3939353533303535363037D6
:1057A00062202A2A2A0A002A2A2A205573696E674B
:1057B000205A6570687972204F532076342E342E2B
:1057C000302D626638303165346533643139202AD2
:1057D0002A2A0A0072302F61313A20203078253091
:1057E0003878202072312F61323A202030782530ED
:1057F0003878202072322F61333A202030782530DB
:1058000038780072332F61343A20203078253038D0
:1058100078207231322F69703A2020307825303864
:1058200078207231342F6C723A202030782530384D
:10583000780020787073723A2020307825303878DC
:10584000004661756C74696E6720696E7374727559
:105850006374696F6E20616464726573732028726B
:1058600031352F7063293A2030782530387800554B
:105870006E68616E646C6564204952516E3A2025F1
:1058800064002A2A2A2A2A205553414745204641A6
:10589000554C54202A2A2A2A2A0020204469766955
:1058A00073696F6E206279207A65726F00202055CF
:1058B0006E616C69676E6564206D656D6F727920CD
:1058C000616363657373002020537461636B206FA1
:1058D000766572666C6F772028636F6E7465787476
:1058E0002061726561206E6F742076616C69642935
:1058F0000020204E6F20636F70726F636573736F4B
:105900007220696E737472756374696F6E730020B0
:1059100020496C6C6567616C206C6F6164206F66F8
:10592000204558435F52455455524E20696E746F5E
:10593000205043002020496C6C6567616C207573B2
:1059400065206F6620746865204550535200202002
:10595000417474656D707420746F2065786563752B
:10596000746520756E646566696E656420696E7322
:105970007472756374696F6E002A2A2A2A2A204D70
:105980005055204641554C54202A2A2A2A2A0020C4
:1059900020537461636B696E67206572726F722049
:1059A00028636F6E746578742061726561206D691B
:1059B000676874206265206E6F742076616C69641C
:1059C00029002020556E737461636B696E672065D2
:1059D00072726F72002020446174612041636365BC
:1059E00073732056696F6C6174696F6E0020204D6F
:1059F0004D46415220416464726573733A20307899
:105A00002578002020496E737472756374696F6E17
:105A1000204163636573732056696F6C6174696FAD
:105A20006E002020466C6F6174696E672D706F691F
:105A30006E74206C617A7920737461746520707261
:105A400065736572766174696F6E206572726F72CC
:105A500000574553545F544F504449522F7A657054
:105A60006879722F617263682F61726D2F636F7234
:105A7000652F636F727465785F6D2F6661756C74E6
:105A80002E6300212828285343425F5479706520F3
:105A90002A2920282830784530303045303030559C
:105AA0004C29202B20307830443030554C29202987
:105AB0002D3E434653522026202831554C203C3C55
:105AC00020283055202B20345529292900095374CA
:105AD00061636B696E67206F72204461746120415D
:105AE00063636573732056696F6C6174696F6E20B0
:105AF0006572726F7220776974686F757420737441
:105B000061636B2067756172642C20757365722DFB
:105B10006D6F6465206F72206E756C6C2D706F698F
:105B20006E74657220646574656374696F6E0A0AC9
:105B3000002A2A2A2A2A20425553204641554C54ED
:105B4000202A2A2A2A2A002020537461636B696E56
:105B500067206572726F72002020507265636973EE
:105B600065206461746120627573206572726F7262
:105B70000020204246415220416464726573733AAA
:105B80002030782578002020496D70726563697334
:105B900065206461746120627573206572726F7232
:105BA000002020496E737472756374696F6E206291
:105BB0007573206572726F720052657365727665D7
:105BC0006420457863657074696F6E202800537097
:105BD0007572696F757320696E7465727275707411
:105BE00020284952512000535053454C20696E20C3
:105BF000746872656164206D6F646520646F65739D
:105C0000206E6F7420696E646963617465205053FF
:105C1000500065736620213D202828766F69642036
:105C20002A293029000945534620636F756C64208A
:105C30006E6F742062652072657472696576656442
:105C4000207375636365737366756C6C792E20536E
:105C500068616C6C206E65766572206F6363757227
:105C60002E0A002A2A2A2A2A204841524420464144
:105C7000554C54202A2A2A2A2A00202042757320B3
:105C80006661756C74206F6E20766563746F722028
:105C90007461626C652072656164002020446562F5
:105CA0007567206576656E740020204661756C749A
:105CB00020657363616C6174696F6E20287365651C
:105CC0002062656C6F772900415243485F45584315
:105CD000455054207769746820726561736F6E2037
:105CE00025780A00094661756C7420657363616CE0
:105CF0006174696F6E20776974686F75742046539C
:105D00005220696E666F0A000948617264466175C7
:105D10006C7420776974686F7574204846535220FC
:105D2000696E666F205368616C6C206E6576657273
:105D3000206F636375720A002A2A2A2A2A20446582
:105D4000627567206D6F6E69746F72206578636528
:105D50007074696F6E202A2A2A2A2A002A2A2A2A7F
:105D60002A20257320256429202A2A2A2A2A005736
:105D70004553545F544F504449522F7A65706879A7
:105D8000722F617263682F61726D2F636F72652F5E
:105D9000636F727465785F6D2F6972715F6D616E8C
:105DA0006167652E63007072696F203C3D20282872
:105DB00031554C203C3C2028342929202D203129E4
:105DC0000009696E76616C6964207072696F72692E
:105DD000747920256420666F7220256420697271B1
:105DE000212076616C756573206D75737420626512
:105DF000206C657373207468616E20256C750A0AC7
:105E0000006D7075004661696C656420746F206177
:105E10006C6C6F63617465206E6577204D50552002
:105E2000726567696F6E2025750A0050617274692A
:105E300074696F6E2025753A20636F686572656EB0
:105E4000636520636865636B206661696C65642EB9
:105E500000496E76616C696420756E6465726C7958
:105E6000696E6720726567696F6E20696E64657818
:105E700020257500574553545F544F504449522FC5
:105E80007A65706879722F617263682F61726D2F05
:105E9000636F72652F6D70752F61726D5F6D7075B8
:105EA0002E630009436F6E6669677572696E6720BD
:105EB000257520737461746963204D505520726597
:105EC00067696F6E73206661696C65640A0A000910
:105ED0004D61726B696E6720257520617265617313
:105EE00020666F722064796E616D696320726567E8
:105EF000696F6E73206661696C65640A0A000952F5
:105F000065717565737420746F20636F6E66696761
:105F10007572653A20257520726567696F6E73200A
:105F200028737570706F727465643A202575290A3C
:105F30000A002128726567696F6E5B6964785D2E5F
:105F400064745F617474722026202831554C203CA3
:105F50003C202830292929000952414D5F4E4F43EA
:105F60004143484520776974682044545F4D454D4E
:105F70005F434143484541424C4520617474726916
:105F8000627574650A0A00094661696C656420746B
:105F90006F20616C6C6F63617465204D5055207289
:105FA0006567696F6E732066726F6D2044540A0ACC
:105FB00000464C4153485F30005352414D5F300022
:105FC000574553545F544F504449522F7A65706877
:105FD00079722F6C69622F6C6962632F7069636FCD
:105FE0006C6962632F6173736572742E6300574529
:105FF00053545F544F504449522F7A6570687972F8
:106000002F6C69622F6E65745F6275662F627566AC
:106010002E63006275662D3E6672616773203D3D9A
:10602000202828766F6964202A29302900706F6F34
:106030006C007265715F73697A65203C3D207369FD
:106040007A65006C697374006275662D3E726566D0
:10605000000962756620257020646F75626C65208A
:10606000667265650A006E65745F62756600574505
:1060700053545F544F504449522F7A657068797277
:106080002F6C69622F6E65745F6275662F6275662C
:106090005F73696D706C652E63006275662D3E6C72
:1060A000656E203D3D203055006275662D3E6C6565
:1060B0006E203E3D206C656E006E65745F62756695
:1060C0005F73696D706C6500574553545F544F5052
:1060D0004449522F7A65706879722F7375627379AB
:1060E000732F6D676D742F6D63756D67722F6D679C
:1060F0006D742F7372632F6D676D742E630068610A
:106100006E646C6572203C3D205F6D63756D6772D7
:106110005F68616E646C65725F6C6973745F656EF5
:10612000640072630067726F7570004661696C6528
:106130006420746F206F70656E20666C61736820D8
:10614000617265612049442025753A202564004626
:1061500061696C656420746F206572617365206687
:106160006C61736820617265613A20256400466144
:10617000696C656420746F20726561642064617469
:10618000612066726F6D20666C6173683A202564C9
:106190000043616E27742062696E6420746F2074FE
:1061A000686520666C61736820617265612028658E
:1061B00072722025642900626164206F66667365CF
:1061C0007420283078256C782900696D6167652016
:1061D000736C6F74206572617365206F6620307810
:1061E000257A78206279746573206661696C6564CC
:1061F00020286572722025642900457261736564E8
:10620000203078257A78206279746573206F662053
:10621000696D61676520736C6F7400696D61676596
:1062200020736C6F7420747261696C657220657282
:10623000617365206F66203078257A7820627974E2
:106240006573206661696C6564202865727220251B
:10625000642900457261736564203078257A78205E
:106260006279746573206F6620696D61676520735C
:106270006C6F7420747261696C6572005745535479
:106280005F544F504449522F7A65706879722F736A
:1062900075627379732F6D676D742F6D63756D679C
:1062A000722F6772702F696D675F6D676D742F69EC
:1062B0006E636C7564652F6D676D742F6D63756D9E
:1062C00067722F6772702F696D675F6D676D742FCE
:1062D000696D675F6D676D745F707269762E6800B7
:1062E000736C6F74203E3D203020262620736C6F27
:1062F00074203C202831203C3C2031290009496D84
:10630000706F737369626C6520736C6F74206E7547
:106310006D6265720A0076657273696F6E003C3F4C
:106320003F3F3E006861736800626F6F7461626C2A
:10633000650070656E64696E6700636F6E66697292
:106340006D656400616374697665007065726D6186
:106350006E656E7400696D616765730073706C695A
:1063600074537461747573004661696C656420626E
:106370006F6F745F7365745F6E657874207769748E
:106380006820636F64652025642C20666F7220731B
:106390006C6F742025642C207769746820616374A5
:1063A00069766520736C6F7420256420616E6420AB
:1063B000636F6E6669726D20256400636F6E666937
:1063C000726D002568752E2568752E256875002E5E
:1063D0002575006F666600696D61676500736861A9
:1063E000007570677261646500496D61676520754D
:1063F000706C6F616420696E737065637420666190
:10640000696C65643A2025640049727265636F7631
:10641000657261626C65206572726F723A20666C9B
:10642000617368207772697465206661696C656460
:106430003A202564006D63756D67725F696D675FF3
:10644000677270006D63756D67725F6F735F6772FF
:106450007000574553545F544F504449522F7A654A
:10646000706879722F7375627379732F6D676D74AD
:106470002F6D63756D67722F7472616E73706F72BA
:10648000742F7372632F736D702E630028736D7099
:10649000742D3E66756E6374696F6E732E6F7574BE
:1064A00070757420213D202828766F6964202A2980
:1064B000302929000952657175697265642074720A
:1064C000616E73706F7274206F757470757420666E
:1064D000756E6374696F6E20706F696E746572207B
:1064E00063616E6E6F74206265204E554C4C0A00DD
:1064F0006D63756D677220736D70006D63756D6788
:10650000725F736D7000574553545F544F50444948
:10651000522F7A65706879722F7375627379732F51
:106520006D676D742F6D63756D67722F7472616E18
:1065300073706F72742F7372632F73657269616CFD
:106540005F7574696C2E63007263203D3D203000DE
:106550006473745F6C656E203D3D203400466C6151
:106560007368206F70656E206172656120257520EB
:106570006661696C65643A202564004661696C65F2
:106580006420746F2067657420736563746F722074
:1065900064657461696C733A202564006D6375628B
:1065A0006F6F745F64667500496E76616C69642014
:1065B0006C696E65206E756D626572202575005779
:1065C0004553545F544F504449522F7A657068794F
:1065D000722F647269766572732F696E7465727258
:1065E0007570745F636F6E74726F6C6C65722F6917
:1065F0006E74635F657874695F73746D33322E6394
:1066000000696E746572727570742D636F6E74724A
:106610006F6C6C657240343430323230303000652B
:106620007874695F73746D333200574553545F5407
:106630004F504449522F7A65706879722F6472699D
:10664000766572732F696E746572727570745F63AC
:106650006F6E74726F6C6C65722F696E74635F67B6
:1066600070696F5F73746D33322E63002828286C55
:10667000696E652920213D203055292026262028B5
:1066800028286C696E652920262028286C696E658B
:1066900029202D2031552929203D3D2030552929FB
:1066A0000009496E76616C69642F636F7272757050
:1066B000746564204C4C5F455854495F4C494E45C5
:1066C0005F6E2076616C75650A0028286C696E65BE
:1066D00029203C2031203F202D31203A2028736989
:1066E0007A656F66285F5F747970656F665F5F2893
:1066F0006C696E652929203E2034203F20283634DD
:10670000202D205F5F6275696C74696E5F636C7ABF
:106710006C6C286C696E6529202D203129203A2067
:10672000283332202D205F5F6275696C74696E5F5B
:10673000636C7A286C696E6529202D2031292929FE
:10674000203C203136006972716E756D20213D202C
:1067500030784646004E6F742076616C696420651F
:106760006E64706F696E743A202530327800696EFD
:1067700076616C696420657020307825303278004D
:10678000636C6F636B20636F6E74726F6C206465F3
:1067900076696365206E6F74207265616479004369
:1067A0006F756C64206E6F742073656C6563742004
:1067B00055534220646F6D61696E20636C6F636B2B
:1067C00000556E61626C6520746F20656E61626C4D
:1067D000652055534220636C6F636B004661696CA2
:1067E000656420746F206765742055534220646F80
:1067F0006D61696E20636C6F636B207261746500FC
:1068000055534220436C6F636B206973206E6F7425
:106810002034384D487A20282564290055534220D9
:1068200070696E6374726C20736574757020666134
:10683000696C65642028256429005043445F496ED3
:106840006974206661696C65642C2025640050437E
:10685000445F53746F70206661696C65642C2025F9
:1068600064005043445F5374617274206661696CC4
:1068700065642C2025640048414C5F5043445F53BD
:10688000657441646472657373206661696C6564E4
:1068900028307825303278292C2025640048414C56
:1068A0005F5043445F45505F52656365697665207C
:1068B0006661696C656428307825303278292C202F
:1068C000256400574553545F544F504449522F7A22
:1068D00065706879722F647269766572732F75734B
:1068E000622F6465766963652F7573625F64635FA9
:1068F00073746D33322E6300726573203D3D20301A
:1069000000696E76616C696420656E64706F696E93
:106910007420636F6E66696775726174696F6E006B
:10692000656E64706F696E7420696E6465782F613E
:10693000646472657373206F7574206F6620726172
:106940006E67650048414C5F5043445F45505F535C
:1069500065745374616C6C206661696C6564283081
:106960007825303278292C2025640048414C5F502E
:1069700043445F45505F436C725374616C6C206696
:1069800061696C656428307825303278292C20259F
:10699000640048414C5F5043445F45505F4F706511
:1069A0006E206661696C65642830782530327829FC
:1069B0002C2025640048414C5F5043445F45505FA4
:1069C000436C6F7365206661696C65642830782557
:1069D000303278292C20256400556E61626C652068
:1069E000746F20676574207772697465206C6F63BB
:1069F0006B20282564290048414C5F5043445F4583
:106A0000505F5472616E736D6974206661696C6564
:106A10006428307825303278292C20256400496E8E
:106A200076616C696420456E64706F696E742025B0
:106A3000780057726F6E6720656E64706F696E7450
:106A400020646972656374696F6E3A20307825300E
:106A500032780057726F6E6720617267756D656E70
:106A60007473006B5F6D7367715F70757428292094
:106A70006661696C65643A2025640065705F7374B3
:106A800061746500094E6F20636F72726573706F79
:106A90006E64696E672065705F73746174652066EB
:106AA0006F722065700A007573625F64635F737450
:106AB0006D33320063616368655F73746D333200F8
:106AC00072636340343430323063303000496E7367
:106AD000756666696369656E74206275666665725F
:106AE000732C20667261676D656E742064726F70BE
:106AF000706564004C696E6520746F6F206C6F6EFA
:106B0000672C20667261676D656E742064726F70A9
:106B100070656400756172745F6D63756D67720096
:106B2000526561642072616E676520696E76616C82
:106B300069642E204F66667365743A20256C642C58
:106B4000206C656E3A20257A750054696D656F7505
:106B500074212076616C3A202564206D73004572A3
:106B60006173652072616E676520696E76616C691C
:106B7000642E204F66667365743A20256C642C2061
:106B80006C656E3A20257A750057726974652072BB
:106B9000616E676520696E76616C69642E204F6650
:106BA000667365743A20256C642C206C656E3A20FF
:106BB000257A7500666C6173682D636F6E74726FF1
:106BC0006C6C657240343030323230303000666C7C
:106BD0006173685F73746D3332004E534352206C9F
:106BE0006F636B65640A00576F7264206174206F75
:106BF00066667320256C64206E6F74206572617305
:106C0000656400666C6173685F73746D33326C35F4
:106C100000574553545F544F504449522F7A657082
:106C20006879722F696E636C7564652F7A65706818
:106C300079722F647269766572732F6770696F2F2E
:106C40006770696F5F7574696C732E680063616C3F
:106C50006C6261636B00094E6F2063616C6C6261F2
:106C6000636B210A0063616C6C6261636B2D3E682B
:106C7000616E646C657200094E6F2063616C6C62BA
:106C800061636B2068616E646C6572210A006362E7
:106C90002D3E68616E646C657200496E76616C6948
:106CA00064206368616E6E656C202825642900434A
:106CB000616E6E6F74207365742050574D206F7530
:106CC000747075742C20706572696F6420637963C9
:106CD0006C65732025752065786365656473203164
:106CE000362D6269742074696D6572206C696D69F6
:106CF000742E004368616E6E656C202564206861A7
:106D000073204E4F20636F6D706C656D656E74619E
:106D10007279206F757470757400436F756C6420A0
:106D20006E6F7420696E697469616C697A6520633D
:106D30006C6F636B202825642900436F756C642099
:106D40006E6F7420636F6E66696775726520636C21
:106D50006F636B20282564290054696D6572206378
:106D60006C6F636B20726174652067657420657257
:106D7000726F7220282564290054696D6572206342
:106D80006C6F636B20736F75726365206973206E1F
:106D90006F74207370656369666965640050574D50
:106DA0002070696E6374726C2073657475702066F0
:106DB00061696C656420282564290025733A205494
:106DC000696D657220646F6573206E6F74207375D2
:106DD00070706F7274206D61737465726D6F64652D
:106DE0000053657474696E67206465616474696DCD
:106DF00065202564206F6E2061206E6F6E2D62729B
:106E000065616B2074696D65722025730070776D04
:106E10000070776D5F73746D3332007265736574E3
:106E20002D636F6E74726F6C6C6572005570646167
:106E30007465206578636565647320637572726537
:106E40006E742062756666657200436F756C6420AF
:106E50006E6F742073656C656374205350492064B1
:106E60006F6D61696E20636C6F636B00436F756C4F
:106E700064206E6F7420656E61626C6520535049AA
:106E800020636C6F636B004E6F20646174612077C8
:106E90006964746820646566696E656420666F72F3
:106EA000207468697320696E7374616E636500464F
:106EB00061696C65642063616C6C20636C6F636BEB
:106EC0005F636F6E74726F6C5F6765745F7261741D
:106ED000652870636C6B5B315D29004661696C6588
:106EE000642063616C6C20636C6F636B5F636F6EB7
:106EF00074726F6C5F6765745F726174652870632C
:106F00006C6B5B305D290042756666657220736943
:106F10007A652065786365656473206D6178696D55
:106F2000616C20737570706F727465642076616C2B
:106F300075650025733A206572723D256400556EB3
:106F4000737570706F7274656420667265717565B3
:106F50006E6379202575487A2C206D61782025751F
:106F6000487A2C206D696E202575487A0073706907
:106F7000403430303033633030007370695F737485
:106F80006D3332004255473B2063616E27742068A1
:106F9000617070656E005365636F6E646172792015
:106FA000696D616765206F6620696D616765207036
:106FB000616972202825642E2920697320756E72FC
:106FC0006561636861626C652E205472656174202E
:106FD000697420617320656D70747900496D616713
:106FE0006520696E6465783A2025642C20537761AA
:106FF0007020747970653A20257300496D6167656A
:1070000020696E6465783A2025642C20537761707E
:1070100020747970653A206E6F6E650074657374C4
:10702000007065726D00726576657274006D6375CF
:10703000626F6F745F7574696C005465726D696E10
:10704000616C00574553545F544F504449522F7A56
:1070500065706879722F6B65726E656C2F646576EA
:107060006963652E63007263203E3D202D283078D1
:10707000666629202626207263203C2030000964A1
:10708000657669636520257320696E69743A2069A5
:107090006E76616C6964206572726F722028256457
:1070A000290A0048616C74696E672073797374658E
:1070B0006D00556E6B6E6F776E206572726F720029
:1070C000756E6B6E6F776E003E3E3E205A4550489F
:1070D000595220464154414C204552524F5220258E
:1070E000643A202573206F6E20435055202564009C
:1070F0004661756C7420647572696E6720696E7480
:107100006572727570742068616E646C696E670A6E
:107110000043757272656E74207468726561643ABA
:10712000202570202825732900574553545F544F5C
:10713000504449522F7A65706879722F6B65726E70
:10714000656C2F666174616C2E6300726561736F8C
:107150006E20213D204B5F4552525F4B45524E45BC
:107160004C5F50414E49430009417474656D707421
:10717000656420746F207265636F76657220667235
:107180006F6D2061206B65726E656C2070616E6939
:107190006320636F6E646974696F6E0A00435055B3
:1071A00020657863657074696F6E00556E68616EF6
:1071B000646C656420696E746572727570740053D6
:1071C0007461636B206F766572666C6F77004B65D8
:1071D000726E656C206F6F7073004B65726E656CBC
:1071E0002070616E696300574553545F544F50449B
:1071F00049522F7A65706879722F6B65726E656C73
:107200002F696E69742E63007468726561645F64CF
:10721000617461203C3D205F5F7374617469635FDA
:107220007468726561645F646174615F6C697374D2
:107230005F656E6400646576203C3D205F64657622
:107240006963655F6C6973745F656E64006F73007A
:10725000574553545F544F504449522F7A657068D4
:1072600079722F6B65726E656C2F6B686561702E1D
:10727000630021617263685F69735F696E5F697340
:10728000722829207C7C20282874696D656F7574AC
:10729000292E7469636B73203D3D202828286B5F7D
:1072A00074696D656F75745F74297B307D29292E33
:1072B0007469636B732900090A0068656170203C7A
:1072C0003D205F6B5F686561705F6C6973745F65BB
:1072D0006E6400574553545F544F504449522F7ABF
:1072E00065706879722F6B65726E656C2F6D656D58
:1072F0005F736C61622E6300736C6162203C3D20A1
:107300005F6B5F6D656D5F736C61625F6C697374F9
:107310005F656E640028736C61622D3E6672656500
:107320005F6C697374203D3D202828766F69642066
:107330002A29302920262620736C61622D3E696E31
:10734000666F2E6E756D5F75736564203D3D2073AD
:107350006C61622D3E696E666F2E6E756D5F626C3C
:107360006F636B7329207C7C20736C61625F707427
:10737000725F69735F676F6F6428736C61622C2042
:10738000736C61622D3E667265655F6C697374290A
:107390000009736C616220636F7272757074696F3B
:1073A0006E2064657465637465640A0009496E76CD
:1073B000616C6964206D656D6F727920706F696EA4
:1073C0007465722070726F76696465640A0057454F
:1073D00053545F544F504449522F7A657068797204
:1073E0002F6B65726E656C2F696E636C7564652FAB
:1073F0006B73636865642E680021617263685F69FE
:1074000072715F756E6C6F636B6564286B6579294B
:10741000007468726561642D3E626173652E7065EB
:107420006E6465645F6F6E00574553545F544F50F0
:107430004449522F7A65706879722F6B65726E6558
:107440006C2F69646C652E63005F6B65726E656C92
:107450002E637075735B305D2E63757272656E742A
:107460002D3E626173652E7072696F203E3D203043
:1074700000574553545F544F504449522F7A65701A
:107480006879722F6B65726E656C2F6D73675F71B3
:107490002E6300286D7367712D3E77726974655F86
:1074A000707472203E3D206D7367712D3E6275666B
:1074B0006665725F73746172742920262620286DB8
:1074C0007367712D3E77726974655F707472203CCA
:1074D0003D20286D7367712D3E6275666665725F2B
:1074E000656E64202D203129292026262028287326
:1074F000697A655F74292875696E747074725F7437
:1075000029286D7367712D3E6275666665725F65C9
:107510006E64202D206D7367712D3E7772697465DE
:107520005F70747229203E3D206D7367712D3E6D32
:1075300073675F73697A6529002173697A655F6D86
:10754000756C5F6F766572666C6F77286D61785FBA
:107550006D7367732C206D73675F73697A652C2078
:10756000262873697A655F74297B307D2900217331
:10757000697A655F6164645F6F766572666C6F7768
:10758000282873697A655F74292875696E74707428
:10759000725F74296275666665722C206D61785F12
:1075A0006D736773202A206D73675F73697A652C2A
:1075B00020262873697A655F74297B307D290057FE
:1075C0004553545F544F504449522F7A657068793F
:1075D000722F6B65726E656C2F6D757465782E6396
:1075E0000021617263685F69735F696E5F697372BE
:1075F000282900096D7574657865732063616E6E66
:107600006F74206265207573656420696E736964A8
:107610006520495352730A006D757465782D3E6C70
:107620006F636B5F636F756E74203E20305500573B
:107630004553545F544F504449522F7A65706879CE
:10764000722F6B65726E656C2F73656D2E630028EB
:1076500028617263685F69735F696E5F697372281E
:1076600029203D3D203029207C7C20282874696D0C
:10767000656F7574292E7469636B73203D3D2028F6
:1076800028286B5F74696D656F75745F74297B3032
:107690007D29292E7469636B73292900574553543A
:1076A0005F544F504449522F7A65706879722F6B3E
:1076B00065726E656C2F776F726B2E6300776F72D9
:1076C0006B2D3E717565756520213D202828766FEC
:1076D0006964202A29302900776F726B2D3E68611A
:1076E0006E646C657220213D202828766F696420C5
:1076F0002A2930290021666C61675F7465737428DC
:107700002671756575652D3E666C6167732C204B1F
:107710005F574F524B5F51554555455F535441524A
:107720005445445F4249542900717565756500648C
:10773000776F726B20213D202828766F6964202A9C
:1077400029302900574553545F544F504449522F14
:107750007A65706879722F6B65726E656C2F7468CC
:10776000726561642E6300282828287072696F2969
:1077700029203D3D203135202626207A5F69735F20
:1077800069646C655F7468726561645F656E74726C
:10779000792828656E747279292929207C7C202813
:1077A00028283135202D203129203E3D2028282D24
:1077B00031362929292026262028287072696F2928
:1077C00029203E3D2028282D313629292026262013
:1077D00028287072696F2929203C3D2028313520E6
:1077E0002D20312929290009696E76616C69642090
:1077F0007072696F7269747920282564293B206151
:107800006C6C6F7765642072616E67653A202564E1
:1078100020746F2025640A000954687265616473DE
:10782000206D6179206E6F742062652063726561DE
:1078300074656420696E20495352730A005745539A
:10784000545F544F504449522F7A65706879722FB3
:107850006B65726E656C2F73636865642E630021BF
:107860007A5F69735F69646C655F7468726561648F
:107870005F6F626A65637428746872656164290069
:10788000574553545F544F504449522F7A6570689E
:1078900079722F6B65726E656C2F696E636C75649F
:1078A000652F6B7468726561642E68005F6B65722A
:1078B0006E656C2E637075735B305D2E63757272CE
:1078C000656E7420213D202828766F6964202A295E
:1078D0003029002169735F7468726561645F647543
:1078E0006D6D792874687265616429005745535439
:1078F0005F544F504449522F7A65706879722F6BEC
:1079000065726E656C2F696E636C7564652F6B7341
:107910007761702E6800617263685F6972715F756C
:107920006E6C6F636B6564286B657929207C7C20A5
:107930005F6B65726E656C2E637075735B305D2E68
:1079400063757272656E742D3E626173652E746824
:10795000726561645F73746174652026202828282D
:1079600031554C203C3C202830292929207C2028D6
:107970002831554C203C3C2028332929292900094D
:10798000436F6E7465787420737769746368696E89
:1079900067207768696C6520686F6C64696E672022
:1079A0006C6F636B210A0073697A656F66285F7379
:1079B000636865645F7370696E6C6F636B29203DEB
:1079C0003D2030207C7C206C6F636B20213D202685
:1079D0005F73636865645F7370696E6C6F636B007F
:1079E0005F6B65726E656C2E637075735B305D2EB8
:1079F00063757272656E742D3E626173652E73637A
:107A00006865645F6C6F636B656420213D20315550
:107A1000005F6B65726E656C2E637075735B305DB5
:107A20002E63757272656E742D3E626173652E737E
:107A3000636865645F6C6F636B656420213D203013
:107A40005500217465726D696E617465000961622B
:107A50006F72746564205F63757272656E74206204
:107A600061636B2066726F6D20646561640A00213A
:107A7000657373656E7469616C000961626F72741D
:107A8000656420657373656E7469616C20746872D7
:107A90006561642025700A00574553545F544F5068
:107AA0004449522F7A65706879722F6B65726E65E2
:107AB0006C2F74696D65736C6963696E672E630002
:107AC000282874696D656F7574292026262028285A
:107AD00075696E747074725F742928736C6963655C
:107AE0005F74696D656F7574732929203C3D20288A
:107AF0002875696E747074725F74292874696D6575
:107B00006F7574292920262620282875696E7470BF
:107B100074725F74292874696D656F7574292920E2
:107B20003C20282875696E747074725F7429282649
:107B300028736C6963655F74696D656F757473290B
:107B40005B282873697A655F7429282828696E7410
:107B50002973697A656F6628636861725B31202DCD
:107B6000202832202A202128215F5F6275696C74E9
:107B7000696E5F74797065735F636F6D706174694E
:107B8000626C655F70285F5F747970656F665F5FB8
:107B900028736C6963655F74696D656F75747329AB
:107BA0002C205F5F747970656F665F5F282628738D
:107BB0006C6963655F74696D656F757473295B309B
:107BC0005D292929295D29202D203129202B2028D4
:107BD00073697A656F6628736C6963655F74696D34
:107BE000656F75747329202F2073697A656F662815
:107BF00028736C6963655F74696D656F757473294B
:107C00005B305D292929295D29292026262028285D
:107C10002875696E747074725F74292874696D6553
:107C20006F75742929202D20282875696E74707449
:107C3000725F742928736C6963655F74696D656F21
:107C400075747329292920252073697A656F662840
:107C500028736C6963655F74696D656F75747329EA
:107C60005B305D29203D3D20302900574553545F4E
:107C7000544F504449522F7A65706879722F6B6562
:107C8000726E656C2F74696D656F75742E6300215B
:107C90007379735F646E6F64655F69735F6C696E3F
:107CA0006B65642826746F2D3E6E6F6465290057DE
:107CB0004553545F544F504449522F7A6570687948
:107CC000722F6B65726E656C2F6D656D706F6F6C6A
:107CD0002E6300616C69676E203D3D2030207C7C06
:107CE00020282875696E747074725F74296D656DD3
:107CF00020262028616C69676E202D2031292920DB
:107D00003D3D203000096D6973616C69676E656483
:107D1000206D656D6F727920617420257020286157
:107D20006C69676E203D20257A75290A0073797386
:107D3000776F726B7100286E756C6C29002A666C07
:107D40006F61742A007F7F7F7F7F7F7F7F7F7F7F50
:107D50007F7F7F7F7F7F7F7F7F7F7F7F7F7F7F7F33
:107D60007F7F7F7F7F7F7F7F7F7F7F7F7F7F7F7F23
:107D70003E7F7F7F3F3435363738393A3B3C3D7F55
:107D80007F7F407F7F7F000102030405060708090B
:107D90000A0B0C0D0E0F10111213141516171819CB
:107DA0007F7F7F7F7F7F1A1B1C1D1E1F20212223A8
:107DB0002425262728292A2B2C2D2E2F303132330B
:107DC0007F7F7F7F7F4142434445464748494A4B36
:107DD0004C4D4E4F505152535455565758595A6165
:107DE00062636465666768696A6B6C6D6E6F7071FB
:107DF00072737475767778797A30313233343536F8
:107E00003738392B2F206D65737361676573206474
:107E1000726F70706564202D2D2D0D0A1B5B306D07
:107E2000001B5B313B33316D2D2D2D20000A0204E8
:107E30000C01171D050501010101060101010103E6
:107E400002010101030303030103030106060F01FD
:107E50000E010D010C010B010A01090108010701C6
:107E600006010501040103010201010100010001F5
:107E7000020304050607080A00020406080A0C0E9D
:107E800010140000080000000800000800000000B6
:107E90000404040438387370695F73746D33325F9F
:107EA0006765745F657272000401040304020401D3
:107EB00004010403010403040104000000000000A5
:107EC00054545220524547474553000102020303D0
:107ED00003030000FFFFFFFFFFFFFFFF00000000A4
:107EE0000000000000000000000000000000000092
:107EF0000000000000000000000000000000000082
:107F00000000000000000000000000000000000071
:107F10000000000000000000000000000000000061
:107F20000000000000000000000000000000000051
:107F30000000000000000000000000000000000041
:107F40000000000000000000000000000000000031
:107F50000000000000000000000000000000000021
:107F600000000000000000006C0600205806002001
:107F700000C2010000000800000000000000000036
:107F800000000000000000000000000000000000F1
:107F900000000000000000000000000000000000E1
:107FA00000000000000000000000000000000000D1
:107FB00000000000000000000000000000000000C1
:107FC00000000000000000000000000000000000B1
:107FD00000000000000000000000000000000000A1
:107FE0000000000000000000000000000000000091
:107FF0000000000000000000000000000000000081
:108000000000000000000000000000000000000070
:108010000000000000000000AC06002098060020D0
:1080200000C2010000000800000000000000000085
:108030000000000000000000000000000000000040
:1080400039190208000000000001000000000000D3
:108050000000000000000000000000000000000020
:10806000000000000000000000000000EF0E020809
:10807000D44002083073002000000000000000001F
:108080000000000000040000307700200000000025
:10809000000000000000000000040000D5560108A8
:1080A00080000000B951010800000000B95101082A
:1080B00080000000307B0020000000000000000075
:1080C0000000000000040000307F002000000000DD
:1080D000000000000000000000040000D556010868
:1080E00080000000B951010800000000B9510108EA
:1080F000800000000000000054410208060001005A
:10810000217A0108000000008441020806000000F6
:108110001719020800000000D97F010800000000C4
:1081200000000000002002400000000000000000ED
:108130000000000000000000000000007C38020881
:10814000900F000000000000000000003007002039
:108150003007002000000000010000004007002060
:1081600040070020000000000100000000000000A7
:1081700000000000000000000000000000000000FF
:1081800000000000000000000000000000000000EF
:1081900000000000000000000000000000000000DF
:1081A0000090D003C80000008C0700208C0700203E
:1081B000FA00FF00FF00FF00FF00FF00FF00FF00CC
:1081C000FF00FF00FF00FF00FF00FF00FF00FF00B7
:1081D000FF000606060606060606FFFF01960000DB
:1081E000000000000000000000000000000000008F
:1081F000000000000000000000000000000000007F
:10820000000000000000000000000000000000006E
:10821000000000000000000000000000000000005E
:10822000000000000000000000000000000000004E
:10823000000000000000000000000000000000003E
:10824000000000002808002028080020000000008E
:1082500020720020000000000200000088000000E2
:108260000000000000000000C85300203C04000093
:108270000000000000000000000000006008002076
:108280006008002000000000000000000E00000058
:10829000740800207408002000000000270000007F
:1082A0001800000008680020B06B0020086800205B
:1082B000086800200000000000000000A008002066
:1082C000A00800200000000001000000B00800200D
:1082D000B0080020000000000100000000000000C5
:1082E0000000000000000000CC080020CC080020A6
:1082F000000000000000000000000000E008002076
:10830000E008002000000000040004000400000059
:1083100000000000B4410208B07100201201000208
:10832000EF020140E32F10BC040401020301090223
:108330000000000100E032080B0002020200000908
:1083400004000001020200000524001001052401C0
:10835000020104240202052406000107058003101F
:10836000000A09040100020A00000007058002401B
:10837000000007050002400000080B000202020096
:10838000000904000001020200000524001001059C
:1083900024010201042402020524060001070580CD
:1083A0000310000A09040100020A0000000705800A
:1083B0000240000007050002400000040309041207
:1083C000034243492D42616E64000000000000003A
:1083D0000038034243492D42616E642053544D33AB
:1083E00032483536332044617461204344430000F1
:1083F000000000000000000000000000000000007D
:10840000000000000000000000220330313233344D
:1084100035363738394142434445460000000000B4
:1084200000000000000000000000000000FFFFFF4F
:1084300000000000230900207D13020801580108F4
:10844000F9560108000000000000000003000000D1
:10845000C006002000000000650900207D1302080E
:1084600001580108F9560108000000000000000052
:10847000030000008006002015E015E00769970062
:1084800010002000F4641F4EA2FD51DE45D4CECE74
:10849000925EC357990B660572482D0DDC81CC2A7C
:1084A0008A8D64E401002000DC8BC2B54FB5ABBE01
:1084B0007767B4BC921E5DA60C925ECFDD6B075150
:1084C0003BE2D914F898AF8B2200470030450221D7
:1084D00000A2101C87A5EBB477AC09A33FF1FB9D6C
:1084E000C7536F9605252D72DBFFAB91033034D453
:1084F000DB022056A9DE7FC651461ECD6CCE6363DB
:1085000036C13350D4E7DA83954B15A0EE5A1E607E
:038510008593F45C
:00000001FF
