:040000050800198551
:020000040800F2
:10000000183E002085190008C55100087119000824
:100010007119000871190008711900087119000898
:10002000000000000000000000000000511A00085D
:100030007119000800000000D11B0008A928000861
:10004000491C0008491C0008491C0008491C0008FC
:10005000491C0008491C0008491C0008491C0008EC
:10006000491C0008491C0008491C0008491C0008DC
:10007000491C0008491C0008491C0008491C0008CC
:10008000491C0008491C0008491C0008491C0008BC
:10009000491C0008491C0008491C0008491C0008AC
:1000A000491C0008491C0008491C0008491C00089C
:1000B000491C0008491C0008491C0008491C00088C
:1000C000491C0008491C0008491C0008491C00087C
:1000D000491C0008491C0008491C0008491C00086C
:1000E000491C0008491C0008491C0008491C00085C
:1000F000491C0008491C0008491C0008491C00084C
:10010000491C0008491C0008491C0008491C00083B
:10011000491C0008491C0008491C0008491C00082B
:10012000491C0008491C0008491C0008491C00081B
:10013000491C0008491C0008491C0008491C00080B
:10014000491C0008491C0008491C0008491C0008FB
:10015000491C0008491C0008491C0008491C0008EB
:10016000491C0008491C0008491C000830B585B02E
:1001700003F0A2FC01A800F08BFC164B1B68834225
:1001800004D04521144804F06CFFFEE769469DF851
:10019000080000F029F8044608B105F05BF8009A61
:1001A000039B0E4D1344019A128913442B6005F0F2
:1001B00075FB01F073F901F013FC84F30B8884F3F1
:1001C0000A88074B286898474521064804F049FFEC
:1001D000FEE700BFE40500209666000860020020EC
:1001E00001000020B9660008024608B538B106488B
:1001F0000023452104F035FF6FF0150008BD4FF0D6
:1002000000630B60FAE700BFDC66000821B101293A
:1002100006D06FF015007047044B53F8300070475C
:10022000024B03EBC0035868704700BF38630008F7
:100230002DE9F04FB7B0429FDFF864810DF1380B24
:10024000D8F800500397419FCDF804B00297409F23
:10025000814600978A461446439E03F02EFC28B13F
:10026000D8F80050284637B0BDE8F08F56B15A464E
:1002700016AF134603CBBB42306071601A4606F1DD
:100280000806F6D12146484603F098FE00230D905B
:10029000009322464FF6FF73514607A803F049FC2E
:1002A00007460028DCD1DDE90C32214648469E1A7B
:1002B00003F071FDB042D3D34FF0FF36DFF8E49086
:1002C000DFF8E4A00DF1160305AA06A907A803F0BC
:1002D00080FC0028C4DB5ED1069907A803F0C4FCAB
:1002E000BDF8163040B94FF6FF70304931F8022B97
:1002F0008242B5D09A42F9D1102B15D0222B2AD0A8
:10030000012BDFD1BDF81430202BA9D82046069947
:1003100016AA04F0C1FE0028A2D19DF8141016A858
:1003200000F046F80646CDE7BDF81470202F97D1AF
:100330003B462046069916AA04F0AEFE00288FD14F
:100340003A46584616A903F0D0FCD9F8003083424B
:1003500086D10127B6E7002E1ADBDAF800309E427C
:1003600016DABDF81430802B3FF67AAF2046069996
:1003700016AA04F091FE00287FF472AFF6B2202195
:100380005846BDF81430009616AA00F03FF805460E
:100390004FF0FF3696E7012F7FF462AF62E700BFB0
:1003A00044000020E405002040630008686600085F
:1003B0002DE9F041202980460D46A4B005D94FF023
:1003C000FF34204624B0BDE8F08100240D4B0E4ED2
:1003D0001F68BC42F3DA08A801F034F8736808A873
:1003E0001A6856F8081B04F006FD08A9684604F0D0
:1003F00028FD2A464146684605F02BFD0028E0D03E
:100400000134E6E740630008446300082DE9F04743
:1004100098B017461E469DF880203B4B814653F806
:10042000321003EBC2035B6803911868DFF8DC80CD
:100430000144302304AA03A8D8F8005005F082FC38
:1004400000284FD1DDE903431C44214608AB05AA2F
:1004500003A805F09FFC002844D1069A072A41D141
:100460002B49079805F0F5FC00283BD1099A082A8A
:1004700038D128490A9805F0ECFC98BB214604AA1B
:1004800003A805F073FC68BBDDE903A30AEB0302D4
:10049000944227D1412B25D13E443023314605AA31
:1004A00004A8049705F04EFC1B4DA0B9DDE9043209
:1004B00013449E420FD3324604A908A803F0E2FB7E
:1004C00048B9324604A910A803F0DCFB18B99AF821
:1004D0000030042B0AD0D8F800302D68AB4218BF8A
:1004E000D8F80050284618B0BDE8F08700F0BAFEF2
:1004F00008AB0090202249460AF1010004F013FBEA
:1005000001282B68E9D0E6E7446300084400002096
:10051000886B00087F6B0008E4050020084A400053
:100520000B7852F820108B4208D0013052F820008E
:1005300083420CBF70204FF0FF307047702070472F
:100540004C6300081FB5602303FB0100046A1023FD
:10055000A1686A462046103904F09EFD034628B182
:1005600022784521034804F07CFD0024204604B095
:1005700010BD00BF0267000838B50E4B04460029C5
:1005800018BF0B46436203F5E0730121436503F096
:1005900004FC58B90221204603F0FFFB054638B998
:1005A000206A04F0B8FD6066284638BD0125FBE7E7
:1005B0000925F9E764020020302310B55943421899
:1005C000146A0CB904F046FE41580D4B994206D10D
:1005D000D16813895B1802D25189C91801D3002050
:1005E0000CE0A3689942FAD2106920F4F97020F067
:1005F00001000005000DB0FA80F0400910BD00BFF9
:100600003DB8F3961FB5302303FB02010A6A0AB90D
:1006100004F020FE0023CDE9023301934FF48073F0
:100620000093034BFFF704FE05B05DF804FB00BF29
:10063000D00B002000487047E80900202DE9F04F5A
:100640004FF0300A0AFB010ADFF8B4B0DAF8208074
:1006500006460D4691461F46DBF8004089B0B8F1CA
:10066000000F01D104F0F6FD03F026FC20B9DAF802
:10067000101011F010010AD01DB14146304603F0B0
:10068000A5FC204B1C68204609B0BDE8F08F35B3AF
:10069000484603F05DFC10B3023F012F1FD8202312
:1006A0006A46404604F0F8FC0028ECD1164B009A4C
:1006B0009A4214D14521154804F0D3FC114B1C6813
:1006C000134B1B68A342DED0C5B10121404603F0A5
:1006D000EEFB104A4521104804F0C3FCD1E729463F
:1006E0003046FFF769FF10B9DBF80040E8E72A461B
:1006F00049463046FFF786FF0446E1E7074AE9E747
:1007000044000020400000203DB8F39640670008F8
:10071000E4050020366700088C6700082E67000893
:1007200073B50D46002104462846CDE9001103F0BB
:100730000FFC50B323681E4EB34206D1204601AAD7
:1007400003F02FFD08B104F085FD236BB34206D101
:100750006A460121204603F024FD0028F3D1DDE99B
:1007600000239A4284BF13460192AB60019A294646
:10077000204600F043FB0F4B1A68002A03DD572187
:100780000D4804F06EFC02B070BD01462046FFF734
:10079000D9FE06460028D6D005F1080103F0B4FAC8
:1007A0000028D0D1AB683046019304F074FCDDE73B
:1007B0003DB8F396540A0020B46700082DE9F843C9
:1007C0000E46904699460024099FBC4201D3002062
:1007D0000EE03D1BB5F5806F28BF4FF480653046B5
:1007E0002B460A4A04EB090104F056FC10B1012023
:1007F000BDE8F88308992B464046044A611804F086
:1008000060FC0028F3D12C44DFE700BFE80500209E
:100810002DE9F04186B00E46044603F074FB014614
:1008200020B14521914804F01CFCFEE72046FFF76B
:10083000A3FE054678B900222046114603F049FB85
:10084000054610B300225721894804F00AFC012311
:1008500084F8603009E038225721864804F001FC12
:1008600001239D4284F86030E5D194F86030042B78
:100870008DF80F3000F29380012B00F2988000F089
:10088000AE80FF2384F86030A9E0204600F072FAC1
:100890000028DCD00127784B204602A9CDE902735D
:1008A000CDE9045503F0D9FB38B12A4657217348E6
:1008B00004F0D7FB84F86070D7E702A803F048FB88
:1008C00080F0010102AA2046C9B203F002FB0546EE
:1008D0000028B7D102A803F03BFB98BB204602A931
:1008E000FFF71EFF9DF80F3084F86030033B012BAB
:1008F00007D8284600F0EEF8054610B1FF2384F82B
:1009000060309DF80F30023B022B0DD8002000F024
:10091000CBF8054640B1FF2384F8603045215848A4
:1009200004F09FFB04F096FC94F86030FF2BF5D0A8
:10093000002DF7D12A462946204603F0CAFA00289E
:1009400085D0EFE79DF80F80B8F1010F19D1284647
:1009500002F0F2F8831E022B05460FD803464146EB
:10096000204602AAFFF76AFE464B1B68984205D054
:10097000454B1D68A84214BF0525012584F8605029
:1009800073E72B463946204602AAFFF757FE3D4B38
:100990001B68984214BF05239DF80F3058E7052BBC
:1009A0007FF46FAF002000F095F8C0B169E72046F2
:1009B00002A9FFF7B5FE94F86030DA1E012A0BD8C1
:1009C000002000F087F818B9002000F06DF830B171
:1009D000FF2384F86030A5E7023B012BF4D994F89B
:1009E0006030FF2B9AD00022012B284F019211D0AA
:1009F0001146204603F06DFA60B13D6810220021D7
:100A000002A805F01EFA204603F095FA284606B023
:100A1000BDE8F081002320461A461946FFF70EFE76
:100A2000DFF860803D68D8F800309842E6D1A842EF
:100A3000E4D0154B1B689842E0D00021204603F01B
:100A400060FA0028D9D1019B01330193019B012B4E
:100A500000D0FEE7206A03F012F83071236A5B6869
:100A60003460D8F80050B360C8E700BFE3670008FF
:100A70005668000814680008010100018268000837
:100A8000AC680008E405002040000020440000207D
:100A900010B50446002003F09AF902482146FFF7FA
:100AA000B7FE10BDE809002013B5094B01A913F8E2
:100AB000300000F079FD48B9019804F0A6FF044623
:100AC000019804F0E8FA204602B010BD0124FAE7CC
:100AD000546300081FB50F4B01A913F8300000F054
:100AE00063FDA8B9019802A901F0D0FF044668B9D6
:100AF0009DF80B30032B03D1019804F04EFF044600
:100B0000019804F0C8FA204604B010BD0124F7E7AC
:100B10000124F8E7546300082DE9F74F06460C4618
:100B200091461D46A3B9302303FB01030129D3F8E5
:100B300020A07CD1284601F0FFFF04287AD0A046EF
:100B4000736DD3F804B0BAF1000F75D104F082FBD5
:100B5000184603F0FDF98046002852D10146304680
:100B6000FFF7F0FC20B90127384603B0BDE8F08F4D
:100B700001A903F0C9F80028F5D13046019903F026
:100B80009EFA736A0746D3F804B0EB79042B0CD1B4
:100B9000ECB1012C28D12B68013BBB4223D823D1D7
:100BA0002C79033C18BF01241EE0404601F0C4FF2D
:100BB0000428EDD0FCB92C68012C03D813D12B7973
:100BC000022B10D1BC428CBF002401240CE02B6806
:100BD000013BBB4206D90124302303FB0463D3F855
:100BE00020A0B0E703D000244FF0000BF4E72B79EE
:100BF000022BF8D1EFE7012CF6D12B68012BF2D8AC
:100C0000E9E7302303FB0463D3F820A0EB79042B3E
:100C100006D0002001F090FF042801D0012C02D062
:100C20004FF0000B8FE7736DD3F804B08BE74FF0F4
:100C30000108F5E7A046F3E720234A465946504607
:100C400004F02AFA074600288DD1B8F1000F18D019
:100C5000D9F80030164A934213D0012C11D101F07B
:100C60006BFF042814BFBB46736D4A4608BFD3F818
:100C700004B050462023594604F00EFA00287FF4B1
:100C800072AFD9F800300A4A93420ED1002D3FF4DA
:100C90006BAF012C01D1C6F868B0D9F80070044BD5
:100CA000FF1A18BF4FF0FF375EE7002DF5D15BE765
:100CB0003DB8F3962DE9F04F06460C4685B0014647
:100CC00000201746FFF72AFC051E4CDB3046D4F8FF
:100CD000649003F00CF84FF000084FF0010A4FF059
:100CE000FF3400905FFA89F9DDB9B8F1010F03DD37
:100CF00045211F4804F0B5F9631C0ED00123002CD8
:100D00007B7104EBD47304F001044FEA6303B8BFB2
:100D10006442013301343B603C71284605B0BDE8B4
:100D2000F08F009905F1FF3B012330460BFB0911C1
:100D30000DF10F0204F0B0F9031E019315DB01223F
:100D400030460DF10F0104F0C4FD019B30B1534555
:100D500001D008F101085D469A46C5E7B4F1FF3FAE
:100D600008BF2C46F7E70725D7E70125D5E700BFE1
:100D7000B86800082DE9F041876A866D0446B742DD
:100D800009D07B1CB34206D05721184804F069F9FA
:100D90000020BDE8F081382F1AD957211448F5E713
:100DA000636A03EBC503D3F80480636D03EBC503EB
:100DB0005B68984502D057210E48E7E70135AA4203
:100DC000EED8204604F093F830B957210A48DDE701
:100DD0000025721EA846F2E7B74205D9636A03EB05
:100DE000C5035B684345E6D10120D2E7DB68000814
:100DF00013690008426900086E6900082DE9F04F88
:100E000004460D468BB0114603F059F9636AD4F8D5
:100E1000208082465E68B8F1000F01D104F01AFA12
:100E2000276D002FFAD0284603F092F8F8B1606ED3
:100E300002F0D8FFA36A03F1FF3900233344834251
:100E400002D209F1FF39F9E7CA4510D35721A14869
:100E500004F007F909FB06F357210AFB06629E48D6
:100E600004F0FFF80123EB710BB0BDE8F08F3A46B8
:100E70002946204603F056F92B68012B15D1EB6863
:100E8000022B0CD04146204603F0A0F80028C5D123
:100E90002A464146204603F0AEF80028BED1394626
:100EA000204603F093F80028B8D10DF12602404601
:100EB00009A902F037FF01236B71BDF824202389B3
:100EC000134462891344E268013A32441344B3FB89
:100ED000F6F3628F0393238F1344BDF82620134447
:100EE000E26B013A32441344B3FBF6F30493EB791B
:100EF000042B62D1D1462B68AAEB0902013B9A422E
:100F0000C0F0C980626A4FEAC90352F8391012680A
:100F1000A1EB020B2A79012A40F0BA80039A4A45D4
:100F200019D3626D38461344996813683246C91A5A
:100F30000023059102F075FF00287FF46FAF05993B
:100F40005B4600913A46414620460196FFF736FC43
:100F500000287FF463AF2946204603F006F80223F9
:100F60002B7118B15D4A136801331360049B4B4524
:100F700013D3002332465946404602F052FF002860
:100F80007FF44CAF5B46424639462046CDE900B679
:100F9000FFF714FC00287FF441AF2946204602F0F9
:100FA000E4FF2B6801332B6001232B71002872D0E2
:100FB0004A4A1368013313606DE0002001F0BCFD64
:100FC000042897D04FF000092B68013B4B457AD895
:100FD000636A4FEAC9021968059153F8391003EBA7
:100FE000C9039B68059806932B79A1EB000B012B95
:100FF00067D1039B4B4518D3636D384699581B68DE
:101000003246C91A0023079102F00BFF00287FF433
:1010100005AF07995B4600913A4641462046019646
:10102000FFF7CCFB00287FF4F9AE2946204602F0FA
:101030009CFF02232B7118B1284A136801331360F7
:10104000049B4B4515D3002332465946404602F0D7
:10105000E8FE00287FF4E2AEDDE9052339469B1A5D
:1010600020464246CDE900B6FFF7A8FB00287FF4F2
:10107000D5AE2946204602F078FF2B6801332B605D
:1010800001232B71F8B1154A1368013313601AE07C
:10109000022A3FF46BAF09F1FF39D1457FF62BAF40
:1010A000002332461946384602F0F9FE00287FF444
:1010B000B5AE3946204602F089FF00283FF4D4AE91
:1010C000ACE6022BBCD009F10109D1457FF67CAF1B
:1010D000CAE600BFA7690008D6690008540A0020C4
:1010E0000822F0B5002789B003F09EF9CB6A0C46C0
:1010F00003930B6B064604934B6B684605938B6B0F
:10110000CDE901770693CB6B6946079313466A4690
:10111000009703F0A3F831460546304603F09EF8E9
:10112000216B05440391616B68460491A16B0591A5
:10113000E16BCDE90617694603F090F831460544A6
:10114000304603F08BF80544206ACDE9047700901F
:10115000606A03970190A06A0290A06B0690E06B12
:101160000790304603F07AF80544606AD4F838C036
:101170000090A06ACDF810C00190E06AD4F83CC09D
:101180000290606BCDE905C00390206A079030465D
:1011900003F064F80544E06ACDE904770090206B21
:1011A00003970190606B0290206A0690A06A0790F6
:1011B000304603F06CF9236B2D1A0093636B3046B5
:1011C0000193A36B0293E36B0393636A0693E36A51
:1011D0000793082303F05BF9636B2D1A0093A36B4D
:1011E00030460193E36B0293236A0393636A04938B
:1011F000A36ACDE90537236B0793082303F047F96A
:10120000A36B2D1A0093E36B3046CDE90137636A77
:101210000393A36A0493E36A0593636B079308231C
:1012200003F035F92D1A10D50823314630460C4A03
:1012300003F014F82D18F7D409B0F0BD0823314697
:101240003046074A03F023F92D1A002DF6D1082263
:101250003146034803F0F4F80128EFD1ECE700BF72
:1012600060630008004870475C6300082DE9F04F98
:10127000002603689DB002934368DFF8C0E1039342
:1012800083688A46DDE902150493C3680593036900
:10129000DDE904B70693436907938369DDE9062C0A
:1012A0000893C36998460993089B00935AF806402F
:1012B0000CAB24BA5EF8049B9C514FEAF223A14484
:1012C00083EAB213009C83EA72634B4424EA02046B
:1012D00002EA0C0984EA09042344434485EA0B0426
:1012E0004FEA713888EAB1080C4005EA0B0984EA34
:1012F000090488EAB1580436A044402E03EB0704E1
:1013000043445F46DDF8008040F088804FF0100ACB
:101310004B4E0A9656460AF1010A0DF1700E0AF07C
:101320000F070EEB870757F8407C06F00F094FEACE
:10133000B748019788EAF71806F10E0707F00F077C
:101340000EEB870757F8407C09364FEAF74E8EEAD6
:10135000774ECDF82CE006F00F060DF1700E0EEB77
:1013600086060EEB890959F840EC56F8406CBAF144
:10137000400F7644DDF804E088EADE08DDF82CE072
:1013800046448EEA972E764404EA02084FEAF42E89
:101390002CEA040787EA08078EEAB41EDDF82880E5
:1013A0008EEA746E774458F804EF49F8406C77443D
:1013B0003744009E4FEA733E3E4481EA0507CDF86C
:1013C00028808EEAB30E07EA030701EA05088EEAD1
:1013D000B35E87EA08077744374406EB0B0ECDF877
:1013E00000C0AB4622D1029E3E440660039E1E44CE
:1013F000049B46600B448360059B2B44C360069BA3
:1014000073440361079B23444361089B1344836136
:10141000099B6344C3611DB0BDE8F08FAB46CDF8B6
:1014200000C00D469446194622463FE794460D46B5
:101430002246194674463B466CE700BF0C64000820
:101440004864000810B50446C8B17022002103F0BA
:101450004CFD0B4B0B4A0C49C4E900230B4B0C48C9
:10146000C4E902130B4BC4E9040301200A4BA36136
:1014700003F17453A3F52303A3F69243E36110BD74
:1014800085AE67BB67E6096A72F36E3C3AF54FA515
:101490007F520E518C68059BABD9831FBFF36F8FB2
:1014A00072B600234FF0FF30094A03F120010133E7
:1014B000102B42F82100F8D100234FF0FF30044AEE
:1014C00003F160010133102B42F82100F8D170477D
:1014D00000E100E0014B1B68184700BF48000020F6
:1014E00030B5044685B00D4610220021684604F050
:1014F000A8FC02238DF80230044B2A462146684698
:10150000019302F085F905B030BD00BFD514000885
:1015100080B505460E461746984601F017FF03466C
:1015200000F0A4FB0446DFF81890424649F800306A
:1015300039463046A84754F8090000F033FB00BF95
:1015400008000000034A0020536823F002035360A0
:10155000704700BF0040024408B5416805480C319F
:1015600083681B681BB1984700EAE07008BD6FF004
:101570005700F9E7285F000808B500F0A9FE044B02
:10158000044A1A60044AD36A43F00103D36208BDD7
:10159000640000200048E80100080244014B036099
:1015A00000207047C465000870B5104B0D461C68DC
:1015B000B4B10F4B196800238B4202DB6FF00100BE
:1015C00070BD224612F8106B864202D014460133D9
:1015D000F2E7E06804F039FA28B100202C60EFE768
:1015E0006FF00C00ECE76FF01200E9E74C00002010
:1015F000C465000810B5436888B0029383680C4640
:10160000CDE9033200230A68C068CDE90623054905
:1016100001AA059303F083FF079808B9059B23608F
:1016200008B010BD3351000808B5054803F06FFC41
:10163000044803F06CFC044803F069FC002008BD7A
:10164000856A0008B66A0008E96A000808B5034818
:10165000034A0021121A03F0A7FD08BDB0000020C4
:10166000D40C0020074808B5074A0849121A03F0AD
:101670009DFDBDE808400648064A0749121A03F0D6
:1016800095BD00BF40000020AC000020686C000841
:101690000000002040000020286C000830BFFFF749
:1016A000FDBF00BF2DE9F04105460B4EDFF82C8051
:1016B000324606EB0807CC1B2046094904F0B4FB70
:1016C000A01942460021083C04F0BBFB2C6707F13F
:1016D0000800BDE8F08100BF000000000400000029
:1016E00030630008154B9A6A12F0007F9A6A14BFA3
:1016F0001E201D2012F0807F9A6A18BF1F2012F44E
:10170000801F9A6A18BF022012F4002F9A6A18BF2D
:10171000212012F4802F9A6A18BF222012F4003F71
:101720009A6A18BF232012F4803F9A6A18BF2420B7
:101730006FEA02426FEA12429A62704700ED00E0DF
:1017400010B5194B0246986A9C6A10F4805F14BF6A
:101750001720162014F4006F9C6A18BF1820A405E7
:1017600009D5986B986A000404D51AB19A6A22F4D4
:1017700000429A6219200C4B9A6A12F4806F9A6A9E
:1017800018BF1A20D2050CD49B6A13F4005F18BF4F
:101790001C20054A936A43F47F43936200230B7035
:1017A00010BD1B20F5E700BF00ED00E010B51C4B9D
:1017B0000246986A9C6A10F0100F14BF1120102086
:1017C00014F0080F9C6A18BF1220A40709D5586BA3
:1017D000986A000604D51AB19A6A22F080029A62C9
:1017E00013200F4B9A6A12F0010F9A6A18BF142047
:1017F00012F0200F9A6A18BF1520D40658BF9B6AB2
:10180000074B9A6A920642BF5A6A22F400525A6201
:101810009A6A42F0FF029A6200230B7010BD00BF6B
:1018200000ED00E0F0B5494B04465B6800258BB045
:10183000C3F3080385F31188BFF36F8F02F07F4075
:10184000B0F17F4F11D102F00C0008280DD0100725
:101850004CBF0C4601250022033B8DF80720032BCB
:1018600005D8DFE803F024676B642C46F3E7002318
:101870009DF80720CAB902AE04F12007324620685D
:101880006168083403C2BC421646F7D1099A002D9C
:1018900058D0C2F3080121B96FEA52226FEA4222FE
:1018A0000992184602A903F083FC0BB0F0BD274B48
:1018B000DA6A9107DBD4DA6A002AD8DBDA6A5200E6
:1018C000D5D55A69A16942F480725A61BFF34F8F2E
:1018D000BFF36F8F31F8022C596921F4807159617F
:1018E000BFF34F8FBFF36F8F02F47F43B3F55F4FAA
:1018F00004D1D2B2022A01D12368B9E7134B9A6A04
:10190000D2B232B101200DF10701FFF74FFF0346BC
:10191000AEE79A6A12F47F4F05D001200DF107015E
:10192000FFF70EFFF3E79B6AB3F5803F9FD3FFF706
:10193000D9FEECE700200DF10701E6E700200DF1EC
:101940000701EDE76FF30802AAE700BF00ED00E032
:10195000064B5A6942F010025A615A6942F4806299
:101960005A615A6922F008025A61704700ED00E09E
:10197000EFF30880EFF3098101B57246FFF752FFDC
:1019800001BD00BF002080F31488BFF36F8F0020DB
:1019900080F30A8880F30B880E4880F308880020C3
:1019A0000D490860BFF34F8F00F02CF8102080F332
:1019B00011880A484FF40061401880F30988EFF35A
:1019C00014800221084380F31488BFF36F8F00F066
:1019D00083F80000183E002094ED00E0D80C0020B1
:1019E000002318460649D1F89020C2F307229342FB
:1019F00000DB7047C1F89830C1F8A0000133F6E76A
:101A000000ED00E010B572B6002484F31388FFF7F0
:101A1000E7FF23464FF0FF300C4A03F1200101336A
:101A2000102B42F82100F8D100234FF0FF30074A75
:101A300003F160010133102B42F82100F8D162B6A6
:101A4000BFF34F8FBFF36F8F10BD00BF00E100E009
:101A50001EF0040F0CBFEFF30880EFF309808169DB
:101A600011F8021C0229FFD001B5724603F0A6FB53
:101A700001BD00BF00B2002807DB01234109034A72
:101A800000F01F00834042F82130704700E100E081
:101A900000B2002801F10101ACBF00F16040064B2B
:101AA0004FEA0111C9B2ABBF00F5614000F00F0071
:101AB00080F800131954704714ED00E0044B054AF8
:101AC00023F07F039360BFF34F8FBFF36F8F704797
:101AD0000000000800ED00E008B5FFF7EFFF074A3F
:101AE000D2F8883023F47003C2F88830FFF7AEFDD7
:101AF000FFF7B8FD00F09CF801F0DCF900ED00E024
:101B000042F8203C009B0B4942F81C3C019B21F011
:101B1000010142F8183C029B42F8081C42F8143CB0
:101B20004FF0807342F8043C0023203A026543677B
:101B3000704700BF1115000800B50D4B15469860A1
:101B4000026F0C4B0E461A60036E83F30B882C4613
:101B500086F309880020044B984720460021002284
:101B60000023024C20470000E9510008111500082D
:101B7000A40B0020E80A00201022014B1A617047D4
:101B800000ED00E0054B5A699B689A421FBF044A6A
:101B9000536843F080535360704700BFA40B00208C
:101BA00000ED00E0084B9B6883420BD1EFF3058307
:101BB00043B1064B5A6842F080525A605A6A22F486
:101BC00000425A6201F0C8BBA40B002000ED00E007
:101BD00014498A684FF030001044EFF3098C80E814
:101BE000F01F102080F31288BFF36F8F0E4F4FF05D
:101BF00000664A698A603E60106F0C4C2060506F2E
:101C00000023536780F3118802F1300090E8F01F41
:101C10008CF3098802F1000004B503F0DEFABDE898
:101C200004407047A40B002004ED00E0E80A002007
:101C3000002310210348C21801334B2B82F80013F4
:101C4000F9D1704700E100E008B5EFF30583064ADB
:101C5000103B02EBC30152F8330049688847BDE8E6
:101C60000840FFF78FBF00BF786000080148006898
:101C700070470000E80A00201FB50121094B0A4AFD
:101C80000A4800F0F7F80023064A0393084B0121A5
:101C9000019301A8D31A029300F0F6F805B05DF89D
:101CA00004FB00BF000004200000002008660008BC
:101CB000B00000200A7A0B6810B562F304031C46DA
:101CC000CB68520923F01F0343EA4203044A43F05E
:101CD0000103C2F89800C2F89C40C2F8A03010BDC1
:101CE00000ED00E010B5074BD3F89030C3F30723A5
:101CF000013B984202D8FFF7DDFF10BD6FF01500E1
:101D0000FBE700BF00ED00E02DE9F04F0F46144661
:101D100006464FF000084B4D85B0B84580F28E80E6
:101D2000D6F80490B9F1000F35D0B9F11F0F40F289
:101D3000838019F01F0F7FD1D6F800A01AF01F0F73
:101D40007AD1504603F064FA834609EB0A00013861
:101D500003F05EFA83456FD11BF1160F6CD05C4522
:101D60006ADDC5F898B0D5F89C10C5F898B0D5F8DC
:101D7000A03021F01F0143F01F0AD6E900321A44B7
:101D8000994202F1FF391BD1CA4508D131465FFAA9
:101D90008BF003F046FA08F101080C36BDE7314636
:101DA000C5F898B0D5F89C30E0B263F30402C5F8EA
:101DB0009C2003F036FA10F1160F3DD0441CEAE7E0
:101DC000C5F898B0D5F8A020013B23F01F0302F01E
:101DD0001F021343CA453146E0B2C5F8A030E8D02F
:101DE00003F01FFA10F1160F26D0C5F898B0D5F8F9
:101DF0009C209DF808300AF1FF3A62F304038DF845
:101E00000830D5F8A0309DF808205B0863F347122E
:101E10008DF80820D6E900321344009323F01F0305
:101E20005344A3EB0903013023F01F036946C0B2FA
:101E30000393FFF757FFBEE76FF01504204605B088
:101E4000BDE8F08F00ED00E00522044BC3F89420BC
:101E5000BFF34F8FBFF36F8F704700BF00ED00E0FF
:101E6000BFF35F8F0022024BC3F89420704700BF7E
:101E700000ED00E010B5034C2278FFF745FF20701D
:101E800010BD00BFD00C00202DE9F74F294D8A4628
:101E900006464FF00008AB46274FD0451BDAD6F870
:101EA0000490B9F1000F3FD031680846019103F06A
:101EB000AFF90199044609EB0100013803F0A8F9D4
:101EC00084424FF014021D4B08D002FB08F36FF060
:101ED00015024BF8032003B0BDE8F08F14F1160F84
:101EE0002C60F8D01978A142F5DD02FB08B0C7F8E4
:101EF0009840C7F89840D7F89C4000F10801007B53
:101F000064F304000871D7F8A0000C79400860F36E
:101F100047140C71D7F89C1021F01F016960D7F8A5
:101F2000A01021F01F01296108F1010814350C36B9
:101F3000B3E700BFEC0A002000ED00E0D00C002069
:101F4000F0B55349534DD1F890302C68C3F30723B3
:101F50009C4287B000F299800020FFF781FF4E4B32
:101F6000C1F8C030844216D14C4D01A82C70FFF747
:101F700015FB002607464A4CB74213D100202B78A8
:101F80004349D1F89020C2F30722934277DBFFF751
:101F90005BFF002046E0696801EB0011FFF78AFE55
:101FA0000130DFE70199300101EB0613DA682240C6
:101FB000B2F1807F52D00AD8B2F5001F34D0B2F50A
:101FC000800F3ED0B2F5801F12D00136D4E7B2F1B7
:101FD000006F43D0B2F1805FF7D15A689B6809580F
:101FE000013B22F01F00034423F01F03012032E0D5
:101FF0005A689B680958013B22F01F0003440120E6
:10200000844623F01F0340EA4C10CDE902218DF8ED
:10201000100002A928780593FFF764FE00282ADA49
:102020006FF0150007B0F0BD5A689B680958013B76
:1020300022F01F0003444FF0020C012023F01F0385
:10204000E1E75A689B680958013B22F01F000344EE
:10205000022023F01F034FF0000CD4E75A689B685E
:102060000958013B22F01F0003444FF0030C0120EC
:1020700023F01F03C7E72B7801332B70A5E7C1F8C6
:102080009830C1F8A00001337BE74FF0FF30C9E77B
:1020900000ED00E014660008AAFF4400D00C002008
:1020A0000000F0FF08B5054802F031FF002383F37C
:1020B0001188BFF36F8F0423184602DF256B0008D9
:1020C00007B5084A92E80300CDE900010648826896
:1020D000126822B16946904703B05DF804FB6FF0C7
:1020E0005700F9E730630008285F00083F280246E0
:1020F00019D800F01F0301201F2A00FA03F30B4A2E
:1021000008D8D16833EA01010ED01269934318BF91
:1021100000207047D16A33EA010105D0126B934366
:1021200008BF0120F3E70020704700BF00200244F1
:10213000012300F01F023F2803FA02F309D81F28E9
:10214000054A03D8D360136100207047D36213633C
:10215000FAE76FF015007047002002442DE9F041C6
:10216000054600264FF001080E4F6B78F4B2A342EB
:1021700001D8BDE8F0812B781C442046FFF7B6FF5C
:1021800068B12046FFF7D4FF57F834303BB107EB76
:10219000C40204F01F04516808FA04F0984701369D
:1021A000E3E700BF000B0020014B23F8101070473D
:1021B00074000020034678B1B0FA80F2C2F11F0229
:1021C000D2B2064931F91200054AD2F880100B4309
:1021D000C2F88030FFF74EBCFF22F2E77400002007
:1021E00000200244034AD2F8803023EA0003C2F8F8
:1021F0008030704700200244032921D8DFE801F035
:10220000020C10190F4B1A6822EA00021A605A6871
:1022100022EA00025A6070470A4B1A680243F5E747
:10222000084B5A6802435A601A6822EA00021A6090
:102230007047044B1A6802431A605A68104358608A
:10224000704700BF0020024430B5B0B1B0FA80F34F
:10225000C3F11F03DBB20B4850F833408C4204D16A
:1022600000EBC3056D68954205D044B940F83310C2
:1022700000EBC3004260002030BDFF23EBE76FF0AE
:102280000F00F9E7000B002060B1B0FA80F3C3F152
:102290001F03DBB20021044A42F8331002EBC302F1
:1022A00051607047FF23F5E7000B0020C300074A89
:1022B000C0F38100183052F8202003F018000F23DB
:1022C0008340134023FA00F0704700BF002002440F
:1022D000074B1A6822F004021A605A68D207FCD42D
:1022E0000222DA601A6842F001021A60704700BFE9
:1022F00000040340044B1A6822F001021A601A68B5
:10230000D207FCD4704700BF00040340024B18689A
:10231000C0F34000704700BF000C02440B88C3F3B9
:102320000B03102B32D813B96FF085007047013BB7
:102330000F2BF9D801A050F823F000BFB1230008FB
:10234000292300082923000829230008292300083D
:102350007D230008AD230008A7230008A723000859
:10236000A7230008A7230008A7230008A723000825
:10237000B1230008B1230008B1230008114B1360FA
:102380000968B1F5805F15D200207047882B0AD00C
:1023900003F67473C3F30B031C2BC5D80A4820FA49
:1023A00003F3DB07C0D5094B1B68E8E7084BE6E7FA
:1023B000084BE4E7C1F313310131B3FBF1F31360D0
:1023C000E2E700BF0090D00301011111640000207A
:1023D000006CDC02001C4E0E10B55E4CE369236AF3
:1023E0005D4B1A6942F030021A615A691007FCD538
:1023F0005A4800F0FBFB236923F4FE0343F48003F7
:102400002361FFF783FF012807D0236843F001030E
:102410002360FFF77BFF0128FBD14E4A136823F0AE
:1024200018031360136843F480531360136899040E
:10243000FCD5D36903F01803182B18D1FFF766FFFA
:10244000012807D0136843F001031360FFF75EFF14
:102450000128FBD13F4BDA6922F00302DA61DA6925
:1024600012F0180FFBD11A6A22F00F021A62394BD0
:102470001A6822F080721A609A6A22F0030242F00F
:1024800001029A629A6A22F47C5242F480629A6251
:102490009A6A42F00C029A629A6A22F020029A62C8
:1024A0005A6B6FF3080242F01D025A639A6A22F0D7
:1024B00010029A625A6B22F47E4242F400725A630E
:1024C0009A6A42F480329A625A6B22F4FE0242F413
:1024D00080325A639A6A42F400329A625A6B22F04E
:1024E000FE4242F080725A639A6A42F480229A62F3
:1024F0001A6842F080721A601A689201FCD5DA6A92
:1025000022F00302DA621A6B22F003021A631A6ADB
:1025100022F00F021A621A6A22F070021A621A6A14
:1025200022F4E0621A621A6A22F4E0421A62DA695C
:1025300042F00302DA61074BDA6902F01802182A46
:10254000FAD1DA69002022F40042DA61044B034A2E
:102550001A6010BD000C024400080244001C4E0E1C
:1025600064000020004870473C66000810B50C4627
:10257000FFF7C0FE054BB3F80C389B022360002325
:102580006360FFF7A5FE002010BD00BF00F0FF084C
:1025900038B5036905461C6849B103F016F858B10F
:1025A0002869043000F0ECFC6FF0040038BDA36A29
:1025B000DB0706D40020F9E7A36A43F00103A36216
:1025C000F8E7034B636003F188336360F2E700BF11
:1025D000230167452DE9F0472D4B17461B688A46B6
:1025E000804603F001090025FFF784FE013F294ED4
:1025F0005744574507D2B9F1000F01D0FFF768FEE5
:102600002846BDE8F087D8F810301C68A36ADB07BD
:102610003BD4404602F0D9FF051EECDBBAF5002F93
:10262000E3694FEA5A3206D2002BA36A27DB23F074
:102630000043A36206E0002BA36A23DA23F00043E1
:10264000A362403AA36A404643F00403A362A36A2C
:1026500023F4FE53A362A36A43EA8213A362A36A2C
:1026600043F02003A362A36A02F0AFFFA36A051E32
:1026700003EA0603A362BEDB0AF5005AB9E743F09A
:102680000043D6E743F00043DAE76FF00405B2E712
:1026900000040340FBFFFF7F2DE9F84F00241F4695
:1026A0002C4B89461E6805469046A346FFF722FE3E
:1026B00006F0010609F100695F4508D92B69D3F8D6
:1026C00000A0DAF82830DB0707D56FF004040EB15C
:1026D000FFF7FEFD2046BDE8F88F284602F075FFA3
:1026E000041EF4DB2BF003044444231F04F10C020A
:1026F00053F8041F19BB9342FAD1DAF82830A9EB3A
:10270000040043F00203CAF82830DAF8283004F154
:102710001003021954F8041B9C421160F9D1284699
:1027200002F053FFDAF82830041E23F00203CAF83F
:10273000283009F11009CADB0BF1100BBCE74B463E
:1027400009F1100219680131BFD104339342F9D164
:10275000D3E700BF00040340084B0B60186808492A
:1027600010B10B68136070474FF0800C4FF40050AD
:10277000C3E900C001230B60F4E700BF840B002015
:10278000800B00202DE9F843D0F8049090460746CE
:10279000D9F808000D461E4602F0F2FDB8F5001FFC
:1027A000044616D12846D9F80840FFF77FFD844239
:1027B0000CD1294602F0E4FD0446FFF713FD204644
:1027C000FFF762FD00212046FFF716FD0020BDE85F
:1027D000F883B8F5800F20D0B6F1806F19D0B6F12C
:1027E000C06F18D0B6F1007F1AD102263A462046B3
:1027F0000E49FFF729FDB0B92846D9F8081002F0B4
:10280000C4FD20463146FFF7F7FC2046FFF7D2FC17
:10281000DCE70126EAE70326E8E76FF08500D6E764
:102820006FF01500D3E76FF00F00D0E77158000884
:102830004FF0E0230D4A9969126818699B690029D5
:1028400008BF1146002B08BF134610F4803F08480C
:1028500001D1994205D20168114401604FF0E02195
:10286000096900681044C01A704700BFA00B00201F
:102870009C0B00201022094B002083F8232045F6F2
:10288000C052074B1A60074B45F6BF5218604FF015
:10289000E0235A61072298611A61704700ED00E059
:1028A000A00B00209C0B0020684620F007018D46FD
:1028B00019B5FFF7BDFF1449144B0868D3E900426E
:1028C000001942F10002C3E9000200230B6045F643
:1028D000C0530F4AD2E90041001BB0FBF3F0434361
:1028E0001B1941F10001C2E90031EFF311811023FE
:1028F00083F31288BFF36F8F00F00AFFFFF742F9EE
:10290000BDE81940854670479C0B0020B8000020A8
:10291000B00000202DE9F041374E89B1421C0AD1A8
:102920004FF0E022136923F0010313614FF07F435E
:102930003360BDE8F0813568012806DC00240AE038
:10294000431C3568F8D140F2BA2040F2BB239842CC
:10295000A8BF1846441EEFF31187102383F3128893
:10296000BFF36F8FFFF764FF4FF0E0232349D3F8E5
:1029700018C0D1E9002380184FF0000243F1000392
:10298000C1E900031E4B1A601E4B1A68831A2DD42E
:1029900045F6C05E45F6BF5814FB0E841C44B4FBDC
:1029A000FEF4131A40F2DC520EFB0433934238BF9C
:1029B0001346154A934228BF13464FF0E022336076
:1029C000013B946953610023A4459361ACEB04007F
:1029D000D1E900320DD20544EB1842F10002C1E901
:1029E000003287F31188BFF36F8FA2E740F2DC5308
:1029F000E3E7C318F1E700BFA00B0020B8000020F8
:102A00009C0B0020B0000020809DFF0038B5EFF344
:102A10001185102383F31288BFF36F8F084B1C6856
:102A2000084B1B68E41AFFF703FF85F31188BFF317
:102A30006F8F45F6C0532044B0FBF3F038BD00BFA4
:102A4000B8000020B0000020F0B5816885B01039D2
:102A5000054621F00F0402F065FB6A460A4B03F1BC
:102A60001007164618685968083303C6BB42324639
:102A7000F7D110236A462146284602F022FB00388F
:102A800018BF012005B0F0BD8666000830B50D46C0
:102A9000816887B0102302AA1039044602F0FCFABC
:102AA000002802DA012007B030BD1022204602A91A
:102AB00002F00FFF00283AD110221E4902A803F0AD
:102AC000C8F900280CBF012302232B70204602F016
:102AD000ECFE012301460DF10702204602F0DCFA6C
:102AE0000028DFDB9DF80730204603F00F021B09AA
:102AF0006A702B7101220DF1070102F0EAFE10B994
:102B00006B78042B03D901236B7000232B71A2680F
:102B10002046203A22F00F02103AA91C02F0ECFEE7
:102B20000028BFD12046E91C02F03EFFBBE703238B
:102B3000CBE700BF866600087FB52A4D4400694692
:102B400055F8240002F036FF00283CD1013455F836
:102B5000240002A902F02EFF012802BF03238DF8F2
:102B6000083040F203334FF000049DF800509DF808
:102B700008601D4A08BFADF80A302946107802F0F7
:102B80009AFE30B33146507802F095FE08B3937840
:102B9000042B03D09DF8031099421AD1D378042B4B
:102BA00003D09DF80B10994213D11379042B03D055
:102BB0009DF8021099420CD15379042B05D19079DC
:102BC000831E022B0BD9FF2009E09DF80A109942C1
:102BD000F5D00134042C02F10702CED1012004B05B
:102BE00070BD00BF446600080B6C0008B8B1384BDC
:102BF0001A6902F03002302A13D1364B98425DD95F
:102C0000354B98425CD9354B98425BD9344B98424E
:102C10005AD9344B98422ED9334B98423BD9012094
:102C200070471A6902F03002202A10D12F4B9842C7
:102C300044D92F4B984243D92E4B984242D92E4B20
:102C4000984241D92D4B984215D92D4BE5E71B6988
:102C500003F03003102B10D12A4B98422ED92A4B67
:102C600098422DD9294B98422CD9294B98422BD9DF
:102C7000284B9842D3D804230EE0274B98421DD905
:102C8000264B98421CD9204B98421BD9244B984282
:102C90001AD9244BEDE7052323490A6822F00F02D5
:102CA0001A430A600A6802F00F0293420ED00868C5
:102CB00000F00F00C01A18BF012070470023EBE797
:102CC0000123E9E70223E7E70323E5E70020704754
:102CD0000008024480DE800200BD0105809B82075F
:102CE000007A030A8058840C80B2E60E80CC06027B
:102CF00000990D048065140600321B0880FE210A2D
:102D000000C2EB0B80C3C90100879303804A5D05B5
:102D1000000E270780D1F008002D3101005A620211
:102D200000B4C40400E1F5050020024038B5EFF31B
:102D30001185102383F31288BFF36F8F064B9C68B5
:102D400002F096FE85F31188BFF36F8F2046BDE831
:102D50003840FEF727BF00BFA40B002038B50A4B50
:102D600053F82040013053F82050A54200D838BD18
:102D7000606830B1037EDB0701D402F04EFE0834F8
:102D8000F3E723689847FAE74C660008012270B51C
:102D9000294B86B003201A70FFF7E0FF02F0A2FF74
:102DA0000420FFF7DBFF254C254D2646AE4204F1FB
:102DB00030040FD300F084FA204CAC4226D300F04C
:102DC00093FAFDF7D3F91F4A938923F00103938106
:102DD00006B070BD54F80C3C059354F8103C0493B5
:102DE00054F8143C039354F8183C029354F81C3CD8
:102DF000019354F8203C009354E90A2354E90C0150
:102E000000F018F954F8303C5E65CEE7D4E90A23A7
:102E1000B3F1FF3F08BFB2F1FF3F05D052EA030113
:102E2000206803D102F0ACFE3034C6E70649183002
:102E300000F0DEFBF8E700BFD10C0020D0620008F4
:102E4000D0620008400100205B5B000800230122E3
:102E500070B586B0CDE904230F220193CDE902328B
:102E600014234FF4A0720E4D0E4E03FB00550E4975
:102E700006EBC016044602FB00110C4B30460095D1
:102E800000F0D8F8337C2C7423F004033374084B1F
:102E9000013403EBC423EE606B6006B070BD00BF6D
:102EA000A40B0020C0000020D8140020775A00088E
:102EB000D80C00207FB50020FFF750FF284B03F50A
:102EC000006282F3088883F30A880024F023254DEA
:102ED00085F82230EC772C766C76AC7685F820403D
:102EE0006B6A43F4E0236B62FEF732FDFEF744FEAB
:102EF0004FF0FF33AB62EB62FFF722F8FEF7BCFE48
:102F0000194800F0D5F8FEF737FB0120FFF726FF40
:102F10000220164DFFF722FF00F010FA144B4FF479
:102F200020525D61134B1449059301232846CDE9D6
:102F30000343CDE90144114B009400F07BF80646B1
:102F40002B7C284623F004032B7402F0E3FD20467B
:102F5000FFF77CFF31462846084AFEF7EDFD00BF2B
:102F6000D80C002000ED00E0C0010020400100204E
:102F7000A40B0020736B0008181600208D2D00088C
:102F800070B5EFF31186102383F31288BFF36F8FB0
:102F90000468A0421AD0CCB1D4E9003200251360F5
:102FA0005A60237CC4E9005523F002032374A56012
:102FB00004F1180002F01BFE2046A56702F0AAFDEE
:102FC0003146BDE87040074802F0D7BDD0E9023273
:102FD0009A4218BF0133836086F31188BFF36F8F65
:102FE00070BD00BFD20C002013B5EFF31181102487
:102FF00084F31288BFF36F8F846844B1013C84600E
:1030000081F31188BFF36F8F002002B010BD52EA28
:10301000030406D181F31188BFF36F8F6FF00F00A7
:10302000F3E7CDE900230246014800F027F9ECE779
:10303000D20C00202DE9F043984685B000F15803EA
:10304000C0E91633109B002683810423073222F047
:10305000070503740F9B01EB05090F46837349466F
:10306000C0E906668660C6730446FEF71BFB0E9B2E
:10307000073020F00700A066C4E9187502930D9B85
:10308000A9EB000901930C9B4A460093394643463D
:103090002046FEF735FD054B66659B6803B1DB6E88
:1030A0004846E36605B0BDE8F08300BFA40B0020EE
:1030B0000123037483810023C0E91833C366014BE5
:1030C00098607047A40B00206FF00A01084A9368CB
:1030D0009967084958674B6843F080534B60002359
:1030E00083F31188BFF36F8F9368986F704700BFA9
:1030F000A40B002000ED00E070B590F91020037CD7
:10310000002A2FDBD9062DD11A4C63F07F0322460B
:10311000037452F8183FE169934207D1C0E90021D6
:103120000860E0610FE09942F8D01B68002BF5D0F1
:1031300093F90E6090F90E50AE42F4DD5968C0E983
:10314000003108605860A569954200D005B9E5686E
:10315000A3681A7CD20606D1DA897F2A03D9AA6924
:103160000AB9636170BDAB4202D0284600F0C2F9D3
:103170006561F7E7A40B002038B590F910200146EF
:10318000002A037C04DA03F07F03037402F08AFC54
:103190000D4D2A4652F8184FAB68944200D004B93E
:1031A000EC688B4207D01A7CD20604D1DA897F2AD8
:1031B00001D9A2692AB1A34202D0204600F09AF9AF
:1031C00023466B6138BD00BFA40B0020B3F1FF3F65
:1031D00008BFB2F1FF3F03D00249183000F008BA2F
:1031E000704700BF5B5B0008034648B9EFF30582F8
:1031F00032B9064A51699268914201D0FFF764BF23
:1032000083F31188BFF36F8F704700BFA40B0020BA
:1032100038B5184CA168E0690B68814214BF1A46A2
:10322000002249680B605960A368E1692AB9124A13
:10323000C3E900210B60E3610AE092F90E5093F9B3
:103240000E00854212DD5168C3E900210B60536016
:10325000A569094B9D4200D005B9E568A3689D4268
:1032600002D0284600F046F9656138BD8A42DED0BA
:103270001268DBE7A40B0020BC0B0020F8B5DDE9E9
:1032800006670D4B0C46986811460C4A1060EFF328
:103290001182102282F31288BFF36F8F9D68284637
:1032A00002F012FC284632463B46FFF78FFF2046CD
:1032B000BDE8F840FFF708BFA40B0020C40B0020B6
:1032C000EFF31181102383F31288BFF36F8F054B47
:1032D0009A68D37B013BD37381F31188BFF36F8F5F
:1032E000704700BFA40B002070B5EFF311861023C8
:1032F00083F31288BFF36F8F0F4DAB68DA7B013217
:10330000DA732A4652F8184F944200D004B9EC6898
:103310001A7CD20604D1DA897F2A01D9A2692AB19E
:103320009C4202D0204600F0E5F823466B6130460F
:10333000BDE87040FFF758BFA40B0020024B03F11B
:103340001802C3E906227047A40B0020014B9868BD
:10335000704700BFA40B00202DE9F843044687897D
:10336000EFF31186102383F31288BFF36F8F037C72
:10337000190705D586F31188BFF36F8FBDE8F88371
:10338000D90943F008026FD10274A36813B1204633
:1033900002F090FB04F1180002F029FCA56D04F185
:1033A0005808A84511D04FF0000975B1284602F021
:1033B00081FB05F1180002F01AFC2846C5F8789048
:1033C000FFF79AFEA56DA845EFD1DFF8BC80D8F8CD
:1033D00008309C4250D1EFF30589B9F1000918BFBC
:1033E0004FF00109D8F81850284A954200D00DB97D
:1033F000D8F80C50AB4202D0284600F07BF82046AB
:10340000C8F8145001F0EDFEB9F1000F02D02048C9
:10341000FFF74EFED8F808309C4230D1EFF3058319
:103420006BBBA289D20711D586F31188BFF36F8FCA
:1034300083F31188BFF36F8F0423184602DFEFF385
:103440001186102383F31288BFF36F8F3046FFF786
:103450003BFEFB0792D5002383F31188BFF36F8FE8
:103460000423184602DF89E703F07F0343F00803D3
:10347000037402F017FB88E74FF00009B2E786F308
:103480001188BFF36F8FE4E7A40B0020BC0B002072
:10349000C0010020027C034612F01F0210D10A492D
:1034A00088420DD00949086868B1D9897F2909D8AF
:1034B00093F90E20064B1B689A42B8BF0020704754
:1034C0000020704710467047C000002068000020B0
:1034D000C80B00200122044BC01A044BC0105843F3
:1034E000034B1A54704700BF40020020ABAAAAAA9F
:1034F000D20C002070B50C4B0C4D1E7CFFF7CAFFA0
:10350000182303FB06550446284602F070FB0022F0
:10351000074B9A553CB1621E2846BDE870400549EC
:10352000D31700F065B870BDA40B00204002002046
:10353000D20C0020D534000838B5EFF311851023E4
:1035400083F31288BFF36F8F0F4B104A9C6810688B
:10355000A04206D1FFF7CEFF85F31188BFF36F8F2E
:1035600038BD00211B7C1160094AD35C002BF3D0CD
:103570002046FFF78FFF0028EED0237CDB0601D129
:10358000FFF746FE2046E5E7A40B0020C40B002011
:10359000D20C0020024B1868984208BF00207047E8
:1035A0006C000020034B1B680BB9FFF72FBA0020FB
:1035B000704700BFCC0B002030B570B10B4B5B687F
:1035C00098420AD0036843B1D3E90421D0E9044505
:1035D000121941EB0501C3E90421D0E9003213605F
:1035E0005A600023C0E9003330BD00BF6C000020EA
:1035F000B3F1FF3F08BFB2F1FF3F2DE9F84F04469A
:10360000994615461F467AD08160EFF31188102342
:1036100083F31288BFF36F8FB9F1000FDFF8E4A0D6
:1036200020DBFFF7BFFFDAE90027013549F1000988
:103630002D1849EBE07306464FF00109C4E9045325
:10364000AD1843EB0707FFF7A5FF0346DFF8B8E027
:10365000DEF804A0EBB9C4E900EACAF80040CEF8ED
:10366000044028E06FF00103DAE900125B1A4FF022
:10367000FF3161EB02025B1B62EB0902012B72F16D
:103680000001BCBF012300224FF00009C0E9043251
:10369000D9E7D3E9041CD4E904208A4270EB0C0B6F
:1036A00024DA891A5A686CEB0000C3E90410C4E9F3
:1036B000003214605C60FFF76DFF84420ED1134B43
:1036C0001B685BB9B9F1000F02D1FFF76BFF06462B
:1036D000304602F075FA0021FFF71CF988F31188D3
:1036E000BFF36F8F28463946BDE8F88F521A60EB5A
:1036F0000C005345C4E90420ADD01B68AAE700259F
:103700002F46EFE7580200206C000020CC0B002071
:103710002DE9F047DFF8A8900246C9F800000D46F1
:10372000FFF738FF00260027DFF898804FEAE27E97
:10373000D8E9001350B1D0E9044CA2427EEB0C0A48
:103740001ADAA41A6CEB0E06C0E9044600245218DB
:1037500043EB0E032046C8E90023C9F8004002F0FD
:103760002FFA2146FFF7D6F885F31188BFF36F8F44
:10377000BDE8F047FFF7E0BE611843EBE473C0E932
:103780000467C8E90013FFF717FF01224FF0004359
:10379000C0E9042385F31188BFF36F8F83689847CE
:1037A000EFF31185102383F31288BFF36F8FD9F8DD
:1037B0000020121BC9F80020FFF7ECFEB6E700BF9F
:1037C000CC0B00205802002010B5EFF31184102319
:1037D00083F31288BFF36F8FFFF7E4FE0346054AB9
:1037E000D2E90001181841EBE37184F31188BFF3AB
:1037F0006F8F10BD5802002010B50A46044619B15B
:10380000024B00211B68984710BD00BF646600088A
:103810002DE9F04F8378154685B007469A07D0F812
:10382000048040F19F8000260878002800F09C80EA
:10383000252808D001F1010A01363946C047002881
:1038400080F286808AE091F801B001F1020ABBF1B2
:10385000250FF1D0002401211F2C25D8ABF1200227
:10386000102A06D801FA02F0824B18420ED1032A20
:103870005AD0ABF13002092A08D9BBF12A0F33D153
:10388000630605F1040501D444F020041AF801BBD5
:10389000BBF1000FE0D139462520C04700285DDB91
:1038A000023639465846C9E77F2CE2D9BBF16C0F86
:1038B00029D021D8BBF1680F2CD0BBF16A0F30D0D2
:1038C000BBF14C0F2DD0ABF16302122A00F2A480A1
:1038D000DFE802F02C4EA2A2A2A24EA2A2A2A2A2B5
:1038E000AC9CA2A231A27600BBF12E0FDED1600605
:1038F0003AD444F04004C9E7BBF1740FC6D0BBF121
:103900007A0FC3D0DFE7220648BF44F4007444F0C6
:103910008004BBE7E30548BF44F4007444F48074BA
:10392000B4E744F42074B1E71024AFE70136394618
:1039300015F8040B82E72C684F4B002C08BF1C467F
:10394000A1464B4619F8010B20B9341B04351E194A
:10395000514669E73946C0470028F2DABB7843F0A0
:103960000403BB704FF0FF36304605B0BDE8F08F62
:1039700020061CD5A10549BF073555F8040B25F0D5
:10398000070555F8080B00280DF104094FF00A024D
:10399000BCBF44F480644042494602F06AFA6405C0
:1039A000A0EB090956D44C460DF1040B5EE0E2058C
:1039B00055F8040BE7D5A3054CBF40B200B2E2E7CF
:1039C00024F010040A22A4B2200633D5A10549BF71
:1039D000073555F8040B25F0070555F8080B10B905
:1039E00024F01004A4B20DF10409494602F041FA92
:1039F000E306A0EB0909D6D539463020C047002898
:103A0000ACDBBBF1000F1ED10136CCE744F0100453
:103A100010224FF0780BD7E74BF02002782A7FF482
:103A20003AAFCBF1780242F01002CDE708224FF016
:103A3000000BC9E7E30555F8040BD0D5A1054CBF31
:103A4000C0B280B2CBE7023639465846C04700289C
:103A5000A9DA83E7013639462D20F7E7013C3946DC
:103A60001BF80400C0470028FFF678AF002CF5D102
:103A70004E446DE781280100786B000870470020F4
:103A8000704730B500290446154685B011DB8368C0
:103A90008B420ED96368C068194401AA01F03BFD4E
:103AA00028B96268019B9B1A2B60029B6B6005B072
:103AB00030BD6FF02100FAE770472DE9F0470C4662
:103AC0009CB01146DDE9265790469946249E00F0A9
:103AD00075FA82466846FDF7B5FC35B1002F04DD66
:103AE0003A462946684601F086F963892289E768E3
:103AF000002413441F44A74207D86946259801F0C3
:103B0000A0F900201CB0BDE8F0873D1BB54228BFDE
:103B100035464A462B4640460AEB040101F0BCFA02
:103B20000028EFD12A464946684601F064F92C4442
:103B3000E1E72DE9F7430E4617469946044628B9B2
:103B40004FF0FF38404603B0BDE8F0830029F7D0BE
:103B5000002AF5D083690D8938461D44CB681D4481
:103B6000042329460DEB030201F096FA8046002853
:103B7000E6D146F60813BDF8042071899A4225D192
:103B8000BDF806309942DBD1042338460DEB030221
:103B9000294401F081FA0028D2D146F60713BDF876
:103BA00004209A42CCD1C4E900679DF82830A4F8DB
:103BB0000890A3727389BDF806202B44E3607389D3
:103BC00013442B44043563612561BBE70029E4D02D
:103BD000B6E72DE9F3410E4617461D46044620B9C7
:103BE0004FF0FF3002B0BDE8F0810368002BF7D042
:103BF0004368002BF4D04FF6FF78D4E904139942C0
:103C000015D223685B8923B1E3688B4204BF04317A
:103C10002161042360680DEB030201F03DFA0028E6
:103C2000DED1A37A2BB1D4E903329A4201D3012029
:103C3000D8E72389BDF80610434501F1040203D0FB
:103C4000BDF804C09C450BD115B1BDF804302B80E4
:103C50002369043333603980236913442361C1E746
:103C6000236913442361C8E748B103683BB1436843
:103C70002BB1C068884294BF0020012070474FF0EC
:103C8000FF3070472DE9F3410D46044611460223EB
:103C9000284601AA02F056F8064618BB019F1F2FBE
:103CA00012D92B68A7F12002134403F1200253F824
:103CB000041B934244F8041BF9D12B683B442B604E
:103CC000304602B0BDE8F081C7F120084246014607
:103CD000204602F0B6F83A46296804EB080002F0E4
:103CE000A3F8EAE76FF00206EAE702F0B2B810B50F
:103CF000044601F010FA00F075F8A368984201D963
:103D000001F0A8FA181A10BD70B50D46044601F06E
:103D1000CCFD2A46A0F1200104232046BDE87040D6
:103D200001F0BAB9002373B506460D461446019357
:103D300001F0BBFD0423A0F110010DEB030230469E
:103D400001F0AAF918B9019B2B801B0C238002B04B
:103D500070BD13B50446019101F0A7FD0423A0F145
:103D600020010DEB0302204601F0E2FD02B010BD80
:103D700073B5164605460C4601F097FD0423A0F1E5
:103D8000100144EA064428460DEB0302019401F0B9
:103D9000CFFD02B070BD00F0EEB9382213B5012995
:103DA0000346019208460AD15A6A03F1280401A980
:103DB00001F0E1F908B9019B236002B010BD0229AE
:103DC00003D15A6D03F15804F1E70120F5E710B56E
:103DD00028B1BDE810406C22002102F032B8FCF797
:103DE00029FCF6E7702358436030704773B50C46E2
:103DF0000546164601F08FF9A04203D9284601F086
:103E00008AF904467023A9686A46603903FB1411D5
:103E10002846FFF736FE0028A4BF009B336002B09F
:103E200070BD2DE9F3411E46836805468B420C4662
:103E300090462FD95B1A93422CD3EEB16A46FFF716
:103E400020FE002828DB013C009F44446A462146AE
:103E50002846FFF716FE00281EDBDDE90084284611
:103E60002246414601F042F9002815DB6EB1474574
:103E700012D208F1FF34E9E701396A464144FFF7FD
:103E800000FE002808DB009FE0E74444A74203D37C
:103E90000134DBE74FF0FF3002B0BDE8F08110B431
:103EA00012B110BCFFF7BDBF104610BC7047002315
:103EB00082681946FFF7F3BF08B5302303FB010101
:103EC000086A08B901F0C6F90422BDE8084001F00B
:103ED00000BDF8B513460F461646002102460546BA
:103EE000FCF71AFE044650B933460121284605F175
:103EF0003002FCF711FE10B1002F18BF0446204617
:103F0000F8BD00207047002110B504460846FCF7B4
:103F10007DF904F12001C0B2FDF746FB40B9012153
:103F2000FCF774F904F15001C0B2FDF73DFB08B194
:103F300001F090F910BD10B50446006D08B101F014
:103F4000AAF8206A18B1BDE8104001F0A4B810BD6D
:103F50004379012B07D10368012B04D10079431E5B
:103F600058425841704700207047F0B5056A85B047
:103F7000074628460E46FFF7BAFE796E04463046DD
:103F800000F0A7F80444284601F0C5F80746284683
:103F900001F0C8F80F2201460DF1010001F051FFB8
:103FA00033796A468DF8003021463B46284601F0B9
:103FB00088F8003818BF012005B0F0BD28B1036DA6
:103FC0008B4201D1806E70470020704713B50C46BC
:103FD00001AA416E2046FFF709FF002809DB01997D
:103FE000A26801232046521AFFF759FFC00F02B002
:103FF00010BD0120FBE773B505460C46006D694610
:104000001646FEF743FD024608B101F023F9F179A7
:10401000012904D0204601F0E1FC0028F5D19DF8EB
:104020000330012B04D1204601F0B7FC0028ECD16D
:104030002046B168FFF78DFE0028E6D12046B5F88E
:104040005C20A98DFFF794FE0028DED12046FEF704
:10405000FBFC0028D9D102B070BD73B50C460646F2
:1040600000F041F8E06028B3022801D1356A0DB9AB
:1040700001F0F0F8224631462846FCF71BFED0B985
:10408000284601F012FC012301460DF107022846E3
:1040900001F002F888B9012228460DF1070101F06C
:1040A00018FC10B101238DF807309DF8073003F09C
:1040B0000F03E371002002B070BD0120FBE7436AEB
:1040C00000205A68034613448B4201D20130FAE7BC
:1040D000704710B503684C005A1E0379013B5943E1
:1040E00004FB021010BD1FB504466946006AFEF7C6
:1040F000CDFC08B101F0AEF8206D02A9FEF7C6FCB8
:104100000028F7D19DF80030012B09D19DF802302D
:10411000032B05D19DF80800013818BF012040008D
:1041200004B010BD73B5CB790646042B0D4614467A
:104130001FD10B68012B1CD169461046FEF7A6FC67
:1041400008B101F087F89DF80030032B11D121460A
:104150003046FFF73BFF0028F3D1204601F055FC25
:104160000028EED12A4621463046FFF744FF0028BA
:10417000E7D102B070BD10B50446406EFFF732FEC5
:10418000636A5B685A1E024459421140A26D013AAB
:104190005A43501AA26A53435B1A984228BF1846E2
:1041A00010BD30232DE9F74F03FB0103D3F8209016
:1041B00004460F469046B9F1000F01D101F04AF8CC
:1041C000002AFBD000251560B3F808A0DB680129A0
:1041D0009A444FF0040308BF856E0DEB030255446B
:1041E0002946484600F058FF064638B101264846A1
:1041F00000F051FF304603B0BDE8F08F302303FBE1
:104200000743B3F80AB046F60813BDF804209A42F3
:1042100020D1BDF806309B4501D00326E7E70423F3
:1042200048460DEB03020BEB050100F035FF0028BB
:10423000DCD146F60713BDF804209A42EDD13022B6
:1042400002FB0744BDF80630A3855B445344C8F81D
:104250000030CCE7BBF1000FEBD0DEE7F0B5002477
:104260000646204665B2AB4200DCF0BD51F8247032
:1042700052F824503D440544AF4218BF002046F890
:10428000245088BF40F001000134EBE7002300EB2D
:104290008101884200D3704751F8042D43EA52034C
:1042A0000B60D307F5E770B50368054613F0010608
:1042B000144605D013460A460146FFF7CFFF0646CF
:1042C00021462846FFF7E2FF46B104F18042013A59
:1042D00055F8223043F0004345F8223070BD2DE9F7
:1042E000F74F00273D463C464FFA87F9994516DBC4
:1042F0004FF0FF364FF0000806EB43060196019F92
:1043000053FA88FE4FFA8EFEBE455FFA88F628DB28
:1043100000EBC30040F8044C03B0BDE8F08F4FF051
:10432000000EF04602EB870A51F82EC05AF80469D5
:104330004FF0000BACFB066C36195CEB050C28BF8C
:104340004FF0010B0EF1010E34464FFA8EF6B145D7
:104350006546D844E8DA40F82740454664460137C8
:10436000C2E7A9460025013676B202EB8E0A77B283
:10437000BB4205DC40F82E4008F101084C46BEE780
:104380006FF00307774351F826C05AF807704FF0D3
:10439000000BA7FB0C7C3F195CEB090C28BF4FF00E
:1043A000010BE1463C465D440136E0E7002310B5D1
:1043B0001C465AB2914200DC10BD40F82340013344
:1043C000F7E700231A4610B55CB2A14203DCB2FA4B
:1043D00082F0400910BD50F8234001332243F3E737
:1043E00001234A1150F8220001F01F018B401840B0
:1043F00070474B1E10B55BB2041D1A0603D45A1E3B
:1044000054F8221071B101335BB24BB103F1804219
:10441000013A50F82220B2FA82F2C2EB43139BB267
:1044200018B210BD1346E8E7002310B55CB2A242F3
:1044300000DC10BD51F8234040F823400133F5E77C
:1044400010B5013A52B2130601D5002010BD50F844
:10445000224051F822309C4205D802F1FF32F2D2BC
:104460004FF0FF30F2E70120F0E7002330B5013ACA
:1044700052B2140603D5181E18BF012030BD50F8E3
:10448000224051F82250013A6C402343F1E7F0B545
:10449000002406469C46204665B2AC4500DCF0BDD3
:1044A00051F8247052F824303D1AED1AAF4218BF6B
:1044B000002046F8245038BF40F001000134EBE7FB
:1044C00070B59DF910601D4633460446FFF7C6FEE1
:1044D00030B9324621462846FFF7B2FF012807D0FF
:1044E00033462A4621462046BDE87040FFF7CFBF3D
:1044F00070BD70B59DF910601D4633460446FFF748
:10450000C6FF38B133462A4621462046BDE87040F2
:10451000FFF7A4BE70BD2DE9F04F1D46A7B016AB46
:10452000CDE904310290294610469046FFF761FF1D
:10453000C0EB851424B22146002CB8BF04F11F0142
:10454000634203F01F0306AF384641F3471104F0FE
:104550001F0658BF5E42FFF729FF002E4FEA810079
:104560002CDD002213463844C6F1200E9D421AD895
:104570000126AB00039307EB8503019305F1FF3898
:1045800026AB4FEA450903EB8808002C55DA26AB29
:1045900003EB86062A4656F8881C0298FFF744FF6C
:1045A00027B0BDE8F08F58F823C001330CFA06F1AC
:1045B0000A4340F8042B2CFA0EF2D7E72A4641466C
:1045C0003844FFF731FFD3E75AF8883C53F82120ED
:1045D00026AB03EB810353F8803C6344D31A34BF0A
:1045E0004FF0010B4FF0000B9A4204D0BBF1000CCE
:1045F00018BF4FF0010C5EF8882C013042F82130D2
:1046000041B24945E0DBA6EB0C035E422946384641
:104610005E41FFF73BFE039B294698336B4453F8FA
:10462000802C58F8803C019843EAC273013C48F85A
:10463000803C24B2FFF72AFEA7E7002026AB86F0D5
:10464000010E844603EB860A03EB8E0ED8E730B5E5
:1046500004461D4691B068469DF95030FFF73FFE75
:104660002A4669462046FFF756FF11B030BD30B5E7
:1046700005461C4691B0684693F90030FFF72FFEBF
:1046800069462846D4F8AC30984711B030BD13467F
:104690000A46FFF7ECBF2DE9F04793F900600446A6
:1046A000894692B03146104615461F46FFF789FEEF
:1046B000002840F091803A46494602A8FFF7E7FFFC
:1046C0003B46214602AA0AA8FFF7D1FF02A90846E5
:1046D0003A46FFF7DCFF3B462A4649464846FFF785
:1046E000C6FF07F104083A4629462846FFF7CFFFE0
:1046F00043462A46214620460096FFF7E1FE434600
:104700002A46294628460096FFF7DAFE43462A46FF
:10471000214628460096FFF7ECFE3B462A462146F6
:104720002046FFF7A4FF434622462146284600962E
:10473000FFF7C6FE43462A46214620460096FFF76D
:10474000BFFE2368DB074AD5334642462146204652
:10475000FFF784FD824631462046FFF797FD06F1BC
:104760008043013B54F8232042EACA7244F82320D4
:104770003A4621462846FFF78AFF434629462846FF
:104780000AAA0096FFF7B5FE4346294628460AAA1C
:104790000096FFF7AEFE0AA9084643462A46009651
:1047A000FFF7A7FE3B46214620460AAAFFF75FFF18
:1047B00002AA4346104621460096FFF79AFE32466B
:1047C00029462046FFF730FE49462846FFF72CFED3
:1047D000484602A9FFF728FE12B0BDE8F08731462F
:1047E0002046FFF753FDC3E72DE9F04115468AB097
:1047F00004460E461C22002103A801F022FB0323DD
:1048000095F900802A46314620462F1D0293FFF776
:104810003EFF3B462146204602AACDF80080FFF726
:1048200068FE2B46324621462046FFF720FF3B46D6
:1048300021462046CDF8008005F18402FFF740FEB6
:104840000AB0BDE8F081F0B50F460646A1B01946A2
:10485000384615461C46FFF7B4FD28B1304621B056
:10486000BDE8F040FFF7A2BD224639466846FFF793
:10487000DBFD294608A8FFF7D7FD10A82146FFF762
:1048800095FD012318A81093FFF790FD2246684676
:1048900008A9FFF7D5FD30B92246304610A9FFF729
:1048A000C3FD21B0F0BD009BDA0709D4214668465C
:1048B000FFF7ECFC2246294610A8FFF7F4FCE5E7D9
:1048C000089BDB0707D4214608A8FFF7DFFC224638
:1048D000294618A8F1E7012823461CD108AA6946F1
:1048E0006846FFF7D4FD21466846FFF7CFFC224615
:1048F00018A910A8FFF7A4FD013005D110A923467F
:104900002A460846FFF7AAFC10A92346084618AA1B
:10491000FFF7BDFDCEE76A4608A8FFF7B8FD2146C0
:1049200008A8FFF7B3FC224610A918A8FFF788FDD6
:10493000013005D118A923462A460846FFF78EFC08
:1049400018A92346084610AAFFF7A1FDBFE7F0B556
:1049500015461C4607460E4689B01A462946684643
:10496000FFF795FE23466A4639463846FFF77FFE35
:1049700023462A4669466846FFF779FE23466A467B
:1049800031463046FFF773FE09B0F0BD2DE9F04720
:104990008AB0DDF848A01446554680461F46894631
:1049A00015F9046B02462B46214602A80096FFF734
:1049B000A0FD02A952460846FFF769FE534641464C
:1049C000404602AAFFF753FE53462146204602AA5C
:1049D000FFF74DFE2B464A46394638460096FFF70C
:1049E00088FD5246394602A8FFF751FE02A92B4620
:1049F000424608460096FFF77CFD02A92B46224658
:104A000008460096FFF775FD2B4642462146204694
:104A10000096FFF76EFD5346224649464846FFF78B
:104A200026FE2B464146204602AA0096FFF761FD6E
:104A30005346224639463846FFF719FE2B464A466A
:104A4000394638460096FFF754FD3246204602A903
:104A5000FFF7EAFC0AB0BDE8F087F8B50E46D11CB6
:104A600048BF911D144641F38701FFF79FFC0025C5
:104A7000671E6AB2A24205F1010500DBF8BDBB1A50
:104A800023F00301B25C03F00303DB009A404358B8
:104A900013434350EDE72DE9F0471F46B3F90230C9
:104AA000064613F11F0448BF03F13E046511DC1DE7
:104AB00048BF03F10E04E410944228BF1446884610
:104AC0004FFA85F94946FFF771FC224641463046C8
:104AD000FFF7C3FFB7F90220E300B2EBC40F20D207
:104AE00000219B1A06EB8504C3F12005A6420FD3D3
:104AF00024374A4631463846FFF7A2FC012810D039
:104B00004B463A4631463046BDE8F047FFF7BFBC5A
:104B100054F8040D20FA03F20A43226000FA05F16A
:104B2000E4E7BDE8F0872DE9F04FFDB0869D1E4615
:104B3000B5F90230059213F11F0248BF03F13E029E
:104B40000023834642F3471808F1FF3924AA42F8AC
:104B500029307CAA95F9004002EB890242F8C03C5A
:104B600042F8A03C0F4695F9012001466CA8FFF7DA
:104B700074FFA30095F9012007936CAB03EB840A43
:104B80000BEB02015046FFF768FF314695F9012013
:104B90004CA8FFF762FF95F9012054A8B118FFF760
:104BA0005CFF21464CA8FFF70CFC18B100207DB03B
:104BB000BDE8F08F214654A8FFF703FC03900028BE
:104BC000F4D105F12403424618464CA90493FFF79B
:104BD00037FC0128EAD1424654A905F12400FFF729
:104BE0002FFC01280690E1D11CAE4346304605F16A
:104BF000240254A9FFF727FE039B0DF1300B394621
:104C00004BF8293058462B46059AFFF744FF3246A9
:104C10005946584605F12403CDF80080FFF717FDEB
:104C20005CAF05F1240332464CA914A8CDF80080EE
:104C3000FFF70DFD384622466CA9FFF7F5FBA300F0
:104C400007EB0309514648462246FFF7EDFB05F105
:104C500044039A461946224634A8FFF7E5FBA30011
:104C60000AEB030122463CA8FFF7DEFB39462B1D69
:104C7000304634AA00940593FFF73BFC4B463A4676
:104C80003CA934A80095FFF781FE23463146304603
:104C90002A1DFFF7D8FD2B46494638463246FFF716
:104CA00056FE039A4146CDE9082A58466CAACDE93A
:104CB0000A27FFF79EFB4146814614A8FFF799FBA0
:104CC0008145B8BF81461FFA89F909F1FF3A0FFA09
:104CD0008AFA51465846FFF783FB5146074614A807
:104CE000FFF77EFB003818BF0120003F18BF0127E7
:104CF00008AB47EA400753F827702246394624A8F4
:104D0000FFF792FBA300F91822462CA8FFF78CFBB3
:104D100021463046FFF74AFB069BA9F102093360A2
:104D20000FFA89F9B9F1000F21DA234631463046EE
:104D3000059AFFF788FD2B4632462CA924A8FFF7D9
:104D400006FE4246049824A9FFF77AFB012805D005
:104D500024A943460846049AFFF799FB22464CA92A
:104D600024A8FFF782FBB0FA80F040091FE72B462A
:104D70003246D5F8A4702CA924A8B84749460CA8F7
:104D8000FFF72EFB4946074614A8FFF729FB00381A
:104D900018BF0120003F18BF012708AB47EA4007B2
:104DA00053F8277027B32246394634A8FFF73CFB57
:104DB000079B2246F9183CA8FFF736FB2B463246E4
:104DC0003CA934A8FFF7C3FD059B34AA24A944A835
:104DD0000094FFF78EFB2CAB24AA3CA934A80095C5
:104DE000FFF7D4FD2B463146304644AAFFF73FFC7F
:104DF00009F1FF3994E7F8B50C4610B1F9B10AB9D9
:104E00000120F8BD00278D1800F12806AC42F7D02C
:104E1000836E5A1C826614F8011B03443F2A83F8F0
:104E20002810F3D93146FCF721FAD0E9083213F5FE
:104E3000007342F10002C0E908328766E6E70846DF
:104E4000DFE7F8B50C46054600284BD000294AD0CC
:104E50008B6ED1E90821D800121841F10001C4E994
:104E600008218022581C38282344A0664FF00007F0
:104E700083F8282004F128060BD9C0F140023946F6
:104E8000304400F032F820463146FCF7EFF938465E
:104E9000A766C0F138020021304400F026F8236AEA
:104EA000626A1BBA12BA3146C4E918232046FCF7DD
:104EB000DDF92B1D211F243551F8042F0433100E6A
:104EC00003F8080C100C03F8070C100A03F8060C82
:104ED00003F8052CAB42EFD120467022002100F0F0
:104EE00004F80120F8BD0846FCE700F0AABF10B5A1
:104EF000036A0446D8688368DB689847236DD868DE
:104F00008368DB689847012010BD002070470FB40C
:104F100007B504A951F8040B0191FCF7E1FA03B0BD
:104F20005DF804EB04B0704770472DE9F0411E4670
:104F3000436801205C688840D4F804C0C2F3801341
:104F40002CEA000C8B4043EA0C0390FAA0FCBCFA5C
:104F50008CFC4FF003086360D4F808E04FEA4C0C77
:104F600008FA0CFC2EEA0C0E90FAA0FCBCFA8CFCA1
:104F7000C2F3C1134FEA4C0C03FA0CF390FAA0FCF5
:104F8000BCFA8CFC43EA0E03A360D4F80CE04FEAB1
:104F90004C0C08FA0CFC2EEA0C0E90FAA0FCBCFAA1
:104FA0008CFCC2F341234FEA4C0C02F0300503FAAB
:104FB0000CF343EA0E03202D6FEA0007E36017D1DC
:104FC000072934D890FAA0F3216A73B3B3FA83F3B4
:104FD0004FF00F0C9B000CFA03F321EA030190FA47
:104FE000A0F3B3FA83F39B0006FA03F30B432362A7
:104FF000E36AD2044CBF03433B40E36290FAA0F360
:10500000B3FA83F390FAA0F00321B0FA80F022689B
:105010005B0001FA03F340002D0922EA03038540F7
:105020001D4325600020BDE8F0812B46D0E7030A30
:10503000D4F824C093FAA3F189B1B1FA81F193FABB
:10504000A3F34FF00F0EB3FA83F389000EFA01F1C8
:105050009B002CEA01019E400E436662C8E7294688
:10506000EDE70FB407B504A951F8040B0191FCF763
:1050700037FA03B05DF804EB04B07047002908DB91
:105080008068884205D9401A904234BF0020012030
:10509000704700207047704770B516461A4605469F
:1050A0000C46FFF7EBFF48B16968E8682144826865
:1050B00014683246A446BDE8704060476FF01500A2
:1050C00070BD70B516461A4605460C46FFF7D6FF6A
:1050D00048B16968E8682144826854683246A44649
:1050E000BDE8704060476FF0150070BD10B50B460D
:1050F0000446FFF7C3FF40B16168E0681944836864
:105100009B682BB1BDE8104018476FF0150010BD2B
:105110006FF05700FBE708B5C0688368DB68984705
:10512000006808BD08B5C0688368DB6898474079A7
:1051300008BD30B54C680368A34201D2012030BDE0
:105140008A682244934201D30020F8E7D1E904524F
:10515000954203D36FF00B038B61F5E7CA681B1B05
:1051600042F835304368086902EBC00253600B69AE
:1051700001330B61E2E737B50C46C0B201A9154611
:10518000FCF712FA00280CDB019850B121462A46A0
:10519000FCF730FA04460198FFF77DFF204603B084
:1051A00030BD6FF01504F9E700F04BBE00F03CBED7
:1051B000012801D1EFF30583FDF7B8BD0146006872
:1051C000FFF7F6BF08B5FCF769FABDE80840FCF741
:1051D000D9BC00210120FFF7EBBF036E83F30B88DE
:1051E00070476FF08500704761B662B680F3118832
:1051F000BFF36F8F704772B6002383F31188BFF33C
:105200006F8FBFF34F8F30BF62B6BFF36F8F7047A2
:1052100040E800F313F4803FD8B208BF6FF01500E8
:10522000704730B50C684B6885B00A894D89009489
:10523000013B24F01F04234402F01F0242EA4512FE
:1052400023F01F0369468DF808200393FCF74AFDFD
:1052500005B030BD08B5FCF725FF002008B50B21CF
:10526000FCF7A2FF024601460B20FCF711FC0022CE
:105270000C210120FCF798FF11460C20FCF708FCDC
:1052800000220D210220FCF78FFF11460D20FCF7B4
:10529000FFFB00220E210320FCF786FF11460E20A3
:1052A000FCF7F6FB00220F210420FCF77DFF1146DE
:1052B0000F20FCF7EDFB002210210520FCF774FF06
:1052C00011461020FCF7E4FB002211210620FCF718
:1052D0006BFF11461120FCF7DBFB00221221072097
:1052E000FCF762FF11461220FCF7D2FB00221321CB
:1052F0000820FCF759FF11461320FCF7C9FB0022D8
:1053000014210920FCF750FF11461420FCF7C0FBC4
:10531000002215210A20FCF747FF11461520FCF753
:10532000B7FB002216210B20FCF73EFF114616208A
:10533000FCF7AEFB002217210C20FCF735FF1146CD
:105340001720FCF7A5FB002218210D20FCF72CFFED
:1053500011461820FCF79CFB002219210E20FCF7B7
:1053600023FF11461920FCF793FB00221A210F207E
:10537000FCF71AFF11461A20FCF78AFB002008BD33
:10538000012001F01F018840704710B50F24C200B2
:1053900000F00C0000F1884000F50830036E02F0C8
:1053A0001802944023EA040391400B43036610BDA6
:1053B0000B8882B0C3F30B0303F67872C2F30B02BF
:1053C000202A14D803F1884303F503331A68486888
:1053D000024300201A600B88C3F30B0303F18843D8
:1053E00003F503331B680193019B02B070476FF014
:1053F0008500FAE70B88C3F30B0303F67872C2F358
:105400000B02202A9FBF03F1884303F503331A6878
:1054100049689BBF00208A436FF085001A6070477F
:10542000012806D006380B2834BF00206FF0850015
:1054300070470020704770B508884B68C0F30B00B8
:105440009AB2C3F30445FFF7EBFFA0B9FF2B11D0CD
:1054500002F188410122C3F34156013601F50331BF
:10546000B2400C68013AAA401B0E24EA0202AB408B
:1054700013430B6070BD6FF08500FBE7088808B52B
:10548000C0F30B0000F67873C3F30B03202B0AD88C
:1054900000F1884000F5033002684B6893430CBF6D
:1054A0000220012008BDFFF7BBFF00280CBF02202F
:1054B0000120F7E7F7B51C460023164682682360F3
:1054C000A3600D465369694601AA9847019B5A1E7D
:1054D00001921BB96FF0150003B0F0BD0098A268EF
:1054E00047682168676085B9B31AD0F800C0634582
:1054F00028BF634603FB07111A442160A2600268BB
:105500009A4206D808300090E0E76B1AB3FBF7F335
:10551000EBE70020E0E713460022FFF7CBBF2DE9C1
:10552000F0470024836886B0884691465B6902AAEA
:1055300001A99847A2462546029BAB4202D806B075
:10554000BDE8F0870026019F07EBC5077B68049341
:105550003A680AEB0603B24202D89A460135EBE7F5
:1055600049460394059303A8C0470028E7D0049B4D
:1055700001361C44ECE74FF0FF324FF0FF330430AC
:10558000FDF732BD70B51C461546002322460E4677
:1055900000F09FF840B12CB12246284606F1006188
:1055A00000F042FC002070BD6FF01500FBE700200A
:1055B000704708B5006904300122114600F066FA10
:1055C000FFF7F5FF00EAE07008BD73B50646C82294
:1055D0000023684600F040FBDDE9004533691B68A5
:1055E0001A6A12F4C02214D01A6A02F4C0221A6293
:1055F0006FF0040002B070BD002AF9D122462B469C
:10560000684600F04EFBDDE9003213430CBF012277
:10561000002233691B68186A10F00100ECD1E9E739
:1056200070B5012305460E46144600F052F8F8B155
:10563000CCB12869FFF79FFF00212846FCF7A8FF9F
:1056400098B9314622462846FCF7C4FF0646012198
:105650002846FCF79DFF002E14BF344604462869F7
:105660000430FDF78DFC204670BD6FF00406EEE7B8
:105670006FF01504F7E7F8B51C46174601232246DC
:1056800005460E4600F025F800B3D4B12869FFF7AF
:1056900072FF00212846FCF77BFFA0B93146234664
:1056A0003A462846FCF7F8FF064601212846FCF753
:1056B0006FFF002E14BF3446044628690430FDF7FE
:1056C0005FFC2046F8BD6FF00406EEE76FF01504AE
:1056D000F7E77FB506460D4614461BB141EA0203C3
:1056E0001B0710D12946304601AAFFF714FF50B915
:1056F000013C304601AA6119FFF70DFFB0FA80F0B6
:10570000400904B070BD0020FBE7436800205B68DF
:105710001B690B60704743685B68586942400A40E8
:1057200042405A6100207047436800205B689961DD
:105730007047436800205B689962704743680020A7
:105740005B685A6951405961704730B50369986880
:1057500000B30024884219D108688CB9DC689860CD
:10576000A14200D1D860002008602AB19A680A607E
:10577000DA68996002B9D96000200FE02846E9E7AD
:105780002060D868814208BFDC60ECE70568044609
:10579000002DF3D1002AE9D16FF0150030BD12F4CD
:1057A000003CF8B50C46134641D0960738D555074E
:1057B0005BD55022D90635D542F4007203F4C0619E
:1057C000B1F5806F43D0B1F5C06F3DD0B1F5007F2A
:1057D00040D013F44036056912D06F6827FA04F1FF
:1057E000C9075FBF0121A14039436960BCF1000FC7
:1057F00006D01F0331D501234168A34049688B615E
:1058000000232146FFF791FB46B96B6823FA04F2A7
:10581000D20741BF0122A24093436B600020F8BD34
:105820001022C7E79F06C9D542F48062C6E7D603B7
:1058300005D5D50605D4C2F340129202BEE7302248
:10584000BCE74FF40072B9E742F4C072C1E742F41A
:105850008072BEE742F08002BBE75903D0D5012336
:105860004168A34049688B62CAE76FF08500D6E7BC
:1058700070B50B690E469968054609B10C6801B907
:1058800070BD8A682A4002D030464B6898471CB1E8
:10589000236821461C46F2E72346FAE74FF0E02250
:1058A000136923F00103136170478068203820F0EA
:1058B0000F0020387047042809D0052803D1481E5E
:1058C00018BF01207047431A5842584170470120C1
:1058D000704738B515460C4661B15AB1FFF722FC46
:1058E0002146254411F8013B834203D1A942F9D155
:1058F000012038BD0020FCE738B50C4601231146D5
:1059000022460546FFF7C8FB00280FDB012221468F
:105910002846FFF7DEFF18B103230020237038BDAF
:105920002378012B14BF02230123F6E70120F6E7B9
:105930002DE9FF471D4606460F469046FFF7EBFB55
:105940006C1E044440420440102C01D9FFF782FC35
:105950003046FFF7E7FB82462A464146684600F09C
:1059600063FA5146621B0DEB050000F06AFA23460C
:105970006A4639463046FFF7A4FB003818BF0120BD
:1059800004B0BDE8F08707B501238DF8042001AA13
:10599000FFF7CEFF03B05DF804FB816801222039D8
:1059A00021F00F01FFF7EFBF8268203A22F00F02CB
:1059B000FFF7A2BF13B50C46C0B201A9FBF7F4FD77
:1059C00050B921460198FDF761F804460198FFF7A8
:1059D00062FB204602B010BD0124FAE70E2A13B57F
:1059E000044601D9FFF736FC0E29FBD841EA021123
:1059F0008DF80710FFF759FF012301460DF107024B
:105A00002046FFF795FF02B010BD816801222039C2
:105A100021F00F011039FFF7B6BF10B543690446F6
:105A20003BB90020E2684042537843F001035370D1
:105A300010BD98470028F4D00028B8BF4042FF2886
:105A4000A8BFFF20E3681870ECE740B1C36858783E
:105A500010F001001EBF1878B0FA80F040097047BE
:105A6000EFF31183102383F31288BFF36F8FFEE7E8
:105A700008B5FFF7F5FF102408B5EFF3118384F3A1
:105A80001288BFF36F8FFFF7B6FBF6E73AB18A4291
:105A900005D3C0E90212C0E90000002070476FF092
:105AA00015007047D0E9003213605A600023C0E946
:105AB0000033704708B5FFF7F5FF037C23F00203BE
:105AC00003740023836008BD38B504460D46FDF716
:105AD00053FB237C43F002032374D5B1A5602B68EC
:105AE0009D4209D16B68C4E900531C606C6010E0F2
:105AF0006A689A42F6D01B68002BF3D093F90E1017
:105B000094F90E209142F3DD5A68C4E90032146022
:105B10005C6038BD10B5EFF31184102383F3128855
:105B2000BFF36F8FFDF7E8FA84F31188BFF36F8F2F
:105B300010BD08B5037C014613F0280F0CD1836813
:105B40000BB1FFF7B7FF0B7C084623F004030B747F
:105B5000BDE80840FDF7D0BA08BD10B5EFF31184D9
:105B6000102383F31288BFF36F8F1838FFF7E1FF1C
:105B700084F31188BFF36F8F10BD0846FDF734BB67
:105B800038B50446EFF31185102383F31288BFF371
:105B90006F8F037C5B070ED5183000F028F8237C4C
:105BA000204623F004032374FDF7A6FA2846BDE837
:105BB0003840FDF719BB85F31188BFF36F8F38BDEF
:105BC00008B50246FDF7E6FC70B1D0E904319B1A36
:105BD00061EBE272B3F1004F72F1000104DA002AC6
:105BE000ACBF1846002008BD6FF00040FBE702463E
:105BF00038B5EFF31185102383F31288BFF36F8F4D
:105C00000368D3B1FDF7C6FC04461046FDF7D4FC8B
:105C100000224FF000438442C0E9042305D0002055
:105C200085F31188BFF36F8F38BDFDF7BBFCFFF71D
:105C3000C7FF0021FCF76EFEF1E7D0E90413B3F1D2
:105C4000004F08BF012904D100204FF00041C2E9F4
:105C500004016FF01500E3E7B3F1FF3F08BFB2F1B5
:105C6000FF3F70B506461D46144614D01A4316D0A1
:105C7000002B08DBFDF7A8FD041941EB0501C6E97F
:105C80000041304670BD6FF001031C1B4FF0FF3325
:105C900063EB0501F3E74FF0FF342146EFE7002403
:105CA000FBE7B3F1FF3F08BFB2F1FF3FF8B507468E
:105CB00016461C4610D054EA020311D0FDF784FDAD
:105CC000B0420A46A14103460AD2F31A64EB020429
:105CD000C7E900343846F8BD4FF0FF331C46F7E7FC
:105CE0000023FBE7704770B504680D1B002D02DC34
:105CF0006FF05F0070BD94F900602378002E0ADB1E
:105D0000631C0360237813600368C91A13688B420D
:105D1000EED80020EEE703F07F035C1E032C0ED8C4
:105D20009D42E5DD002414600468013B01340460F9
:105D30005E1C1568E8D0247844EA0524F3E76FF088
:105D40006300D7E770B404680E1B002E07DD2678C9
:105D50009E4208D10134046070BCFFF7C4BF6FF0ED
:105D60005F0070BC70476FF06100FAE738B503233D
:105D70000446FFF7E7FF18B9136813B96FF067001F
:105D800038BD013B136023681A78002AF6D101332D
:105D90002360F5E72DE9F34190461F4601AA302321
:105DA00005460E46FFF7CEFF0446F0B92B68F61AFB
:105DB000002E34DD42461B78284642F8043B2E680C
:105DC000019B1E4431460623FFF7BCFF044660B921
:105DD0002B68D8F80420C8F808309918B142296017
:105DE00007D10C213846FDF707FD204602B0BDE87B
:105DF000F0819B5C3A4642F8043B2B683146013304
:105E000028462B60FFF76FFF60B92B687A68BB608C
:105E10001344B34218BF6FF065042B60E5E76FF0E1
:105E20005F04E2E70446E0E70A44431E914200D1E2
:105E3000704710B511F8014B914203F8014FF9D1A9
:105E400010BD02440346934200D1704703F8011B82
:105E5000F9E70139024410B5904201D1002005E074
:105E6000037811F8014FA34201D0181B10BD013077
:105E7000F2E7F0B5C2F13705044602F01F0208460A
:105E8000EDB22746B4FBF2F602FB16413446CBB224
:105E9000092984BF5B19DBB2BA4203F1300300F871
:105EA000013BEED9F0BD000000000000285F0008B3
:105EB00045150008000000000000000040600008D8
:105EC00000000000246000080000000008600008D6
:105ED00000000000EC5F000800000000D05F000838
:105EE00000000000B45F000800000000985F000898
:105EF000000000007C5F000800000000605F0008F8
:105F000000000000445F00085B5200080000000031
:105F10007528000800000000000000005C60000818
:105F200029160008000000004C6B0008000000006B
:105F30000C630008A800002000000000D92300081E
:105F400000000000076A000810650008E862000809
:105F500094000020580A0020591500080000000095
:105F6000156A000824650008E86200089600002011
:105F7000680A00205915000800000000236A000884
:105F800038650008E862000898000020780A0020C0
:105F90005915000800000000316A00084C6500082F
:105FA000E86200089A000020880A002059150008BD
:105FB000000000003F6A000860650008E862000811
:105FC0009C000020980A00205915000800000000DD
:105FD0004D6A000874650008E86200089E00002011
:105FE000A80A002059150008000000005B6A00089C
:105FF00088650008E8620008A0000020B80A0020B8
:106000005915000800000000696A00089C65000836
:10601000E8620008A2000020C80A00205915000804
:1060200000000000776A0008B0650008E862000818
:10603000A4000020D80A0020591500080000000024
:106040002E6B00080000000000000000A6000020E9
:1060500000000000C120000800000000596B00088B
:1060600000000000D0620008AA00002050000020BC
:10607000B35500080000000000000000D3510008E4
:1060800000000000D351000800000000D3510008B8
:1060900000000000D351000800000000D3510008A8
:1060A00000000000D351000800000000D351000898
:1060B00000000000D351000800000000D351000888
:1060C00000000000D351000800000000D351000878
:1060D000096C00085D210008076C00085D210008BC
:1060E000056C00085D210008036C00085D210008B4
:1060F000016C00085D210008FF6B00085D210008AD
:10610000FD6B00085D210008FB6B00085D210008A5
:10611000F96B00085D210008F76B00085D2100089D
:10612000F56B00085D210008F36B00085D21000895
:10613000F16B00085D210008EF6B00085D2100088D
:10614000ED6B00085D210008EB6B00085D21000885
:1061500000000000D351000800000000D3510008E7
:1061600000000000D351000800000000D3510008D7
:1061700000000000D351000800000000D3510008C7
:1061800000000000D351000800000000D3510008B7
:1061900000000000D351000800000000D3510008A7
:1061A00000000000D351000800000000D351000897
:1061B00000000000D351000800000000D351000887
:1061C00000000000D351000800000000D351000877
:1061D00000000000D351000800000000D351000867
:1061E00000000000D351000800000000D351000857
:1061F00000000000D351000800000000D351000847
:1062000000000000D351000800000000D351000836
:1062100000000000D351000800000000D351000826
:1062200000000000D351000800000000D351000816
:1062300000000000D351000800000000D351000806
:1062400000000000D351000800000000D3510008F6
:1062500000000000D351000800000000D3510008E6
:1062600000000000D351000800000000D3510008D6
:1062700000000000D351000800000000D3510008C6
:1062800000000000D351000800000000D3510008B6
:1062900000000000D351000800000000D3510008A6
:1062A00000000000D351000800000000D351000896
:1062B00000000000D351000800000000D351000886
:1062C00000000000D351000800000000D351000876
:1062D00085550008775600082156000865250008F6
:1062E0006D250008592700089F5700080B57000824
:1062F0001757000829570008335700083D57000872
:10630000852700084B57000800000000B153000823
:10631000F5530008000000001D2300087D5400080C
:106320000000000037540008D46600080200000096
:10633000A8000000020000000100000002000000B0
:1063400001000000906B00080C65000801000000CF
:10635000020000000100000002000000082000010F
:10636000FFFFFFFFFFFFFFFFFFFFFFFF0000000039
:10637000000000000000000001000000FFFFFFFF20
:10638000512563FCC2CAB9F3849E17A7ADFAE6BCD7
:10639000FFFFFFFFFFFFFFFF00000000FFFFFFFF09
:1063A00096C298D84539A1F4A033EB2D817D0377AF
:1063B000F240A463E5E6BCF847422CE1F2D1176B4A
:1063C000F551BF376840B6CBCE5E316B5733CE2B1D
:1063D000169E0F7C4AEBE78E9B7F1AFEE242E34F4C
:1063E0004B60D2273E3CCE3BF6B053CCB0061D6589
:1063F000BC86987655BDEBB3E7933AAAD835C65A12
:1064000097460008E9470008E1100008982F8A42E3
:1064100091443771CFFBC0B5A5DBB5E95BC25639F6
:10642000F111F159A4823F92D55E1CAB98AA07D80E
:10643000015B8312BE853124C37D0C55745DBE7231
:10644000FEB1DE80A706DC9B74F19BC1C1699BE4B1
:106450008647BEEFC69DC10FCCA10C246F2CE92D41
:10646000AA84744ADCA9B05CDA88F97652513E9865
:106470006DC631A8C82703B0C77F59BFF30BE0C66C
:106480004791A7D55163CA0667292914850AB727FA
:1064900038211B2EFC6D2C4D130D385354730A6597
:1064A000BB0A6A762EC9C281852C7292A1E8BFA26E
:1064B0004B661AA8708B4BC2A3516CC719E892D1D6
:1064C000240699D685350EF470A06A1016C1A41959
:1064D000086C371E4C774827B5BCB034B30C1C3958
:1064E0004AAAD84E4FCA9C5BF36F2E68EE828F7417
:1064F0006F63A5781478C8840802C78CFAFFBE9031
:10650000EB6C50A4F7A3F9BEF27871C65B000000F3
:10651000FFFF000000200242080000008C00000085
:1065200000010000FFFF0000001C02420700000005
:106530008C00000080000000FFFF000000180242F5
:10654000060000008C00000040000000FFFF00007B
:1065500000140242050000008C0000002000000032
:10656000FFFF000000100242040000008C00000049
:1065700010000000FFFF0000000C024203000000BA
:106580008C00000008000000FFFF0000000802422D
:10659000020000008C00000004000000FFFF00006B
:1065A00000040242010000008C0000000200000014
:1065B000FFFF000000000242000000008C0000000D
:1065C00001000000040000000000000000000000C6
:1065D000000001005C6000080100000000000100F4
:1065E000000007005C6000080200000000000800D6
:1065F000000007005C6000080300000000000F00BE
:10660000000001005C600008000000204000000065
:1066100006000100020000001C66000800000008DF
:10662000166B000802000000E0FF0F0800000020C9
:106630001E6B000821000000E0FF03201000000096
:1066400000FF00000100000002000000A85E00083A
:10665000A85E0008105F0008185F0008205F0008AF
:10666000285F0008435E00080100020010001100CE
:1066700012002000210022002300240030003100FD
:1066800032003300FFFF10002DE15D29410B8D77B3
:10669000679C110F1F8A25633A20556E61626C65F5
:1066A00020746F2066696E6420626F6F7461626C23
:1066B0006520696D6167650A0025633A204E65763D
:1066C00065722073686F756C6420676574206865F7
:1066D00072650A006D6375626F6F740025633A20FE
:1066E000696E76616C696420666C617368204944E8
:1066F0002025643B2065787065637465642025649B
:106700000A0025633A204661696C656420746F2035
:1067100072656164207374617475732066726F6D45
:106720002025642C206572722025640A0A0070728C
:10673000696D617279007365636F6E64617279006F
:1067400025633A205365636F6E64617279206865D2
:1067500061646572206D6167696320646574656357
:1067600074656420696E2066697273742073656352
:10677000746F722C2077726F6E672075706C6F610A
:106780006420616464726573733F0A0025633A2074
:10679000496D61676520696E2074686520257320E6
:1067A000736C6F74206973206E6F742076616C69EE
:1067B00064210A0025633A2025642073746174758E
:1067C00073207772697465206661696C73207065E7
:1067D00072666F726D696E67207468652073776189
:1067E000700A0025633A204661696C656420746F05
:1067F000206F70656E20666C6173682061726561E0
:10680000732C2063616E6E6F7420636F6E74696E9B
:1068100075650A0025633A204661696C65642072DB
:10682000656164696E6720736563746F72733B2082
:10683000424F4F545F4D41585F494D475F53454369
:10684000544F52533D2564202D20746F6F20736D7B
:10685000616C6C3F0A0025633A204661696C65648F
:106860002072656164696E6720696D616765206883
:106870006561646572733B20496D6167653D25758F
:106880000A0025633A204661696C6564207265617F
:1068900064696E6720626F6F7420737461747573BE
:1068A0003B20496D6167653D25750A0025633A20E7
:1068B00070616E6963210A0025633A20446574653E
:1068C0006374656420696E636F6E73697374656E5B
:1068D0007420737461747573210A0025633A204330
:1068E000616E6E6F7420757067726164653A206EB8
:1068F0006F74206120636F6D70617469626C6520D4
:10690000616D6F756E74206F6620736563746F724E
:10691000730A0025633A2043616E6E6F74207570B0
:1069200067726164653A206D6F7265207365637488
:106930006F7273207468616E20616C6C6F77656430
:106940000A0025633A2043616E6E6F74207570678C
:10695000726164653A206E6F742073616D65207397
:106960006563746F72206C61796F75740A002563BA
:106970003A2043616E6E6F74207570677261646552
:106980003A20736C6F742077726974652073697A2A
:10699000657320617265206E6F7420636F6D706126
:1069A0007469626C650A0025633A204E6F74206535
:1069B0006E6F7567682066726565207370616365C8
:1069C00020746F2072756E20737761702075706708
:1069D000726164650A0025633A2072657175697297
:1069E0006564202564206279746573206275742063
:1069F0006F6E6C7920256420617265206176616913
:106A00006C61626C650A006770696F4034323032C5
:106A100032303030006770696F4034323032316369
:106A20003030006770696F40343230323138303086
:106A3000006770696F403432303231343030006773
:106A400070696F40343230323130303000677069F5
:106A50006F403432303230633030006770696F40DD
:106A60003432303230383030006770696F40343241
:106A7000303230343030006770696F403432303239
:106A800030303030002A2A2A20426F6F74696E67D6
:106A9000204D4355626F6F742076322E332E302D89
:106AA0006465762D6331643264313238613030315F
:106AB000202A2A2A0A002A2A2A205573696E67206A
:106AC0006E524620436F6E6E6563742053444B20B4
:106AD00076332E342E302D39393535333035353641
:106AE000303762202A2A2A0A002A2A2A2055736966
:106AF0006E67205A6570687972204F532076342E65
:106B0000342E302D62663830316534653364313966
:106B1000202A2A2A0A00464C4153485F300053522B
:106B2000414D5F300061626F727428290A00696EFE
:106B3000746572727570742D636F6E74726F6C6CA5
:106B4000657240343430323230303000726363402A
:106B5000343430323063303000666C6173682D63DA
:106B60006F6E74726F6C6C657240343030323230DC
:106B70003030006D61696E00286E756C6C29002ADA
:106B80008648CE3D030107002A8648CE3D0201001B
:106B90003059301306072A8648CE3D020106082ADE
:106BA0008648CE3D030107034200044DE144987C32
:106BB000303F31D203AA9DEC52AED3B161415F5355
:106BC000C8BF558D5FC62005AC919B0800C993A432
:106BD000B7873F5DA6C6EAA4EC6E358786F1411201
:106BE000531B2E15A26185AA6128630F010E010DAA
:106BF000010C010B010A0109010801070106010549
:106C00000104010301020101010001040104030464
:106C10000104040104030404020401040104040344
:106C200001040304010404002DE9F041036883F327
:106C30000888002383F31488BFF36F8FBFF36F8F2F
:106C4000DFF818C0064F4FF00058D0F804E0A7EB6B
:106C50000C0770460047BDE8F08100BF000000202F
:106C6000400000200000000001000000FFFFFFFFC7
:106C70000B4F0008C865000800200240000000001B
:106C80000000000000000000000000000090D003A1
:106C9000C80000006C0000206C000020FF00FF0016
:106CA000FF00FF00FF00FF00FF00FF00FF00FF00EC
:106CB000FF00FF00FF00FF00FF00FF0000000000DA
:106CC00000000000000000000000000000000000C4
:086CD0000000000015E015E0D2
:020000040801F1
:100000003DB8F39600000000000400006881010084
:1000100000000000130100000000000000000000CC
:1000200000000000000000000000000000000000D0
:1000300000000000000000000000000000000000C0
:1000400000000000000000000000000000000000B0
:1000500000000000000000000000000000000000A0
:100060000000000000000000000000000000000090
:100070000000000000000000000000000000000080
:100080000000000000000000000000000000000070
:100090000000000000000000000000000000000060
:1000A0000000000000000000000000000000000050
:1000B0000000000000000000000000000000000040
:1000C0000000000000000000000000000000000030
:1000D0000000000000000000000000000000000020
:1000E0000000000000000000000000000000000010
:1000F0000000000000000000000000000000000000
:1001000000000000000000000000000000000000EF
:1001100000000000000000000000000000000000DF
:1001200000000000000000000000000000000000CF
:1001300000000000000000000000000000000000BF
:1001400000000000000000000000000000000000AF
:10015000000000000000000000000000000000009F
:10016000000000000000000000000000000000008F
:10017000000000000000000000000000000000007F
:10018000000000000000000000000000000000006F
:10019000000000000000000000000000000000005F
:1001A000000000000000000000000000000000004F
:1001B000000000000000000000000000000000003F
:1001C000000000000000000000000000000000002F
:1001D000000000000000000000000000000000001F
:1001E000000000000000000000000000000000000F
:1001F00000000000000000000000000000000000FF
:1002000000000000000000000000000000000000EE
:1002100000000000000000000000000000000000DE
:1002200000000000000000000000000000000000CE
:1002300000000000000000000000000000000000BE
:1002400000000000000000000000000000000000AE
:10025000000000000000000000000000000000009E
:10026000000000000000000000000000000000008E
:10027000000000000000000000000000000000007E
:10028000000000000000000000000000000000006E
:10029000000000000000000000000000000000005E
:1002A000000000000000000000000000000000004E
:1002B000000000000000000000000000000000003E
:1002C000000000000000000000000000000000002E
:1002D000000000000000000000000000000000001E
:1002E000000000000000000000000000000000000E
:1002F00000000000000000000000000000000000FE
:1003000000000000000000000000000000000000ED
:1003100000000000000000000000000000000000DD
:1003200000000000000000000000000000000000CD
:1003300000000000000000000000000000000000BD
:1003400000000000000000000000000000000000AD
:10035000000000000000000000000000000000009D
:10036000000000000000000000000000000000008D
:10037000000000000000000000000000000000007D
:10038000000000000000000000000000000000006D
:10039000000000000000000000000000000000005D
:1003A000000000000000000000000000000000004D
:1003B000000000000000000000000000000000003D
:1003C000000000000000000000000000000000002D
:1003D000000000000000000000000000000000001D
:1003E000000000000000000000000000000000000D
:1003F00000000000000000000000000000000000FD
:10040000205400208D6001084D1602087960010813
:100410007960010879600108796001087960010854
:100420000000000000000000000000007D610108E5
:1004300079600108000000005D63010831AA01082D
:10044000D5630108D5630108D5630108D5630108A8
:10045000D5630108D5630108D5630108D563010898
:10046000D5630108D5630108D5630108D563010888
:10047000D5630108D5630108D5630108D563010878
:10048000D5630108D5630108D5630108D563010868
:10049000D5630108D5630108D5630108D563010858
:1004A000D5630108D5630108D5630108D563010848
:1004B000D5630108D5630108D5630108D563010838
:1004C000D5630108D5630108D5630108D563010828
:1004D000D5630108D5630108D5630108D563010818
:1004E000D5630108D5630108D5630108D563010808
:1004F000D5630108D5630108D5630108D5630108F8
:10050000D5630108D5630108D5630108D5630108E7
:10051000D5630108D5630108D5630108D5630108D7
:10052000D5630108D5630108D5630108D5630108C7
:10053000D5630108D5630108D5630108D5630108B7
:10054000D5630108D5630108D5630108D5630108A7
:10055000D5630108D5630108D5630108D563010897
:10056000D5630108D5630108D5630108FFFFFFFFCC
:1005700053B94AB9002908BF00281CBF4FF0FF310A
:100580004FF0FF3000F00CB8ADF1080C6DE904CE6F
:1005900000F010F8DDF804E0DDE9022304B0704754
:1005A000704700BF034613F8012B002AFBD1181A2D
:1005B000013870472DE9F0478C468E46089E154657
:1005C00004461946002B40F0D080724547D9B2FA54
:1005D00082F74FB1C7F120030EFA07FCBD40BC40C3
:1005E00020FA03F343EA0C0C4FEA154EA8B2230C91
:1005F000BCFBFEF80EFB18CC08FB00F943EA0C43E9
:10060000994528D9EB1808F1FF3204D2994502D94F
:10061000A8F102022B44A3EB0903A4B2B3FBFEFC36
:100620000EFB1C330CFB00F044EA0344A04214D937
:100630002C190CF1FF3304D2A04202D9ACF1020311
:100640002C44241A43EA02401EB1FC4000233460CB
:100650007360BDE8F0874246DDE76346F1E7002AB4
:1006600079D0B2FA82F3002B3FD01946C1F12003B2
:1006700002FA01F500FA01F42EFA03F20EFA01FE75
:1006800020FA03F3AFB243EA0E034FEA154EB2FB72
:10069000FEFC0EFB1C201A0C0CFB07F842EA004281
:1006A00090455AD9AA180CF1FF3004D2904502D9CE
:1006B000ACF102002A44A2EB08029BB2B2FBFEFCA2
:1006C0000EFB1C220CFB07F743EA02439F4246D96C
:1006D000EB180CF1FF3204D29F4202D9ACF10202B6
:1006E0002B44DB1B42EA004202E0AEEB0203012294
:1006F0004FEA154EAFB2200CB3FBFEFC0EFB1C33D1
:100700000CFB07F840EA034398452AD9EB180CF193
:10071000FF3004D2984502D9ACF102002B44A3EB80
:100720000803A4B2B3FBFEFC0EFB1C330CFB07F763
:1007300044EA0344A74216D92C190CF1FF3304D222
:10074000A74202D9ACF102032C44E41B43EA004067
:100750000F46114678E71F2188E76046ABE76246FF
:10076000BFE76046DBE76346EFE7734506D916B996
:10077000002108466DE7C6E9000EF9E7B3FA83F7F2
:1007800087B9734501D3824207D8841A6EEB0303FD
:1007900001209C461EB900215BE73846FAE7C6E90E
:1007A000004CF8E7C7F1200CBB4000FA07F422FA2E
:1007B0000CF520FA0CF1BA401D432EFA0CF30EFA98
:1007C00007FE4FEA154941EA0E011FFA85FEB3FB09
:1007D000F9F809FB18300B0C08FB0EFA43EA00434A
:1007E0009A4540D9EB1808F1FF3004D29A4502D956
:1007F000A8F102002B44A3EB0A0389B2B3FBF9F87A
:1008000009FB183308FB0EFE41EA03418E452CD943
:10081000691808F1FF3304D28E4502D9A8F102030A
:10082000294443EA0040A1EB0E01A0FB0298414598
:10083000CE46434602D306D14C4504D20138B9EB2B
:10084000020E68EB0503002EA5D0B4EB0E0261EB9F
:10085000030101FA0CFC22FA07F3F9404CEA030306
:10086000C6E9003197E74046C5E74346D9E70000AF
:100870002DE9F04FA9B002AF854812F03EFD0028E7
:1008800000F08380834812F038FD00287DD0824834
:1008900012F033FD002878D0804D07F168040FCDA9
:1008A0000FC495E80F0084E80F00002407F16805E5
:1008B00055F8043B186812F020FD002865D001347B
:1008C000082CF5D14FF48031754800F053FB4FF4FC
:1008D000D0110446734800F04DFB4FF4B0110443AF
:1008E000714800F047FB4FF4D01104436F4800F00B
:1008F00041FB4FF4D01104436D4800F03BFB6D49C0
:1009000004436D4800F036FB4FF4D01104436B48AC
:1009100000F030FB4FF4B0110443694800F02AFBAB
:10092000044332D1674B684A684C53601023A56872
:100930009360EB694BB3012220466349984720BB83
:10094000AD696268236905B31268D1060ED46049A7
:1009500040F2A5335F4A604810F0C1F85F4810F0DC
:10096000BEF840F2A5315B4810F0B0F81B684FF0BC
:10097000A07213F0100F14BF4FF000734FF080639C
:1009800004212046A847064658B10121544A55483B
:1009900010F045FB6FF0120420469C37BD46BDE8C1
:1009A000F08F3B480121836807F16802FB605B68B8
:1009B0009847041EF0DBD7E91A4A41F28833A4FBBA
:1009C00003B203FB0A234FF0FF39BB6058462EA346
:1009D000D3E90023B968FFF7CBFDDFF80C81BB68D2
:1009E000D94578EB0303054602D26FF08504D3E7BF
:1009F00040F6C413A4FB03B403FB0A4422A3D3E9C7
:100A0000002321465846FFF7B3FDD94578EB04048F
:100A10000346EAD3854202D26FF01504BCE7009684
:100A2000FA68012114681A482A46A047044600289B
:100A3000B2D103212D4A2B4810F0F1FA40F2DC50DC
:100A40000FF0EBFE22460521294800F043FB0A2067
:100A50000FF0E3FE01220521254800F03BFB642056
:100A60000FF0DBFE234812F048FC48B1204604F0AA
:100A700083F8034620B101211F4A1A4810F0D8FA22
:100A8000002445E0AFF3008000CA9A3B000000005C
:100A9000103A0208483A02082C3A0208A83E020816
:100AA000543F02084C3F0208443F02083C3F020802
:100AB000343F0208200001002C3F0208243F0208B6
:100AC0001C3F0208C9100108241B002084390208B9
:100AD0003D460208AA440208144502087B46020863
:100AE0008D460208903D0208FFC99A3BBC460208A9
:100AF00030390208D8390208DB4602080121BB4A16
:100B0000BB4810F08CFA44F6206000210EF032FB56
:100B100000220821B74800F0DDFA00220A21B5487A
:100B200000F0D8FA64200FF078FE01220A21B148C3
:100B300000F0D0FA4FF4FA700FF06FFE02200FF0C1
:100B400071FE11200FF06EFE0A200FF06BFEAA4B13
:100B500001201C7000F070FB0028CFD010F0BCFF0B
:100B600048B910F0D5FF034600283ED00121A34A22
:100B70009F4810F05DFA00F01BFB0321A04A9C483F
:100B800010F04DFA0FF041FE9B4D00F59C549D4E28
:100B900008349D4B1B7843B10FF037FE9B4B1B680D
:100BA000C01A1D2801D900F085FC2B781BBB00F072
:100BB000A5FF03200FF031FE4FF00408DFF850923C
:100BC000D9F8243033B108F1FF3800F097FF18F05E
:100BD000FF08F5D10FF019FE2B788046002B40F06E
:100BE0003181002000F09EFA35E10321894A8048D6
:100BF00010F015FABFE7C822002387480CF0F0FE7A
:100C0000F860002840F0EF8000F032FA4FF01B0A45
:100C100081460AF043F807F14C0852468346F968CA
:100C2000404612F024FD07F13003C7E9063A07F108
:100C300010033B62012307F11802C7E9048AC7E9E0
:100C40000A237B6200F014FA0028B5D100F094FA70
:100C50007249734807F1280307F120020FF093FD52
:100C6000824600F097FABAF1000FA5D10AF016F803
:100C70000AF014F8A0EB0B0BBBF5700F38BFF02394
:100C8000684A38BFBBFBF3FB13684FF0000103F168
:100C90000103136007F170004FF0280228BF4FF6E0
:100CA000FF7B12F0E4FC604ABE661368591C1160B9
:100CB000FB660FF0AAFD4FF47A7358433B6B38671D
:100CC000A7F874301B0C87F8763097F8303003F0B3
:100CD000F003A3F1C00253425341B9F1000F01D117
:100CE00043F00203514A1278042A64D143F0080306
:100CF00087F8773007F1780E07F1330307F14B09D6
:100D0000F446186859680833ACE803004B45E646DA
:100D1000F6D100234FF001092E2107F16800A7F852
:100D200090B087F8929087F89320A7F894300FF04E
:100D300030FDA7F8960007F1680000F087FC002856
:100D40004CD13B4A13684B4413600FF05EFD394BA6
:100D50001860484600F0E6F90023FB64DFF8D890FD
:100D6000484612F0CAFA00283FF426AFD9F808B076
:100D7000DBF85030002B3FF41FAF424604214846B9
:100D8000984700287FF418AFFB6C002B3FF414AF9A
:100D9000804607F1680A1AF8011B4846DBF8043060
:100DA00008F101089847B8F1300FF4D1234A1368CD
:100DB0000133136000E7032A02D143F0100397E7E1
:100DC000012A08D822B143F0200343F080038FE7C3
:100DD00043F06003F9E7022AF7D089E7184A13685D
:100DE00001331360B8E700F089FEE5E6F546020836
:100DF000903D020814390208B2220020244702085C
:100E00007B470208A55A01019A220020001B0020FE
:100E1000D00800204A470208FC080020E43E0208EF
:100E2000483A02081C1B0020201B00201C08002040
:100E3000181B0020041B0020D8390208101B0020BA
:100E4000141B00202A4B1B68002B3FF4CAAEC31AA8
:100E5000632B3FF6C6AEA8EB0408B8F1000FFFF60F
:100E600098AE244BC7F800D0D3F800A0224B92B024
:100E7000D3F80090214B29781B6802AAFB60204B15
:100E80001B68BB601F4B1B687B601F4B18681F4BA8
:100E9000B3F800801E4B93F800E01E4B93F800C09F
:100EA0001D4B1B7813640D23C2F81C90D7F80C90CF
:100EB000DFF868B0C2F82090D7F80890C2E905BA08
:100EC000C2F82490D7F80490C2E90C18C2E90A903D
:100ED000C2E90EEC42F8103F002346F6C00110486C
:100EE00004F59C5402F0C0FC0834D7F800D050E65A
:100EF000041B00201C1B0020181B0020141B0020BA
:100F0000101B00200C1B0020081B0020F0070020F5
:100F10001C0800201B0800201A080020D3470208E4
:100F2000903D020810B58CB00DF107030493012326
:100F300000240DF10F02CDE9062304AACDE9082310
:100F400006AACDE90A238DF807000593074908484A
:100F50000AAB08AA8DF80F400FF015FC18B99DF8E0
:100F60000F000CB010BD2046FBE700BFE43E0208B6
:100F7000483A020803460A462DE9F0411979DB8810
:100F80000068134303F03002302A0669D0E90147B4
:100F90000ED12C4940F2F7332B4A2C480FF09FFD1D
:100FA0002B480FF09CFD40F2F73127480FF08EFDE3
:100FB000284A294D1A40AA420CD1284940F2FB3355
:100FC000214A22480FF08BFD25480FF088FD40F2A2
:100FD000FB31EAE703F00602042A09D1214940F275
:100FE000FE33194A19480FF07AFD40F2FE31DCE772
:100FF000012513F4E01F18BF43F30002246818BF53
:1010000002F4402205FA01F518BF5340254223F4AB
:1010100080120CD1144940F211430B4A0B480FF0D7
:101020005EFD12480FF05BFD40F21141BDE73468F0
:10103000DB074CBF2C43AC4334603B68BDE8F04158
:10104000184700BFDB440208AA44020814450208FE
:101050003145020802000300020001006E4502084B
:10106000BB4502080A4602083D4602087B460208C4
:1010700007B5104843681B68DB060ED40E4940F2E2
:1010800024630E4A0E480FF02AFD0E480FF027FD8C
:1010900040F2246109480FF019FD836801A95B68DB
:1010A000984718B99DF80400C0F3001003B05DF82C
:1010B00004FB00BF843902083D460208AA44020826
:1010C000144502087B46020801480CF00DBC00BF25
:1010D000FC080020012310B503FA01F143681B68E6
:1010E00019420ED10B4940F279630B4A0B480FF0BD
:1010F000F6FC0B480FF0F3FC40F2796106480FF064
:10110000E5FC22B18368DB68BDE8104018478368BE
:101110001B69F9E73D460208AA4402081445020883
:101120007B46020808B502460E4841680369096813
:1011300089070ED40C4940F2A2630C4A0C480FF008
:10114000CEFC0C480FF0CBFC40F2A26107480FF038
:10115000BDFC1B780121C3F340035A40BDE80840A1
:10116000FFF7B8BF843902083D460208AA440208C6
:10117000144502087B46020808B5002202210448F3
:10118000FFF7A8FFBDE80840042012F0A8B800BF90
:101190006839020808B5042012F0A1F8BDE808403B
:1011A000012202210148FFF795BF00BF68390208FC
:1011B00010B50D4C2378ABB90C4B1B7893B10C4890
:1011C0000CF088FC012208210A48FFF783FF022067
:1011D0000FF023FB10200FF025FB08200FF022FB5F
:1011E0000123237010BD00BFB2220020B1220020D5
:1011F000FC0800201439020810B50C4C0020FFF741
:1012000091FF23788BB1002208210948FFF762FF84
:101210000A200FF007FB11200FF004FB00232370BE
:101220000448BDE810400CF055BC10BDB2220020AF
:1012300014390208FC0800202DE9F74F954B0446AD
:101240001D78002D40F02481DFF84C92022899F897
:10125000007000F2F780914B1D783D40904B1B7859
:101260001F40002C00F0FB80012C4FF0000B00F021
:10127000F9804FF00008474600268A4B01201E7077
:10128000894BDFF828A219780FF0DAFA042C14BF82
:10129000C021D12102200FF0D3FAEC2103200FF05E
:1012A000CFFA524612F8011B99F800000901F040EC
:1012B000C30701F0700106F105004CBF41EA0B01C4
:1012C00041F08101C0B2013600920FF0B9FA082E48
:1012D000009AE7D139460D200FF0B2FA41460E20B0
:1012E0000FF0AEFA291E18BF0121042049000FF0AB
:1012F000A7FA29460F200FF0A3FA002110200FF0C3
:101300009FFA002111200FF09BFA022C8CBF0021C4
:1013100001214B011946152000930FF091FA644BFF
:10132000022C99F800601C7000F29E805B4B1F78C5
:1013300037405B4B1B781E40002C00F0A480012C32
:101340004FF0000800F0A28000252E4601200FF08B
:1013500090FA554B1A78101A4242424102200192EB
:101360000FF087FA042C14BFC021D121441AD4F104
:10137000000B4FF003004BEB040B0FF07AFAEC2854
:1013800014BF4FF0000B0BF0010B019A02EA0B04A3
:1013900000221AF801BB99F80010501DD1404FEA05
:1013A0000B1BC9070BF0700BC0B24CBF4BEA080B0C
:1013B0004BF0810B01920FF05CFA019A584514BF73
:1013C000002404F001040132082AE2D10D200FF0BC
:1013D00050FA831B5E424FF00E005E410FF049FA57
:1013E000A84214BF002606F0010604200FF041FABF
:1013F0003B1E18BF0123B0EB430F4FF00F0004EA70
:1014000006040CBF012600260FF033FAB84214BFC1
:10141000002404F0010410200FF02BFA002814BF60
:10142000002404F0010415200FF023FA009A26404E
:10143000824214BF002006F001001A4B187003B05E
:10144000BDE8F08F032807D004287FF407AF4FF0E2
:10145000050BA8462F460FE74FF0010B09E7A346FF
:10146000B84609E7D84607E7032C4FF0000707D036
:10147000042C7FF45EAF4FF005083D463E4665E71D
:101480004FF0010860E7A04635465FE745465DE757
:101490000020D4E7B22200201B080020B022002048
:1014A0001A080020B12200201D0800201208002088
:1014B0001C08002037B5124C2378FBB10025114AD7
:1014C0001046D55412F0DBF8431E172B257015D8A3
:1014D0000D4B1B7893B90DF10701C0B20FF073F9F2
:1014E00060B108229DF80710084812F0C0F8084BB8
:1014F000187803B0BDE83040FFF79EBE03B030BDA2
:101500009A2200209B220020B222002012080020F4
:101510001C080020BC2330B58FB08DF80430FF23A9
:101520008DF807306FF07F4302933E4B8DF8050036
:101530001B788DF806108DF80C3000238DF80D30D7
:10154000394B1B788DF80E30384B1B7893B9AA288D
:101550003CD101200FF08DF9354B8DF807001B8829
:10156000ADF80830334B1878334B8DF80A001B78F0
:101570008DF80D3001AB0B2100251C4613F8012B13
:10158000013911F0FF0185EA0205F7D11A220DF1A8
:101590001D0012F06CF80C238DF8103023468DF8E6
:1015A0000F5003CBCDF811001868CDF81510CDF809
:1015B000190000220023214804A911F0DDFE18B90A
:1015C0001F4A1368013313600FB030BDA92811D131
:1015D0001C4B0F201B788DF807300FF04AF98DF85F
:1015E000080010200FF045F98DF8090004200FF0D5
:1015F00040F9B9E7A72812D101F00701481D0FF003
:1016000038F98DF807000D200FF033F98DF8080038
:101610000E200FF02EF98DF809001520E7E70A4B90
:101620001878EEE71C0800201B080020B2220020DA
:10163000F0070020B3220020B1220020D0080020B3
:10164000081B0020B02200201A0800202DE9F04FCE
:10165000302406469BB00EAD22460021284612F0EB
:1016600006F8CDE90464CDE90654012404AB002258
:101670000921A348089306ABCDE90A340994FFF782
:1016800029FDA04908AAA0480AAB0FF07CF806463D
:10169000224609219A48FFF71DFD86BB9DF8383088
:1016A000C32B2CD19DF839303C2B28D19DF83A30F2
:1016B000A34224D19DF83E70262F20D8FC1D214640
:1016C00028460FF066F807F168036B4413F8282CDE
:1016D00007F16F030DEB030414F8303C43EA0223D7
:1016E00083420CD19DF83B30012B08D1B0460DF15F
:1016F0003E03DFF818A2864C0193B84503D3304669
:101700001BB0BDE8F08FDAF800300133CAF80030C2
:10171000019B13F8015F019323780C2B0BD89BB12D
:10172000013B0B2B10D8DFE803F07A7E0F0F0F0F71
:101730000F0F0F94989C282B34D01AD8142B00F03C
:1017400086801E2B00F0C480AA2D0FD8A42D00F295
:10175000CE80392D00F27D812F2D00F29781202D32
:1017600004D000F26B810A2D00F2F280FFF7A2FE96
:1017700052E0322BE8D1022D11D8664B33F8159088
:10178000FFF73AFD644B654AA3F80090C5F1960354
:101790001370634B1D70634B1878FFF74DFD29469E
:1017A000AA2052E0DFF88091DFF880B199F800209C
:1017B000531CDBB20C2B89F800300BF802502BD1F4
:1017C0005B4B1D78FDB90BF103030CAA13F8010F55
:1017D0005119CDE902330EF0F6FFA0B10135082D05
:1017E000029BF3D19BF8013052490B709BF8021019
:1017F0000B4051490B70514B03CA18605960494B5B
:101800001878FFF719FDA5209BF80110FFF782FE5D
:10181000002389F80030237008F101086DE7484B78
:101820001D700223F7E7464B1B780D2B0FD1404B61
:101830001B7863B93F4B404A1B782B401370394BE0
:101840001878FFF7F9FC2946A620FFF763FE00236E
:10185000E1E73C4B1D700B23DDE73B4B1D700C2378
:10186000D9E7334BDFF8DC901B786BBB99F800208D
:10187000072A29D8344B0CA918780EF0A4FF18B306
:1018800001239DF830002D49DFF8ACC08854294869
:10189000934015F0010F02789CF80010DBB208D0DD
:1018A00005F003051A43032D027006D021EA030157
:1018B00004E022EA03020270F8E71943194B8CF89E
:1018C00000101878FFF7B8FCA72099F80010BCE7C3
:1018D000174B1B7843B9174B1C4A1B782B401370CE
:1018E000104B1878FFF7A8FC2946A920ADE7A63DC4
:1018F000042D00F2B080DFE805F0B5B9BDC1C50028
:1019000068390208003F02082C3A02080C1B00202C
:10191000AF22002094440208F00700201D08002098
:10192000B32200201C0800209F220020A0220020BB
:10193000B22200201B0800201A08002012080020F4
:10194000AE220020AD220020AC220020B0220020D8
:101950000D2D3FF40BAFFFF7ADFD423DEBB2322B47
:101960003FF65AAF322D3FF657AF01A353F825F09B
:10197000AD1A010819180108191801084B1A0108B5
:10198000191801081918010819180108191801086F
:101990001918010819180108191801084B1A01082B
:1019A000B91A0108BD1A01084B1A0108C11A010829
:1019B000C91A0108B31A0108C51A01081918010843
:1019C000191801081918010819180108191801082F
:1019D000191801081918010819180108191801081F
:1019E000191801081918010819180108191801080F
:1019F000AD1A010819180108191801084B1A010835
:101A000019180108191801081918010819180108EE
:101A10001918010819180108191801084B1A0108AA
:101A2000B91A0108BD1A01084B1A0108C11A0108A8
:101A3000C91A0108B31A0108C51A01082C2D3FF470
:101A400095AEFFF737FD2A2D87D10120FFF7F4FB74
:101A5000E2E63B2D7DE7FFF72DFD00221F4B1A70BC
:101A60002823D8E6FFF726FD0123D4E6FFF722FD61
:101A70000A23D0E6FFF71EFD1423CCE6FFF71AFD7C
:101A80001E23C8E6FFF716FD3223C4E6144B1A786E
:101A9000022A08D8511C1970124B9D540EF0B5FE45
:101AA000114B1860B8E600221A70B5E6FFF780FB0C
:101AB000B2E6FFF7A1FBAFE60020C7E70220C5E7CB
:101AC0000320C3E70420C1E70023084A1360084A43
:101AD0001360084A1360084A13609DE69F220020A5
:101AE0009A2200209B220020001B0020101B0020B7
:101AF000141B0020181B00201C1B002030B597B0C1
:101B0000302200210AA811F0B2FD0022002369460C
:101B100023480BF0FFFA23490A88531C9BB20B8021
:101B200068BB9DF80040262C1FD81F4BADF82C2019
:101B30000A938DF82E4034B122460DF101010DF1CA
:101B40002F0011F06EFDE51D29460AA80EF021FEBA
:101B500004F15F030DEB030504F1580305F8300CA5
:101B60000DEB0304000A04F8280C0AA8FFF76EFD29
:101B700018B10E4A13680133136017B030BD0C4B17
:101B800007210A9300230AA8ADF82C208DF82E30E7
:101B90000EF0FFFD8DF82F00000A8DF83000E4E70D
:101BA000D008002098220020C33C0102141B002012
:101BB000C33C01032DE9F84F04460EF073FEB0FA62
:101BC00080F0C0F11F0004EB8006D6F81090CD0025
:101BD00005F1040A0B4606358FB2B9F1000F0AD1A0
:101BE0000121E26881400A43E260336124F80A700F
:101BF0006753BDE8F88F4FEAC906043634F806B0DB
:101C00004FEACB0808F1060834F8083099450CD0A3
:101C100001210A4A0A480FF002FA002383F31188CF
:101C2000BFF36F8F0423184602DF24F80AB024F8AC
:101C3000059024F80870A753DBE700BF3B48020873
:101C4000283E020810B500EBC1035B880446DB07A1
:101C50000A460ED40EF02BFE34F83030C01A814202
:101C600007D134F831102046511A0EF020FE82427E
:101C70000CD00121064A07480FF0D1F9002383F365
:101C80001188BFF36F8F0423184602DF10BD00BF19
:101C90005F480208283E02082DE9F84300EBC10323
:101CA000DF880446B94202F104080BD1012303FA8C
:101CB00002F2C36823EA0203C360002340F828301D
:101CC000BDE8F883B3F80490FD004FEAC906063674
:101CD000835B0435994202D1435B99420CD00121C8
:101CE000084A09480FF09BF9002383F31188BFF3DA
:101CF0006F8F0423184602DF44F82870A75324F896
:101D00000590DDE73B480208283E02082DE9F84F20
:101D10008A4600AF002900F09A8004680E1F361B27
:101D2000F50826F0070604EB0608B8F802B01BF029
:101D3000010B16D1E94688B06A46464BCDE905311C
:101D4000032342F8103F4FF4C2515B46424801F072
:101D50008BFDCD468BF31188BFF36F8F042318469C
:101D600002DF294620460EF0A2FD34F83030C01ABA
:101D7000854217D0E94688B06A46384BCDE9053A26
:101D8000032342F8103F00234FF4C251324801F0C0
:101D90006BFD0023CD4683F31188BFF36F8F0423BF
:101DA000184602DFA15B2046691A0EF080FDA842AA
:101DB00017D0E94688B06A46294BCDE9053A032396
:101DC00042F8103F00234FF4C251234801F04CFD6C
:101DD0000023CD4683F31188BFF36F8F0423184689
:101DE00002DFB8F80230294623F00103A8F80230D8
:101DF00020460EF05CFD04EBC0035B888046DA07EA
:101E00000CD401462046FFF71DFF414620460EF048
:101E100053FD4246294620460EF09AFDA65BAE1BB6
:101E200004EBC6035B88DB070DD431462046FFF781
:101E300009FF314620460EF03FFD2A463146204636
:101E40000EF086FD354629462046FFF7B3FEBD4617
:101E5000BDE8F88FF8480208283E0208A8480208A2
:101E6000D1480208B2F5802F2DE9F8430ED33E4940
:101E70004FF437733D4A3E480EF031FE3D480EF0B8
:101E80002EFE4FF4377139480EF020FE042A0CD88C
:101E9000394940F2E323354A35480EF020FE3748F1
:101EA0000EF01DFE40F2E321EDE7043ACD1D114492
:101EB00025F0070521F00706A6EB0508B8F1170F76
:101EC0004FEAD8070CD82E494FF43B73274A2848CD
:101ED0000EF005FE29480EF002FE4FF43B71D2E7EA
:101EE000B7FA87F44FF00009C4F12002C4F12404CA
:101EF000A4000734E408631CBB420560AF60C5F86A
:101F00000C900CD91F4940F20233184A18480EF0C1
:101F1000E6FD1A480EF0E3FD40F20231B3E7494610
:101F2000920005F1100011F0A2FBA2B2530043F0A1
:101F300001036B803B1B9BB205EBC4015800A5F865
:101F40000090488025F83420A6F8029025F8083043
:101F500005EBC7035A88214642F001025A80284601
:101F6000BDE8F843FFF726BE784902081D4902087C
:101F7000144502088E490208A5490208C64902080C
:101F8000DF490208084A02082DE9F04F91B000939A
:101F900002F004030293C2F3C2030133840705462F
:101FA0000E46DDF868A00392059340F0C781041D3A
:101FB000002837D101F00706341DC6F10806009B42
:101FC0004FF0000804275A1E4FF0FF33C14601931B
:101FD000C3463B46CDF810800DB1009921600598AD
:101FE000002800F3C08094480099814203D39348AD
:101FF0008142C0F0B8800399601B11F0020C40F0E0
:10200000CB80B9F10F0F40F2CA808D4940F2812395
:102010008C4A8D480EF063FD8C480EF060FD40F256
:102020008121B6E00729CAD86FF01B0011B0BDE8C6
:10203000F08F7A285AD84B280FD8472856D8292805
:102040002DD825284FD051D8202818BF23280CBFC1
:102050004FF0010B4FF0000B6EE04C382E2845D8A6
:10206000DFE800F06A444444444444444444444463
:1020700047444444444444444454444747545454D7
:102080006A4768446A4418471844447C7A47444481
:1020900047447A0000204FF0000B042734E0012170
:1020A0002A38C0B201FA00F010EA0E0F44D110F045
:1020B000625C2BD110EA010B3ED06046013C3C44EF
:1020C000B4FBF7F47C4325B1A3EB050CA444B44561
:1020D000AAD8002800F097800599013905915AF88F
:1020E000041B009178E70199013901914FF0000B31
:1020F00022E012F8010C6C2832D1002012F8023CC8
:1021000083466C2BC9D108273B46D7E70AF1070A5B
:102110002AF0070A073424F00704FAE802BC35B1B4
:1021200006982044B0423FF67FAFC4E900BC4FF0B0
:10213000000B083408273B4612F8010F002800F076
:102140008980BBF1000F7FF474AF2528F4D14FF0E4
:10215000010B019B013301930427ECE758469AE7F2
:1021600000208346AAE7039988072FD54FF0010C7A
:10217000601BB0F5007FFFF444AF31494FF41F738B
:10218000304A31480EF0ABFC31480EF0A8FC4FF459
:102190001F712C480EF09AFC4FF0000CE9E705B3D4
:1021A00009F140010DEB010E0199C0F387000EF813
:1021B000200C0EF8101CBCF1000F0ED060F07F0058
:1021C0000EF8200C08F1010809F10109C5F1080118
:1021D0004FF6DA7E04340691AEE70498013004909D
:1021E000F2E7BCF1000F01D00136EDE702980236AC
:1021F0000028E9D10098CDE90632FEF7D3F9DDE9F0
:1022000006320644E0E7042B08D10AF1040015B1B8
:10221000DAF800102160824604348DE70AF10703E2
:1022200023F0070303F1080A1DB1D3E90001C4E953
:102230000001082308347FE76C370208647F020836
:102240000B7102083B4A0208144502088A4A020838
:10225000694A0208631BB3F5806F0CD3394940F219
:10226000D223394A39480EF03AFC39480EF037FC8F
:1022700040F2D2218DE71DB9A6F10804E018D5E699
:10228000029A9B0828602B709DF81030BAB1EB7051
:1022900085F80280B8F1000F05D0002208A8C5F12A
:1022A000010791450DD14FF0000AC5F1010308AFB8
:1022B00001930DF1300BD14512D1601BB6E66B7066
:1022C000E6E710F8013B190608D507EB040CB44506
:1022D00003F07F033FF6A8AE04F8013B0132E0E7CC
:1022E000B8F1000F03D097F90020002A16DB029BFB
:1022F000C3B11AF80B2004F8012B0022019B181916
:102300001044B0423FF690AE3878009904F8010BC3
:102310002046039211F085F9039A14440AF1010A48
:102320000137C8E73A7855F822300093029B0098AD
:1023300045F82230FEF736F9421CDFE76FF00D005A
:1023400074E600BF0B7102083B4A020814450208FC
:10235000A44A02082DE9F04F95B000AF8A46054621
:10236000C7E9083258B99A4940F29933994A9A48CC
:102370000EF0B5FB40F2993196480EF0A7FB49B933
:1023800003784678807800EB83002844564521D8AE
:10239000A0EB050ABB6F95F8028003F00103BC6F48
:1023A0003B61EB78B8F1000F0CBF002404F001048E
:1023B000FB6113B1BB6F9A0715D4A4B97B6A1BB13B
:1023C000514628463A6A9847564630465437BD46E5
:1023D000BDE8F08F441C2046FEF7E4F801302044AD
:1023E0000AF1010AD2E7BB6FC3F3C0037B612B780C
:1023F000FB609B007B606B68BB60FB6805EB830B3D
:102400007B6A002B71D15646D844ACB11C461BF8F0
:10241000013B55F82300FEF7C5F8FB6F01303BB1D7
:10242000D7F88030A34282BFFB6F23F81400013439
:10243000C3450644EBD1D846BB6F4FF0000913F0FB
:10244000050F0CBF4FF0020B4FF0010BFB699945D4
:10245000BBD298F8013008F1020855F823A05F4B71
:102460009A45C0F080815E4B7A699A452CBF002363
:1024700001230AB318F8021CB8687B620EF0FAFA5E
:102480007B6AC8B1EA468AB06A46564B0593BB6878
:10249000CDE906314FF40073ADF82030524B42F8CD
:1024A000103F00234FF41251504801F0DDF9D5469A
:1024B000023E09F10109C9E723B13B692BB9A6EB3B
:1024C0000B06F6E7BB6F9B07F3D55046FEF76AF89D
:1024D000FB6F43B1D7F880309C423FBFFA6F431C7B
:1024E00022F8143001340644E3E7002C65D1B8F13A
:1024F000000F68D0BB6F580768D5C14607F1400090
:102500004246594611F08DF80BEB0803BB610023DE
:10251000334AF9698B426BD3BA6F95F801B03969C8
:10252000920704EB0B0348BF0022DBB258BF4FEA0F
:102530005902002940F0E180B96F11F0040F14BF77
:10254000494600216B70A970EA7028463A6A79689A
:102550007B6A9847061EFFF638AFFB6849462B702A
:10256000FB693A6AEB7085F801B07B6A85F80280F6
:1025700007F140009847B0F10009C0F2F0807B6895
:10258000FA69B86903EB420141443A6A7B6AAAEBF3
:10259000010198470028C0F2E4804FF0000BB144DD
:1025A00009EB000607F1300AA345C0F0A88000211E
:1025B0003A6A08467B6A984707E744464FF00009A5
:1025C00007F130009CE74446C1469DE7A1469BE7E2
:1025D000BB4A02083B4A0208144502086C3702084D
:1025E000647F0208D64A020804000001A03D0208E8
:1025F000B869DFF88CC110F8021B10F8016CB861E3
:1026000055F826006045C0F0B480904278692CBF30
:102610004FF0000B4FF0010B30B1B8683B600EF08B
:1026200029FA3B68574A60BBBBF1000F2BD03969D0
:1026300059B10F2C36D9544940F24343534A5448B8
:102640000EF04DFA40F2434196E6B96F490718D5AE
:10265000B9F10F0F09D94F4940F246434B4A4C4854
:102660000EF03DFA40F2464186E609F1280007F1F6
:10267000280C09F1010100EB0C0909F8106C5FFA54
:1026800081F9013345E7B86F800715D50F2C09D9BB
:102690003D4940F24D433D4A3D480EF020FA40F29C
:1026A0004D4169E6611C04F1280007F12804041972
:1026B00004F8206CCCB2E4E7B9F10F0F09D9354921
:1026C0004FF48A63314A32480EF009FA4FF48A61B6
:1026D00052E609F1280C07F1280EF44409F1010033
:1026E0000CF8101C07F1500109F1020951FA80F0B1
:1026F0005FFA89F900F8106CC3E7002122E71BF8A4
:102700000A3055F8239087F82F30FB6F23B3D7F8A2
:1027100080309B4520D2FB6F33F81B8001213A6A41
:102720007B6A07F12F00984700281ADB0644B8F1AE
:10273000000F06D14846FDF735FF00F101081FFAEA
:1027400088F8414648463A6A7B6A9847002808DB81
:1027500006440BF1010B27E74FF00008DEE74E4679
:1027600033E6064631E67B69002B3FF4ABAE00232F
:1027700080E67869002886D04FF0000B4DE700BF57
:102780006C370208647F0208794B02083B4A020852
:1027900014450208984B020880B505460E461746B8
:1027A00098460CF073FD034603F026FEDFF83C90DC
:1027B000044649F80030424639463046A8470C4B9B
:1027C0001B7873B90B4940F246330B4A0B480EF0A5
:1027D00086F90B480EF083F940F2463106480EF0B8
:1027E00075F954F8090003F0A3FD00BF08000000CC
:1027F000DD220020F44B0208C94B020814450208F0
:10280000074C020838B50D4604462022002110F07E
:102810002EFF0022EB68E361AB68A3612B682362A3
:102820006B68A26263622A6923B1591E194208BF0C
:1028300042F0010222610122002104F12C0010F07B
:10284000D4FD48B1054906482F23064A0EF047F942
:102850002F2104480EF03AF938BD00BF4F4C020852
:1028600014450208294C02082DE9F04F002789B0D1
:10287000CDE90123436A04468B428846BA46059750
:10288000079754D300F11406EFF31185102383F357
:102890001288BFF36F8F3046A9460CF075FF58B908
:1028A00084234D4A4D494E480EF019F931464D48A2
:1028B0000EF015F9842163E030460CF089FF079A89
:1028C0002AB1394620460EF0F0F90023079306A9F5
:1028D00020460EF011F906998346414530D322680F
:1028E000236A204613F8221003EB820A21F0030129
:1028F00003F82210216842460EF022F9E3682060B6
:10290000984218D04FF0000B30460CF04BFF50B3FC
:1029100089F31188BFF36F8F059929B1A2690AB1B4
:102920002046904700230593BBF1000FACD15046E1
:1029300009B0BDE8F08F236943F008032361E1E7A4
:1029400018B120460EF016F9DEE7DDE90132134337
:1029500039D0039110F077FD0399A0BB9DBB3046A1
:102960000CF020FF78B94FF499731B4A1E491C489C
:102970000EF0B5F831461D480EF0B1F84FF49971DC
:1029800015480EF0A3F885F31188BFF36F8F04F19B
:102990002C00DDE901230BF023F88346EFF31189C6
:1029A000102383F31288BFF36F8F30460CF0ECFED8
:1029B00000283FF475AFBBFA8BFB30460CF008FFE4
:1029C0004FEA5B1BA0E7204607AB05AA27680EF07D
:1029D000F0F8834698E700BF584C0208854C02087F
:1029E000144502089A4C0208B04C0208C74C020871
:1029F0002DE9F0410446C36908460E46984704F1A4
:102A000014050746EFF31188102383F31288BFF3F0
:102A10006F8F28460CF0B8FE68B984231A4A1B4908
:102A20001B480EF05CF829461A480EF058F884212D
:102A300015480EF04BF828460CF0CAFE33783A469B
:102A400043F001033370616820460EF079F860604E
:102A500020460EF045F928460CF0A4FE68B94FF464
:102A60009973094A0C490A480EF039F829460B486F
:102A70000EF035F84FF49971DAE788F31188BFF357
:102A80006F8FBDE8F08100BF584C0208854C0208EA
:102A9000144502089A4C0208B04C0208C74C0208C0
:102AA0002DE9F0470446002700F11406EFF31188E2
:102AB000102383F31288BFF36F8F30460CF064FE4F
:102AC000054668B98423394A39493A480EF007F86F
:102AD000314639480EF003F8842134480DF0F6FFF2
:102AE00030460CF075FE2369A168180702D46368AC
:102AF0008B4200D2636A5B1A002B41D0206A10F827
:102B0000213000EB810913F003023CD0022A04D1EA
:102B100050F821205FEA920A05D1DA0720D448460E
:102B2000E36998478246A168524620460EF008F8AD
:102B30005146A06020460EF011F82F4630460CF0AA
:102B400031FE10BB4FF49973184A1C4919480DF017
:102B5000C6FF31461A480DF0C2FF4FF49971BCE729
:102B600043F0020300F82130E3694846A56898471E
:102B70002946024620460DF0E3FF0025A060DDE770
:102B80001D46A946DAE71546FBE788F31188BFF32F
:102B90006F8F002D8AD137B1B9F1000F03D104F145
:102BA0002C000AF0A1FE4846BDE8F087584C020808
:102BB000854C0208144502089A4C0208B04C0208E1
:102BC000C74C02082DE9F0410446C36908460D468A
:102BD000984704F114060746EFF31188102383F396
:102BE0001288BFF36F8F30460CF0CEFD68B9842396
:102BF000274A284928480DF072FF314627480DF032
:102C00006EFF842122480DF061FF30460CF0E0FD9C
:102C10002B7823F001032B7023699B0705D5E2680D
:102C2000236A03EB82039D4222D12B7823F0020317
:102C30002B70D4E90231994204D13A4620460DF076
:102C40007FFFA060394620460DF088FF30460CF02B
:102C5000A9FD90B94FF499730D4A11490E480DF032
:102C60003EFF31460F480DF03AFF4FF49971C9E726
:102C70002B6867F39F032B60E8E788F31188BFF3A5
:102C80006F8F04F12C00BDE8F0410AF02DBE00BFAB
:102C9000584C0208854C0208144502089A4C020858
:102CA000B04C0208C74C020870B5044600F1140588
:102CB000EFF31186102383F31288BFF36F8F28463A
:102CC0000CF062FD68B984231A4A1B491B480DF0B9
:102CD00006FF29461A480DF002FF842115480DF021
:102CE000F5FE28460CF074FD2369A0681B0702D48A
:102CF0006368834213D2646A241A28460CF052FD9A
:102D000078B94FF499730B4A0E490C480DF0E7FE61
:102D100029460D480DF0E3FE4FF49971DEE71C1AC9
:102D2000EBE786F31188BFF36F8F201E18BF0120D9
:102D300070BD00BF584C0208854C020814450208BB
:102D40009A4C0208B04C0208C74C0208044608B569
:102D5000EFF31183102383F31288BFF36F8F0FF00B
:102D600013FB204603F0C0F902480DF0A2FE0EF05E
:102D70008AFCFCE7DC4C02082DE9F043079D15B9FD
:102D80001560002012E00324B5FBF4F404EB4407C3
:102D9000BD4218BF0134B4F1804F09D2A400013400
:102DA0008C4200D838B96FF00B001460BDE8F08396
:102DB0004FF0FF34F7E704460021DFF8B4E0B942F2
:102DC00003F1030C04F104062BD3A942274623D2B6
:102DD00001F1010CAC451F7828BF002324494FEABC
:102DE000A70E38BF5B7811F80EE0AC4584F800E020
:102DF00001EB131E2EBF3D239B0003F03C034FEA63
:102E0000071738BFCB5C07F030071EF80770A370B8
:102E10003D2367703746E3700023381A10603B701B
:102E2000AFE71CF8034C1CF8023C4FEAA4091EF85B
:102E3000099024011CF8018C04F0300406F8049C6D
:102E40000EEB131919F804409B0006F8034C03F02D
:102E50003C030EEB9814E35C08F03F0806F8023CD4
:102E60001EF80830344606F8013C03316346A6E7F5
:102E7000547E02082DE9F04300273C463E46DDF82B
:102E80001CE0DFF81C81764526D3D4BB00201460FB
:102E9000BDE8F0830135754531D013F805C0BCF1AC
:102EA000200FF7D0AEEB0509B9F1010F16D0BCF138
:102EB0000D0F13D103EB050999F80190B9F10A0F31
:102EC0001BD0B54205D1BCF13D0F0AD10137022F0D
:102ED0000AD96FF01500DBE73546DCE7BCF10A0FD5
:102EE000EEE71CF0800FF4D118F80C607F2EF0D0C4
:102EF0003F2E01D8002FECD101346E1CC3E72E46C3
:102F0000C3E74FF0060C04F00705E4080CFB05F5D9
:102F10000CFB04F40735E41B04EBD50470B18C42C0
:102F20000CD80027014603253C46DFF874E0DFF8A3
:102F300074801E44B34205D10C1AA7E76FF00B0052
:102F40001460A5E713F8019BA9F10A0C5FFA8CFC49
:102F5000BCF1160F04D828FA0CFC1CF0010FE9D1C3
:102F60001EF809C00134BCF1400F08BF013D0CF050
:102F70003F0C042C4CEA8717DCD17DB13C0C012DB1
:102F80000C7002D101310024D4E7022D4FEA17243E
:102F90004C7016BF8F7002310331F4E72C46C9E73D
:102FA000D47D0208090040002DE9F34106460F4692
:102FB00015464FF000082A46304601A90DF0B5FE2F
:102FC000044640B102463946019810F02AFB2D1BF9
:102FD000A0442744EFD142463046311D0DF0C3FED8
:102FE00048B1074907484823074A0DF078FD4821B2
:102FF00005480DF06BFD404602B0BDE8F08100BF12
:103000004F4C020814450208104D02082DE9F34107
:1030100007460E4615464FF000082A46384601A9D5
:103020000DF092FE044648B12EB102460199304699
:1030300010F0F7FA26442D1BA044EED14246384644
:1030400007F10A010DF08FFE48B1074907486323D5
:10305000074A0DF044FD632105480DF037FD404659
:1030600002B0BDE8F08100BF4F4C020814450208D1
:10307000104D020800200A4B82B0D3F8882042F09D
:103080000102C3F88820D3F88830064A03F0010310
:103090000193019B536843F00203536002B07047F1
:1030A000000C02440040024408B5416805480C3158
:1030B00083681B681BB1984700EAE07008BD6FF099
:1030C0005700F9E76C380208192810B502D9002416
:1030D000204610BD044B53F82040204610F00DF957
:1030E0000028F5D1F3E700BF1040020808B505F04D
:1030F000F7FE024B024A1A6008BD00BFE00700203D
:103100000048E80108B558B90749084840F23513A6
:10311000074A0DF0E4FC40F2351105480DF0D6FCED
:103120004368587908BD00BF094E020814450208DB
:10313000D14D020810B548B908490948A023094AE9
:103140000DF0CDFCA02107480DF0C0FC03681B6901
:1031500013B1BDE810401847184610BD094E0208CB
:1031600014450208D14D02082DE9F84304460646ED
:103170000127DFF8408094FAA4F5B5FA85F507FA3F
:1031800005F308EB05156FEA030924EA03042B7B1A
:103190005BB12846FFF7CEFF38B96B68042228469A
:1031A000196806EA09060DF0CAFE002CE3D1304684
:1031B000BDE8F883903E020810B5002288B00E49A1
:1031C0000E4810F01AFA002200230024CDE906234D
:1031D0000E234FF40062CDE90334CDE90144084BDE
:1031E0000849009408480BF0FBF80849064810F01D
:1031F00030F9204608B010BDED320108400F002024
:1032000025360108E0220020B80A0020204E0208DE
:103210002DE9F047DFF8B4902D4C8046A9EB04036C
:103220008F2B0F460BD92B4940F253132A4A2B48B8
:103230000DF055FC40F2531127480DF047FC28488B
:103240000DF059FE064660B300252846BDE8F0871C
:10325000237B8BB12368DB680BB1204698476368FA
:10326000204683F806A0FFF765FFB0B96368042223
:10327000204619680DF063FE013610344C4514D910
:10328000184940F25F13144A14480DF028FC164800
:103290000DF025FC40F25F11CEE70AFA06F31D435C
:1032A000EAE705464FF0010AE8E7D1D3B8F1000F8D
:1032B000CBD0002DC8D02846FFF756FF0546002F7B
:1032C000F7D0002164200BF055FFF2E7A03E020882
:1032D000903E0208554E0208284E02081445020886
:1032E000D41B0020854E0208A64E020801480AF0B1
:1032F000FBBA00BF0C090020014B53F820007047B7
:103300008C40020808B5034608462BB1044A1360F6
:1033100000F08CFD002008BD6FF01500FBE700BF3A
:103320005006002010B5044C237813B903480AF066
:10333000DBFA0123237010BDB42200200C09002009
:1033400010B5044609480DF0D6FD3CB1084BD3E852
:10335000EF1F0139C3E8E21F002AF8D105480CF03D
:1033600001FEBDE8104004480AF0BEBACC1B0020A4
:10337000D01B0020400F00200C0900200022044B2D
:10338000D3E8EF0FC3E8E12F0029F9D1704700BF60
:10339000CC1B002070B5FFF7F1FF0546104C114E15
:1033A000B4421AD9104940F21623104A10480DF0C1
:1033B00096FB10480DF093FB40F216210B480DF0E0
:1033C00085FB2046FFF79EFE28B123685B6813B19A
:1033D0002946204698471034E2E7F2D370BD00BF7B
:1033E000903E0208A03E0208854E0208284E0208C0
:1033F00014450208A64E020810B5044C04492046A4
:10340000FFF700FA034B1C6010BD00BF440800200A
:1034100078400208C01B00200023154A10B5137025
:10342000144A4FF47A711360134A14481360FFF77B
:1034300069FFFFF7E1FF124B124918468B4215D97D
:10344000114940F22B13114A11480DF048FB114865
:103450000DF045FB40F22B110C480DF037FB1A1A0A
:103460005C681211013222711033E7E7F7D310BD07
:10347000B5220020CC1B0020D01B0020090F020821
:10348000903E0208A03E0208854E0208284E02081F
:1034900014450208A64E02080146002200230148F6
:1034A000FFF7E2B9440800200148FFF7F9BA00BF6E
:1034B00044080020024B01461868FFF783BB00BF99
:1034C000C01B00200148FFF7EFBB00BF44080020ED
:1034D00070B52D4B1B78002B54D0FFF7E5FF044649
:1034E00000283FD1294B2A4D1B68002B12DD10F01C
:1034F0003CF80A220023FDF73BF8D5E90032C01A58
:1035000040F2E93361EB0201984271F1000101D30D
:10351000FFF740FFD5E9003213F57A7342F100025C
:10352000C5E9003274B3BDE87040FFF7CBBF284651
:10353000FFF7E8FD20B12B68214628461B68984715
:103540001035B54211D9134940F20A23124A1348E3
:103550000DF0C5FA12480DF0C2FA40F20A210E48E9
:103560000DF0B4FA0F4D104EEBE7E0D32046FFF715
:10357000A1FF0E4BD3E8EF1F0139C3E8E21F002A79
:10358000B0D0F7E7002070BDB4220020CC1B002093
:10359000380F0020854E0208284E02081445020804
:1035A000A64E0208903E0208A03E0208D01B002052
:1035B00070B5154D297831BB0120FFF729FE134C5A
:1035C000134EB44218D9134940F2CF13124A13488C
:1035D0000DF085FA12480DF082FA40F2CF110E4834
:1035E0000DF074FA2046FFF78DFD18B123682046D0
:1035F0009B6898471034E4E7F4D3FFF769FF00288D
:10360000FBD101232B7070BDB5220020903E020833
:10361000A03E0208854E0208284E02081445020802
:10362000A64E02082DE9F843374F384BFB1A1B0909
:103630000AD137494FF46F73364A37480DF04FFAC5
:103640004FF46F71334819E000210846FFF7E0FDA1
:103650000446A8B14FF4FA784FF000092F4B1B78BD
:103660009BB92F4940F246332E4A2B480DF037FACA
:103670002D480DF034FA40F246312A480DF026FA72
:103680004FF0FF384FF0FF39E8E702F0B5FE274B67
:10369000274A1B58136033B1264B1B68092B02DDE8
:1036A00025480AF021F9002544B12046FFF75CFDCA
:1036B000044618B94FF0FF384FF0FF39FFF708FF05
:1036C000064628B935B91C4842464B460AF088F9E7
:1036D0003546E9E70D4D08E0F5D22B689B691BB133
:1036E00000222846114698471035BD42F4D91349A7
:1036F0004FF46C73074A08480DF0F1F910480DF0CB
:10370000EEF94FF46C719DE7A03E0208903E02086E
:10371000C54E0208284E020814450208DD2200208A
:10372000F44B0208C94B0208074C020808000000CD
:10373000C81B0020D01B00200C090020854E020869
:10374000A64E020813B52C480DF0D5FB2B4B1B7869
:10375000002B35D0EFF31184102383F31288BFF3CD
:103760006F8F27480CF010F868B98423254A264942
:1037700026480DF0B4F9224925480DF0B0F984210E
:1037800020480DF0A3F91E480CF022F8FFF7A0FE28
:103790001B480CF007F868B94FF49973194A1D4992
:1037A0001A480DF09CF916491B480DF098F94FF492
:1037B0009971E5E784F31188BFF36F8F02B010BDF4
:1037C000164B1B68002BF9D050B900220023144877
:1037D000CDE9002342F2107200230CF055FBEDE717
:1037E0000928EBD10E480CF0BDFB0E4802B0BDE835
:1037F00010400AF079B800BFD01B0020B52200208D
:10380000C41B0020584C0208854C020814450208CD
:103810009A4C0208B04C0208C74C0208C81B002092
:10382000400F00200C09002010B5064B04461B6811
:1038300098472146A0600448FFF7DAF8BDE8104039
:10384000FFF780BF5006002044080020044A054BC3
:103850009B1AB1EBD30F34BF52F8310000207047F0
:10386000883D0208903E02082DE9F04F8FB0C1F369
:103870004A2604AF0D469046B8607B600C0D002EC2
:1038800066D04FF000090A234FF0040B07F1140A29
:10389000FE60C7E90799C7F824900093CDF808B0F7
:1038A000CDF804A007F11C034A464046F968FEF72C
:1038B00051FDB0F5006F03461CD36C468AB0D8F8B2
:1038C000041004AB2B481A46C3E9050140F2FF710E
:1038D000D9614FF400711984274B42F8103F4FF41F
:1038E00012514B462548FFF7BFFFA5462C37BD4672
:1038F000BDE8F08FC0F30A0604F11700184420F069
:10390000070080083B60FFF7C7FD66F353250446B8
:1039100030B33B6800F11001C7E908390A23F961A7
:10392000CDE901AB00934046154AF96807F11C0345
:10393000FEF710FD002813DA1249134840F249132C
:10394000124A0DF0CCF840F2491110480DF0BEF8C3
:1039500004F1170020F007008008FFF79DFD0446E2
:1039600066F353252A4620467B68B9680DF007FBAD
:10397000BCE700BFEE4E020804000001D03D020883
:10398000510F02085A4F0208144502082D4F020831
:103990002DE9F04F87B00546DDE9106BDDE9127ABD
:1039A0008846144699462FB33B465A4610210020BC
:1039B000CDF800A0CDF814A0FEF7E6FA00280BDA47
:1039C00027494FF4B473274A27480DF088F84FF47D
:1039D000B47124480DF07AF8B0F5006F01460BD3AE
:1039E00040F2FF730221214A214807B0BDE8F04FA1
:1039F0000DF01EBB3946384604F0070305F00704F6
:103A0000E40044EA831444EA402444EA065406F1FC
:103A10001700084420F0070080080391FFF73CFDE1
:103A20000546A0B19FB13B465A460399CDF800A088
:103A30001030FEF7A9FA002809DA094940F28D137F
:103A4000084A09480DF04BF840F28D11C1E74B468A
:103A500022464146284607B0BDE8F04F0DF08FBA28
:103A6000594F02082D4F020814450208634F0208FF
:103A7000D03D0208406820B1034BC01A40F3CF008C
:103A800070474FF0FF307047883D02080EB403B511
:103A900003AB53F8042B01460448019302F064FF82
:103AA00002B05DF804EB03B0704700BFCD3A0108E7
:103AB000CA0605D48B064CBF02490349FFF7E6BF8F
:103AC000704700BF477302089B4F020838B54B6828
:103AD00005461A68CB680C469A4202D108460DF09A
:103AE000CBFA6368D3E8EF2F511CC3E8E01F00282E
:103AF000F8D1A3689D5463681A68E3689A4209D9AB
:103B0000054906487223064A0CF0E9FF7221044871
:103B10000CF0DCFF002038BDCD4F02081445020830
:103B20009E4F02082DE9F04F89B099469DF85080CC
:103B3000159B044606930D46DDE916A3189F0592D2
:103B40000493B8F1000F00F0A180B8F1040F0BD975
:103B500088494FF41573884A88480CF0C0FF4FF429
:103B6000157185480CF0B2FF07F4807307930DF0D0
:103B7000E4F907F0020B0246002856D0204680499F
:103B8000FFF784FF0646BBF1000F08D017F0440F83
:103B90004DD12A4620467B49FFF778FF064407F0BF
:103BA000010353B1784B204653F82820774B7849CE
:103BB000002A08BF1A46FFF769FF07F48073002B3D
:103BC00007F0080318BF4FF00009002B5BD0714BC2
:103BD000204653F828207049FFF758FF0546059BFB
:103BE0002BB11A4620466D49FFF750FF0544B9F145
:103BF000000F05D04A4620466949FFF747FF0544B4
:103C000068483544069B002B47D0224666490CF095
:103C100000FF002841DA654940F2B123564A57486F
:103C20000CF05DFF40F2B1219BE70646ABE7604B2D
:103C300018680028B2D05F4B4FF47A7B1B684FF0B6
:103C40003C0CB5FBF3F5B5FBF0F14FF4616300FB01
:103C500011550BFB05F5B1FBF3F2B5FBF0FE03FBD1
:103C6000121100FB1E55B1FBFCF30BFB05F5B5FB78
:103C7000F0F50CFB131120460091CDE901E54E490A
:103C8000FFF704FF8AE707F00805A8E7B9F1010F7D
:103C900045460CBF43484948B4E7049B002B54D029
:103CA000DDF810903946B9F1100F204628BF4FF0CB
:103CB00010090026FFF7FCFEB54218DC002633464B
:103CC00020461AF803203E49FFF7E0FE0136102E89
:103CD00013D0710703D120463A49FFF7D7FE4E456E
:103CE0003346EDD320463849FFF7D0FEEEE72046B5
:103CF0003449FFF7CBFE0136DEE700262046334984
:103D0000FFF7C4FE33461AF803202046A2F1200331
:103D10005F2B28BF2E222E49FFF7B8FE0136102E4A
:103D20000DD0720703D120462649FFF7AFFE4E455E
:103D30003346E8D320462349FFF7A8FEEEE7049B6D
:103D4000CA44B3EB09030493AAD1B8F1000F0AD017
:103D5000FB0704D520460D4A0D49FFF797FE39466B
:103D60002046FFF7A5FE204609B0BDE8F04F0DF054
:103D700083B900BF025002089E4F02081445020892
:103D80000D500208115002089C400208FD4F020825
:103D900087700208B0400208365002083C50020802
:103DA00040500208CD3A01086969010845500208EF
:103DB000DC1B0020D81B00201A50020893100208B8
:103DC0004E5002085650020854500208585002083B
:103DD0005A50020842F20F7373B58B4228BF0B464C
:103DE00005680446052168460D4A0CF0EBF90646C5
:103DF000636828460B225B680A490DF02FF9636857
:103E00003246694628465B680DF028F963681B2234
:103E100028465B6804490DF021F902B070BD00BF6F
:103E2000586A0208B07E0208947E0208002101232D
:103E3000064A904206D8064A01B901231360054B91
:103E400018607047012140085B00F2E740420F0014
:103E5000D81B0020DC1B00200122014B1A70704788
:103E6000B6220020014B002019607047F41B00208F
:103E70000148FFF7AFBF00BFE040020810B5064B96
:103E80000C461868FFF738FA2146BDE81040034693
:103E90000F220248184700BFF41B0020E040020830
:103EA0000122F8B5084B094D094E1A70D5E90047B3
:103EB0000CB92C60F8BD214630463A4600F01EF899
:103EC000241A0644F4E700BFB7220020E81B0020B4
:103ED000B822002010B9074B18707047064B1B78AA
:103EE0001BB141F288300FF0FAB9322000210BF0FB
:103EF00041B900BFB6220020B72200202DE9F047CB
:103F000080460F460425DFF87C901F4E99F800404C
:103F1000ACB90EF028FB3A4682464146204607F0EF
:103F20003DF8044650460EF026FBECB101233370F9
:103F300099F800307BB93C462046BDE8F0873A4608
:103F40004146002007F02AF80446EEE728466C1E9A
:103F5000FFF7C0FF2546002007F06AF80028EAD0E6
:103F60003378002BF2D1E6E7337833B1013D2846B0
:103F7000FFF7B0FF3378002BC8D13378002BDAD0AD
:103F8000DAE700BFB7220020B6220020014B036011
:103F900000207047F040020870B5104B0D461C68B9
:103FA000B4B10F4B196800238B4202DB6FF00100A4
:103FB00070BD224612F8106B864202D014460133BF
:103FC000F2E7E0680FF099F928B100202C60EFE7E4
:103FD0006FF00C00ECE76FF01200E9E754060020E8
:103FE000F040020810B5436888B0029383680C461D
:103FF000CDE9033200230A68C068CDE906230549EC
:1040000001AA05930DF03AFF079808B9059B2360B4
:1040100008B010BDCB110208F7B58368044663B33E
:10402000D0E90476026AB3FBF2F502FB15353DB127
:104030000068551B2A4694F8241018440FF017FB0B
:10404000A368E06822683E442B4481684D6831468D
:10405000A847054648B101210346194A1948009668
:104060000CF0F0FF284603B0F0BDE3695BB92369AB
:10407000A268134423610023A3600025F2E7535D87
:10408000DB4353550135A3682268AB42F7D8E0689B
:1040900081680D683146A847054630B103460A4A93
:1040A000012108480CF0C4FFDCE73246E369A1684F
:1040B0002068984705460028D9D0044A0346EFE710
:1040C0008D500208883D0208B1500208C75002080E
:1040D00010B504460121034A03480CF0A0FF00205C
:1040E000606010BDDB500208883D02082DE9F743EF
:1040F0000D46DDE90A8791461E46044680B179B136
:1041000072B18B680846DB6898470368B6FBF3F228
:1041100003FB12624AB1204A012120480CF07FFFC4
:104120006FF00D0003B0BDE8F083B8FBF3F203FBC2
:1041300012820AB11A4AEFE727B1B7FBF3F103FB8A
:10414000117109B1174AE7E718EB070F01D3164AB7
:10415000E2E7C4E90096C4E905872161A160E56052
:1041600003686A4623620C9BE3614379CDE90061F1
:1041700028460E4984F824300DF080FE019A0AB9D1
:104180000B4AC9E7D4E905310B449A4201D2094AE6
:10419000C2E70020C6E700BFFB500208883D0208C6
:1041A00032510208465102085851020841120208D1
:1041B0007B510208975102082DE9F04705460E464B
:1041C00017461B4CDFF86C80DFF86C90444529D90A
:1041D0001A494FF4BB631A4A1A480CF080FC1A487B
:1041E0000CF07DFC4FF4BB6115480CF06FFC62686D
:1041F000D9F824309A4213D3A3698BB1A988907857
:10420000C9B2884205D13A4631462846BDE8F04752
:1042100018475279012A03D13A4631462846984731
:104220002434D3E7E3D36FF08500BDE8F08700BF07
:10423000700A0020B80A0020F81B0020FC51020878
:10424000CA51020814450208A64E02082DE9F041A1
:10425000154B164F5E6A164BBB421FD9154940F2EB
:10426000BB53154A15480CF03AFC15480CF037FCC6
:1042700040F2BB5110480CF029FC5C68B4420BD3EF
:104280001D694DB194F802C08488E4B2A44503D1FD
:104290002B46BDE8F04118472433DDE7EDD36FF03E
:1042A0008500BDE8F08100BFF81B0020B80A00209F
:1042B000700A0020FC510208CA5102081445020885
:1042C000A64E02080022024B1A605A60704700BFD7
:1042D000B31C00202DE9F04105460E461746124C4E
:1042E000DFF8488044451AD911494FF4C163114A97
:1042F00011480CF0F4FB11480CF0F1FB4FF4C161D4
:104300000C480CF0E3FB63690BB92434EAE73A4646
:104310003146284698470028F7D1BDE8F081F2D30E
:104320006FF08500F9E700BF700A0020B80A00208E
:10433000FC510208CA51020814450208A64E0208A0
:10434000430670B520D0134B134CA3421ED913491A
:104350004FF47D73124A13480CF0C1FB12480CF065
:10436000BEFB4FF47D710E480CF0B0FB0022196AC1
:104370001E7F0439D5B2AE4201D82433E5E70132BD
:1043800011F832508542F5D1012001E0EED3002032
:1043900070BD00BF700A0020B80A0020FC5102085E
:1043A000CA51020814450208A64E0208F7B58488CF
:1043B0000F46E4B220468DF80740FFF7C1FF0546DF
:1043C000B8B114F07F0F164E02D096F8BA3023B36E
:1043D00097B103212346134A13480CF084FF9DF83C
:1043E000070004F0B1FAF3691BB108200DF10701D1
:1043F0009847284603B0F0BD032123460B4A0A48DC
:104400000CF071FF9DF8070004F0C0FAF369002B6F
:10441000EFD009200DF10701EAE71D46E9E700BFEB
:10442000F81B00201F520208803E02083252020888
:1044300008B503460121034A03480CF054FF00204D
:1044400008BD00BF47520208803E020838B5054645
:1044500004F0F2FA10F1780F044611D102212B4634
:104460000C4A0D480CF03FFF28460CF03EFF0B4A6B
:104470000024D2F8C43023EA0003C2F8C43007E0B5
:104480000028F1D001212B46054A03480CF02BFFF0
:10449000204638BD62520208803E0208F81B002008
:1044A0008352020808B509480378C3F341130A335D
:1044B00050F823303BB100F1080200F11001984799
:1044C000C043C00F08BD1846FCE700BFF81B002022
:1044D00004282DE9F74F04460F46DFF8D4901AD090
:1044E000012834D1DFF8CC8098F8B9307BB300F0E4
:1044F00039FF314D4D453AD9304940F2C243304A37
:1045000030480CF0ECFA30480CF0E9FA40F2C241C5
:104510002B480CF0DBFAFFF7D5FEE3E702EBC6060B
:104520003079019204F088FA834630790CF0DDFE90
:10453000D8F8C430BBF1000F23EA0003019AC8F891
:10454000C4300AF1010A16DA002388F8B9301A4D8E
:104550004D451FD9194940F2EE43194A19480CF04C
:10456000BEFA19480CF0BBFA40F2EE41D0E7EBD2AC
:104570004FF0000A2A6A2B7F5FFA8AF6B342CDD841
:104580002435B7E7EB681BB13A46214628469847E1
:104590002435DDE7F6D3074B1B6A2BB1394620469D
:1045A00003B0BDE8F04F184703B0BDE8F08F00BF7F
:1045B000B80A0020F81B0020700A0020FC510208F5
:1045C000CA51020814450208A64E020873B50446F3
:1045D00080782B4D8DF800002379627943EA02231D
:1045E000ADF80230E37803F003038DF804300CF0EB
:1045F0007CFED5F8C430064618420CD0A47820467C
:1046000000F092FE2046FFF721FF0EF01CFF10B9CC
:1046100096200EF07EFF684604F042F910F1780F04
:104620009DF800301BD10221164A17480CF05BFEA2
:104630009DF8000004F0D0F910F1780F19D19DF821
:1046400000300221114A10480CF04DFE0120D5F82F
:10465000C43085F8B9003343C5F8C43007E00028FA
:10466000E6D00B4A084801210CF03DFE002002B0C4
:1046700070BD0028EAD09DF80030064AF2E700BF7E
:10468000F81B0020A5520208803E0208EC520208E6
:10469000C85202080C5302082DE9F047A94E0446FF
:1046A000B3690F4690466BB9237803F01F03012BC3
:1046B00000F0A280022B00F0078143B16FF01500DB
:1046C000BDE8F08798470028EED10020F8E794F97C
:1046D00000206178002A2FDA062910D00829D8F89E
:1046E000002024D00029E9D101235170137096F8DD
:1046F000C3305B0043F001031370022320E16288A2
:10470000100A011F01290546D8D90728D6D8D1B2E9
:10471000726A1478002CD1D05678AE4203D19942F7
:1047200000F0088101332244F3E7137808E196F89A
:10473000BA301370012303E101390829BED801A35F
:1047400053F821F0DF470108BD460108EF47010893
:10475000BD46010869470108BD460108BD4601087C
:10476000BD460108774701086088C0B203F0CEFF5C
:104770000028AAD0A2E763883BB1FF270020B846F3
:10478000756A2B786BB9002898D0FFF79BFD63887A
:1047900086F8BA30F369002B97D003206A4998470E
:1047A00093E76B78042B0DD0052B0ED0022B06D18E
:1047B0006F796388BB4208BF40F00100C0B22B781C
:1047C0001D44DEE795F80380F9E76388BB42F6D124
:1047D000B8F1000FF3D12846FFF7F8FEEFE7638842
:1047E000012B7FF46BAF002386F8C3306DE763883D
:1047F000012B7FF463AFF7E796F8BA30002B3FF454
:104800005DAF756AA3882A465FFA83FC1178002998
:104810003FF454AF5078022804D192F804E0E64502
:1048200000F294800A44F1E70A704A7038604CE75D
:10483000154499E00B2A7FF441AF00274FF0FF08A1
:10484000BA46C14606E06B78042B0FD0052B21D069
:104850002B781D442B78002BF5D1F36913B1514609
:1048600007209847002F7FF430AF27E795F80280A4
:10487000A38895F803909845EAD163889945E7D1D4
:10488000B8F1070F1DD806EB0803AA46012783F8E5
:10489000BB90DDE7A3884345DAD16388DBB24B45A3
:1048A0000AD0AF78384600F03FFD3846FFF7CEFD1E
:1048B000B0FA80F77F09CBE72846FFF787FE074667
:1048C000C6E7AA460027C3E794F900206378002AC8
:1048D0001ADA002B7FF4F2AEA488E4B22046FFF788
:1048E0002FFD00283FF4EAAE630604D096F8BA30F4
:1048F000002B3FF4E3AED8F80050204629460DF0D7
:10490000E2F900236B70F8E6012B08D0032B7FF44B
:10491000D5AE6388002B7FF4D1AE012103E061881E
:1049200000297FF4CBAE2046FFF740FD00287FF43E
:10493000CCAEC3E60228C8F800207FF4F6AE538858
:104940003B60C2E6F81B0020B21C002094F9001066
:1049500062780029BFF66EAFD8F80010002A3FF445
:1049600063AF0A2A7FF4AAAE2A78002A3FF4A6AEE3
:10497000687804287FF45CAFA87883427FF458AF4E
:10498000072B8EBF00239B1993F8BB300B70D1E629
:104990002DE9F84305460F469046994604264B46B6
:1049A00042463946284604F075F810F10B0F0446CC
:1049B00009D102212B46054A05480CF094FC0AF067
:1049C000C1FA013EEBD12046BDE8F8832D53020821
:1049D000803E020813B5164C237DF3B9E26801ABA3
:1049E0008020A1680192FFF7D3FF019AA3681344C6
:1049F000A360E3689B1AE3606BB962B12369E28844
:104A00009A4208DD94F8C82093FBF2F102FB1133BF
:104A10000BB90123237502B010BD002380201A4674
:104A20001946237502B0BDE8104004F033B800BF4A
:104A3000F81B00207FB500230D4606460193002891
:104A400062D100293AD108220B460DEB02010DF08C
:104A500047F9002803DA802003F076FF1FE0354C89
:104A6000029AC4E903552260039ABDF80E306260D1
:104A700004F13802A2609DF908202575002A10DB98
:104A8000802B09D901212C4A2C480CF0C8FA80202F
:104A900003F05AFF2846DFE71BB1C4E9033304B033
:104AA00070BDFFF7FFFC0028D5D0E28823699A4249
:104AB000D4BFE260E360FFF78DFFF0E71D4C01AB70
:104AC000D4E90212002A05DC02460DF009F900289B
:104AD000E5DAC0E70DF004F9002804DA802003F0DD
:104AE00033FF3046B8E7019AA3681344A360E36834
:104AF0009B1AE360002BD2D104F13803A360FFF7C7
:104B0000D1FC0028D7D1A6E7802807D1094BDA6865
:104B1000002AD0D11B7D002BCDD1C0E70849094820
:104B20004FF4C573084A0BF0DAFF4FF4C57106481D
:104B30000BF0CCFFF81B002054530208803E020803
:104B40000B71020814450208CA510208054B064AB7
:104B500058629A62054A0020DA62054A1A63054AD9
:104B60009A617047F81B0020994601084D420108E0
:104B7000D5420108B94101082DE9F3410446554DDC
:104B80004FF0FF334FF0FF32534808F0ABFB95F87E
:104B9000B8306BB10221514A51480CF040FA6FF025
:104BA00077044D4808F066FC204602B0BDE8F0816D
:104BB0006E6A6EB900F0EEF8FFF7C8FF6E6A3EB994
:104BC0000121484A46480CF02AFA4FF0FF34E8E742
:104BD00045482C62E86103F093FD03F0ADFC041E30
:104BE000DFDB00F0E5FB041EDBDB7378012B01D17A
:104BF000F3793BB901213D4A39480CF010FA6FF0C6
:104C00001504CEE70026684685F8C830ADF80230B6
:104C10008DF804608DF8006003F042FE041EC0DBD6
:104C2000802768468DF8007003F03AFE041EB8DB5A
:104C300030462F490DF03CF8041EB2DB38462C49B3
:104C40000DF036F8041EACDB2A4CDFF8AC8044458E
:104C500021D92A494FF4C363294A2A480BF03FFF60
:104C600029480BF03CFF4FF4C36125480BF02EFFA1
:104C70000026276A227FF3B29A4201D82434E6E75D
:104C800007EBC30257F8331010790DF011F8013615
:104C90000028EFD099E7EBD3002003F09DFE041E1F
:104CA000FFF67FAFD5F8C430802043F00103C5F88C
:104CB000C43003F091FE041EFFF673AFD5F8C43084
:104CC000002443F48033C5F8C430012385F8B8309C
:104CD00067E700BFF81B0020BC0800206D530208E6
:104CE000803E020890530208D1440108B5530208DF
:104CF000354A0108700A0020B80A0020FC51020859
:104D0000CA51020814450208A64E020830B51F4BCE
:104D10008BB005AA03F110051446186859680833CA
:104D200003C4AB422246F7D11B781022237001AC9A
:104D3000002120460EF09BFC1222002114480EF0A8
:104D400096FC1021204604F087FD00281ADD082873
:104D5000B8BF0820002109380D4A044414F8013F67
:104D60000AA800EB131003F00F0328336B4410F86C
:104D7000140C13F8143C013108291070537002F11F
:104D80000202EBD102480BB030BD00BFEF53020866
:104D9000C92200202DE9F04F87B09D4B00AF93F85A
:104DA00000A0BAF1000F04D09A481C37BD46BDE8F8
:104DB000F08F984C00264FF001193546B046FE6042
:104DC00023783BB9944B02349C42F3D10123904A9F
:104DD0001370E9E76378052B05D8DFE803F0C8070F
:104DE00003C82D6BA04623781C44E9E7402307F154
:104DF000100087F810A07B8287F814A003F036FD1E
:104E0000B8B1082307F110007B8203F02FFD80B1B9
:104E1000824940F28F13824A8248A7F812A00BF011
:104E20005EFE81480BF05BFE40F28F117C480BF078
:104E30004DFE7B8AE371D6E7E378002BD3D1A378CC
:104E4000002B32D1794D03E06B689C4228D0243589
:104E5000774B9D420CD977494FF49B73704A714848
:104E60000BF03DFE74480BF03AFE4FF49B71DDE70A
:104E7000EAD36D4688B06A46704BCDE9053403230A
:104E800042F8103F00234FF4C2516D48FEF7ECFC8E
:104E9000AD466B4801216B4A0CF0C1F8002084E755
:104EA000AB6813B12046F9689847FB680133DBB261
:104EB000FB6098E7002D58D1634A012160480CF04F
:104EC000AEF8E6E72B6AA07803EBC2010B799842B3
:104ED00045D14FF0010BE07894F805C000F00300D5
:104EE000387520795FFA8BF340EA0C20788294F9C8
:104EF0000200002826DA4FF0010C0BF110000CFA2A
:104F000000F010EA090F25D143F08000387407F152
:104F10001000C7E90031BA6003F0A8FCD7E901121C
:104F20003B68B8B93A7C12F0800FA2700A714FF05A
:104F300001021DBF1033DBB29A4002FA0BF249EABC
:104F4000020950E7012000FA0BF010EA090F01D125
:104F50001846DBE70BF1010BBBF1100FBBD101329F
:104F60002B7F9A42AED3394AA7E70022F8E7032EF7
:104F700024D1FFF7CBFE8346A0B1FBF713FB03461A
:104F800080B1102806D0B8600221314A2C480CF0BC
:104F900046F8BB68102BA8BF102359461A46A01C20
:104FA0000EF03FFB6FF002002378001B191904EB91
:104FB0005303C84209D50136F6B214E7002EF1D1E9
:104FC000B8F1000F17D1234A77E71A78203A5E2A02
:104FD0000AD92149CB23124A12480BF080FD1F4801
:104FE0000BF07DFDCB2121E701F801AC13F801297D
:104FF00001F8022DDDE7A4EB080388F80230C3F3C3
:10500000072388F80330FB6888F80430D3E700BF33
:10501000C82200205C0900206D0A002036540208D6
:1050200000540208144502083F540208700A002088
:10503000B80A0020FC510208A64E02086654020875
:10504000783E0208CD55020886540208C75402086B
:10505000E4540208B05502082F55020866550208AC
:10506000094B00211A4610B51C78844204D15C68B3
:1050700014B102EB811010BD0131082903F1400386
:10508000F2D10020F7E700BFC41C00202DE9FF414A
:1050900050F8283C0446103310F82C6C0AD10369F0
:1050A00050F8202C98073DD5D2B9590715D50023C3
:1050B00044F8283C54F8283C10330BD054E90775C9
:1050C00054F8148C0EF0BFF9002857D0214632480E
:1050D0000EF0A9F904B0BDE8F08143F004032361A8
:1050E00003AB304654F8241CFFF752FC034640B192
:1050F00001212A4A2A4800960BF0A4FF6FF01503FD
:10510000D6E7039A54F8243C134444F8243C54F85A
:10511000203C9B1A44F8203C54F81C3C134444F8AF
:105120001C3CC7E703AB304654F8241C03F01CFDBD
:1051300003460028DCD1039D54F8243C2B4444F85A
:10514000243C54F8203C5B1B44F8203C54F81C3CA5
:105150002B4444F81C3C002DA9D030460CF0CEFD69
:10516000B5FBF0F303FB1055002DA0D154F8203C03
:10517000002B9CD0304603F03FFD9BE744F8180C11
:10518000A4F1100008F0B0FB002DA3D04246394630
:105190003046A8479EE700BF780F0020FB55020865
:1051A000883E02084B1E012B73B506460D4614D8E7
:1051B000FFF756FF044690B9012D0ED101AB012235
:1051C00030460DF1030103F0CFFC019B002BF5D11C
:1051D00001210C4A0C480BF022FF02B070BD0EF00A
:1051E00032F904F12C0108B1012D05D1084602B0B5
:1051F000BDE87040FFF74ABF044802B0BDE8704008
:105200000EF011B918560208883E0208780F0020E7
:105210002DE9F74F05461646984601910CF0A5F882
:10522000002871D1EFF311831022009382F31288CA
:10523000BFF36F8F8346DFF8D890002200234846E3
:1052400008F0CEFBA0B9DFF8CCA04FEA8B170AEB31
:105250008B1BDBF8044014F1100F20D101212B46E9
:105260002D4A2E480BF0E4FE484608F03DFB0DE0C9
:105270000BF1010BBBF1080F09F14009DDD1012150
:10528000274A26480BF0CBFE6FF00B04009B83F3FC
:105290001188BFF36F8F204603B0BDE8F08F0C99E3
:1052A000019BCBF814100D99CBF81000CBF8181017
:1052B0006FF00F012846CBE902360AF80750CBF809
:1052C0003C80CBF804100CF019FD68B128460CF0B6
:1052D00015FDB6FBF0F101FB10662EB1DBF83C10BA
:1052E00041F00401CBF83C1018F0020F07D007F191
:1052F0002C010C4851440EF096F80024C6E72846CD
:1053000003F07AFC0446C1E76FF00F04C3E700BF67
:10531000E01C0020C41C00204D560208883E0208F4
:1053200032560208780F002010B5EFF311841023D5
:1053300083F31288BFF36F8FFFF792FE50B143687B
:10534000103307D16FF08B0300F12C014360044848
:105350000EF069F884F31188BFF36F8F10BD00BFA2
:10536000780F00202DE9F041082510276FF08B08F9
:105370000D4CEFF3118687F31288BFF36F8F6368CC
:10538000103306D10948C4F8048004F12C010EF052
:105390004AF886F31188BFF36F8F013D04F1400492
:1053A000E7D1BDE8F08100BFC41C0020780F0020C9
:1053B00038B50025084C2046084908F0D7FD0122E1
:1053C000A4F11000114601350EF00FF8082D04F17C
:1053D0004004F0D1002038BDF01C00208D500108A1
:1053E0000123016981F84B300B6833B191F84930E2
:1053F0001BB1024808310EF016B87047780F002034
:105400000123016981F84A300B6833B191F84830C3
:105410001BB1024808310EF006B87047780F002023
:1054200070B50569EFF31186102383F31288BFF37B
:105430006F8FD5F89000FDF7B7FD044686F311880D
:10544000BFF36F8F30B100220023034805F118012C
:1054500008F0D8FE204670BD780F0020012370B5FB
:1054600082F8483013680D4614463BB192F84A3032
:1054700023B10E4802F108010DF0D5FFD4F89030A9
:10548000DA885B899A4205D17DB904F118014FF49D
:105490007A7204E004F11801002DF8D00022BDE872
:1054A00070400023014808F0ADBE70BD780F0020A9
:1054B000002103460C4AA0F84810106883F89C109D
:1054C000C3F8940090889279A3F8980083F89A2002
:1054D00083F89B104022A3F89E1083F8A01003F1DC
:1054E0004C000EF0C4B800BFD03E020880B500AF3B
:1054F00088B06A46064BCDE90530032342F8103FD9
:1055000000234FF4C4510348FEF7AEF9BD4680BDF9
:1055100083560208683E0208002310B50469C4F8E7
:10552000A8300C4BC4F8A400596804F1A80269B96A
:10553000C3E9002204F10800074908F017FD04F14F
:105540001800064908F032FE002010BD0A605A60BB
:10555000F0E700BFC81E0020951302083556010869
:1055600030B54FF400334268056942F2A10085B0BE
:10557000CDE90103002385F89D30106AADF80C10C9
:105580000A22007901A9FFF703FA054C95F89D302E
:1055900023B901200DF0A3FE013CF7D105B030BDC9
:1055A000A1860100002373B5102504698DF807104A
:1055B00084F84830EFF3118685F31288BFF36F8FBC
:1055C0000122D4F890000DF10701FDF7EDFC86F300
:1055D0001188BFF36F8F012812D00DF034FFC0B1D6
:1055E0000122104BD3E8EF1F002903D1C3E8E02FBD
:1055F0000028F7D104D102210B4A0C480BF00FFD13
:105600000A22002304F11801094808F0FBFD02B04A
:1056100070BD94F8A130002BE2D000210A2009F0DF
:10562000A9FDC7E7C41E0020A4560208683E020870
:10563000780F0020F0B5D0F88C3005465B6885B057
:105640001B6A1F7D38460BF090FE064650BB95F84E
:1056500086303BB3A86F0146C38831F80A2F9B1AE6
:105660009BB2B3F5806F28BF4FF4806303AA0BF0A1
:1056700044FB0446B0B18306A5F1180385F83060F9
:105680000193094B08BF00F1FF34224603990093B0
:1056900038460223FFF7BCFDA86F224600F10A013D
:1056A0000BF061FB05B0F0BD5D540108034602211B
:1056B000014A02480BF0BCBCC3560208683E02080F
:1056C00010B50146044606480BF039FE20B92046C5
:1056D000BDE81040FFF7EABF012300F8073C10BD0A
:1056E000C81E002070B50E4681880446C9B218480D
:1056F00015460BF017FE40B9A38816480221164A3A
:105700000BF096FC6FF0120070BD94F900206378E6
:10571000002A16DB202B04D0222B0ED06FF0850040
:10572000F2E72B681A6840F8102C9A8820F80C2CA5
:105730009B7900F80A3C0020E6E7638800F8093C02
:10574000F9E7212BEAD10723103828603360F2E70C
:10575000C81E0020683E0208E956020873B50D1EF7
:10576000064614462ADD2A46D4F88C0004F14C0182
:10577000FDF71AFC854205D901212B1A174A184852
:105780000BF056FC012384F8493023683BB194F8B0
:105790004B3023B1134804F108010DF044FED4F856
:1057A0008C209388918912695B1A9BB2D31A3F2B84
:1057B00004D8012384F8A03002B070BD94F89E3064
:1057C000002BF9D0084B402200933046012301946E
:1057D00004F14C01FFF71CFDEEE700BF1057020873
:1057E000683E0208780F00205D57010873B5064631
:1057F0000D4601462C480BF08AFD044628B9304678
:1058000002B0BDE87040FFF771BE691EA0F1A406AA
:10581000052922D8DFE801F0282103232E37036869
:105820005D680321214A22480BF0F9FB14F8061C9D
:1058300099B9012304F8063C2B6A3246187BFFF71E
:105840008DFF14F85C2C42B92B6A1146187D194B58
:10585000019600930223FFF7DBFC02B070BD032129
:10586000154A13480BF0DBFB304602B0BDE8704030
:10587000FFF71EBE0321114A0D480BF0D0FB012398
:1058800004F8053CE9E703210D4A09480BF0C7FB82
:1058900014F8053C002BE0D003210A4A04480BF021
:1058A000BEFB0023ECE700BFC81E002031570208F2
:1058B000683E02085D540108435702085757020822
:1058C000685702087757020813B500244FF0FF33DA
:1058D0004FF4806205490648009408F0F7FB05493B
:1058E00003480DF0B6FD204602B010BDE02A0020AE
:1058F000780F0020B35702082DE9F0470546012331
:10590000084698B005F500710593FEF745FB04467F
:10591000B8B9D5F800020BF04FFC06AA804605A9DD
:10592000D5F80002FEF75EFBD5F80062074660B1CD
:1059300010F10C0F09D030460BF0FCFBC5F800420B
:105940003C46204618B0BDE8F087059B012B08D0E7
:1059500030460BF0EFFB00236FF00104C5F8003276
:10596000EFE7B46814F0030401D000F0EBFF304619
:105970000BF024FC4FF0013303FB00F9D6F808A02C
:10598000A24518DDAAEB0407402FA8BF40272146F7
:105990003B46304608AA0BF0CEFB031E06DB002375
:1059A00008AABF08BB421BD14034E9E70121184ACD
:1059B00018480BF03DFB0022D5F8001202928A68CD
:1059C000079B05F50170D21A01924A6841461344BB
:1059D00000932A464FF40073FEF788FB0446B0E7B5
:1059E00052F8041B894501D10133DBE70021079AF6
:1059F000D5F800020BF0C9FB04460028DBD0D5F82F
:105A000000020BF097FB0023C5F8003299E700BFB6
:105A1000BC570208B83D020808B504480BF049F825
:105A200003480BF046F8002008BD00BFF4570208F9
:105A30002958020808B50348034A0021121A0BF03E
:105A4000FDFD08BDB80A0020E0220020074808B587
:105A5000074A0849121A0BF0F3FDBDE80840064852
:105A6000064A0749121A0BF0EBBD00BFC004002024
:105A7000B80A00206C7F0208B8040020C00400208F
:105A8000647F02082DE9F04706460C4600AF002966
:105A900036D0D1E90012E9468AB06D46A3684FF0CE
:105AA000050AE8461F48CDE90723CDE9050148F876
:105AB00010AF002342464FF421511B48FDF7D4FE9E
:105AC000D4E90312CD466369AD461848C5E90723FA
:105AD000C5E90501C5F810A0002342464FF4215145
:105AE0001148FDF7C1FECD46E3690121104A0E4879
:105AF0000BF09EFAA36901210E4A0B480BF098FAAD
:105B0000012E07D1EFF305830B4A31460648103BBF
:105B10000BF08EFA2146304606F0D0FDBD46BDE8BA
:105B2000F08700BF56580208203E02088558020838
:105B3000B4580208C3580208F158020830BFFFF7F2
:105B4000FDBF00BF2DE9F04105460B4EDFF82C806C
:105B5000324606EB0807CC1B204609490DF061FDD3
:105B6000A01942460021083C0DF081FD2C6707F189
:105B70000800BDE8F08100BF000000000800000040
:105B8000A83E020810B5244C244925480BF065FDB9
:105B9000A36A99013ED5224822490BF05EFD1E20E2
:105BA000A36ADA0104D51E481F490BF056FD1F20D9
:105BB000194CA36ADB0204D519481C490BF04DFDB2
:105BC0000220A36A1C0304D5154819490BF045FDB2
:105BD0002120114CA36A590304D5114815490BF033
:105BE0003CFD2220A36A9A0304D50D4812490BF00C
:105BF00034FD2320084CA36ADB0304D508480F4971
:105C00000BF02BFD2420A36A6FEA03436FEA1343D2
:105C1000A36210BD1D20C3E700ED00E00459020897
:105C2000203E02081C5902082F590208495902084F
:105C30007359020891590208B6590208D05902084E
:105C400070B506460D46334C334934480BF005FD1C
:105C5000A36AD9064DD5314831490BF0FEFC11201D
:105C6000A36A1A0704D52D482E490BF0F6FC122022
:105C7000284CA36A9B0712D52B4928480BF0EDFC52
:105C8000636BA26A110609D50121284A23480BF04B
:105C9000CFF91EB1A36A23F08003A36213201D4C29
:105CA000A36ADA0704D51D4821490BF0D6FC14205D
:105CB000A36A9B0604D519481E490BF0CEFC15209B
:105CC000144B9A6AD60602D49A6A940713D59B6A33
:105CD000D90610D5184940F22D13184A18480AF071
:105CE000FEFE18480AF0FBFE40F22D1113480AF0A0
:105CF000EDFE1020B4E7074B9A6A920642BF5A6A3B
:105D000022F400525A629A6A42F0FF029A62002319
:105D10002B7070BD00ED00E0FB590208203E020828
:105D2000115A0208445A0208575A02086F5A0208C8
:105D3000855A0208A45A0208055B0208D35A0208D1
:105D4000144502084F5B020870B506460D46284C04
:105D5000284929480BF081FCA36AD9043CD5264880
:105D600026490BF07AFC1720A36A1A0504D52248AD
:105D700023490BF072FC18201D4CA36A9B0512D519
:105D80001D4820490BF069FCA36BA26A100409D5D9
:105D900001211D4A18480BF04BF91EB1A36A23F4E8
:105DA0000043A3621920124CA36A590504D5124876
:105DB00016490BF052FC1A20A36ADA050ED50E48DC
:105DC00013490BF04AFC1B20094A936A43F47F43B2
:105DD000936200232B7070BD1620C5E7A36A9B0455
:105DE000F2D505480B490BF038FC1C20ECE700BF4E
:105DF00000ED00E0B35B0208203E0208C95B020828
:105E0000445A0208DA5B0208F35B0208085C0208E5
:105E1000235C0208A45A0208F0B58BB07A4B044602
:105E20005868002500AFC0F3080385F31188BFF35D
:105E30006F8F02F07F46B6F17F4F07D102F00C065C
:105E4000082E12D1714972480BF007FC714940F2DB
:105E50001B43714A71480AF042FE71480AF03FFE46
:105E600040F21B416C480AF031FE16074CBF0C464D
:105E70000125002CEAD00022FA71DA1E092A00F26C
:105E8000A280DFE802F005989B7BA0A0A0A0A09EC6
:105E900064495F480BF0E1FB00235B4EFB71F36A42
:105EA0009A0705D560495A480BF0D7FB00232DE02F
:105EB000F36A002B01DA5D49F5E7F36A5B006DD503
:105EC0005B4953480BF0C9FB7369A26943F48073C3
:105ED0007361BFF34F8FBFF36F8F32F8023C72696B
:105EE00022F480727261BFF34F8FBFF36F8F03F4A0
:105EF0007F42B2F55F4F2AD1DBB2022B27D1236854
:105F000001214C4A42480BF093F82368FA79DAB938
:105F100007F1080604F1200C324620686168083455
:105F200003C264451646F7D17A6A002D68D0C2F3E1
:105F3000080121B96FEA52226FEA42227A621846BA
:105F400007F10801FFF79EFD2C37BD46F0BD2E4B33
:105F50009A6AD2B22AB10120F91DFFF771FE0346F9
:105F6000D4E79A6A12F47F4F04D00120F91DFFF79D
:105F7000EBFEF4E79B6AB3F5803F02D3FFF702FE26
:105F8000EDE72D4940F2ED23234A24480AF0A7FD0E
:105F90002A480AF0A4FD40F2ED2163E726494FF4B8
:105FA0003C731D4A1D480AF09AFD25480AF097FDEA
:105FB0004FF43C7156E70020F91DCEE70020F91D93
:105FC000D5E720496FE7204A6E4610F4F87F8AB083
:105FD0001E4918BF11466A46103B07934FF40073E1
:105FE0001B48ADF820301B4BCDE9050142F8103FAE
:105FF00000234FF411510648FDF736FCB54655E72E
:106000006FF308029AE700BF00ED00E0695C020848
:10601000203E0208945C0208D35A02081445020884
:10602000A75C0208E55C0208FC5C02081D5D020832
:106030002B5D02084A5D02080B710208665D0208CA
:106040008A5D0208BA5D0208505C02083B5C0208E7
:10605000DE5D020804000001064B5A6942F010029E
:106060005A615A6942F480625A615A6922F0080200
:106070005A61704700ED00E0EFF30880EFF309810B
:1060800001B57246FFF7C8FE01BD00BF002080F3D6
:106090001488BFF36F8F002080F30A8880F30B8889
:1060A0000E4880F3088800200D490860BFF34F8F29
:1060B00000F03EF8102080F311880A484FF4006188
:1060C000401880F30988EFF314800221084380F31D
:1060D0001488BFF36F8F00F0C5F800002054002033
:1060E00094ED00E0E03A0020BFF34F8F0549064BE6
:1060F000CA6802F4E0621343CB60BFF34F8F00BF66
:10610000FDE700BF00ED00E00400FA05002318469B
:106110000649D1F89020C2F30722934200DB704772
:10612000C1F89830C1F8A0000133F6E700ED00E0B7
:1061300010B572B6002484F31388FFF7E7FF2346F7
:106140004FF0FF300C4A03F120010133102B42F8CD
:106150002100F8D100234FF0FF30074A03F160011E
:106160000133102B42F82100F8D162B6BFF34F8FF4
:10617000BFF36F8F10BD00BF00E100E01EF0040F01
:106180000CBFEFF30880EFF30980816911F8021C5E
:106190000229FFD001B572460BF054FA01BD00BFD1
:1061A00000B2002807DB01234109034A00F01F0069
:1061B000834042F82130704700E100E000B200283F
:1061C0000CDB01220649430900F01F008240203306
:1061D00041F82320BFF34F8FBFF36F8F704700BF8D
:1061E00000E100E038B54B1C0F2B04460D460FD9DB
:1061F0006B23104A104911480AF071FC29461048D7
:106200000F2322460AF06BFC6B210A480AF05EFC61
:1062100000B20028ACBF00F160400A4A4FEA031305
:10622000DBB2ABBF00F5614000F00F0080F8003337
:10623000135438BDF15D0208285E020814450208B7
:10624000435E020814ED00E0044B054A23F07F038F
:106250009360BFF34F8FBFF36F8F70470004010847
:1062600000ED00E008B5FFF7EFFF074AD2F88830ED
:1062700023F47003C2F88830FFF7DCFBFFF7E6FB7E
:1062800000F09CF806F076FB00ED00E042F8203CC0
:10629000009B0B4942F81C3C019B21F0010142F894
:1062A000183C029B42F8081C42F8143C4FF08073E3
:1062B00042F8043C0023203A02654367704700BF60
:1062C0009927010800B50D4B15469860026F0C4BDD
:1062D0000E461A60036E83F30B882C4686F30988FA
:1062E0000020044B98472046002100220023024C46
:1062F0002047000079160208992701084C22002047
:10630000D01E00201022014B1A61704700ED00E002
:10631000054B5A699B689A421FBF044A536843F071
:1063200080535360704700BF4C22002000ED00E016
:10633000084B9B6883420BD1EFF3058343B1064BB7
:106340005A6842F080525A605A6A22F400425A62F5
:1063500008F0A2BF4C22002000ED00E014498A683A
:106360004FF030001044EFF3098C80E8F01F10204C
:1063700080F31288BFF36F8F0E4F4FF000664A69AB
:106380008A603E60106F0C4C2060506F0023536792
:1063900080F3118802F1300090E8F01F8CF3098837
:1063A00002F1000004B50BF060F9BDE8044070474D
:1063B0004C22002004ED00E0D01E0020002310211C
:1063C0000348C21801334B2B82F80013F9D17047F0
:1063D00000E100E008B5EFF30583064A103B02EB4D
:1063E000C30152F8330049688847BDE80840FFF709
:1063F0008FBF00BF643A0208014800687047000080
:10640000D01E00201FB50121094B0A4A0A4800F09E
:106410000FF90023064A0393084B0121019301A8B9
:10642000D31A029300F028F905B05DF804FB00BF11
:10643000000004200000002034410208B80A0020B7
:106440000A7A0B6810B562F304031C46CB68520944
:1064500023F01F0343EA4203044A43F00103C2F856
:106460009800C2F89C40C2F8A03010BD00ED00E0DA
:1064700010B50A4BD3F89030C3F30723013B984281
:1064800008D901210346064A06480AF0D1FD6FF0FB
:10649000150010BDFFF7D4FFFBE700BF00ED00E0E3
:1064A000875E0208083E02082DE9F04F894614462F
:1064B00006464FF000084F4D85B0C84527DAD6F89C
:1064C00004A0BAF1000F44D0BAF11F0F17D91AF087
:1064D0001F0F14D1D6F800B01BF01F0F0FD1584674
:1064E0000BF0DEF807460AEB0B0001380BF0D8F88A
:1064F000874210D06FF015073F4A3B4601E0434604
:106500003E4A01213E480AF093FD6FF015042046F3
:1065100005B0BDE8F08F17F1160FEDD0BC42EBDDF2
:10652000C5F89870D5F89C10C5F89870D5F8A030CB
:1065300021F01F0143F01F0BD6E900321A449942A3
:1065400002F1FF3A1AD1D34507D13146F8B20BF028
:10655000B0F808F101080C36AFE73146C5F898707D
:10656000D5F89C30E0B263F30402C5F89C200BF030
:10657000A0F810F1160FC8D0441CEAE7C5F89870CF
:10658000D5F8A020013B23F01F0302F01F021343A4
:10659000D3453146E0B2C5F8A030E8D00BF089F819
:1065A00010F1160FB1D0C5F89870D5F89C209DF861
:1065B00008300BF1FF3B62F304038DF80830D5F887
:1065C000A0309DF808205B0863F347128DF808207F
:1065D000D6E900321344009323F01F035B44A3EB7E
:1065E0000A03013023F01F036946C0B20393FFF78B
:1065F0003FFFBEE700ED00E0D35E0208AD5E02089B
:10660000083E02080522044BC3F89420BFF34F8FC5
:10661000BFF36F8F704700BF00ED00E0BFF35F8FE7
:106620000022024BC3F89420704700BF00ED00E049
:1066300038B50C4D0C462A78FFF736FF2870163017
:106640000FD140F28913084A084909480AF047FA6D
:10665000214608480AF043FA40F2891102480AF03C
:1066600035FA38BDDB220020F65E02080B71020805
:1066700014450208255F02082DE9F74F314D894680
:1066800006464FF00008AB462F4FC84502DB03B06B
:10669000BDE8F08FD6F804A0BAF1000F4CD03168F5
:1066A000084601910AF0FCFF019904460AEB01003B
:1066B00001380AF0F5FF84424FF01402234B15D045
:1066C00002FB08F36FF015024BF8032040F2991318
:1066D0001F4A204920480AF002FA49461F480AF09A
:1066E000FEF940F299111A480AF0F0F914F1160F68
:1066F0002C60EBD01978A142E8DD02FB08B0C7F8A6
:106700009840C7F89840D7F89C4000F10801007BFA
:1067100064F304000871D7F8A0000C79400860F316
:1067200047140C71D7F89C1021F01F016960D7F84D
:10673000A01021F01F01296108F1010814350C3661
:10674000A3E700BFD41E002000ED00E0DB22002004
:10675000F65E02080B71020814450208515F020838
:106760002DE9F0416B4D6C4ED5F890303468C3F391
:1067700007239C4286B013D940F20223674A684936
:1067800068480AF0ACF9D5F8902021466648C2F373
:1067900007220AF0A4F940F2022160480AF096F9B3
:1067A0000020FFF73BFF614BC5F8C03084421BD18E
:1067B0005F4D01A82C70FDF7E9FB002607464FF05E
:1067C00061085C4CB74216D100202B785149D1F8B2
:1067D0009020C2F307229342C0F295800020FFF779
:1067E00011FF06B0BDE8F081716801EB0011FFF701
:1067F00027FE0130DAE7019A300102EB0613D3F8E5
:106800000CC00CEA0401B1F1807F57D00AD8B1F571
:10681000001F29D0B1F5800F43D0B1F5801F14D0EF
:106820000136CFE7B1F1006F48D0B1F1805FF7D109
:1068300059689B681258013B21F01F000344CDE9C1
:10684000021223F01F0301220BE0596812589B68C3
:10685000CDE902122122013B21F01F00034423F065
:106860001F038DF8102036E0596812589B68CDE957
:1068700002124122013B21F01F00034423F01F03B9
:106880001CF0010F8DF81020059325D02A49842390
:10689000224A24480AF023F928480AF020F98421E2
:1068A0007BE759689B681258013B21F01F000344A5
:1068B000CDE9021223F01F030222D2E759681258D1
:1068C0009B6821F01F00013BCDE90212034423F035
:1068D0001F038DF810800593287802A9FFF7C8FDE3
:1068E00000280CDA0E4940F235230C4A0D480AF014
:1068F000F6F813480AF0F3F840F235214DE72B780B
:1069000001332B708CE7C1F89830C1F8A000013337
:106910005DE700BF00ED00E040410208F65E0208BE
:106920000B71020814450208805F0208AAFF4400A8
:10693000DB2200200000F0FFB45F0208DA5F0208EB
:106940000960020808B5054905481B23054A0AF0F5
:10695000C6F81B2103480AF0B9F800BF0B71020802
:106960001445020842600208F0B587B007460E469B
:1069700014460021102268461D460CF078FE0223C2
:106980008DF80230054B2A4621466846CDE904764B
:10699000019309F0B5FC07B0F0BD00BFE516020891
:1069A00008B50649064821F00701C1F1005202F579
:1069B0008022FBF757FA002008BD00BF8F8300201C
:1069C000E81E002070B541690446867A0A4D59B127
:1069D000437ADB0706D42C2303FB06535B6A1B6850
:1069E0009B689847002363612C20214600FB0650DA
:1069F000BDE870400CF0EFBC300900202C21827AF9
:106A0000054B01FB02339A6A1B7F801A1B3323F06C
:106A10000303B0FBF3F070473009002038B52C2495
:106A2000827A064B04FB02335B6AD3E901240C60D3
:106A30001568FFF7E3FF04FB005038BD3009002064
:106A400008B543684BB1074907485A23074A0AF07B
:106A500046F85A2105480AF039F803824369C360B1
:106A600008BD00BF95600208144502087060020866
:106A70002DE9FF470546684617461C4603910CF072
:106A800076FDDDE9008955B95C4940F201135C4AA5
:106A90005C480AF024F840F20111594818E005F169
:106AA0001406EFF3118A102383F31288BFF36F8F5C
:106AB000304608F069FE68B98423534A5349514867
:106AC0000AF00DF8314652480AF009F884214E4880
:106AD00009F0FCFF304608F07BFE6B8B002B5AD090
:106AE0002A8B9A4239D900220023284606F070FEEC
:106AF0000446002831D0304608F054FE68B94FF4FF
:106B00009973414A43493F4809F0E9FF31464248F9
:106B100009F0E5FF4FF49971D9E78AF31188BFF3C3
:106B20006F8F039D002D59D042464B4668460CF0AE
:106B300043FD2C21A27A394B204601FB02335B6ACC
:106B400003A91B681E68DDE90023B04760610028C7
:106B500037D12046FFF736FF2EE06C8B3046631EA0
:106B60006B8308F01FFE0028C9D08AF31188BFF399
:106B70006F8F2B7F2A8B1B33121BAC6A23F003030E
:106B800002FB0344254B264AEB1A9B105343A37286
:106B90002B7FE372C5E7304608F004FE0028AED034
:106BA0008AF31188BFF36F8F23463A46284606F0D2
:106BB0000FFE04460028B4D10024204604B0BDE8EE
:106BC000F087039B9D420BD916494FF4AB730C4AD7
:106BD0000C4809F084FF4FF4AB715EE72B4665610A
:106BE00000210122616022816382E27A04F11800AF
:106BF0000CF03DFD2046FFF723FFDEE7AF60020803
:106C00007060020814450208584C0208854C0208BE
:106C10009A4C0208B04C0208C74C02083009002008
:106C2000A38B2EBAB4600208F8B5054698B12C279C
:106C3000184E2C46237A6D68CBB940F2C113164A20
:106C40001649174809F04BFF2146164809F047FF3F
:106C500040F2C11108E0144940F2BB130E4A10483B
:106C600009F03DFF40F2BB110B4809F02FFF013B3B
:106C7000DBB2237253B9E3606360A37A204607FB5B
:106C800003631B6A1BB19847002DD2D1F8BDFFF7F3
:106C900099FEF9E73009002070600208CA60020816
:106CA00014450208D3600208EC60020808B5828827
:106CB00003468A420BD20949094840F2C313094AE4
:106CC00009F00DFF40F2C311064809F0FFFE521A09
:106CD000828000680844186008BD00BF2B6102086C
:106CE00014450208F060020838B50D4C0D4DAC4259
:106CF00012D90D49F9230D4A0D4809F0F0FE0D484F
:106D000009F0EDFEF921094809F0E0FE54F8043BD2
:106D1000002BECD09847EAE7F8D3002038BD00BF3D
:106D2000A03E0208A83E0208806102084A610208EB
:106D300014450208A64E0208084B0246186808B11E
:106D4000036800B9704741899142FBD01BB11968B3
:106D500018460B46F5E71946FAE700BFF41E002077
:106D6000094B0246186868B1036800B97047418949
:106D7000914206D01BB1196818460B46F5E7194633
:106D8000FAE7C068704700BFF41E002000230360CC
:106D9000044B5A6812B9C3E900007047106058608C
:106DA000704700BFF41E002000232DE9F04F054678
:106DB0000E4691B0CDE90C3301F10C030B93348AEC
:106DC00064B9A346304629680AF0E9FD20462968DF
:106DD0000AF0E5FD584611B0BDE8F08F072C40F2EF
:106DE0003881F3680CAA1868596803C29A88082188
:106DF00009929A790B980A92DA795B8805925BBAC4
:106E00009BB20793099B5BBA9BB20893FFF74EFFB7
:106E1000338A079A9342C0F020819DF8303013F0F6
:106E20000507069340F01C81304629680AF0A3FD4F
:106E30000446002800F0178101226868042140F808
:106E4000046B338ACDE901770092F2680BF0B5FE4E
:106E50002146A8680AF06AFC9DF83090D5F808A091
:106E6000C9F3C109B9F1010FCAF84C7000F2EB8007
:106E70000898FFF761FF002800F0D48005990AF018
:106E800045FC002800F0CE809DF8307017F0070711
:106E900052D0022F6BD04FF0030B2146A8680AF0A6
:106EA00045FCD5F80880022108F1040738460BF0AC
:106EB00053FF002840F0B9804FF000090221384606
:106EC0000BF052FF10EA090F3FF47CAFD8E9003114
:106ED000DA680027891A9DF83020198212F0070F0E
:106EE000C2F3C10214BF4FF0030E4FF0010E012A8E
:106EF00028BF01224EEAC20E089AA1F1080052BA38
:106F0000A968ADF83C200A9A09688DF83E20059AD8
:106F1000CB6840BAADF838708DF83F208DF838E076
:106F2000ADF83A000EAA03CA186059602A682046D4
:106F3000526A90473C4645E7D0F80080B8F1000F10
:106F400070D0A8680F2104300BF006FF60B128460E
:106F5000C0478346A8680F2104300BF005FF804628
:106F600040B9BBF1000F98D14FF0070B95E7D0F86F
:106F70000480E3E7BBF1000F8FD1BAF84EB0BBF14C
:106F8000000F19D0069B13F0180F15D1BAF84C005A
:106F9000FFF7E6FE0346002858D058469847834638
:106FA000002834D0B8F1000F3FF40CAF002C7FF470
:106FB00074AF3446002670E7DAE90013C868002F82
:106FC000A3EB00030B8214BF032101210022DAF896
:106FD000003069F3C4011B8AADF83820083B8DF8F6
:106FE0003810C3F3072141EA0323ADF83A30099B77
:106FF000AA68ADF83C300A9B12688DF83E30059BBC
:10700000D2688DF83F300EAB03CB106051602B6817
:1070100020465B6A9847834640BB07990B98FFF769
:1070200045FECCE64FF0080B37E702223846104900
:107030000BF077FE00283FF43FAF594638460BF07F
:1070400054FE81463AE74FF00D0B26E74FF0010B57
:1070500023E74FF0090B0024B4E64FF0090BA8E733
:107060004FF0080BA5E74FF0020BA2E7002499E7C9
:10707000A461020870B504460E4615468AB3A0F80E
:107080004810A0F84A20184903220BF04AFE18B90C
:10709000002000F0010070BD022120460BF05CFED4
:1070A0000028F5D00522204610490BF03AFE0028B2
:1070B000EED0314620460BF022FE0028E8D0022216
:1070C00020460B490BF02DFE0028E1D02946204632
:1070D0000BF015FE0028DBD0022120460BF044FE09
:1070E000D7E70120D7E700BF6D500208A76102086B
:1070F000A46102082DE9F0418468064614F00304F7
:1071000090B001D0FFF71EFC0AF058F84FF00133A1
:1071100003FB00F7D6F80880A04501DC012019E048
:10712000A8EB0405402DA8BF40256A462B46214602
:1071300030460AF000F8031E06DB6A460023AD1055
:10714000AB420AD14034E7E708480121084A09F078
:107150006FFF0B2010B0BDE8F08152F8041BB9425C
:1071600001D10133ECE70020F4E700BFF03D020855
:10717000BC5702081FB50AF048FB03A90446C0B279
:10718000FCF70AFF00280ADA012123460090114A81
:10719000114809F057FF0A24204604B010BD039897
:1071A000FFF7A8FF014688B90398826809F0EDFF50
:1071B000034620B90024039809F0BCFFECE7012145
:1071C000064A054809F034FF0D24F4E70128F1D000
:1071D0000B24F0E7AD610208F03D0208D16102081E
:1071E000F0B585B00AF011FB0D46044603A9C0B204
:1071F00016461F46FCF7D0FE50B1012123460090F1
:107200000D4A0E4809F01EFF0A24204605B0F0BDC5
:107210003B4632462946039809F08DFF0446039801
:1072200009F088FF002CF0D001212346044A0348CE
:1072300009F0FEFE0B24E8E7AD610208F03D02080C
:10724000F061020870B50C4615461E4648B133463B
:107250002A46214607480AF0CBF9002818BF0C201F
:1072600070BD054B03481978FEF746FB0028EED0A9
:107270000A20F5E7FC1E002028210020F0B50D466D
:1072800087B000286CD1374F02A93878FCF784FE0C
:10729000034640B10121344A344809F0C9FE0A24AA
:1072A000204607B0F0BD029809F086FF0646002888
:1072B00054D0029B5C68013C2C44214603AA0AF08E
:1072C000D9FD50B101212346294A284809F0B0FED2
:1072D0001324029809F02EFFE2E7049BDDE9024542
:1072E0001D4463683878ED1A00F05AFF2A460146BB
:1072F000204609F04AFF044640B12B461D4A009043
:1073000001211A4809F09EFE0D24E2E703212B46D5
:10731000194A164809F08CFE029B98680AF00DFC89
:107320008542D6D8029B5968014403AA30460AF028
:10733000A1FD0298039943688568C91A6D1A2A4607
:1073400009F023FF18B10D4A2B460090D8E703211E
:107350002B460B4A054809F06BFEBAE71224B8E742
:1073600014249DE72821002013620208F03D020842
:10737000396202084C6202087C6202089D620208BF
:10738000D562020870B50C46054618220021204639
:1073900086B00CF06CF96B68581C00F09580002BDF
:1073A00040F081802A691F2A73D9AA68511C72D0C3
:1073B000C4E90023EE68454B32689A426DD1AA6950
:1073C000202A6CD85AB142480368013307D0037BA6
:1073D0009A4204D169690D300CF055F9E8B10020EA
:1073E0000AF055FA20B101200AF051FA88B90120BB
:1073F0000AF00BFA02A9E060C0B2FCF7CDFD70B153
:10740000E36801210090334A334809F01BFE0A204B
:1074100003E04FF0FF330920E36006B070BD02982F
:10742000AA6883689A4203D909F084FE1E20F4E713
:1074300009F080FE2B7F73B9267B03A93046FCF749
:10744000ABFDA8B1012133460090224A224809F041
:10745000F9FD0A2613E004A80AF059FA08BB06F160
:10746000140104A80AF0D9F90130E5D01B20D4E7B3
:107470000398FFF73FFE0646039809F05BFEB6FA55
:1074800086F0400960742B69A360012323740020F7
:10749000C3E71620C1E71520BFE71720BDE7182076
:1074A000BBE71A20B9E70A4A13689168E360002332
:1074B000216063606B6852689342E8D12A69134483
:1074C0009942E0D21F20A8E71420A6E73DB8F39622
:1074D00028210020AD610208F03D02087FB50AF0C6
:1074E00094F90E46054603A9C0B2FCF755FD0446C3
:1074F00050B1012100902B46074A084809F0A2FD2F
:107500000A24204604B070BD039809F057FE30707D
:10751000039809F00FFEF4E7AD610208F03D0208A0
:1075200008B506497923064A064809F0D8FA0648FC
:1075300009F0D5FA7921024809F0C8FA6263020815
:10754000FE620208144502087F63020808B5064976
:107550006A23064A064809F0C2FA064809F0BFFA4B
:107560006A21024809F0B2FA62630208FE62020868
:10757000144502087F630208F0B520230F4695B03A
:107580000293044615466B460CAA384603A901929D
:1075900000F072FA0646002840F0918004340F2172
:1075A00020460BF0D9FB10B9002015B0F0BD042225
:1075B000204644490BF0B5FB0028F5D0204607F0E3
:1075C00001010BF09CFB0028EED0072220463E492B
:1075D0000BF0A7FB0028E7D005A903A800F0F2F9FB
:1075E000002864DA0522204638490BF09AFB00286F
:1075F000DAD00422204636490BF093FB0028D3D082
:10760000204601A90BF087FB0028CDD00822204698
:1076100030490BF086FB0028C6D09DF800102046AC
:10762000C1F3001181F0010101F001010BF0B0FB89
:107630000028B9D00722204627490BF072FB00280A
:10764000B2D02046C5F340010BF0A2FB0028ABD01E
:107650000922204621490BF064FB0028A4D02046D3
:10766000C5F380010BF094FB00289DD00622204634
:107670001B490BF056FB002896D0204605F001016F
:107680000BF086FB00288FD00922204615490BF00D
:1076900048FB002888D02046C5F3C0010BF078FBDA
:1076A000002881D00F2120460BF05EFB7DE71922D8
:1076B000204605A98DF82C600BF03CFB97E70120D4
:1076C00073E700BF9862020898630208A06302088B
:1076D000A6630208AB630208B4630208BC63020835
:1076E000C6630208CD6302082DE9F34186680746A8
:1076F00004360622304634490BF013FB38B90AF041
:10770000E4F80AF0E3F8072002B0BDE8F0810221B6
:1077100030460BF01DFB04460AF0D7F8002CF0D0E1
:1077200000240DF1070120468DF807400AF08CF87F
:10773000804620460AF0CBF80128054641D89DF83E
:10774000073080F00101022B2BD180454FF001085A
:1077500001D01E4AD4568D42B86829DB2246FFF775
:107760000BFF0028CDD042462946B868FFF704FF3A
:107770000028C6D0022130460BF0F2FA0028C0D013
:107780000B22304612490BF0CCFA0028B9D0002168
:1077900030460BF0AAFA0028B3D00AF097F8002080
:1077A000B2E780454FF00508D5D0022BD3D8D0E7FB
:1077B00042460021FFF7E0FE0028A2D02246012128
:1077C000D3E7FFF7ADFE00BFD7630208BC7E020817
:1077D000DE6302082DE9F047012882B0064688469C
:1077E00000AF01D9FFF7B2FE00200AF070F8814621
:1077F0000020F91CF8700AF027F80546B8F1000FD0
:1078000015D00AF066F870B9FC78012C13D1B8F1E4
:10781000000F1CD1B54214BF1C2400242046083799
:10782000BD46BDE8F087B145EED12024F6E7B1456D
:10783000EAD12124F2E77CB9B8F1000F03D0B542B8
:10784000ECD0B14506E0B14503D14D450BD01C2429
:10785000E4E7B54207D1FAE7022C04D1B8F1000FF2
:10786000F5D0B54232D0304609F0CFFF391DC0B255
:10787000FCF792FB824638BBA9EB0603594242460D
:10788000786859410AF037FE0446C8B16D468AB09F
:107890006A460F4BCDE90769CDE905300623CDF8DF
:1078A000248042F8103F4FF4415153460948FBF7FA
:1078B000DBFF013C032CAD468EBF0124064B1C5759
:1078C000786809F037FCA9E70A24A7E70024A5E7B0
:1078D000EA630208F03D0208BF7E0208F0B53549B0
:1078E00097B00C9104210D91334902AACDE90E12F3
:1078F000324A0023119207221292314ACDE9023313
:1079000013920DF103028DF8033001938DF840308E
:1079100014928DF854300646D0E90104022201ABDE
:107920000CA9043009F01BFF054600283FD109F0DF
:10793000CCFF039B04346BB99DF8033063B109F0AD
:10794000C8FF09F0C4FF9DF80310FFF743FF10B311
:1079500082B202E0202B0AD0182220460121FFF734
:1079600089FB044609F0B2FFF4B907251CE0029B2D
:1079700004AA03F1200C174618685968083303C796
:1079800063453A46F7D1002104A809F0A4FF002876
:10799000D9DA0822E1E73046FFF7A6FE10B109F078
:1079A00095FFE2E709F092FF284617B0F0BD0325E6
:1079B000FAE700BFA6630208692902083D640208CD
:1079C000392A020873B50E46438805460193437869
:1079D0001921009303780B4A304608F0F3FB041E8C
:1079E00003DA4FF0FF3002B070BD6B683BB1064A5E
:1079F000C4F11901301908F0E5FB031EF1DBE018B2
:107A0000F1E700BF4564020851640208033880B200
:107A100019289ABF014B185601207047C37E0208EF
:107A20002C2208B5002104480BF021FE4FF0FF3353
:107A3000014A42F8043C08BD2C2100200148FFF710
:107A4000A5B900BFD806002010B5041D03222046AA
:107A500007490BF066F908B9072010BD054B204611
:107A600059680BF056F90028F6D00020F5E700BF62
:107A700055640208282100202DE9F0438BB00C4604
:107A80000DF10301054616461F46FFF727FD0028A6
:107A900040F09180284609F0B8FEC0B200F080FBAB
:107AA0002023014602AA2846FFF79AFB002852D15C
:107AB0009DF8038024B10822414620460BF0D7FDF3
:107AC0000298404B98423ED11CB107AB03CB2060DB
:107AD00061600FB1069B3B60059BBDF810402846D6
:107AE0001C4409F092FEC0B200F05AFB0423044487
:107AF000214628460DEB0302FFF772FB40B946F61C
:107B00000813BDF804209A4204BFBDF80630E418FB
:107B10000423214628460DEB0302FFF761FB0746CD
:107B2000E0B946F60713BDF804209A4216D1BDF815
:107B300006800434A04404F10409C14510D987F03B
:107B40000107F80007E04FF0013303FB08F8404558
:107B500014BF172003200BB0BDE8F0830420FAE720
:107B60000423214628460DEB0302FFF739FB0028CA
:107B7000F1D1BDF80420BDF80630FF2A05D14FF63B
:107B8000FF72934205D10520E5E7102A01D1202B91
:107B900002D004331C44CEE77FB924340EB9012748
:107BA000C9E744450BD8324649462846FFF718FB3B
:107BB0000028F4D0CFE70220CDE70620CBE707204E
:107BC000C9E700BF3DB8F39670B51C4A8AB005926C
:107BD0000422D0E90105002301260692184ACDE9C6
:107BE0000163079201AA08928DF82430324602AB55
:107BF00005A9043009F0B3FD0446E8B9034602467E
:107C000003A901980435FFF737FF58B9019809F027
:107C10003EFE38B1092201212846FFF72BFA204603
:107C20000AB070BD0198FFF7A5FA0646FFF7F8FE07
:107C3000002EF4D0B2B2EEE70324F0E79862020817
:107C40005F2902082DE9F04F0024D0E9016AB7B09E
:107C500008AF202221468046384601940BF007FDEC
:107C60004FF0FF33CDE909336A4B03251893052301
:107C70001993694B0BAACDE91A37684B20921D93D3
:107C800004231E93664B674A1F932E930DAB2F93CD
:107C9000654B229231930723644A0AA924922992C0
:107CA000329309AA624B25912A926249624A0436AC
:107CB00033930FAB3046CDE92715CDE92C2534930E
:107CC000062201AB18A98DF870408DF884402395E9
:107CD0008DF898408DF8AC408DF8C0408DF8D440B8
:107CE00009F03DFD0646002840F09280384602A982
:107CF000FFF748FB0AF1040A044610B301210346CA
:107D00004E4A4F4809F094F901215046A2B2FFF7BC
:107D1000B1F9354681464B4BD3E901239A4201D054
:107D2000002C6ED000230120194610AAFFF7A4FEF4
:107D3000002C66D0FFF774FEB9F1000F08BF0726CC
:107D400009E09DF81890B9F1000F08D1D8F80800A3
:107D5000FFF77AFE0646304637B0BDE8F08F394F60
:107D6000059B099D3B60029BBB601DBBDDF838B0E5
:107D70000D995A46786007F10D0087F80CB00BF0AA
:107D800050FC0BF10D002146CBF1200238440BF0E2
:107D90006EFC9DF819306BB120460A99FFF76EFA18
:107DA000834638B182B201215046FFF763F95C4641
:107DB0008146B0E70C9D002DADD07B680B991D442A
:107DC000BB680998EA1A53425341049AFFF73AFAFA
:107DD000044640B97B68049ABD6813447B60EB1A83
:107DE0005D425D4197E701210346174A144809F0B7
:107DF0001FF901215046A2B2FFF73CF94D468146DA
:107E000089E7D8F80800FFF71FFE002D94D091E70E
:107E10002E46A0E7596402085F290208BE560208F0
:107E200069290208376102086364020865290208AB
:107E3000392A0208556402085F6402086B6402086C
:107E4000F03D0208282100208B6402080148FEF75B
:107E50009DBF00BFE806002008B540F6C41200230D
:107E6000024806F053FA002008BD00BF200600209B
:107E7000F0B50023D0E901450127134A89B00392E8
:107E8000124A01AECDE90133CDE905268DF81C304B
:107E9000201D6B463A4603A9049709F060FC04468E
:107EA00078B904353A46284609490AF03AFF20B124
:107EB000314628460AF032FF00B90724204609B0AF
:107EC000F0BD0324FAE700BF596A020881290208BD
:107ED000CA6E020807B5084806F0DEF8074B4FF4F3
:107EE0000062009306490323034806F0EFF80020E0
:107EF00003B05DF804FB00BF18100020E841020841
:107F0000E02E002000220023014809F0F2BB00BF50
:107F10003009002010B5436A044663B90A49AC230E
:107F20000A4A0B4808F0DBFD0A4808F0D8FDAC21EE
:107F3000064808F0CBFD084906F018F804F11000D7
:107F40000BF035FA002010BD0E650208D46402085B
:107F500014450208366502084519020810B50446A2
:107F600010300BF02DFA2146BDE8104001480BF00F
:107F70005ABA00BF18100020074A084B10B55362C8
:107F8000074B10469362FFF7C5FF044610B905483A
:107F900001F098F9204610BD58210020BF190208B1
:107FA000B9190208A97F010808B5014603480BF07A
:107FB00007FABDE80840024806F068B81C0900202E
:107FC000F806002038B5002200230B4805F000FC1D
:107FD000044600B938BDD4F884200848211D09F0B2
:107FE00003FD0546204601F0D7F8002DEBD02946C9
:107FF0000348FFF7B3FFE6E71C09002094210020A7
:108000005821002010B586B003461446009103AAFB
:10801000052104A8FAF7B0FE48B10C49E5230C4A43
:108020000C4808F05CFDE521094808F04FFD039974
:10803000042907D00849E623054A064808F04FFD01
:10804000E621F1E704A8A04706B010BDCA65020802
:108050008865020814450208D26502082DE9F04F30
:10806000064685B00F4615460A460146002009F02F
:108070001DFD0024804640F606124FF05D0AA14621
:1080800001230DF10C0BBC42ADF80A2001DB0020EE
:108090005CE0022101930DF10A00A847002855D1A8
:1080A000019B93B1BB1C5BBAADF80A30ADF80C3044
:1080B00033782A46032103A88DF80E30FFF7A2FF7C
:1080C000002843D10134AAF1030A3A1B5245134652
:1080D000AAEB0202A8BF5346012A04D84FF00009B8
:1080E000013B234413E0C8BF49F00109F9E7321905
:1080F000315B9278ABF800108BF8022003212A46FE
:1081000058460193FFF77EFF00BB019B0334191B08
:1081100002292246EBDCB9F1000F0FD03B1B012BEB
:1081200017D0022B22D04BB92A46022198FA98F395
:10813000ADF80C3003A8FFF765FF38B901211748E7
:10814000A847002341F2044200289CD005B0BDE8B6
:10815000F08FB35C03218DF80C304FEA18232A46C8
:1081600001348DF80D308DF80E80E3E7631C325D2D
:10817000F35C8DF80C208DF80D302A464FEA182359
:10818000032103A802348DF80E30FFF73BFF0028CF
:10819000DCD12A4601218DF80C80CBE74773020819
:1081A00030B50228044687B00CD1012502A90395F9
:1081B000FBF7F2FE50B1144A0090234629461348BB
:1081C00008F040FF0024204607B030BD02F028FE32
:1081D000042811D0204604AA03A909F018F8034680
:1081E00010B110F10C0F02D1039A012A09D001211C
:1081F000074A064808F01CFF0024029808F09AFF7E
:10820000E1E7059CF9E700BFDF650208E03D0208F1
:10821000FD65020807B5084A92E80300CDE90001B0
:1082200006488268126822B16946904703B05DF83B
:1082300004FB6FF05700F9E7C83E02086C380208EB
:10824000024608B500F01F0301203F2A00FA03F39D
:1082500005D90C480C4909F072FC002008BD1F2A02
:108260000A4A09D8D16833EA0101F7D01269934369
:108270000CBF01200020F1E7D16A33EA0101EDD003
:10828000126BF4E7A83D02082A66020800200244A7
:1082900008B5012300F01F013F28024603FA01F34D
:1082A00006D90848084909F04AFC6FF0150008BDD6
:1082B0001F28064A03D8D36013610020F7E7D36272
:1082C0001363FAE7A83D02082A6602080020024468
:1082D0002DE9F041054600264FF001080E4F6B785E
:1082E000F4B2A34201D8BDE8F0812B781C442046AB
:1082F000FFF7A6FF68B12046FFF7CAFF57F83430F2
:108300003BB107EBC40204F01F04516808FA04F003
:1083100098470136E3E700BF9C21002008B510B163
:10832000431E03420CD00E4960230E4A0E4808F04B
:10833000D6FB0E4808F0D3FB60210A4808F0C6FBC4
:10834000B0FA80F0C0F11F000F2807DD0849612353
:10835000044A054808F0C3FB6121EEE7C0B208BD3E
:10836000EE660208AC66020814450208236702089C
:108370004C670208014B23F810107047F2070020E9
:1083800010B50446FFF7CAFF0C4B33F91000FF2865
:1083900009D10B490B48CB230B4A08F0A0FBCB219A
:1083A000094808F093FB094BD3F880201443C3F825
:1083B0008040BDE81040FDF7F3BE00BFF20700208B
:1083C000C867020814450208AC660208002002448F
:1083D000034AD2F8803023EA0003C2F880307047A5
:1083E0000020024408B5174B03291ED8DFE801F02E
:1083F000020B0E161A6822EA00021A605A6822EA74
:1084000000025A6008BD1A680243F6E75A68024340
:108410005A601A6822EA00021A60F3E71A680243F7
:108420001A605A6810435860ECE7074907484FF450
:108430008173074A08F053FB4FF48171044808F038
:1084400045FB00BF002002440B71020814450208DE
:10845000AC66020838B50D461446FFF75FFF0A4BBD
:1084600053F83020AA4204D103EBC0014968A1426D
:1084700005D032B943F8305003EBC0035C600020F4
:1084800038BD6FF00F00FBE79C21002008B5FFF717
:1084900045FF0022034B43F8302003EBC0035A6032
:1084A00008BD00BF9C210020C300074AC0F3810023
:1084B000183052F8202003F018000F238340134097
:1084C00023FA00F0704700BF0020024420F0800231
:1084D000072A0BDC064B10F0800FA3F5907114BF38
:1084E00018460846242303FB02007047002070470B
:1084F000C0140020014802F0EBBD00BFB8100020FE
:1085000008B502460349044809F0C9FB6FF015009D
:1085100008BD00BFD7670208703E020808B50246D2
:108520000349044809F0BBFB6FF0150008BD00BF0C
:10853000F0670208703E020870B58AB0594C2046B8
:108540000AF0DBFE40B95849584809F0ADFB6FF01E
:10855000120420460AB070BD554AA568936B43F0DB
:1085600000739363AB6933B95249504809F09CFBDF
:108570006FF00404EDE7002220464F499847002899
:10858000F2D12B680BB94D49EFE720464C4998478B
:108590000028F8D1EB680BB94A49E6E7204646497E
:1085A00009AA984706460028F6D1099A464B9A42EE
:1085B00006D046493D4809F072FB6FF08504C8E7D4
:1085C000434D444B01462B6008232B710223EB7172
:1085D0004FF40073E87209AA3F482B8109F070FD3F
:1085E000041E07DB099B32461979186809F07AFDE9
:1085F000041E05DA394922462C4809F050FBA8E749
:1086000033480AF0FFFB024620B13549274809F0FC
:1086100046FBADE72E480AF077FC024608B1314927
:10862000F4E72B480AF05BFC024608B12E49EDE75F
:1086300040230446A5F8E83285F8EC02A5F8083492
:1086400085F80C04C5F8F437284D01222819114685
:1086500024340AF0CAFEB4F5907FF6D124491023E1
:108660000222A1F50B7004F025FD00220023002456
:10867000CDE906236FF00D030122CDE90144CDE9D8
:1086800003321C491C4B4FF4806200941B4805F0D8
:10869000A7FE224621464A20FDF7A4FD4A20FDF709
:1086A0007FFD56E76C38020802680208703E020837
:1086B00000080244216802081C42020843680208BC
:1086C000144202085E680208006CDC02826802083C
:1086D000B810002000600140F44102089E680208C2
:1086E000BC680208D0680208E4680208D4140020BC
:1086F0008C180020E0360020A1870108E01500203A
:10870000014BC3F8E4027047B810002013B50446CB
:10871000014607480AF00EFC40B1012100902346B3
:108720000448054A08F08EFC6FF0040002B010BD4A
:10873000B8100020703E0208F968020813460206CD
:1087400013B504460BD5802800D15BB110482246F2
:10875000104909F0A4FA6FF0150002B010BD402BCB
:1087600028BF402324F080020B48920102F2D45229
:10877000214602440AF04BFC0028EED00121009073
:1087800023460348054A08F05DFC6FF00400E4E767
:10879000703E0208F0670208B81000201F69020846
:1087A000234B13B5A3F5B5644FF0FF3201A94FF089
:1087B000FF331F4804F0AEFC014658B11D491E4866
:1087C00040F20D131D4A08F08AF940F20D111B48C2
:1087D00008F07CF99DF80500FF2807D1D4F8E432B1
:1087E000002BE1D09DF804009847DDE7242200F03B
:1087F0007F03534302064CBF03F5816303F53A73CD
:1088000023449B68002BCFD09DF8041098479DF817
:1088100004000028C8D1B4F8A222002AC4D094F9D8
:108820009C32002BC0DB0649FFF788FFBCE700BF86
:10883000601600207A69020814450208456902089A
:108840008C160020030610B50C4600D421B9FFF7A2
:1088500065FE6FF0150010BD014603480AF0EEFBFF
:1088600020600020F7E700BFB810002008B50279AB
:1088700003784AB913F07F0005D00649064809F08D
:1088800013FA4FF0FF3008BD13F07800FBD0034916
:10889000F4E700BF83690208703E0208A26902087B
:1088A000F8B5077805463846FFF710FE044670B164
:1088B0006888638883422DD22A79224E012AD6F80D
:1088C000F43707D103EB4001B1F5006F11D36FF01E
:1088D0001500F8BD1844B0F5006FF8D200223946F3
:1088E00030460AF02DFC6A886280D6F8F4371344CB
:1088F0000EE0184403EB0043394630460AF020FCF2
:108900006B885B0063806A88D6F8F43703EB420318
:10891000C6F8F4372A796B88012A04BF5B009BB242
:1089200023802B79032BD2D8DFE803F00206080A54
:10893000002300202371CCE70123FAE70223F8E7A4
:108940000323F6E7B810002037B50546FFF7BEFD54
:10895000044690B129460A480AF090FB50B1012123
:1089600000902B460748084A08F06CFB6FF00400A3
:1089700003B030BD01236371FAE76FF01500F7E72C
:10898000B8100020703E0208C669020837B50546D7
:10899000FFF79CFD0446A8B143798BB129460B48EB
:1089A0000AF09CFB50B1012100902B460848094A6F
:1089B00008F048FB6FF0040003B030BD6071E06068
:1089C0000020F9E76FF01500F6E700BFB8100020AF
:1089D000703E0208ED69020873B50446FFF776FDA4
:1089E000054600B3114E03790288214630460AF04D
:1089F000B4FA50B10121009023460D480D4A08F009
:108A000021FB6FF0040002B070BD63B2002BFADDF1
:108A1000204606EB84112A8801F2D45102B0BDE849
:108A20007040FFF78BBE6FF01500ECE7B810002028
:108A3000703E0208146A020813B50446FFF746FDAB
:108A4000D0B10F4883681B6913B9002002B010BD74
:108A50000C4998470228F8D121460B480AF0AFFA92
:108A60000028F2D00121009023460848084A08F067
:108A7000E9FA6FF00400E9E76FF01500E6E700BFE0
:108A80006C38020814420208B8100020703E020838
:108A9000376A02082DE9F743054689461646984687
:108AA000FFF714FD08B12B060AD42A492A462A48A2
:108AB00009F0F5F86FF01504204603B0BDE8F08327
:108AC00000F1140700220023384604F089FF044611
:108AD00038B122490246204809F0E1F86FF00A0453
:108AE000EAE70AF0B0FC10B94A20FDF767FB802DD9
:108AF00002D1402E28BF40264A4633462946184810
:108B00000AF0A4FA0246C0B1012100902B46154A92
:108B1000114808F097FA384604F0E6FE6FF00404B6
:108B20000AF091FC10B94A20FDF73AFB74B9B8F18C
:108B3000000FC1D0C8F80060BEE7802DF0D1002E34
:108B4000EED001462846FFF7F9FDE9E76FF004048F
:108B5000B2E700BFF0670208703E02085B6A0208D5
:108B6000B8100020796A02082DE9F84304468846C7
:108B700091461F46FFF7AAFC054640B9224619490F
:108B8000194809F08CF86FF01500BDE8F88323064A
:108B9000C66802D515492246F2E7B8F1000F16D093
:108BA0004E4528BF4E460369A401114904F2D4542E
:108BB0001C443246404621440AF033FDEB689B1BBF
:108BC000EB602B6933442B614FB90020DDE7B9F12D
:108BD000000FF9D00749044809F066F8F4E73E6051
:108BE000F3E700BFA06A0208703E0208B46A0208F8
:108BF000B8100020D56A020810B50446FFF766FCDD
:108C000008B1230605D52046FFF77AFC6FF0150062
:108C100010BDC3680BB10020FAE70449028801EBDC
:108C200084112046FFF78AFDF5E700BF8C1600206F
:108C300037B500234022802117480AF08EF900231F
:108C40004022194614480AF088F90024134D2819C7
:108C5000243404F049FEB4F5907FF8D1104B1B8802
:108C6000ADF80430002200230E4801A90AF084FB6D
:108C7000024678B10C490D4809F011F80C490D482D
:108C800040F22A530C4A07F02AFF40F22A510A48C0
:108C900007F01CFF03B030BDB8100020D414002032
:108CA000D73E020860160020E56A0208703E0208FE
:108CB0000B710208144502084569020807B50F4BFD
:108CC000DB88ADF80430002200230D4801A90AF02A
:108CD00053FB024678B10B490B4808F0E0FF0B4903
:108CE0000B4840F23F530B4A07F0F9FE40F23F5168
:108CF000084807F0EBFE03B05DF804FBD73E02081E
:108D000060160020E56A0208703E02080B71020836
:108D1000144502084569020807B50F4B1B89ADF8D9
:108D20000430002200230D4801A90AF025FB024669
:108D300078B10B490B4808F0B2FF0B490B4840F2E1
:108D400046530B4A07F0CBFE40F24651084807F065
:108D5000BDFE03B05DF804FBD73E0208601600209C
:108D6000E56A0208703E02080B7102081445020809
:108D7000456902080023082213B5134CADF80430EE
:108D8000C4E9BD23D4E9A70104F2D45282E8030068
:108D90000022002301A904F5B5600AF0EDFA0246AD
:108DA00078B10A490A4808F07AFF0A490A4840F2AD
:108DB00057530A4A07F093FE40F25751074807F00D
:108DC00085FE02B010BD00BFB8100020E56A0208A1
:108DD000703E02080B71020814450208456902083A
:108DE00037B501F07F042046FFF770FB054600F120
:108DF0000C012046FFF726FD00232B6101238DF88F
:108E000005408DF80430002200230C4801A90AF027
:108E1000B3FA024678B10A490A4808F040FF0A4905
:108E20000A4840F269530A4A07F059FE40F2695174
:108E3000074807F04BFE03B030BD00BF60160020AE
:108E4000E56A0208703E02080B7102081445020828
:108E50004569020813B541F080042046FFF736FB50
:108E600070B9174940F27453164A174807F037FE95
:108E7000164807F034FE40F27451124807F026FEFF
:108E8000143004F031FD02238DF805408DF80430D4
:108E9000002200230E4801A90AF06EFA024668B1CA
:108EA0000C490D4808F0FBFE0C494FF4AF63054A2E
:108EB000054807F014FE4FF4AF61DEE702B010BDC5
:108EC000FD6A02084569020814450208066B02089B
:108ED00060160020E56A0208703E02080B71020865
:108EE000074B1A6822F004021A605A68D207FCD4B1
:108EF0000222DA601A6842F001021A60704700BF6D
:108F000000040340044B1A6822F001021A601A6838
:108F1000D207FCD4704700BF00040340024B18681E
:108F2000C0F34000704700BF000C02440B88C3F33D
:108F30000B03102B32D813B96FF085007047013B3B
:108F40000F2BF9D801A050F823F000BFC18F010802
:108F5000398F0108398F0108398F0108398F0108CD
:108F60008D8F0108BD8F0108B78F0108B78F0108E9
:108F7000B78F0108B78F0108B78F0108B78F0108B5
:108F8000C18F0108C18F0108C18F0108114B136007
:108F90000968B1F5805F15D200207047882B0AD090
:108FA00003F67473C3F30B031C2BC5D80A4820FACD
:108FB00003F3DB07C0D5094B1B68E8E7084BE6E77E
:108FC000084BE4E7C1F313310131B3FBF1F3136054
:108FD000E2E700BF0090D00301011111E00700207B
:108FE000006CDC02001C4E0E10B55E4CE369236A77
:108FF0005D4B1A6942F030021A615A691007FCD5BC
:109000005A4803F07BFA236923F4FE0343F48003F8
:109010002361FFF783FF012807D0236843F0010392
:109020002360FFF77BFF0128FBD14E4A136823F032
:1090300018031360136843F4805313601368990492
:10904000FCD5D36903F01803182B18D1FFF766FF7E
:10905000012807D0136843F001031360FFF75EFF98
:109060000128FBD13F4BDA6922F00302DA61DA69A9
:1090700012F0180FFBD11A6A22F00F021A62394B54
:109080001A6822F080721A609A6A22F0030242F093
:1090900001029A629A6A22F47C5242F480629A62D5
:1090A0009A6A42F00C029A629A6A22F020029A624C
:1090B0005A6B6FF3080242F01D025A639A6A22F05B
:1090C00010029A625A6B22F47E4242F400725A6392
:1090D0009A6A42F480329A625A6B22F4FE0242F497
:1090E00080325A639A6A42F400329A625A6B22F0D2
:1090F000FE4242F080725A639A6A42F480229A6277
:109100001A6842F080721A601A689201FCD5DA6A15
:1091100022F00302DA621A6B22F003021A631A6A5F
:1091200022F00F021A621A6A22F070021A621A6A98
:1091300022F4E0621A621A6A22F4E0421A62DA69E0
:1091400042F00302DA61074BDA6902F01802182ACA
:10915000FAD1DA69002022F40042DA61044B034AB2
:109160001A6010BD000C024400080244001C4E0EA0
:10917000E007002070B50446064E4518AC4201D108
:10918000002070BD14F8011BB36802485B68984763
:10919000F4E700BFBC3902080146014803F0A4BD52
:1091A000840800202DE9F0473B4F8AB03B4CA6686D
:1091B00002E02046984748B9736C002B5AD1A56845
:1091C0002B6C002B5DD16B6B002BF2D1AB6913B90B
:1091D0006FF0570506E02022304802A9984705465F
:1091E0000028E9D04FF000082D4C02AEA845DDDA8A
:1091F0003B7816F8019B8BB9D4F800A0BAF1000FA8
:109200001CD100220023274801A903F0E1FC58B932
:10921000019BC3F8840023603B787BB1B9F10A0F4E
:1092200025D100233B7022E0C4F800A002211E4A91
:109230001E4807F0F4FE01233B70EFE72068D0F8EA
:1092400084307F2B0AD90221194A184807F0E7FE1B
:109250002068FFF7A1FF00232360ECE75A1CB9F157
:109260000A0F0344C0F8842083F804900ED008F15C
:109270000108BBE7204698470028A0D10AB0BDE806
:10928000F0872046984700289DD1F7E70023236008
:10929000084B1B689847EAE7DC220020BC3902082B
:1092A0001C220020840800204F6B0208603E020848
:1092B000766B020820220020014AFEF7CFBE00BFD5
:1092C000759101080F4B70B518600F4C20460AF0DD
:1092D00014F8B0B1A368DB6A0BB120469847A568C3
:1092E0002B6A0BB108489847AB6C1BB100220749A9
:1092F00005489847A3689B6A1BB1BDE870400248C7
:10930000184770BD20220020BC390208A591010831
:10931000004870472442020810B50C46FFF7F2FDE2
:10932000054BB3F80C389B02236000236360FFF702
:10933000D7FD002010BD00BF00F0FF0807B50346B1
:10934000054A00910548012107F07CFE6FF01500E9
:1093500003B05DF804FB00BFA26B0208C03D020829
:1093600073B50646C822002368460AF000F9DDE915
:10937000004533691B681A6A12F4C02212D01A6AB7
:1093800002F4C0221A626FF0040002B070BD2246DF
:109390002B4668460AF010F9DDE9003213430CBF92
:1093A0000122002233691B68186A10F00100ECD01A
:1093B000002AECD014230121024A034807F038FEAA
:1093C000E1E700BFCC6B0208C03D020838B5036975
:1093D00005461C6849B1FFF7C3FF58B1286904303E
:1093E00004F082FA6FF0040038BDA36ADB0706D4EC
:1093F0000020F9E7A36A43F00103A362F8E7034BF7
:10940000636003F188336360F2E700BF23016745BF
:1094100073B5012306460D46144608F0ACFD50B95D
:109420000A482B4601210A4A009407F00BFE6FF010
:10943000150002B070BD3CB122462946304602B04C
:10944000BDE8704008F074BD2046F2E7C03D020858
:10945000E06B0208F7B51C46174601232246054675
:109460000E4608F088FD58B9012100943346154A8C
:10947000154807F0E7FD6FF01504204603B0F0BD76
:10948000002CFAD0286908F025FD00212846FFF7B6
:109490009DFF98B9314623463A46284600F080F8A9
:1094A000064601212846FFF791FF002E14BF3446DF
:1094B00004462869043004F017FADEE76FF004066A
:1094C000EFE700BF0B6C0208C03D02082DE9F04732
:1094D0002F4B17461B688A46804603F0010900257A
:1094E000FFF710FD013F2B4E574457450CD3D8F8DA
:1094F00010301C68A36ADB070ED50121264A2748D5
:1095000007F08DFD6FF00405B9F1000F01D0FFF7F2
:10951000E7FC2846BDE8F0874046FFF721FF051E1F
:10952000F2DBBAF5002FE3694FEA5A3206D2002B7C
:10953000A36A27DB23F00043A36206E0002BA36AA3
:1095400023DA23F00043A362403AA36A404643F083
:109550000403A362A36A23F4FE53A362A36A43EA4B
:109560008213A362A36A43F02003A362A36AFFF7F6
:10957000F7FEA36A051E03EA0603A362C4DB0AF52D
:10958000005AB2E743F00043D6E743F00043DAE77E
:1095900000040340FBFFFF7F5C6C0208C83D02082B
:1095A0002DE9F84F00249846324B0D461F680646B9
:1095B0009146A346FFF7A6FC07F0010705F10065F9
:1095C000D8450DD93369D3F800A0DAF82830DB0785
:1095D0000CD50121284A294807F021FD6FF0040429
:1095E0000FB1FFF77DFC2046BDE8F88F3046FFF74E
:1095F000B7FE041EF4DB2BF003024A44111F0B4696
:109600000C3253F8040F00BB9342FAD1DAF8283039
:1096100043F00203CAF82830DAF828302B4651F814
:10962000040F914243F8040BF9D13046FFF798FE3E
:10963000DAF82830041E23F00203CAF8283005F1B6
:109640001005CDDB0BF1100BBAE7284600230468A8
:10965000013408D005F178450121094A07482B4417
:1096600007F0E6FCBAE70133042B00F10400EED169
:10967000CCE700BF000403405C6C0208C83D020850
:10968000696C0208084B0B601868084910B10B6838
:10969000136070474FF0800C4FF40050C3E900C0D6
:1096A00001230B60F4E700BF2822002024220020C1
:1096B00038B5036961B921496423214A214807F07B
:1096C0000EFA214807F00BFA64211D4807F0FEF955
:1096D000486850B91D496523194A1A4807F0FFF92F
:1096E0001B4807F0FCF96521EFE7986800B30024F8
:1096F000884219D108688CB9DC689860A14200D111
:10970000D860002008602AB19A680A60DA68996017
:1097100002B9D96000200FE02846E9E72060D86848
:10972000814208BFDC60ECE705680446002DF3D1F8
:10973000002AE9D16FF0150038BD00BFCF6C0208D8
:10974000936C020814450208D86C0208E76C020802
:10975000F96C02082DE9F843D0F8049090460746CA
:10976000D9F808000D461E4608F081FAB8F5001F2A
:10977000044616D12846D9F80840FEF795FE8442E3
:109780000CD1294608F073FA0446FEF721FE204664
:10979000FEF77CFE00212046FEF724FE0020BDE8F7
:1097A000F883B8F5800F20D0B6F1806F19D0B6F1EC
:1097B000C06F18D0B6F1007F1AD102263A46204673
:1097C0000E49FEF747FEB0B92846D9F8081008F050
:1097D00053FA20463146FEF705FE2046FEF7D0FD3F
:1097E000DCE70126EAE70326E8E76FF08500D6E725
:1097F0006FF01500D3E76FF00F00D0E70198010874
:1098000070B50B690E469968054609B10C6801B937
:1098100070BD8A682A4010D04B6863B90A49892311
:109820000A4A0B4807F05BF90A4807F058F9892102
:10983000064807F04BF9304698471CB1236821468B
:109840001C46E4E72346FAE7106D0208936C020811
:1098500014450208F96C020830B50C4685B005467F
:10986000FFF750FB0C4BD3F8082812BA0192D3F83B
:10987000042812BA0292D3F800381BBA0393FFF7F8
:109880002FFB0C2C28BF0C242846224601A909F0E6
:10989000C8FE204605B030BD00F0FF088C462DE91B
:1098A000F041194640680CF1FF33052BBDF81870E4
:1098B000056809D96346A74AA748012107F0B8FB04
:1098C0006FF01500BDE8F081B5F1804F15D0B5F10E
:1098D000A04F12D0A14CA5420FD004F18054A54254
:1098E0000BD0B2F5803F08D9012113469A489C4A13
:1098F00007F09EFB6FF08500E4E79A4CBCF1040F83
:1099000054F8236096BF984C002454F8234017F471
:10991000807F03D01CB9954A6346CDE734462AB907
:109920002B6A23EA04032B620020CBE7806800281F
:1099300040F09A8002F1FF3807F00107B4F5807F0C
:109940004FEA470C00F0B88000F2A380102C00F022
:10995000B58000F29980012C00F0B280042C14BF75
:1099600009200120824F2A6A385C022707FA00FE8C
:1099700022EA0E020CFA00F002432A627D4A2846CF
:1099800052F823309847C5F82C802B6A34EA030339
:10999000CAD0B6F5807F00F0B18000F29C80102E16
:1099A00000F0AE8000F29280012E00F0AB80042E19
:1099B00014BF09230123704F704817F803C010F833
:1099C00003E005F118016E4B51F80C2003FA0EF379
:1099D00022EA0303602202FA0EF21343B4F5807FF9
:1099E00041F80C3000F0AC8000F29780102C00F0B1
:1099F000A98000F28D80012C00F0A680042C14BFF9
:109A000009230123DFF87CC16A681CF803C04FF406
:109A1000807303FA0CF322EA03036B602B6AB6F53A
:109A2000807F44EA03042C622B6843F080032B60A0
:109A300000F0C28000F2AD80102E00F0BF8000F276
:109A4000A380012E00F0BC80042E14BF0923012343
:109A5000FA5CC05C08238C58834023438B506B69AD
:109A600043F001036B615FE7102801D1013961E721
:109A700020F0400CBCF1200F02D040287FF43AAF18
:109A800049084FEA520857E7402C14BF0920032029
:109A900068E7B4F5804F15D008D8B4F5806F13D0BF
:109AA000B4F5805F14BF092006205BE7B4F5803F62
:109AB00014BF0920082055E7042053E7022051E78E
:109AC00000204FE707204DE705204BE7402E14BF4D
:109AD000092303236FE7B6F5804F15D008D8B6F5F4
:109AE000806F13D0B6F5805F14BF0923062362E7A9
:109AF000B6F5803F14BF092308235CE704235AE727
:109B00003B4658E7002356E7072354E7052352E76F
:109B1000402C14BF0923032374E7B4F5804F15D0FC
:109B200008D8B4F5806F13D0B4F5805F14BF092353
:109B3000062367E7B4F5803F14BF0923082361E7D4
:109B400004235FE702235DE700235BE7072359E770
:109B5000052357E71C6D0208303E0208000C004048
:109B6000316D02089C4202088C420208756D0208A1
:109B7000077F0208744202081B7F0208117F020857
:109B800073000100FD7E0208402E14BF0923032349
:109B90005EE7B6F5804F15D008D8B6F5806F13D0C4
:109BA000B6F5805F14BF0923062351E7B6F5803F61
:109BB00014BF092308234BE7042349E7022347E79F
:109BC000002345E7072343E7052341E72DE9F04F4D
:109BD00083B0DFF868824668D8F808B08146DBF8C1
:109BE0000030D0F810A03468716900AF73B14046FE
:109BF0009847051E0DDA2B46914A0121914807F03E
:109C000017FA28460C37BD46BDE8F08F6FF05705B0
:109C1000F1E7B369012B25D97169DBF818300831F8
:109C20003BB1002240469847054628B1864A2B465C
:109C3000E3E76FF05705F9E77169DBF80C3008319D
:109C40006BB140463A469847B0F1000812DA4346F5
:109C50007E4A01217B4807F0EBF94546D1E76FF0DA
:109C60005708F4E701217A4A764807F0D8F96FF0EF
:109C70001505C6E73B68DAE90101CAF800308368D8
:109C8000DB6803B198470021F0693A1D08F018FA23
:109C9000B0F1000808DB7B6800221979186808F029
:109CA00021FAB0F1000802DA6A4A4346D1E7736844
:109CB000A3620023E362684B9C424CD003F18053C3
:109CC0009C4248D0B4F1804F45D0B4F1A04F42D06F
:109CD000624B9C423FD003F180539C423BD0604B8F
:109CE0009C4238D003F180539C4234D05D4B9C425F
:109CF00031D003F180539C422DD05B4B9C422AD043
:109D000003F180539C4226D0584B9C422AD12368B1
:109D100023F440732360504B9C425FD100232363A4
:109D20006368326923F0007323F0700313436360A8
:109D3000494B9C4240F0F080636CF26823F0FF03D3
:109D400013436364636C43F400436364236843F028
:109D50000103236055E72368B26823F070031343BF
:109D60002360D4E7424B9C42D1D0424B9C42CED0A0
:109D700003F180539C42CAD03F4B9C42C7D003F1B1
:109D800080539C42C3D03D4B9C42C0D003F18053D2
:109D90009C42BCD03A4B9C42B9D003F180539C42C8
:109DA000B5D0384B9C42B2D003F180539C42AED028
:109DB000354B9C42B4D003F180539C42B0D0334B1E
:109DC0009C42ADD003F180539C42A9D0274B9C42CA
:109DD000A6D003F180539C42A2D013E02C4B9C42AE
:109DE0009CD0214B9C4299D02A4B9C4296D0234B2D
:109DF0009C4293D0284B9C4290D0214B9C4251D105
:109E0000002323633369002B7CD06C4688B0D9F8DB
:109E100000306A462149CDE905134FF40073ADF8CF
:109E20001C301F4B42F8103F00234FF4E25105480D
:109E3000F9F71AFD6FF08505A546E2E66C380208D1
:109E40009C6D0208303E0208BC6D0208DB6D020802
:109E5000FB6D02081F6E0208002C01400004004048
:109E600000080040000C0040003401400018004091
:109E700000180050001C004000200040004001403D
:109E80000044014000480140001000400014004020
:109E9000002C015000340150004001503D6E02087A
:109EA00003000001334B9C42AAD0334B9C42A7D005
:109EB000324B9C4202D100221A63A3E7B4F1804FD7
:109EC0003FF42EAFB4F1A04F3FF42AAF2C4B9C428D
:109ED0003FF426AF03F180539C423FF421AF294B5E
:109EE0009C423FF41DAF03F180539C423FF418AFF6
:109EF000254B9C423FF414AF03F180539C427FF406
:109F000057AF0DE7214B9C423FF416AF194B9C42D3
:109F10003FF412AF184B0DE01D4B9C423FF40CAFC9
:109F20001C4B9C423FF408AF03F180539C423FF42A
:109F300003AF194B9C423FF4FFAE03F180539C42A8
:109F40003FF4FAAEF368002B3FF400AF6C468AB0E2
:109F50006A46D9F8001011480791CDE9050340F28F
:109F60000133ADF820300E4B42F8103F00234FF480
:109F700011515CE700440150004801400048015085
:109F80000004004000080040000C00400044014074
:109F9000002C01500034014000400140636E020873
:109FA0000400000138B50B680546988808F052F99E
:109FB00004280346D1E912200C4614D0022B91F854
:109FC00058100BD1012902D9616D01290BD8298EB6
:109FD00089B20AB100B11180022509E0032913D921
:109FE000616D032912D9296B0AB100B111600425F2
:109FF000B5FBF3F5E26C2AB1954213D9164917481F
:10A0000008F064F9284638BD012902D9616D01299B
:10A01000DDD895F83010C9B202B108B90125E9E7D9
:10A020001170FBE7521BE2647AB9626B04F13801EC
:10A0300008326263A26B04F13400013AA26304F1B6
:10A040004C0208F0F1F8A064DCE7A26C002AD9D039
:10A0500005FB0322A264D5E7AE6E0208403E02086B
:10A0600038B50B680546988808F0F4F804280C46C3
:10A0700003460A6C15D0022891F858100CD101291A
:10A0800002D9216D01290CD86AB3616C01B1118824
:10A0900089B2298402250AE0032916D9216D0329F2
:10A0A00015D982B1616C01B1116829620425B5FB33
:10A0B000F3F5626C2AB1954219D91A491A4808F089
:10A0C00005F9284638BD1146EFE7012902D9216D6F
:10A0D0000129D9D84AB1616C01B11178C9B285F8AA
:10A0E00020100125E5E71146D2E71146F6E7521B9D
:10A0F00062647AB9E26A04F130010832E262226BEA
:10A1000004F12C00013A226304F1440208F08CF8B7
:10A110002064D6E7226C002AD3D005FB03222264F8
:10A12000CFE700BFAE6E0208403E020870B543683C
:10A130000546DA680669012A12D91E4899688368BB
:10A1400008319B694BB100229847041E08DA1A496E
:10A150001A4808F0BBF8204670BD6FF05704F6E7C8
:10A16000336923B9736006F1080003F0BDFB0121D8
:10A17000686808F0D7F8041E02DA14F1860FEAD1F5
:10A180006D680021284608F0CDF8041E0BDB094855
:10A19000A96883681B684BB19847044618B1084901
:10A1A000064808F093F804EAE474D4E76FF0570423
:10A1B000F5E700BF6C380208CC6E0208403E02088A
:10A1C000EE6E02082DE9F04F87B0824688461E46A3
:10A1D0009346046900AF12B9002B00F0F880B8F87C
:10A1E00004309A0400F1CA804FF0FF324FF0FF3381
:10A1F00004F1080003F0F4FBC4F80480DAF810302E
:10A20000DAF80490FB601B68D9F800509845B8F85C
:10A21000042040F0BF80130508D5BBF1000F00F00B
:10A22000B6804FF4C121284607F0EFFFB8F80400CC
:10A2300008F010F80346BBF1000F40F03081C4F87D
:10A240002CB00022226304F1300104F1440204F135
:10A250002C00FB6007F0E8FFFB682064002E40F054
:10A26000278166630022A26304F1380104F14C02E5
:10A2700004F1340007F0D8FF00231A46A064206BD5
:10A28000A362824240F01B8100221146D4F838C0FC
:10A29000614540F01B8193422CBFE363E2632A686F
:10A2A000EB6802F4006203F4C0231343FB6099F8E7
:10A2B0002130D80729D5B8F80430D90725D4DAF8E1
:10A2C0000430DAF81020BB601B681968D86801F404
:10A2D000006100F4C020014340F00181516CD66C54
:10A2E00029B1002E00F0F9808E4228BF0E46002EC4
:10A2F00062DBB968C969B142C0F0FF80C2E9146687
:10A300005A686FF30F0232435A60DAF804301B6860
:10A310001A6842F001021A60DA68520206D51A6819
:10A3200042F400721A601A689605FCD5636C1BB97A
:10A33000E66C002E00F06A812268D9F800609288ED
:10A3400012F0010F00F0E0807269920740F1D981AC
:10A35000002B00F0D68121463046FFF781FE73695D
:10A36000D80740F1F180A36C002B00F0ED80E36C86
:10A37000002B00F0E98021463046B3E12369002B31
:10A380007FF432AF636898457FF42EAF36E74FF421
:10A39000C02148E7D9F81010C2F3451302291BD099
:10A3A00003291CD0012939D1043B1C2B8CBF00236D
:10A3B0000123C3B96FF08506236813B19B889A0403
:10A3C00005D40023636004F1080003F08DFA3046E1
:10A3D0001C37BD46BDE8F08F043B0C2BE6E7082B8D
:10A3E00001D0102BE6D1100448BFEB68A54842BF4E
:10A3F00023F4601343F40023EB60D9F80C20836846
:10A40000012AD9F80810DB6832D908315BB99E49B6
:10A410009E4807F05BFF6FF00406CDE79C499B4820
:10A4200007F054FFC6E707F1140298470028EEDB57
:10A4300000227B69D8F8001023FA02F0884240F22B
:10A4400004820132092AF7D16D468AB06A46079321
:10A450001B0A089305238F48CDE9050142F8103FF8
:10A4600000234FF421518948F9F7FEF9AD4648E041
:10A470000BB98949CCE707F1140298470028D7DACD
:10A48000F7E74FF4C02115E21BB1EB6823F010533E
:10A490003BE2EB6823F0105343F0005335E2DBF866
:10A4A0000020E262002A3FF4CCAEDBF80420C9E6CB
:10A4B00032686263002A3FF4D5AE7268D3E6E16A7F
:10A4C00001EBC201496801320B44DAE6606B00EB34
:10A4D000C100406801310244DAE60E4607E7B1F5F3
:10A4E000C12F14BF314659464046C7E9003207F034
:10A4F000CBFED7E900320646F9E66849634807F023
:10A50000E5FE6FF0150657E799F8213013F0010FBB
:10A510003368F26800F0D78003F4006302F4C022CD
:10A5200013432DD1726950072DD5226D5AB3626D38
:10A530004AB32146304607F0E1FE2146304607F097
:10A54000C9FE73691B073CD4D9F80060736913F422
:10A55000787340F0DB80FB68B3F5C12F7FF4E6AE83
:10A56000636C002B00F0F28000212A68EB68002960
:10A570004AD102F4006203F4C0231343FB60D5E622
:10A58000B3F5C12F08D07269D10702D5626D002AD8
:10A59000D3D1B3F5C02FD4D073699A07D1D5236D29
:10A5A000002BCED0626D9342CBD12146304607F0CE
:10A5B000A5FEC6E721463046FFF7F4FC636D1B1A83
:10A5C0006365636D002BF5D1626CE36C22B1002BE7
:10A5D00055D0934228BF1346C4E91433002BB3D09F
:10A5E000B369304643F01003B361B36943F0080325
:10A5F000B36107F0ACFE226DD9F81C309A4251D9F4
:10A600002649224807F062FE6FF01506DAF804804A
:10A61000DAF81050D8F800104B69D80700F1DF8045
:10A62000CB685A0240F1DE80DFF87490084607F0EC
:10A630001CFE002800F0D6800B68D80740F1D280BD
:10A6400098F82130DA070CD42B689B88C3F34513A4
:10A65000192B06D829FA03F3DB0702D5084607F0C1
:10A6600076FE0B68CA6803F4006302F4C022134349
:10A67000B3F5C02FDAD1084607F069FED6E71346D6
:10A68000AAE700BF6C380208316F0208403E02089A
:10A69000096F0208C06F02085D6F0208896F020827
:10A6A00000020202736821466FF30F0313437360C5
:10A6B000336843F001033360336843F4007333605D
:10A6C00007F01CFE40E703F4006802F4C02348EAE8
:10A6D0000308B8F5C02F08D1D9F800004369D9079D
:10A6E000FCD52146FFF75EFC2EE773699807FCD581
:10A6F00021463046FFF7B4FCB8F5C12F3FF424AF34
:10A70000EAE7336923F00203336128E66D468AB035
:10A710006A46A2490591A249CDE906134FF4007398
:10A72000ADF820309F4B42F8103F00234FF41151F9
:10A730009D48F9F799F87369AD46590603D5B36991
:10A7400043F04003B3616FF004065FE7E36C002B56
:10A750003FF40AAF304607F088FD03460028F9D1E0
:10A76000326822F00102326022689088C20712D457
:10A770001A46D4F838C0624527D107F06BFD93FB29
:10A78000F0F200FB12323ABBB3FBF0F372686FF3E6
:10A790000F02134373604FF4C021304607F035FDBC
:10A7A000336843F001033360F36859027FF5DCAE90
:10A7B000336843F40073336033689A053FF5D4AED1
:10A7C00073691B073FF5D0AEF6E7616B01EBC20181
:10A7D000496801320B44CEE76FF01501C5E691F8E8
:10A7E000303019E74B699B0542BF8B6943F4007316
:10A7F0008B6198F821000B68C007CA6810D58B6977
:10A8000043F010038B618B6943F040038B618B69CC
:10A8100043F008038B614B686FF30F034B6007E055
:10A8200003F4006302F4C0221343B3F5C02FF2D047
:10A830002B689B88D80402D4084607F088FDAE62D6
:10A8400005F1180003F050F8B6E52B68574923F0DE
:10A8500001032B60AB6851F8222023F070431343AF
:10A86000AB6099F821309B0703D5EB6843F40043B4
:10A87000EB60B8F8043013F0020FEB6814BF43F03C
:10A88000007323F00073EB60B8F8043013F0040F8A
:10A89000EB6814BF43F0807323F08073EB60B8F86B
:10A8A000041011F4006105D0BBF1000F3FF4E9ADD5
:10A8B0004FF4C121284607F0A8FCB8F8043013F083
:10A8C000100FEB6814BF43F4000323F40003EB60A4
:10A8D000AB6823F48003AB60B8F8043098F8142018
:10A8E00003F0010322B999F8212051077FF5CCAD7F
:10A8F00033B9EB68DA005EBF2B6843F480532B60FA
:10A90000EB6823F0105343F08063EB60B8F8043039
:10A91000274913F0010FEB6814BF23F4800343F4BD
:10A920008003EB60B8F80420AB68C2F34512043A28
:10A9300051F8222023F01F031343AB60EB68D9F8D2
:10A94000182023F00F031343EB60EB68D9F81420B1
:10A9500023F0F00343EA0213EB6099F82130154924
:10A96000DB0741BFB8F8043099F82020C3F3451342
:10A97000073343BFDB085B00B2FBF3F30123FA6844
:10A9800082F85830AA68013B51F8233022F4F07263
:10A990001343AB60FB68C3F8008047E4B56F02085F
:10A9A000257F020804000001403E0208B842020868
:10A9B000D4430208944302084FF0E0230D4A9969FA
:10A9C000126818699B69002908BF1146002B08BF4F
:10A9D000134610F4803F084801D1994205D201681E
:10A9E000114401604FF0E021096900681044C01A69
:10A9F000704700BF44220020402200201022094B53
:10AA0000002083F8232045F6C052074B1A60074BFD
:10AA100045F6BF5218604FF0E0235A610722986153
:10AA20001A61704700ED00E044220020402200201F
:10AA3000684620F007018D4631B5FFF7BDFF13488A
:10AA4000134A0368D2E900411B1941F10001C2E930
:10AA500000310022026045F6C0520E49D1E9005093
:10AA60005B1BB3FBF2F402FB04F35B1940F1000043
:10AA7000C1E9003005F0C2F80146204605F026F88D
:10AA8000FBF746FCBDE83140854670474022002078
:10AA9000B8180020B01800202DE9F0414A4F89B1C4
:10AAA000421C0AD14FF0E022136923F00103136125
:10AAB0004FF07F433B60BDE8F0813D68012806DC34
:10AAC00000240AE0431C3D68F8D140F2BA2040F26D
:10AAD000BB239842A8BF1846441EEFF311861023EB
:10AAE00083F31288BFF36F8F384804F04DFE68B9C6
:10AAF0008423374A3749384805F0F1FF334937484E
:10AB000005F0EDFF8421324805F0E0FF2F4804F006
:10AB10005FFEFFF751FF4FF0E0233149D3F818C033
:10AB2000D1E9002380184FF0000243F10003C1E98E
:10AB300000032C4B1A602C4B1A68831A3AD445F642
:10AB4000C05E45F6BF5814FB0E841C44B4FBFEF4F3
:10AB5000131A40F2DC520EFB0433934238BF134603
:10AB6000224A934228BF13464FF0E0223B60013B4C
:10AB7000946953610023A4459361ACEB0400D1E9CF
:10AB800000321AD20544EB1842F100020F48C1E925
:10AB9000003204F007FE90B94FF499730C4A14493F
:10ABA0000D4805F09CFF0949124805F098FF4FF445
:10ABB0009971A8E740F2DC53D6E7C318E4E786F3BF
:10ABC0001188BFF36F8F76E74422002048220020CF
:10ABD000584C0208854C0208144502089A4C020899
:10ABE000B818002040220020B0180020809DFF00EF
:10ABF000B04C0208C74C020838B5EFF3118510239A
:10AC000083F31288BFF36F8F1B4804F0BDFD68B952
:10AC100084231A4A1A491B4805F061FF16491A484D
:10AC200005F05DFF8421154805F050FF124804F03F
:10AC3000CFFD164B1C68164B1B68E41AFFF7BCFED1
:10AC400004440D4804F0AEFD68B94FF499730B4A03
:10AC500010490C4805F043FF07490F4805F03FFF36
:10AC60004FF49971DFE785F31188BFF36F8F45F6D5
:10AC7000C050B4FBF0F038BD48220020584C020808
:10AC8000854C0208144502089A4C0208B8180020A6
:10AC9000B0180020B04C0208C74C020838B5EFF3DA
:10ACA0001185102383F31288BFF36F8F184804F0C7
:10ACB0006BFD68B98423174A1749184805F00FFF40
:10ACC0001349174805F00BFF8421124805F0FEFEDA
:10ACD0000F4804F07DFD134B1C68FFF76DFE044424
:10ACE0000B4804F05FFD68B94FF49973094A0E49A7
:10ACF0000A4805F0F4FE06490C4805F0F0FE4FF452
:10AD00009971E2E785F31188BFF36F8F204638BD54
:10AD100048220020584C0208854C020814450208BD
:10AD20009A4C0208B8180020B04C0208C74C020820
:10AD3000F0B5816885B01039054621F00F0406F0A2
:10AD40003DFA6A460A4B03F110071646186859681F
:10AD5000083303C6BB423246F7D110236A46214668
:10AD6000284606F0FDF9003818BF012005B0F0BDF7
:10AD70009A44020830B50D46816887B0102302AAB4
:10AD80001039044606F0D7F9002802DA012007B08E
:10AD900030BD1022204602A907F011FB00283AD14D
:10ADA00010221E4902A808F06EFC00280CBF0123E7
:10ADB00002232B70204607F0EEFA012301460DF125
:10ADC0000702204606F0B7F90028DFDB9DF80730C0
:10ADD000204603F00F021B096A702B7101220DF14E
:10ADE000070107F0ECFA10B96B78042B03D90123A3
:10ADF0006B7000232B71A2682046203A22F00F02CC
:10AE0000103AA91C07F0EEFA0028BFD12046E91C31
:10AE100007F040FBBBE70323CBE700BF9A440208DF
:10AE20002DE9F04184B0DFF8EC8000AF4600054624
:10AE3000394658F8260007F033FB044620B1FF20BE
:10AE40001037BD46BDE8F081013658F8260007F1FD
:10AE5000080107F025FB012808D103212B462E4AC3
:10AE60002E4806F0E5F82E4B3C73BB6000263A787E
:10AE700097F808802B4C1146207807F092FA0028AA
:10AE800037D04146607807F08CFA002831D0A3789B
:10AE9000042B02D0F97899422BD1E378042B02D00D
:10AEA000F97A994225D12379042B1FD16379023B8A
:10AEB000DBB2022B2AD91C4B6E468AB06A46079336
:10AEC00040F201331949ADF82030194BCDE9051591
:10AED00042F8103F002311484FF41351F8F7C4FC17
:10AEE0006079B546831E022BAAD9A8E7B9789942A2
:10AEF000DCD00136032E04F10604BCD107482B46F2
:10AF000031460C4A06F094F8012099E70A4A52F8B3
:10AF10002330D1E75444020825700208E83D0208B6
:10AF200003010303377F0208137002086B700208E5
:10AF3000040000018A7002084844020808B5124B58
:10AF4000A8220021184608F092FB03220F49026153
:10AF500042610F4A8161C2614FF480620262002245
:10AF600082624262C26201660A490346416610215A
:10AF7000816609490267C266426711F8010D98545B
:10AF80000132102AF9D108BD10040020C97002084E
:10AF90001000002000000020597F02082DE9F74F23
:10AFA0001826DFF88880814606FB008700FB0666CE
:10AFB0007D6AD7F828C046447368AC458B46144672
:10AFC00003EB050025D83B6AA3EB050A0AF1FF3E17
:10AFD000724507D82C4408F024FB7C62012003B0A2
:10AFE000BDE8F08FE64472451ED85246019308F042
:10AFF00018FB019B2C44E41A05D0224670680BEB29
:10B000000A0108F00EFB182303FB0988C8F8244046
:10B01000E4E70CF1FF3CACEB050C944504D325446C
:10B0200008F0FFFA7D62D9E70020D8E7100400207D
:10B030001822034B02FB00339A6A586A801A704741
:10B0400010040020002310B4074A0849C85C12F815
:10B05000014D844204D10133102BF7D110BC70474D
:10B0600010BCFFF76BBF00BF597F0208100400201F
:10B0700070B516461D465A1C036804461344C26840
:10B080009A4205D20821006A07F099FD002070BDA0
:10B0900065B93278204607F095FD0028F6D0354492
:10B0A000B5420CD1A3680133A360F0E7AB1E062BB9
:10B0B0008EBF0023054AD35C1833DAB2EAE723686F
:10B0C0005A1C226015F8012D1A70E9E75A7F020810
:10B0D0002DE9F74F0446006808F0B8F810F4004571
:10B0E00000F06B84C14FC24ED4F80080D8F84430D1
:10B0F0001A0451D5D8F8441011F00F0540F094808F
:10B1000011F01001D8F8003021D13B4043F4004346
:10B11000C8F80030237DA26ADB0003F1804303F509
:10B12000B2331B682046C3F309431A442363A26267
:10B13000FDF790FE637C002BD6D0E26A002AD3D1C3
:10B14000637C216843F08003CB646274CCE713F422
:10B15000006935D094F8540107F041FE08280346F1
:10B16000C4F870011BD048F28001D8F80020A14B30
:10B17000134083F480530B43C8F8003022689E4B81
:10B180001068034083F010030B43136022681368B8
:10B19000334043F08003136003B0BDE8F08F4046B6
:10B1A000B4F85A2104F5277108F076F82268204691
:10B1B0001368334043F080031360FDF7DBFD93E732
:10B1C0001A0491D5D8F80020894B134043F080032E
:10B1D000C8F8003094F85401256807F000FE0346D3
:10B1E000C4F8700150B92A68824B134083F440536D
:10B1F00043F4004343F080032B6075E7D4F86811F3
:10B2000000293FF471AF2846B4F85A2108F044F8F9
:10B21000D4F86831D4F87021494613442046C4F864
:10B220006831FDF7DDFD5FE758F825A01AF4004FFF
:10B230001FFA8AF97FD0282158F8253001FB0541F3
:10B24000334043F0800348F8253091F8603191F89D
:10B25000542173B91046D4F800B007F0C0FD804601
:10B26000002850D00346B1F85A215846D1F8681149
:10B2700047E091F85731022B40F0E68019F4804303
:10B2800009F0400B00F09780104607F096FDD1F8CA
:10B290006C318046834210D20023C1F86C312168A2
:10B2A000544B51F82200034083F4005343F400430D
:10B2B00043F0800341F8223004E01B1AC1F86C31DE
:10B2C000002BECD0BBF1000F0FD0282303FB05436C
:10B2D000226893F85411494B52F82100034043F47B
:10B2E000004343F0C00342F82130B8F1000F0AD008
:10B2F0002821434601FB0541B1F85C21D1F86811D2
:10B30000206807F0C9FF282169436318D3F870212A
:10B310004244C3F87021D3F86C2122B1D3F86421E0
:10B32000904580F0BC80282303FB0543204693F81A
:10B330005411FDF755FD1AF0800F3FF4D5AE226889
:10B3400052F825303B4043F4004342F8253028238F
:10B3500003FB05F02218D17D012940F0EA8000218D
:10B3600005FB03332344596092F82030DBB11AF017
:10B37000400F537D00F0B380002B40F09C80137D84
:10B38000DB0003F1804303F5B233196821F07C41FF
:10B390001960137DDB0003F1804303F5B2331A68B3
:10B3A00042F000421A60282303FB0543197D204622
:10B3B000FDF750FD98E61046019307F010FD80461A
:10B3C000D1F86C0140451BD2019BC1F86C3121685A
:10B3D000084B51F82200034083F4005343F4004328
:10B3E00043F0800341F8223010E000BF0F8FFF07C9
:10B3F0008F0FFF078FBFFF07BF8FFF078F8FFF07DD
:10B40000A0EB0800C1F86C010028E0D0BBF1000FF0
:10B410000FD1282303FB0543226893F85411A14B55
:10B4200052F82100034043F4004343F0C00342F8C4
:10B430002130B8F1000F3FF466AF282101FB054130
:10B440004346B1F85E2159E7206850F8223023F0D6
:10B45000784323F4E04323F0700343F4004343F0C4
:10B46000C00340F82230D4F800B091F854015BF8E2
:10B4700020305B0409D507F0A0FC804600283FF48B
:10B4800042AF0346B1F85C21EFE607F0A8FC804626
:10B4900000283FF438AF0346B1F85E21E5E6D3F863
:10B4A000682101F5AA714244C3F86821206821444B
:10B4B00000F00EFE3FE7012B7FF475AF137DDB003C
:10B4C00003F1804303F5B233196889B21960137D23
:10B4D000DB0003F1804303F5B2331A6862E7A3B9D6
:10B4E000137DDB0003F1804303F5B233596821F08B
:10B4F0007C415960137DDB0003F1804303F5B233D7
:10B500005A6842F000425A604DE7012B7FF44BAF7E
:10B51000137DDB0003F1804303F5B233596889B230
:10B520005960137DDB0003F1804303F5B2335A68A1
:10B53000E9E71AF4807A117D1CD1CB0003F1804336
:10B5400003F5B2331B68D56AC3F309439D4202D8A1
:10B55000C2F82CA02BE7916AED1A19449162116B85
:10B56000D5621944116300F114012144206800F0F0
:10B57000AFFDB9E519F04008084609F4804900F02C
:10B580001D8107F01AFCD36A1FFA89F9834294BF20
:10B5900000231B1AD362002B40F08880282303FB72
:10B5A00005435A7D002A58D1C90001F1804101F5B7
:10B5B000B2310A6822F07C420A601B7DDB0003F195
:10B5C000804303F5B2331A6842F000421A60282221
:10B5D00002FB0542517D137D002950D1DB0003F1B0
:10B5E000804303F5B233596821F07C415960137DE3
:10B5F000DB0003F1804303F5B2335A6842F00042A6
:10B600005A60282303FB0543DA7D022A0DD1197DF8
:10B610002268254B52F82100034083F0200343F4B5
:10B62000004343F0800342F82130282303FB054503
:10B630002046297DFDF70EFCB9F1000F3FF454AD13
:10B64000297D2268174B52F82100034043F4404300
:10B6500043F0800342F8213046E5012AB7D1C90002
:10B6600001F1804101F5B2310A6892B20A601B7D96
:10B67000DB0003F1804303F5B2331A68A6E7012922
:10B68000BFD1DB0003F1804303F5B233596889B2BF
:10B690005960137DDB0003F1804303F5B2335A6830
:10B6A000AEE700BF8F8FFF07BF8FFF07B9F1000F15
:10B6B0000CD0D4F800C0B44B5CF821E00EEA0303D0
:10B6C00043F4404343F080034CF82130282101FB30
:10B6D000054191F83830012B44D18B6A03448B62C9
:10B6E000136B034413634A6B4B6A9A421CD3D21AFE
:10B6F0004A63282101FB05414A7D002A49D10A7D80
:10B70000D20002F1804202F5B232106820F07C4093
:10B7100010600A7DD20002F1804202F5B23273B9A4
:10B72000116841F0004113E01AB9034681F838204E
:10B73000DFE7002381F838304B631346D9E73E2B0F
:10B740001ED8116803F0010000EB530041EA80614C
:10B750001160282101FB05418A8B9BB2896A206810
:10B7600007F076FD282303FB05452268297D874BDA
:10B7700052F82100034083F0300343F4004367E7AD
:10B780005809D906116808BF00F1FF3041EA80610D
:10B79000C7E7012ADDD10A7DD20002F1804202F51D
:10B7A000B232106880B210600A7DD20002F180428D
:10B7B00002F5B232116841EA0341C9E707F00FFB15
:10B7C000D36A1FFA89F9834234BF43461B1AD362F6
:10B7D000002B76D1282303FB05435A7D002A4CD148
:10B7E000C90001F1804101F5B2310A6822F07C42C2
:10B7F0000A601B7DDB0003F1804303F5B2331A6856
:10B8000042F000421A60282202FB0542517D137D5E
:10B81000002944D1DB0003F1804303F5B2335968BA
:10B8200021F07C415960137DDB0003F1804303F577
:10B83000B2335A6842F000425A60282303FB0543A2
:10B84000DA7D022A0DD1197D2268504B52F8210071
:10B85000034083F0200343F4004343F0800342F8A5
:10B860002130282303FB05452046297DFDF7F2FA08
:10B87000B9F1000F7FF438ACE2E6012AC3D1C90068
:10B8800001F1804101F5B2310A6892B20A601B7D74
:10B89000DB0003F1804303F5B2331A68B2E70129F4
:10B8A000CBD1DB0003F1804303F5B233596889B291
:10B8B0005960137DDB0003F1804303F5B2335A680E
:10B8C000BAE7B9F1000F0CD1D4F800C02E4B5CF8E8
:10B8D00021E00EEA030343F4404343F080034CF8B5
:10B8E0002130282101FB054191F83830012B7FF4EC
:10B8F00039AF8B6A03448B62136B034413634A6B47
:10B900004B6A9A421CD3D21A4A63282101FB054193
:10B910004A7D002A3CD10A7DD20002F1804202F524
:10B92000B232506820F07C4050600A7DD20002F1B3
:10B93000804202F5B23273B9516841F0004113E020
:10B940001AB9034681F83820DFE700234B6381F8FA
:10B9500038301346D9E73E2B0DD8516803F001006B
:10B9600000EB530041EA80615160282101FB054151
:10B970009BB2CA8BF2E65809D906516808BF00F19C
:10B98000FF3041EA8061D8E78F8FFF07BF8FFF0745
:10B99000012AEAD10A7DD20002F1804202F5B232D8
:10B9A000506880B250600A7DD20002F1804202F5F8
:10B9B000B232516841EA0341D6E7430510D5226807
:10B9C0002046536C23F480631B041B0C5364FDF767
:10B9D0002FF92946204603B0BDE8F04F07F0AABA78
:10B9E000470408D52268536C23F480431B041B0CC6
:10B9F0005364FFF7D1BB10F4005104D02268536C9C
:10BA000023F40053F2E7C6041AD52268136C23F01E
:10BA1000040313642268136C23F00803136494F87E
:10BA2000CC32012B04D1204684F8CC1207F0B1FBB4
:10BA30002046FDF771F92268536C23F48053D5E753
:10BA4000050515D52268136C43F0080313642268BA
:10BA5000536C23F400631B041B0C53642268136CA7
:10BA600043F0040313642046FDF728F9FFF794BB65
:10BA7000010624D52268536C23F080031B041B0CA1
:10BA8000536494F8CC32002BEDD10121204622687A
:10BA9000136C43F0040313642268136C43F008032F
:10BAA0001364236884F8CC125B6D9B0803F03C039D
:10BAB000C4F8D03203B0BDE8F04F07F06ABB82058E
:10BAC0000BD522682046536C23F400731B041B0C17
:10BAD000536407F02EFAFFF75FBBC3057FF55CAB3D
:10BAE0002268536C23F4807380E700BFF0B50C78B4
:10BAF0000346B14A50F824000240C878032803D80E
:10BB0000DFE800F04E555351012048F280052A43EA
:10BB100043F824200C78A94E53F8242032402243C5
:10BB20002A4343F824200C7B0A78002C40F09F80A5
:10BB3000D2004C7802F18042A14D02F5B232002CC5
:10BB400038D014682C4014600A78CD88D20002F1F5
:10BB5000804202F5B2321468AD0844EA85041460EC
:10BB60000C7853F82420520608D553F8242032408C
:10BB700042F4004242F0C00243F82420CA780C7814
:10BB8000012A904953F8242002EA010218BF82F0EA
:10BB9000200242F4004242F0800243F82420F0BD2B
:10BBA00042F40072B1E742F4C0620020ADE742F413
:10BBB0008062FAE754682C4054600A78CD88D2003D
:10BBC00002F1804202F5B2325468AD0844EA8504BD
:10BBD00054600A78D20002F1804202F5B232546811
:10BBE00024F07C4454600A780C69D20002F180424F
:10BBF00002F5B2321CB9546844F0004408E03E2C0F
:10BC000022D8556804F0010707EB540445EA846420
:10BC100054600C7853F82420550408D553F8242098
:10BC2000324042F4404242F0800243F82420097836
:10BC3000654C91B91A68224082F4405242F40042A5
:10BC400042F080021A60AAE76509E706546808BF57
:10BC500005F1FF3544EA8564CEE753F82120224000
:10BC600082F4005242F4004242F08002DFE0CC78DD
:10BC7000022C0DBF53F8224053F82270534C34402D
:10BC800015BF3C4044F401442C4344F0800443F885
:10BC900022400A784A4CD20002F1804202F5B232C8
:10BCA0001568254015600A780F89D20002F180429C
:10BCB00002F5B2321568BF0845EA870515600A78B3
:10BCC000D20002F1804202F5B23255682C40546035
:10BCD0000A784D89D20002F1804202F5B2325468EE
:10BCE000AD0844EA850454604A780F78354C364DE7
:10BCF000002A40F0BD8053F82720520408D553F89D
:10BD00002720324042F4404242F0800243F827208C
:10BD10000F7853F82720520608D553F827203240D1
:10BD200042F4004242F0C00243F827204E780A78DD
:10BD3000002E4DD1D20002F1804202F5B2321668D7
:10BD400026F07C4616600A780E69D20002F1804225
:10BD500002F5B2321EB9166846F0004608E03E2EE3
:10BD600020D8176806F0010C0CEB560647EA8666E9
:10BD700016604E780A78002E65D1D20002F180421A
:10BD800002F5B232566826F07C4656600A780E6993
:10BD9000D20002F1804202F5B23276BB566846F01C
:10BDA000004633E07709F606166808BF07F1FF374B
:10BDB00046EA8766D0E700BF8F89FF078F8FFF07AE
:10BDC0000000FFFFBF8FFF078FBFFF078F8EFF07AA
:10BDD000012ECED1D20002F1804202F5B2321668B5
:10BDE000B6B216600A780F69D20002F1804202F5FD
:10BDF000B232166846EA0746BAE73E2E1AD85768A6
:10BE000006F0010C0CEB560647EA866656600E7883
:10BE100053F826202A4048F2800582F440522A43F3
:10BE200043F82620097853F8212022402A4343F87A
:10BE30002120B4E67709F606566808BF07F1FF37F8
:10BE400046EA8766ABE7012EE1D1D20002F18042DB
:10BE500002F5B2325668B6B256600A780F69D2005F
:10BE600002F1804202F5B232566846EA0746CDE753
:10BE700053F82720520408D553F82720324042F4C3
:10BE8000404242F0800243F827200F7853F82720E1
:10BE9000520608D553F82720324042F4004242F0BF
:10BEA000C00243F82720CA780E78012A53F82620CA
:10BEB00002EA040218BF82F0200242F4004242F07B
:10BEC000800243F82620097853F821202A40C9E649
:10BED00070B50A7B4E780B7862BB50F82320C6B150
:10BEE000540609D550F82340494A224042F4004202
:10BEF00042F0C00240F823200A78464B50F8221046
:10BF00000B4043F4004343F0800340F8223000200C
:10BF100070BD520409D550F823403D4A224042F4F6
:10BF2000404242F0800240F823200A783A4B50F811
:10BF30002210E5E7364D374C374A9EBB50F8236058
:10BF4000760408D550F823602E4046F4404646F06B
:10BF5000800640F823600E7850F826305B0608D53E
:10BF600050F826302B4043F4004343F0C00340F820
:10BF700026300E7850F826302B4048F2800543F4E6
:10BF8000004343F0C00340F826300E7850F82630C6
:10BF900013402B4340F826300A7850F822302340D3
:10BFA0002B43B2E750F82360760408D550F823609D
:10BFB0002E4046F4404646F0800640F823600E7856
:10BFC00050F826305B0608D550F826302B4043F455
:10BFD000004343F0C00340F826300E7850F8263076
:10BFE0002B4043F4404343F0800340F826300D7863
:10BFF00050F82530234048F28004234340F8253090
:10C00000097850F821301340234340F821307EE76F
:10C010008F8FFF07BF8FFF078FBFFF070A784B780F
:10C0200050F822105BB1084B0B4083F0100343F42F
:10C03000004343F0800340F8223000207047034B58
:10C040000B4083F48053F2E7BF8FFF078FBFFF07DA
:10C0500010B54B780A78FBB150F822305C0609D550
:10C0600050F82240174B234043F4004343F0C003F1
:10C0700040F82230CB78012B0CD00A78124B50F8C4
:10C0800022100B4083F0200343F4004343F080036D
:10C0900040F82230002010BD50F822305B0409D552
:10C0A00050F82240074B234043F4404343F08003C1
:10C0B00040F822300A78054B50F822100B4083F4E8
:10C0C0004053E1E78F8FFF07BF8FFF078FBFFF0749
:10C0D000F8B54A780646012A0C460B7B40F0C08131
:10C0E0000969A5698D4228BF0D4633BBE288ABB212
:10C0F000616907F0ADF82378DB0003F1804303F5B5
:10C10000B2331A6892B21A602378DB0003F18043DD
:10C1100003F5B2331A6842EA05421A602278A94B45
:10C1200056F822100B4083F03003002043F4004304
:10C1300043F0800346F82230F8BDE778236A022FE7
:10C14000227840F06381994280F0408150F82210BB
:10C150009D4B0B4043F4014343F0800340F82230F1
:10C16000236A22785B1B236250F82270617817F0F3
:10C170004007ABB200F0958000294FD1D20002F108
:10C18000804202F5B232516821F07C415160227840
:10C19000D20002F1804202F5B2321DB9516841F07D
:10C1A000004108E03E2D30D8516805F0010000EB59
:10C1B000550041EA8061516062893046616907F04B
:10C1C00047F8636922692B446361236A934294BFF1
:10C1D00000225A1B2262627888BF2B46002A4BD16C
:10C1E0002278D20002F1804202F5B232116821F0C9
:10C1F0007C4111602278D20002F1804202F5B23215
:10C2000003BB116841F0004125E068095168EF0661
:10C2100008BF00F1FF3041EA8061C0E70129CBD1BE
:10C22000D20002F1804202F5B232516889B2516007
:10C230002278D20002F1804202F5B232516841EA1E
:10C240000541B8E73E2B0ED8116803F0010000EB62
:10C25000530041EA8061116022899BB230466169D6
:10C2600006F0F6FF5AE758091168DD0608BF00F12D
:10C27000FF3041EA8061C5E7012AEDD12278D20082
:10C2800002F1804202F5B232116889B2116022785F
:10C29000D20002F1804202F5B232116841EA034154
:10C2A000D9E700294ED1D20002F1804202F5B23224
:10C2B000116821F07C4111602278D20002F18042A5
:10C2C00002F5B2321DB9116841F0004108E03E2D7F
:10C2D0002FD8116805F0010000EB550041EA80619C
:10C2E000116022893046616906F0B2FF63692269F4
:10C2F0002B446361236A9342627888BF5F1B276285
:10C3000088BF2B46002A47D12278D20002F1804212
:10C3100002F5B232516821F07C4151602278D2009E
:10C3200002F1804202F5B23203BB516841F0004194
:10C3300025E06809E906116808BF00F1FF3041EA0D
:10C340008061C1E70129CCD1D20002F1804202F51F
:10C35000B232116889B211602278D20002F18042B3
:10C3600002F5B232116841EA0541B9E73E2B0AD81D
:10C37000516803F0010000EB530041EA8061516015
:10C3800062899BB26AE75809D906516808BF00F173
:10C39000FF3041EA8061C9E7012AF1D12278D20059
:10C3A00002F1804202F5B232516889B251602278BE
:10C3B000D20002F1804202F5B232516841EA0341F3
:10C3C000DDE700BFBF8FFF078F8FFF0750F82250B8
:10C3D0004749294041F4004141F0800140F82210D2
:10C3E0002278D20002F1804202F5B232116889B29D
:10C3F00011602278D20002F1804202F5B232116857
:10C4000041EA034111609BB222891AE05B1B23625F
:10C4100050F82210D20002F180424F06ABB202F572
:10C42000B2324FEA05450ED5516889B25160227883
:10C43000D20002F1804202F5B232516829435160C4
:10C44000628961690CE7116889B211602278D200B3
:10C4500002F1804202F5B23211680D431560D3E754
:10C460002BBB8B690A78CBB9CB78BBB950F82210BB
:10C47000204B0B4043F4014343F0800346F8223045
:10C48000A3692269934210D99B1AA36122781A4B9F
:10C4900056F822100B4083F4405346E656F822101B
:10C4A000134B0B4043F40043E6E70023EDE7CB7862
:10C4B000022B19D1CB69002BE8D00A7850F8221052
:10C4C00001F0400349040CD5002BDFD056F82210B0
:10C4D000084B0B4043F4004343F0C00346F82230BE
:10C4E000D4E7002BD2D1F1E7012BDED0012023E6E7
:10C4F0008F8EFF078F8FFF078FBFFF07B8B1384BB5
:10C500001A6902F03002302A13D1364B98425DD9B5
:10C51000354B98425CD9354B98425BD9344B9842A5
:10C520005AD9344B98422ED9334B98423BD90120EB
:10C5300070471A6902F03002202A10D12F4B98421E
:10C5400044D92F4B984243D92E4B984242D92E4B77
:10C55000984241D92D4B984215D92D4BE5E71B69DF
:10C5600003F03003102B10D12A4B98422ED92A4BBE
:10C5700098422DD9294B98422CD9294B98422BD936
:10C58000284B9842D3D804230EE0274B98421DD95C
:10C59000264B98421CD9204B98421BD9244B9842D9
:10C5A0001AD9244BEDE7052323490A6822F00F022C
:10C5B0001A430A600A6802F00F0293420ED008681C
:10C5C00000F00F00C01A18BF012070470023EBE7EE
:10C5D0000123E9E70223E7E70323E5E700207047AB
:10C5E0000008024480DE800200BD0105809B8207B6
:10C5F000007A030A8058840C80B2E60E80CC0602D2
:10C6000000990D048065140600321B0880FE210A83
:10C6100000C2EB0B80C3C90100879303804A5D050C
:10C62000000E270780D1F008002D3101005A620268
:10C6300000B4C40400E1F5050020024038B54369A8
:10C6400005463BB90024EA686042537843F0010391
:10C65000537038BD984704460028F3D000F1FF031B
:10C66000FE2B0ED92123094A09490A4804F037FA5A
:10C6700029680948224604F032FA2121034804F0CF
:10C6800025FAEB6844421C70DDE700BFD270020857
:10C69000F5700208144502080D71020810B5044631
:10C6A000F6F786FF03480121034A04F0B8FC204650
:10C6B00006F02EFE203E0208327102082DE9F843F2
:10C6C00004460D4600AFEFF31188102383F3128860
:10C6D000BFF36F8F0428324A98BF324BE9468AB0C5
:10C6E0009668117C98BF53F820306A4688BF2E4B5D
:10C6F000CDE9073140F201332C48ADF824302C4B02
:10C70000CDE9050442F8103F00234FF43151294888
:10C71000F7F7AAF8CD4645B1EB69C3F3080323B197
:10C720000121254A234804F07AFC2EB1304606F058
:10C7300093FE08B1037803B92048E9468AB06A46F7
:10C740001F4B0790CDE9053640F20133ADF820309C
:10C750001C4B42F8103F00234FF411511548F7F7D6
:10C7600083F82946CD462046FFF798FF042C0CD1CC
:10C7700015498723154A164804F0B1F9154804F005
:10C78000AEF98721114804F0A1F988F31188BFF3AD
:10C790006F8F3046F9F7CCFDBD46BDE8F88300BF8A
:10C7A0004C2200205C4402084171020857710208C3
:10C7B00005000001203E02087F7102084F71020847
:10C7C000A071020804000001DA710208B8710208C1
:10C7D00014450208F771020838B50A4B53F8204097
:10C7E000013053F82050A54200D838BD606830B100
:10C7F000037EDB0701D4FFF721FF0834F3E723684A
:10C800009847FAE770440208012270B5364B86B0AB
:10C8100003201A70FFF7E0FF06F002FF0420FFF785
:10C82000DBFF324C324DAC42264628D931494423F5
:10C83000314A324804F053F9314804F050F94421A8
:10C840002D4804F043F954F80C3C059354F8103C7F
:10C85000049354F8143C039354F8183C029354F88E
:10C860001C3C019354F8203C009354E90A2354E9FA
:10C870000C0101F051FD54F8303C5E65D3E7AE4247
:10C8800004F13004DFD302F029FA184CAC421FD96E
:10C8900018496823184A194804F021F9184804F087
:10C8A0001EF96821CCE7D4E90A23B3F1FF3F08BFA2
:10C8B000B2F1FF3F05D052EA0301206803D102F034
:10C8C0008DFC3034E2E70F49183002F0B7FFF8E78B
:10C8D000E9D302F075FAF3F7CBFF0B4A938923F003
:10C8E0000103938106B070BDDD220020BC3C02082C
:10C8F000BC3C0208977202087672020814450208CE
:10C90000A64E0208C9E801084019002000230122B0
:10C9100070B586B0CDE904230F220193CDE9023230
:10C9200014234FF4A0720E4D0E4E03FB00550E491A
:10C9300006EBC016044602FB00110C4B3046009576
:10C9400001F0EAFC337C2C7423F004033374084BAD
:10C95000013403EBC423EE606B6006B070BD00BF12
:10C960004C220020C0180020E042002061CE0108C7
:10C97000E03A00207FB50020FFF72EFF334B03F590
:10C98000006282F3088883F30A88F023304C84F82D
:10C9900022300023E37723766376A37684F8203071
:10C9A000636A43F4E0236362F9F756FBF9F7AAFCE4
:10C9B0004FF0FF33A362E362F9F7D2FEF9F722FDED
:10C9C000F6F72AFD234801F051FD234B234A9342F9
:10C9D0000ED92349CC23234A234804F080F8234866
:10C9E00004F07DF8CC211F4804F070F81C33EEE70A
:10C9F000FCD3F6F77BFB0120FFF7EEFE02201C4C78
:10CA0000FFF7EAFE02F096FA1A4B00255C611A4B1A
:10CA10004FF48052059301231849CDE90353204672
:10CA2000174BCDE90155009501F076FC0646237CB5
:10CA3000204623F00403237401F0B8FE2846FFF7D4
:10CA400065FF314620460E4AF9F73CFCE03A0020EB
:10CA500000ED00E0C01900206C380208643A0208BA
:10CA6000C47202087672020814450208A64E020833
:10CA7000401900204C220020C84D0208204400200C
:10CA800009C8010838B50D4C0D4DAC4213D90D49FC
:10CA900025230D4A0D4804F022F80D4804F01FF834
:10CAA0002521094804F012F82046D4E9011206F0C5
:10CAB00037FC1834E9E7F7D3002038BDA40800207C
:10CAC000BC08002049730208DF72020814450208FE
:10CAD000A64E0208F8B505460E4600F11404EFF321
:10CAE0001187102383F31288BFF36F8F204602F063
:10CAF0004BFE68B984231B4A1B491C4803F0EFFF17
:10CB000021461B4803F0EBFF8421164803F0DEFFAB
:10CB1000204602F05DFE28463146F5F7F7F805F1AC
:10CB20000C0002F0BFF928B139462046BDE8F840B4
:10CB300006F0D6BC204602F035FE68B94FF4997372
:10CB4000084A0C49094803F0CAFF21460A4803F085
:10CB5000C6FF4FF49971D8E787F31188BFF36F8F41
:10CB6000F8BD00BF584C0208854C02081445020865
:10CB70009A4C0208B04C0208C74C020838B50E4C5B
:10CB80000E4DAC4212D90E49A2230E4A0E4803F0B4
:10CB9000A6FF0E4803F0A3FFA2210A4803F096FF68
:10CBA000204606F0C7FB20B92034EAE7F8D300207E
:10CBB00038BD6FF01500FBE784080020A4080020B2
:10CBC000877302086273020814450208A64E020821
:10CBD0002DE9F74305460F4691461C4600F108062D
:10CBE000EFF31188102383F31288BFF36F8F304661
:10CBF00002F0CAFD60B98423314A3249324803F059
:10CC00006EFF3146314803F06AFF84212C4826E04C
:10CC1000304602F0DDFD2B691BB33B601C68EB69FD
:10CC20002C610133EB6114B96A6993421FD0EB6840
:10CC3000E41A09D4D5E905235A43A24204D9B4FB26
:10CC4000F3F203FB124494B12149F723214A1E4811
:10CC500003F045FF204803F042FFF7211D4803F091
:10CC600035FF59EA040214D16FF00B043B603046E3
:10CC700002F098FDF0B94FF49973114A1749124820
:10CC800003F02DFF3146164803F029FF4FF4997148
:10CC9000BCE7CDE900942A464146304601F05CFEEF
:10CCA000044618B90F4B9B685B693B60204603B094
:10CCB000BDE8F08388F31188BFF36F8FF6E700BFFC
:10CCC000584C0208854C0208144502089A4C020888
:10CCD000A47302086273020820740208B04C0208B0
:10CCE000C74C02084C2200202DE9F843C3680546D2
:10CCF000CB1A0E4623D4D0E90512514399421ED9CE
:10CD0000B3FBF2F102FB1133CBB900F10807EFF3EB
:10CD10001189102484F31288BFF36F8F384602F014
:10CD200033FDD8B98423414A4149424803F0D7FE34
:10CD30003946414803F0D3FE84213C480CE03F498A
:10CD400040F21F133E4A3B4803F0C9FE3D4803F042
:10CD5000C6FE40F21F113A4803F0B8FE384602F012
:10CD600037FDD5F81080B8F1000F40D1EFF31183F3
:10CD700084F31288BFF36F8F83F31188BFF36F8F33
:10CD80005BB93149BB23314A2A4803F0A8FE304839
:10CD900003F0A5FEBB212D48DEE72C68A54226D076
:10CDA0002CB3A3683BB92B49A423284A214803F09C
:10CDB00096FEA421EFE7D4E9003213605A60237C89
:10CDC000C4E9008823F002032374C4F8088004F146
:10CDD000180002F00FFE2046C4F87880666101F06A
:10CDE000E5FC49463846BDE8F84306F079BB2B69B7
:10CDF00038463360EB692E61013BEB6102F0D2FCF7
:10CE000068B94FF49973094A13490A4803F067FE59
:10CE10003946124803F063FE4FF499718DE789F3A8
:10CE20001188BFF36F8FBDE8F88300BF584C02082C
:10CE3000854C0208144502089A4C02080B7102083E
:10CE4000627302083B740208887402085D74020869
:10CE500046730208A0740208B04C0208C74C0208CE
:10CE600008B50D4B9B6893F90E30002B09DB10249D
:10CE7000EFF3118384F31288BFF36F8F04F003FC88
:10CE8000F6E7064906481C23064A03F028FE1C2143
:10CE9000044803F01BFE00BF4C220020D874020897
:10CEA00014450208B774020808B583684BB90B49EA
:10CEB0000B48A4230B4A03F012FEA421094803F0F7
:10CEC00005FED0E9003213605A600023027CC0E9FD
:10CED000003322F002020274836008BDA0740208CD
:10CEE000144502085D7402082DE9F74F0446884690
:10CEF00092461E469DF83090EFF3058373B152EAD7
:10CF000006030BD05E4999235E4A5F4803F0E7FDB4
:10CF10005E4803F0E4FD99215A4819E004F1080540
:10CF2000EFF311874FF0100B8BF31288BFF36F8F65
:10CF3000284602F029FC68B98423554A55495248CD
:10CF400003F0CDFD2946544803F0C9FD8421504823
:10CF500003F0BCFD284602F03BFC626A23699A425A
:10CF600076D2EFF311838BF31288BFF36F8F83F3C5
:10CF70001188BFF36F8F5BB94849BB23484A4248C9
:10CF800003F0ADFD414803F0AAFDBB214448DFE7B3
:10CF90002668B44219D0C6B13046FFF785FF06F1C6
:10CFA000180002F027FDE26800244146706906F08F
:10CFB00038FB3046B46701F0F9FB3946284606F0E5
:10CFC0008FFA204603B0BDE8F08F206A6669B04250
:10CFD00007D3A3695A1E904203D8E268191A9142F6
:10CFE00007D23049B423274A274803F078FDB421FB
:10CFF00092E7B9F1000F21D0414606F012FB236AF7
:10D00000E2681344A2692362934201D163692362F7
:10D01000636A013363620024284602F0C3FB50BBFD
:10D020004FF499731A4A2049174803F058FD2946CE
:10D030001E4803F054FD4FF4997188E7E1698E4270
:10D0400018BF0B46981A4146E06106F0EAFADFE79E
:10D050005AEA06030CD0164B22469B683946C3F8A1
:10D0600014802846CDE900A601F076FC0446A8E726
:10D070006FF02204D0E787F31188BFF36F8FA0E72A
:10D08000017302080075020814450208467302087D
:10D09000584C0208854C02089A4C02088874020811
:10D0A0005D74020822750208B04C0208C74C0208E1
:10D0B0004C22002038B5A2FB03545CB902FB03F5F7
:10D0C0004D1911D30F492F230F4A104803F007FDC4
:10D0D0002F2106E00E492E230B4A0C4803F0FFFCDB
:10D0E0002E21094803F0F2FCC0E90323C0E905152D
:10D0F000C0E90711C0E90000446280F8284084605C
:10D1000038BD00BFFD75020800750208144502080D
:10D11000C87502082DE9F7430446884617461D46A0
:10D12000EFF3058383B152EA05030DD060494FF454
:10D130009773604A604803F0D2FC604803F0CFFC6C
:10D140004FF497715B4818E004F10806EFF311897A
:10D15000102383F31288BFF36F8F304602F014FB65
:10D1600068B98423564A5749534803F0B8FC3146FE
:10D17000554803F0B4FC8421514803F0A7FC304625
:10D1800002F026FB636A002B67D0E2684046E16943
:10D1900006F047FAE369E2681344A269E361934247
:10D1A00004BF6369E361636A013B6362EFF3118368
:10D1B000102282F31288BFF36F8F83F31188BFF3BD
:10D1C0006F8F5BB94149BB23414A3B4803F087FC61
:10D1D0003A4803F084FCBB213D48CEE72568AC42C9
:10D1E0004BD0002D4AD02846FFF75EFE05F118000F
:10D1F00002F000FC206A6369984207D3A3695A1EB3
:10D20000904203D8E2681B1A934209D231494FF485
:10D21000A473284A284803F062FC4FF4A47191E7F4
:10D22000696906F0FEF9236AE26828461344A26998
:10D230002362934204BF63692362636A01336362BA
:10D240000024AC6701F0B2FA4946304606F048F9CE
:10D250002546284603B0BDE8F08357EA05031FD0F2
:10D260001D4B22469B684946C3F814803046CDE9E1
:10D27000007501F071FB0546EBE70025304602F032
:10D2800091FA80B94FF499730D4A14490A4803F092
:10D2900026FC3146124803F022FC4FF499716BE7EB
:10D2A0006FF02205EAE789F31188BFF36F8FD0E7AB
:10D2B000017302080075020814450208467302084B
:10D2C000584C0208854C02089A4C020888740208DF
:10D2D0005D740208227502084C220020B04C02083E
:10D2E000C74C02082DE9F341044617461E46EFF3EA
:10D2F000058565B154497323544A554803F0EFFB43
:10D30000544803F0ECFB7321504803F0DFFBEFF3CC
:10D310001188102383F31288BFF36F8F4E4802F0F9
:10D3200033FA60B984234D4A4D49494803F0D7FB8D
:10D3300049494C4803F0D3FB84214848E5E7464877
:10D3400002F046FA484BE2689B6892B1A0689842A6
:10D3500027D057EA06022CD13F4802F023FA90B1B9
:10D3600088F31188BFF36F8F6FF00F0002B0BDE834
:10D37000F08193F90E100132C4E90232364821617E
:10D3800002F010FA78B94FF49973344A37493048AB
:10D3900003F0A5FB3049364803F0A1FB4FF4997127
:10D3A000CBE72169E7E788F31188BFF36F8F00208F
:10D3B000DCE793F90E1090F90E30994205DA9942A4
:10D3C000A8BF194605F0DFFF054622464146CDE9D4
:10D3D0000076214801F0C0FA0028E8D0EFF311866A
:10D3E000102383F31288BFF36F8F1B4802F0CCF930
:10D3F000002897D0184802F0EBF9A068C0B1236864
:10D4000021699C420AD04BB193F90E309942A8BFD2
:10D4100019466FF07F039942B8BF194605F0B3FF74
:10D4200030B131460C4806F05BF86FF00A009DE71A
:10D43000002DF6D1084802F0B5F90028A3D086F3F4
:10D440001188BFF36F8FF0E7707602084E760208FE
:10D4500014450208827602086C220020584C02080B
:10D46000854C02089A4C02084C220020B04C02085D
:10D47000C74C0208F8B50546EFF3058363B155497B
:10D48000EA23554A554803F02AFB554803F027FB89
:10D49000EA21514803F01AFB8368002B00F09480C6
:10D4A000504A9268934240F09280C3684BB94E490B
:10D4B0004FF48173484A494803F011FB4FF48171DE
:10D4C000E7E7012B03D0013BC3600020F8BDEFF379
:10D4D0001187102484F31288BFF36F8F434802F042
:10D4E00053F960B98423424A42493C4803F0F7FAB1
:10D4F0003E49414803F0F3FA84213D48CAE73B48DE
:10D5000002F066F92969A86805F03DFFEFF3118381
:10D5100084F31288BFF36F8F83F31188BFF36F8F8B
:10D520005BB93649BB23364A2C4803F0D8FA354854
:10D5300003F0D5FABB213248ACE72C68AC4215D1D8
:10D5400000232A48C5E9023302F02CF9002836D11D
:10D550004FF49973264A2C49204803F0C0FA234916
:10D560002A4803F0BCFA4FF49971C6E7002CE7D0C3
:10D57000A3683BB92649A423214A184803F0AFFA0F
:10D58000A421D8E70026D4E9003213605A60237C36
:10D59000C4E9006623F002032374A66004F11800B6
:10D5A00002F028FAAC6094F90E3020462B61A66791
:10D5B00001F0FCF839460D4805F092FF85E787F346
:10D5C0001188BFF36F8F80E76FF015007EE74FF093
:10D5D000FF307BE7707602084E7602081445020899
:10D5E000827602084C220020A77602086C220020D6
:10D5F000584C0208854C02089A4C020888740208AC
:10D600005D74020846730208B04C0208C74C020859
:10D61000A074020808B583684BB90B490B48A423D2
:10D620000B4A03F05CFAA421094803F04FFAD0E951
:10D63000003213605A600023027CC0E9003322F0FC
:10D6400002020274836008BDA07402081445020837
:10D650005D7402082DE9F04704460D4691469A464E
:10D660009DF8206000F10807EFF31188102383F381
:10D670001288BFF36F8F384602F086F860B98423B2
:10D680004A4A4B494B4803F02AFA39464A4803F0C4
:10D6900026FA842145481BE0384602F099F806B185
:10D6A0006568EFF31183102282F31288BFF36F8F46
:10D6B00083F31188BFF36F8F63B94049BB23404A9E
:10D6C0003C4803F00CFA3F4803F009FABB213C4800
:10D6D00003F0FCF9234653F80C6F9E4215D0A6B117
:10D6E00000243046FFF796FF06F1180002F082F999
:10D6F0003046B467C6F8149001F058F841463846F1
:10D7000005F0EEFE2046BDE8F087BAF1000F14D018
:10D71000082002F039FD00283FD00122C0F8049013
:10D720000260016801F003015DB922680A430260EA
:10D73000626820606AB960600BE04846C9F800A0E2
:10D74000EFE72A68032A1DD801606168A1B9C4E91E
:10D7500000000024384602F025F808BB4FF4997306
:10D76000124A1949134803F0BAF93946174803F029
:10D77000B6F94FF499718DE70A6802F0030202438B
:10D780000A60D8E722F003020A4302602A6802F026
:10D79000030240EA02032B60DBE76FF00B04D9E7DA
:10D7A00088F31188BFF36F8FACE700BF584C0208B5
:10D7B000854C0208144502089A4C02088874020835
:10D7C0005D74020846730208B04C0208C74C020898
:10D7D0002DE9F743064690461F4600F10805EFF392
:10D7E0001189102383F31288BFF36F8F284601F04D
:10D7F000CBFF68B98423254A2549264803F06FF9F1
:10D800002946254803F06BF98421204803F05EF98E
:10D81000284601F0DDFF3468FCB12368726823F00C
:10D820000303944220464FF00101336008BF736048
:10D8300005F0B1FD0446284601F0B4FFE8B94FF405
:10D840009973124A1549134803F049F929461448B7
:10D8500003F045F94FF49971D7E758EA0703EAD086
:10D8600049462846CDE9008706F10C0201F074F81C
:10D8700038B90C4B9B685C6903E089F31188BFF3EE
:10D880006F8F204603B0BDE8F08300BF584C0208FC
:10D89000854C0208144502089A4C0208B04C020854
:10D8A000C74C02084C22002008B583684BB90B49CD
:10D8B0000B48A4230B4A03F012F9A421094803F0F2
:10D8C00005F9D0E9003213605A600023027CC0E9F8
:10D8D000003322F002020274836008BDA0740208C3
:10D8E000144502085D74020870B50446EFF3118612
:10D8F000102585F31288BFF36F8F2F4801F044FF86
:10D9000060B984232D4A2E492E4803F0E8F82A49AD
:10D910002D4803F0E4F88421284818E0264801F057
:10D9200057FFEFF3118385F31288BFF36F8F83F3F3
:10D930001188BFF36F8F63B92449BB23244A214860
:10D9400003F0CDF8234803F0CAF8BB21204803F0C8
:10D95000BDF82568AC4212D08DB12846FFF7A4FF70
:10D9600005F1180002F046F800232846AB6700F0E6
:10D970001DFF3146BDE870400F4805F0B1BDD4E948
:10D9800002329A4218BF01330B48A36001F00AFF2C
:10D9900068B94FF49973094A0F490A4803F09FF890
:10D9A00005490E4803F09BF84FF49971B4E786F3EC
:10D9B0001188BFF36F8F70BD70220020584C020891
:10D9C000854C0208144502089A4C02088874020823
:10D9D0005D74020846730208B04C0208C74C020886
:10D9E000F7B5044616461D46EFF305837BB152EAB0
:10D9F00005030CD02D4988232D4A2E4803F06FF8DB
:10DA00002D4803F06CF88821294803F05FF8EFF304
:10DA10001187102383F31288BFF36F8F274801F01B
:10DA2000B3FE60B98423264A2649224803F057F8FA
:10DA30002249254803F053F884212148E5E71F488F
:10DA400001F0C6FEA368D3B1013B1C48A36001F0FE
:10DA5000A9FE68B94FF49973194A1C49154803F097
:10DA60003EF816491A4803F03AF84FF49971E4E782
:10DA700087F31188BFF36F8F002003B0F0BD56EA23
:10DA800005030BD10D4801F08DFE0028E2D087F38D
:10DA90001188BFF36F8F6FF00F00EEE72246394613
:10DAA000CDE90065054800F057FFE6E7DE7602089D
:10DAB000BE76020814450208467302087022002050
:10DAC000584C0208854C02089A4C0208B04C0208D7
:10DAD000C74C02082DE9F0410546EFF311881027E5
:10DAE00087F31288BFF36F8F304801F04DFE064672
:10DAF00060B984232E4A2F492F4802F0F0FF2B49AA
:10DB00002E4802F0ECFF8421294819E0274801F053
:10DB10005FFE0023EFF3118287F31288BFF36F8F4C
:10DB200082F31188BFF36F8F62B92549BB23254A61
:10DB3000214802F0D4FF244802F0D1FFBB21214844
:10DB400002F0C4FF2C68A5420FD074B12046FFF745
:10DB5000ABFE04F1180001F04DFF6FF00A03204600
:10DB6000A36700F023FE3346D4E70022AA608BB9F6
:10DB70000E4801F017FE98B94FF499730C4A1349F7
:10DB80000D4802F0ACFF0949114802F0A8FF4FF41C
:10DB90009971B9E74146BDE8F041044805F0A0BCE1
:10DBA00088F31188BFF36F8FBDE8F08170220020E9
:10DBB000584C0208854C0208144502089A4C020889
:10DBC000887402085D74020846730208B04C0208AB
:10DBD000C74C02082DE9FF410446794EEFF3118747
:10DBE000102383F31288BFF36F8F764801F0CCFDCA
:10DBF00068B98423744A7549754802F070FF714909
:10DC0000744802F06CFF84216F4802F05FFF6D489A
:10DC100001F0DEFDD4F88450F5B9022104F19C0036
:10DC200005F0EFFB002840D004F19405002201210B
:10DC3000284601F065FC0028F8D100234FF0FF32A0
:10DC400002934FF0FF333946CDE900235D4804F1DC
:10DC50008C0201F0B3FCC1E7D4F888202B68954210
:10DC600008BFC4F88830C4F88430D4F89C305548D4
:10DC700043F00203C4F89C30EB68D5F8048023F02D
:10DC8000040343F00103EB6001F08CFDF8B94FF49D
:10DC900099734D4A50494E4802F021FF49494F4877
:10DCA00002F01DFF4FF49971AEE7D4F89C30DD0609
:10DCB000C3D5C4F89C00434801F074FD0028E6D0A9
:10DCC00087F31188BFF36F8F04B0BDE8F08187F34D
:10DCD0001188BFF36F8FB8F1000F0AD140493C485B
:10DCE00040F2F3233F4A02F0FAFE40F2F3213D48AE
:10DCF0008BE72846C047EFF31187102383F3128880
:10DD0000BFF36F8F2F4801F03FFD00283FF471AF44
:10DD10002C4801F05DFDEB68D90623F0010236D4F2
:10DD2000EA60EB689A0716D5306823F00203EB60CF
:10DD300088B10022036870B141688D4235D1036813
:10DD40006ABB72683360904200D17360002340F870
:10DD5000083BFFF7C9FDD4F89C3023F00203C4F858
:10DD60009C30DB0529D4D4F88450003D18BF012530
:10DD7000144801F017FD002889D087F31188BFF3FC
:10DD80006F8F002D3FF42AAF01F0DCF826E723F077
:10DD90001103EB6005F11000FFF7A6FDC1E713606A
:10DDA0007368984208BF7260D0E702461BB11968D9
:10DDB00018460B46BFE71946FAE70025D8E700BF2B
:10DDC000742200207C220020584C0208854C020856
:10DDD000144502089A4C0208B04C0208C74C0208CD
:10DDE0006D7702082B770208F8B5C36804469A07D6
:10DDF0000E46C3F340054FD45F074FD40B680BB9F1
:10DE000083680B60E368D80736D5A3685BB92549FA
:10DE1000254840F25713254A02F061FE40F257119F
:10DE2000224802F053FE02253360376867B3204B67
:10DE30009A68D7F880309A4220D105F004FB80F030
:10DE40000100C0B2D7F89C30D907C3F380021ED5B9
:10DE500002B308B300232360D7F8883083B9C7E939
:10DE60002144384605F0D8FAE36843F00403E36040
:10DE70003368A3602846F8BD0125D6E70020E1E716
:10DE80001C60C7F88840ECE76FF0150506E06FF0FE
:10DE9000120503E01B07DDD56FF00F05002333608B
:10DEA000E8E700BF4C770208144502082B77020808
:10DEB0004C22002073B50446EFF31185102383F341
:10DEC0001288BFF36F8F224801F05EFC68B984238B
:10DED000204A2149214802F002FE1D49204802F053
:10DEE000FEFD84211B4802F0F1FD194801F070FC91
:10DEF00000230193D4E90423B3F1004F08BF012AA2
:10DF000011D0134801F04EFCE0B94FF49973114A57
:10DF10001449124802F0E3FD0D49134802F0DFFDF9
:10DF20004FF49971DEE70321201FA4F1100605F0DC
:10DF300068FA0028E5D0A369304601A90193FFF7EC
:10DF400053FFDEE785F31188BFF36F8F02B070BD1A
:10DF50007C220020584C0208854C02081445020817
:10DF60009A4C0208B04C0208C74C020838B50D465E
:10DF7000044648B90C499C230C4A0D4802F0AFFDF9
:10DF80009C210A4802F0A2FD39B90A499D23074A9B
:10DF9000074802F0A4FD9D21F3E71022002105F0BF
:10DFA00066FB656038BD00BFBF7702082B770208AB
:10DFB000144502086D77020837B50C46019059B92F
:10DFC000284940F27D13284A284802F088FD40F293
:10DFD0007D11254802F07AFD4B684BB924494FF476
:10DFE000BF73214A214802F07AFD4FF4BF71F0E778
:10DFF000EFF31185102383F31288BFF36F8F1D4851
:10E0000001F0C2FB60B984231B4A1C49174802F087
:10E0100066FD18491A4802F062FD84211648D9E7C6
:10E02000144801F0D5FB204601A9FFF7DDFE0446A8
:10E03000104801F0B7FB68B94FF499730E4A1149C3
:10E040000A4802F04CFD0B490F4802F048FD4FF41E
:10E050009971E3E785F31188BFF36F8F204603B012
:10E0600030BD00BFBF7702082B77020814450208B5
:10E07000677702087C220020584C0208854C020871
:10E080009A4C0208B04C0208C74C020801460148ED
:10E0900005F0C9B9601A002008B558B908490948FF
:10E0A00040F22633084A02F01AFD40F226310648B3
:10E0B00002F00CFDA022002105F0D9FA08BD00BF36
:10E0C00052770208144502082B770208F0B589B090
:10E0D00004460E9D58B92F4940F253332E4A2F481B
:10E0E00002F0FDFC40F253312B4802F0EFFC49B93D
:10E0F0002B494FF45573284A284802F0F0FC4FF49E
:10E100005571F1E7D0F89C0010F0010009D02549C5
:10E1100040F25533204A214802F0E1FC40F25531EB
:10E12000E2E7C4E9210004F18C00C4E9230004F112
:10E130009400C4E9250055B32879002840F2011065
:10E1400008BF0120C4F89C0000204FF0FF364FF0BC
:10E15000FF37CDE90330CDE90100CDE90667204660
:10E16000114B009400F03CF955B1296811B12046DB
:10E1700005F06FF96B791BB1A38943F00103A3810B
:10E18000204601F02BF8C4F8804009B0F0BD012012
:10E19000D8E700BFB87702082B77020814450208B9
:10E1A000AF53020884770208D5DB010838B50D4665
:10E1B000044658B90F4940F20F430F4A0F4802F086
:10E1C0008EFC40F20F410C4802F080FC49B90C492A
:10E1D0004FF48263084A094802F081FC4FF48261DF
:10E1E000F1E73022002105F042FA4FF480736560B8
:10E1F000E36038BDBE7702082B7702081445020899
:10E200006D770208F7B50C4616461D46019058B9C1
:10E21000334940F28643334A334802F060FC40F20F
:10E220008641304802F052FC49B9304940F28743F8
:10E230002C4A2D4802F053FC40F28741F1E7EFF3FE
:10E240001187102383F31288BFF36F8F284801F0E2
:10E250009BFA60B98423274A2749234802F03FFCF0
:10E260002349264802F03BFC84212248DAE7204873
:10E2700001F0AEFAE36813F01E0F27D155EA06024B
:10E2800016D1204601A9FFF7AFFD0446184801F05A
:10E2900089FAE8B94FF49973164A1949124802F0FD
:10E2A0001EFC1349174802F01AFC4FF49971DCE781
:10E2B00043F00803E360019B04F11000A3623246BF
:10E2C0002B46114901F0BAFA0124DFE70024DDE70B
:10E2D00087F31188BFF36F8F204603B0F0BD00BFF6
:10E2E000527702082B77020814450208BE7702080D
:10E2F0007C220020584C0208854C02089A4C0208E7
:10E30000B04C0208C74C0208B5DE010801460148BE
:10E31000FFF778BF601A00202DE9F04385B00F9D0C
:10E3200004460F2D0E46984637D1274B984538D1D5
:10E3300004F15803C4E91633109B0027A38104237A
:10E340000732A57322F0070506EB05094946237439
:10E350002046C4E90677A760E773F7F7F3FB0E9B47
:10E36000073020F00700A066C4E9186502930D9BF2
:10E37000A9EB000901930C9B4A46009331464346A2
:10E380002046F7F783FF114B67659B6803B1DB6E8F
:10E390004846E36605B0BDE8F08305F110031E2B87
:10E3A000C6D940F24B230A4A0A490B4802F097FBB0
:10E3B00029460A486FF00F030E2202F090FB40F24C
:10E3C0004B21034802F082FB61CE01084C22002061
:10E3D000D3770208F6770208144502087678020817
:10E3E000F0B587B00446DDE91276EFF3058575B127
:10E3F000194940F21733194A194802F070FB1948BD
:10E4000002F06DFB40F21731144802F05FFB0595F6
:10E41000109D04950F9D03950E9D02950D9D0195F0
:10E420000C9D0095FFF778FFB6F1FF3F08BFB7F1ED
:10E43000FF3F05D056EA070305D1204600F0CEFE87
:10E44000204607B0F0BD3A46334604F118000649AD
:10E4500001F0F4F9F4E700BF70760208D377020800
:10E4600014450208A7780208C9E80108012310B57D
:10E470000374838100230446C0E9183301F07EFE53
:10E48000014B9C6010BD00BF4C22002070B590F97C
:10E490001020037C002A49DBD90647D163F07F03B3
:10E4A0000374264B984209D1254926485223264A0F
:10E4B00002F015FB5221244802F008FB234C2246AF
:10E4C00052F8183FE169934207D1C0E90021086082
:10E4D000E0610FE08B42F8D01B68002BF5D093F978
:10E4E0000E6090F90E50AE42F4DD5968C0E900317B
:10E4F00008605860A569954200D005B9E568A36831
:10E500005BB91349EA23134A0E4802F0E8FA1248AD
:10E5100002F0E5FAEA210F48CEE71A7CD20606D1CE
:10E52000DA897F2A03D9AA690AB9636170BDAB424F
:10E5300002D0284601F0A2F86561F7E7C018002074
:10E54000EE78020814450208CC7802084C2200201C
:10E550003B7902080F7902084673020838B590F932
:10E5600010200146002A037C1BDA224A03F07F03B5
:10E570009042037409D120495A23204A204802F0CE
:10E58000AEFA5A211D4802F0A1FADC0707D51D4951
:10E590005B231A4A1A4802F0A2FA5B21F2E704F060
:10E5A0005DFF194D2A4652F8184FAB68944200D0CF
:10E5B00004B9EC688B4214D05BB91449EA23144ABD
:10E5C0000F4802F08CFA134802F089FAEA21104849
:10E5D000D9E71A7CD20604D1DA897F2A01D9A26947
:10E5E0002AB1A34202D0204601F048F823466B61CD
:10E5F00038BD00BFC0180020EE780208CC780208B1
:10E6000014450208627902084C2200203B79020876
:10E610000F7902084673020808B5124A936880B160
:10E62000197C11F0090F0CD10F49D9230F4A10485A
:10E6300002F055FA0F4802F052FAD9210B4802F0C5
:10E6400045FA6FF00A0199670B4958674B6843F028
:10E6500080534B60002383F31188BFF36F8F93685F
:10E66000986F08BD4C220020A57902087B7902082A
:10E67000144502080E7A020800ED00E070B5044669
:10E680000D46F9B9EFF30586E6B91A4B5A699B684E
:10E690009A4217D001F086F878B940F26D13164A05
:10E6A0001649174802F01BFA2146164802F017FADD
:10E6B00040F26D11104802F009FA3046BDE8704092
:10E6C000FFF7AABF204601F06DF868B94FF49973BF
:10E6D000094A0A490A4802F002FA2146094802F0AA
:10E6E000FEF94FF49971E5E785F31188BFF36F8F59
:10E6F00070BD00BF4C220020584C0208B04C0208EC
:10E7000014450208C74C020808B583684BB909498B
:10E710000948A423094A02F0E2F9A421074802F0BB
:10E72000D5F904F09BFE037C23F00203037400235D
:10E73000836008BDA0740208144502085D740208D5
:10E7400038B5184CA168E0690B68814214BF1A46BD
:10E75000002249680B605960A368E1692AB9124A2E
:10E76000C3E900210B60E3610AE092F90E5093F9CE
:10E770000E00854212DD5168C3E900210B60536031
:10E78000A569094B9D4200D005B9E568A3689D4283
:10E7900002D0284600F072FF656138BD8A42DED0A3
:10E7A0001268DBE74C2200206422002038B50446C2
:10E7B000EFF31185102383F31288BFF36F8F17488F
:10E7C00000F0E2FF68B98423154A1649164802F0A2
:10E7D00086F91249154802F082F98421104802F0A6
:10E7E00075F90E4800F0F4FF2046FFF74FFE0B4886
:10E7F00000F0D8FF68B94FF49973094A0C490A48E8
:10E8000002F06DF905490B4802F069F94FF499716E
:10E81000E4E785F31188BFF36F8F38BD80220020B5
:10E82000584C0208854C0208144502089A4C02080C
:10E83000B04C0208C74C020838B50446EFF3118506
:10E84000102383F31288BFF36F8F184800F09CFFEA
:10E8500068B98423164A1749174802F040F913494A
:10E86000164802F03CF98421114802F02FF90F48B4
:10E8700000F0AEFFA36813B12046FFF745FF0B4839
:10E8800000F090FF68B94FF49973094A0C490A489F
:10E8900002F025F905490B4802F021F94FF499716E
:10E8A000E2E785F31188BFF36F8F38BD8022002027
:10E8B000584C0208854C0208144502089A4C02087C
:10E8C000B04C0208C74C020838B5A0F11804EFF3A9
:10E8D0001185102383F31288BFF36F8F174800F060
:10E8E00053FF68B98423164A1649174802F0F7F80F
:10E8F0001249164802F0F3F88421114802F0E6F8B4
:10E900000E4800F065FF204604F0D6FD0B4800F0ED
:10E9100049FF68B94FF49973094A0D490A4802F052
:10E92000DEF806490B4802F0DAF84FF49971E4E793
:10E9300085F31188BFF36F8F38BD00BF80220020A0
:10E94000584C0208854C0208144502089A4C0208EB
:10E95000B04C0208C74C02082DE9F047DFF8D4A0FC
:10E96000354D1746DDE90898DAF80820334BA84200
:10E9700004460E461A600BD13149324840F2B923A1
:10E98000314A02F0ACF840F2B9212F4802F09EF86B
:10E99000EFF31183102383F31288BFF36F8F2846A0
:10E9A00000F0F2FE60B98423284A2949254802F084
:10E9B00096F82946274802F092F884212348E5E793
:10E9C000284600F005FFDAF808503946284604F0DA
:10E9D0004DFDB8F1FF3F08BFB9F1FF3F06D04A46F1
:10E9E00043461D4905F1180000F028FF204600F0BD
:10E9F000D9FE68B9194940F26D13144A114802F062
:10EA00006EF82146164802F06AF840F26D11D5E71B
:10EA1000094800F0C7FE40B9104940F26D130B4A97
:10EA2000084802F05CF80449ECE73046BDE8F047DE
:10EA3000FFF7F2BD4C22002080220020842200201B
:10EA4000367A020814450208CC780208584C0208AD
:10EA5000854C02089A4C0208C9E80108B04C02082B
:10EA6000C74C020870B50546EFF31186102383F3F7
:10EA70001288BFF36F8F1B4800F086FE68B98423AD
:10EA8000194A1A491A4802F02AF81649194802F098
:10EA900026F88421144802F019F8124800F098FE74
:10EAA0002C68A54215D014B12046FFF72DFE0D4865
:10EAB00000F078FE78B94FF499730B4A0E490C4870
:10EAC00002F00DF807490D4802F009F84FF499716A
:10EAD000E0E70024EBE786F31188BFF36F8F204651
:10EAE00070BD00BF80220020584C0208854C0208EF
:10EAF000144502089A4C0208B04C0208C74C0208A0
:10EB00002DE9F04104460D46EFF31187102383F3FE
:10EB10001288BFF36F8F594800F036FE60B9842326
:10EB2000574A5849584801F0DAFF5449574801F00C
:10EB3000D6FF8421524818E0504800F049FE237C5B
:10EB400003F01F02002A0CBF0126002662D103F049
:10EB50007F0323744E4B9C4209D14E495A234E4A9F
:10EB6000494801F0BCFF5A214B4801F0AFFF204655
:10EB700004F074FC237C6DB243F08003DA07A573C4
:10EB8000237407D545495323434A3F4801F0A7FF63
:10EB90005321E9E7DFF80881424652F8183FD8F8D8
:10EBA0001C10934208D1C4E900210C60C8F81C4035
:10EBB0000DE08B42F7D01B68002BF4D093F90E00C8
:10EBC000A842F6DD5968C4E900310C605C60D8F8F1
:10EBD0001840944200D00CB9D8F80C40D8F808304E
:10EBE0009C4202D0204600F049FDC8F8144023485A
:10EBF00000F0D8FD00283AD14FF49973204A2949F2
:10EC0000214801F06CFF1D49274801F068FF4FF4CF
:10EC100099718FE79B0728D5A16841B923491A4804
:10EC2000A423234A01F05BFFA42121489DE720464D
:10EC30006DB204F013FCA5730B68994209D14B68BF
:10EC4000C4E900131C604C60D1E74A689342F6D0D7
:10EC50001B68002BF3D093F90E20AA42F5DD5A6809
:10EC6000C4E9003214605C60C1E7A573BFE787F3B5
:10EC70001188BFF36F8F3046BDE8F08180220020FD
:10EC8000584C0208854C0208144502089A4C0208A8
:10EC9000C0180020EE780208CC78020862790208D9
:10ECA0004C220020B04C0208C74C0208A074020895
:10ECB0005D740208034648B9EFF3058232B9064A8B
:10ECC00051699268914201D0FFF7A6BC83F3118885
:10ECD000BFF36F8F704700BF4C22002010B5EFF3D9
:10ECE0001184102383F31288BFF36F8F284800F03C
:10ECF0004BFD60B98423274A2749284801F0EFFEDD
:10ED00002349274801F0EBFE8421224812E02048E5
:10ED100000F05EFDEFF3058373B1224940F23B330F
:10ED2000214A1E4801F0DBFE204801F0D8FE40F2E7
:10ED30003B311D4801F0CAFE1D4B9A68D37B012B65
:10ED40000CD11C494FF44F73174A144801F0C7FE09
:10ED5000164801F0C4FE4FF44F71EAE7013BD3734C
:10ED60000B4800F01FFD68B94FF49973094A124926
:10ED70000A4801F0B4FE0649104801F0B0FE4FF415
:10ED80009971C2E784F31188BFF36F8F10BD00BF84
:10ED900080220020584C0208854C020814450208C5
:10EDA0009A4C020870760208CC7802084673020872
:10EDB0004C2200206F7A0208B04C0208C74C0208AF
:10EDC00070B5EFF31186102383F31288BFF36F8FB2
:10EDD0002A4800F0D9FC68B98423294A29492A48DD
:10EDE00001F07DFE2549294801F079FE842124485F
:10EDF00001F06CFE264D214800F0EAFCAB68DA7B9E
:10EE00006AB9244940F24D33234A1F4801F067FE96
:10EE1000224801F064FE40F24D311F48E8E7EFF36D
:10EE2000058161B11E4940F24E331B4A164801F07C
:10EE300056FE1A4801F053FE40F24E31EDE7013222
:10EE4000DA732A4652F8184F944200D004B9EC689D
:10EE50001A7CD20604D1DA897F2A01D9A2692AB1A3
:10EE60009C4202D0204600F009FC23466B613146EB
:10EE7000BDE870400148FFF701BC00BF80220020C0
:10EE8000584C0208854C0208144502089A4C0208A6
:10EE90004C220020A07A0208CC78020846730208AF
:10EEA0007076020838B50446EFF31185102383F31A
:10EEB0001288BFF36F8F184800F066FC68B984238E
:10EEC000164A1749174801F00AFE1349164801F07F
:10EED00006FE8421114801F0F9FD0F4800F078FC8E
:10EEE000204604F0FFFA04460B4800F05BFC68B9CA
:10EEF0004FF49973094A0D490A4801F0F0FD06499B
:10EF00000B4801F0ECFD4FF49971E3E785F31188AC
:10EF1000BFF36F8F204638BD80220020584C020876
:10EF2000854C0208144502089A4C0208B04C0208AD
:10EF3000C74C0208024B03F11802C3E906227047CE
:10EF40004C22002070B5EFF3058373B138494FF4BC
:10EF50009063384A384801F0C2FD384801F0BFFDDF
:10EF60004FF49061334801F0B1FDEFF311861023A7
:10EF700083F31288BFF36F8F314800F005FC60B94E
:10EF80008423304A30492C4801F0A9FD2C492F48F0
:10EF900001F0A5FD84212B48E5E72D4C284800F021
:10EFA00017FCA168E0690B68814214BF1A46002271
:10EFB00049680B605960A368E1692AB9254AC3E929
:10EFC00000210B60E3610AE092F90E5093F90E0004
:10EFD000854223DD5168C3E900210B605360A569B8
:10EFE0001C4B9D4200D005B9E568A3689D4202D044
:10EFF000284600F043FB1248656100F0D3FB88B956
:10F0000040F26D130F4A14490B4801F068FD0C499A
:10F01000124801F064FD40F26D11BCE78A42CDD088
:10F020001268CAE73046BDE87040FFF7F5BA00BF86
:10F0300070760208CC78020814450208467302086C
:10F0400080220020584C0208854C02089A4C020885
:10F050004C22002064220020B04C0208C74C020859
:10F060002DE9F04106460C46EFF3058777B13449A8
:10F070004FF49363334A344801F031FD334801F0D3
:10F080002EFD4FF493612F4801F020FD50EA01035B
:10F0900004D1FFF757FF0020BDE8F081EFF311889E
:10F0A000102383F31288BFF36F8F294800F06CFBA5
:10F0B00060B98423274A2849234801F010FD2449D8
:10F0C000264801F00CFD84212248DDE7244D20482C
:10F0D00000F07EFBA868234B1860FFF73FFAA86892
:10F0E000234632462049183000F0A8FBAA6804469F
:10F0F000137C174843F00403137400F053FB68B902
:10F1000040F26D13134A19490F4801F0E8FC104909
:10F11000174801F0E4FC40F26D11D5E74046FFF7D7
:10F120007BFAAB68D3E90A23B3F1004F08BFBA42B8
:10F13000B1D104F016FA201A20EAE070ACE700BF63
:10F1400070760208CC78020814450208467302085B
:10F1500080220020584C0208854C02089A4C020874
:10F160004C22002084220020C9E80108B04C02088B
:10F17000C74C020838B505460C46EFF3058373B15A
:10F18000124940F2C643124A124801F0A8FC124844
:10F1900001F0A5FC40F2C6410D4801F097FCFFF7D5
:10F1A0005FFFB4F1FF3F08BFB5F1FF3F0AD0C117C1
:10F1B00009304FF00A024FF0000341F10001F1F76E
:10F1C000D7F938BD4FF0FF30FBE700BF707602087B
:10F1D000CC780208144502084673020838B5044684
:10F1E000EFF31185102383F31288BFF36F8F20484C
:10F1F00000F0CAFA68B984231E4A1F491F4801F06B
:10F200006EFC1B491E4801F06AFC8421194801F07C
:10F210005DFC174800F0DCFA237C5B0710D504F195
:10F22000180000F0E7FB237C204623F0040323743E
:10F23000FFF72CF92946BDE838400D48FFF71EBA04
:10F240000B4800F0AFFA68B94FF49973094A0D49B9
:10F250000A4801F044FC06490B4801F040FC4FF419
:10F260009971D3E785F31188BFF36F8F38BD00BF65
:10F2700080220020584C0208854C020814450208E0
:10F280009A4C0208B04C0208C74C0208014B98681F
:10F29000704700BF4C2200202DE9F84304468789BF
:10F2A000EFF31185102383F31288BFF36F8F824829
:10F2B00000F06AFA68B98423804A8149814801F0E4
:10F2C0000EFC7D49804801F00AFC84217B4801F056
:10F2D000FDFB794800F07CFA237C180717D57648A7
:10F2E00000F060FA68B94FF49973744A7749754829
:10F2F00001F0F5FB7049764801F0F1FB4FF499718C
:10F30000E4E785F31188BFF36F8FBDE8F883D9096F
:10F3100043F0080240F083802274A36813B12046B2
:10F32000FFF7F2F904F1180000F064FBA66D04F198
:10F330005808B04511D04FF0000976B13046FFF7BC
:10F34000E3F906F1180000F055FB3046C6F8789056
:10F35000FFF79CF8A66DB045EFD1DFF87881D8F8BB
:10F3600008309C427AD1EFF30589B9F1000918BF42
:10F370004FF00109D8F81860574A964200D00EB9EC
:10F38000D8F80C60B34202D0304600F077F920463E
:10F39000C8F8146002F06DF9B9F1000F02D04F48BF
:10F3A000FFF764F8D8F808309C426AD1EFF305867D
:10F3B000002E66D1A389DA071FD53F4800F0F2F985
:10F3C000002890D085F31188BFF36F8F86F31188E2
:10F3D000BFF36F8F0423184602DFEFF3118510236C
:10F3E00083F31288BFF36F8F334800F0CDF9002804
:10F3F0003FF461AF304800F0EBF92F4800F0D2F94C
:10F4000078BB40F26D132D4A30492E4801F067FB5E
:10F4100029492F4801F063FB40F26D1156E7304A4D
:10F4200003F07F0343F008039442237408D12D496D
:10F430005A232D4A234801F052FB5A212A4846E715
:10F44000D90707D529495B23274A1E4801F047FB06
:10F450005B21F3E7204604F001F85EE74FF0000976
:10F4600088E72846FFF7D8F821494FF4EE731E4A83
:10F47000144801F034FB1F4801F031FB4FF4EE71EA
:10F48000DCE70D4800F08EF900283FF42CAF85F33F
:10F490001188BFF36F8FFB077FF537AF40F2A253A0
:10F4A000114A1549074801F01AFB2146134801F09B
:10F4B00016FB40F2A251C1E780220020584C0208FE
:10F4C000854C0208144502089A4C0208B04C020808
:10F4D000C74C02084C22002064220020C0190020E2
:10F4E000C0180020EE780208CC7802086279020881
:10F4F000D17A0208DC7A0208FE7A0208097B020847
:10F500002DE9F843064688461746EFF31189102384
:10F5100083F31288BFF36F8F214800F035F9054659
:10F5200068B984231F4A2049204801F0D8FA1C49B1
:10F530001F4801F0D4FA84211A4801F0C7FA18488C
:10F5400000F046F93468A6421FD004B32046C4F840
:10F5500078806761FFF7D8F804F1180000F04AFAE4
:10F560002046FEF793FF0E4800F01CF988B94FF4CF
:10F5700099730C4A0F490D4801F0B1FA08490E4839
:10F5800001F0ADFA4FF49971D6E70025EBE7254677
:10F59000E9E789F31188BFF36F8F2846BDE8F88348
:10F5A00080220020584C0208854C020814450208AD
:10F5B0009A4C0208B04C0208C74C0208D3B5DDE9EA
:10F5C0000667089CCDE90067FFF7C6F91CB1034B3D
:10F5D0009B685B69236002B0D0BD00BF4C22002055
:10F5E000027C034612F01F0210D10A4988420DD056
:10F5F0000949086868B1D9897F2909D893F90E208B
:10F60000064B1B689A42B8BF002070470020704725
:10F6100010467047C0180020E40700208822002010
:10F6200008B568B10F4B98420AD303F11802904213
:10F6300006D21822C01AB0FBF2F302FB13034BB13F
:10F6400009490A483F230A4A01F049FA3F2108487C
:10F6500001F03CFA0122074BC0105843064B1A54E4
:10F6600008BD00BF401A00204F7B02081445020865
:10F67000277B0208ABAAAAAADE22002070B50C4B99
:10F680000C4D1E7CFFF7ACFF182303FB0655044608
:10F69000284600F0AFF90022074B9A553CB1621E94
:10F6A0002846BDE870400549D31700F0C7B870BDC3
:10F6B0004C220020401A0020DE22002021F6010802
:10F6C00038B5EFF31185102383F31288BFF36F8FE2
:10F6D000234800F059F868B98423224A2249234874
:10F6E00001F0FDF91E49224801F0F9F984211D4875
:10F6F00001F0ECF91A4800F06BF81E4B1E4A9C68AA
:10F700001068A04213D1FFF7B9FF154800F04AF87E
:10F7100000BB4FF49973134A1849144801F0DFF9FC
:10F720000F49174801F0DBF94FF49971DFE7002129
:10F730001B7C1160134AD35C002BE6D02046FFF7F8
:10F740004FFF0028E1D0237CDB0601D1FEF7F8FF54
:10F750002046D8E785F31188BFF36F8F38BD00BF0F
:10F7600080220020584C0208854C020814450208EB
:10F770009A4C02084C22002084220020B04C02083F
:10F78000C74C0208DE220020006838B1044B00F0AC
:10F7900003001B7CC01A18BF01207047012070476E
:10F7A0004C220020002302680360EFF30581074B21
:10F7B000986811B1017CC90705D41B7C1843831AD2
:10F7C0005842584170470120704700BF4C2200202A
:10F7D000024B1A7C9B681343036070474C22002045
:10F7E000024B1868984208BF00207047E8070020C5
:10F7F000034B1B680BB9FBF7FFB90020704700BF34
:10F800008C22002030B570B10B4B5B6898420AD057
:10F81000036843B1D3E90421D0E90445121941EB4F
:10F820000501C3E90421D0E9003213605A600023C6
:10F83000C0E9003330BD00BFE8070020B3F1FF3F4F
:10F8400008BFB2F1FF3F2DE9F84F04469B4615462D
:10F850001F4600F0B280D0F80090B9F1000F0CD034
:10F8600057496423574A584801F039F9574801F07D
:10F8700036F96421534801F029F98160EFF31188CA
:10F88000102383F31288BFF36F8F5148FFF77CFF7B
:10F89000824660B984234F4A4F494B4801F01FF913
:10F8A0004B494E4801F01BF984214A48E3E7484898
:10F8B000FFF78EFFBBF1000F494A1FDBFFF798FFF0
:10F8C000064601354BF1000B454A2D184BEBE07312
:10F8D000D2E90017C4E904536D1843EB0707FFF79B
:10F8E0007FFF0346DFF8FCE0DEF80490EBB9C4E9E3
:10F8F00000E9C9F80040CEF8044028E06FF00103A9
:10F90000D2E900125B1A4FF0FF3161EB02025B1B80
:10F9100062EB0B02012B72F10001BCBF01234A46CE
:10F920004FF0000AC4E90432D9E7D3E9041CD4E952
:10F9300004208A4270EB0C0B2EDA891A5A686CEBA1
:10F940000000C3E90410C4E9003214605C60FFF7F2
:10F9500047FF84420ED1244B1B685BB9BAF1000FFC
:10F9600002D1FFF745FF0646304603F0E3FD0021D4
:10F97000FBF792F81648FFF715FFB0B94FF49973EB
:10F98000144A1A49104801F0AAF81149184801F020
:10F99000A6F84FF4997188E7521A60EB0C004B45BA
:10F9A000C4E90420A3D01B68A0E788F31188BFF343
:10F9B0006F8F28463946BDE8F88F00252F46F8E7B7
:10F9C0001E7D0208FA7C02081445020846730208EC
:10F9D00090220020584C0208854C02089A4C0208DC
:10F9E000581A0020E80700208C220020B04C0208A2
:10F9F000C74C020870B50446EFF31186102383F359
:10FA00001288BFF36F8F2A48FFF7BEFE68B98423C0
:10FA1000284A2949294801F062F82549284801F077
:10FA20005EF88421234801F051F82148FFF7D0FE09
:10FA300023683BB3FFF7D4FE05462046FFF7E2FEFE
:10FA400000224FF00043A542C4E9042312D0002451
:10FA50001748FFF7A7FE20BB4FF49973154A1949C1
:10FA6000164801F03CF81249174801F038F84FF4F5
:10FA70009971D7E7FFF7BCFE03F05CFD0021FBF7AF
:10FA80000BF8E4E7D4E90423B3F1004F08BF012ADF
:10FA900004D100224FF00043C4E904236FF01504A1
:10FAA000D6E786F31188BFF36F8F204670BD00BF85
:10FAB00090220020584C0208854C02081445020888
:10FAC0009A4C0208B04C0208C74C02082DE9F047D6
:10FAD000DFF804910246C9F80000FFF781FE88466E
:10FAE000044600260027DFF8F4A04FEAE27CDAE9BA
:10FAF000001354B1D4E90450AA427CEB000E1EDA84
:10FB0000AD1A60EB0C00C4E904500024521843EB1A
:10FB10000C032046CAE90023C9F8004003F00AFD9F
:10FB20002146FAF7B9FF2E48FFF73CFED0B188F323
:10FB30001188BFF36F8FBDE8F047FFF7C1BD6918AB
:10FB400043EBE5732046C4E90467CAE90013FFF7F5
:10FB500059FE01224FF000432148C4E90423FFF776
:10FB600021FE78B94FF499731E4A1F491F4800F0CF
:10FB7000B6FF1B491E4800F0B2FF4FF499711948B7
:10FB800000F0A4FF88F31188BFF36F8F2046A368AD
:10FB90009847EFF31188102383F31288BFF36F8F18
:10FBA0000F48FFF7F1FD58B984230E4A11490F4859
:10FBB00000F095FF0A49104800F091FF8421DEE72C
:10FBC0000748FFF705FED9F80020521BC9F80020AE
:10FBD000FFF706FE044688E78C220020581A002012
:10FBE00090220020584C0208B04C0208144502082C
:10FBF000C74C0208854C02089A4C020810B5EFF376
:10FC00001184102383F31288BFF36F8F0B48FFF723
:10FC1000BBFD68B984230A4A0A490B4800F05FFF1C
:10FC200006490A4800F05BFF8421054800F04EFFBA
:10FC30000248FFF7CDFD204610BD00BF90220020F6
:10FC4000584C0208854C0208144502089A4C0208D8
:10FC500070B5EFF31186102383F31288BFF36F8F13
:10FC60001A48FFF791FD68B98423194A19491A48BF
:10FC700000F035FF1549194800F031FF8421144880
:10FC800000F024FF1148FFF7A3FDFFF7B1FD144A70
:10FC9000D2E90045041945EBE0750C48FFF782FDF9
:10FCA00068B94FF499730A4A0E490B4800F017FFE0
:10FCB00006490D4800F013FF4FF49971DFE786F312
:10FCC0001188BFF36F8F2046294670BD9022002017
:10FCD000584C0208854C0208144502089A4C020848
:10FCE000581A0020B04C0208C74C0208F8B5044668
:10FCF000EFF31187102383F31288BFF36F8F5A48F5
:10FD0000FFF742FD68B98423584A5949594800F021
:10FD1000E6FE5549584800F0E2FE8421534800F0C1
:10FD2000D5FE5148FFF754FDD4E90423B3F1004F49
:10FD300008BF012A13D04C48FFF734FD002840F0DB
:10FD40008E804FF49973494A4C494A4800F0C7FEE7
:10FD500045494B4800F0C3FE4FF49971DEE7D4E902
:10FD60000A566A1C46F10003022A73F1000334D3D9
:10FD7000013D46F1FF36002EBCBF00252E4603F0A4
:10FD8000F4FB013041F10001401946EB010101286B
:10FD900071F100015ADB03F0E8FB6FF00203013060
:10FDA00041F10001401946EB010183426FF000432D
:10FDB0008B4150DB03F0D9FB013041F100016FF0C2
:10FDC0000102401946EB01034FF0FF31121A61EBBB
:10FDD000030320462B49FFF731FD236B256A0133CE
:10FDE0002363D5B12048FFF7DDFC0028A9D087F3B5
:10FDF0001188BFF36F8F2046A847EFF311871023B8
:10FE000083F31288BFF36F8F1748FFF7BDFC0028FC
:10FE10003FF479AF1448FFF7DBFC54F8185FA542B4
:10FE200089D0002D87D02846FEF706FD00230E4816
:10FE3000AB67FFF7B7FC002883D087F31188BFF3C7
:10FE40006F8F2846BDE8F840FEF7B0BC6FF00102A6
:10FE50004FF0FF33BDE700224FF00043B9E787F3CF
:10FE60001188BFF36F8FF8BD94220020584C020810
:10FE7000854C0208144502089A4C0208B04C02084E
:10FE8000C74C0208EDFC01082DE9F843064614466C
:10FE90001D4691469846EFF31187102383F312888D
:10FEA000BFF36F8F2748FFF76FFC68B98423264A9A
:10FEB0002649274800F013FE2249264800F00FFE8D
:10FEC0008421214800F002FE1E48FFF781FCB5F1B5
:10FED000FF3F08BFB4F1FF3F11D11A48FFF762FCA2
:10FEE00050BB4FF49973184A1B49194800F0F7FDAD
:10FEF00014491A4800F0F3FD4FF49971E1E7002D21
:10FF00000ADB012C75F100032246BCBF012200254B
:10FF100012F1FF3945F1FF383046FFF76BFDDDE99F
:10FF20000823C6E90A2300234A4633633046434682
:10FF30000B49FFF783FCD0E787F31188BFF36F8F7E
:10FF4000BDE8F88394220020584C0208854C020832
:10FF5000144502089A4C0208B04C0208C74C02082B
:10FF6000EDFC010870B50546EFF31184102686F309
:10FF70001288BFF36F8F2D48FFF706FC68B9842302
:10FF80002B4A2C492C4800F0AAFD28492B4800F0A8
:10FF9000A6FD8421264800F099FD2448FFF718FCAF
:10FFA0002846FFF727FD90B12048FFF7FBFB00280C
:10FFB00037D14FF499731E4A21491F4800F08FFD35
:10FFC0001A49204800F08BFD4FF49971E2E76B6A03
:10FFD000CBB11648FFF7E6FB0028EAD084F311887E
:10FFE000BFF36F8F28466B6A9847EFF3118486F34F
:10FFF0001288BFF36F8F0D48FFF7C6FB0028BED0F5
:020000040802F0
:100000000A48FFF7E5FB05F11800FEF72BFD002875
:10001000CAD0FEF7CBFB2146BDE87040034803F091
:100020005FBA84F31188BFF36F8F70BD94220020F4
:10003000584C0208854C0208144502089A4C0208E4
:10004000B04C0208C74C02082DE9F84F4F1E0F4272
:1000500006460D469A460BD02F4918232F4A3048A2
:1000600000F03DFD2F4800F03AFD18212B481CE020
:10007000141D4DD241F0040B00F11408EFF3118967
:10008000102383F31288BFF36F8F4046FFF77CFB8A
:1000900068B98423244A2549214800F020FD4146BF
:1000A000234800F01CFD84211F4800F00FFD40464E
:1000B000FFF78EFB224659463046D047044640465D
:1000C000FFF770FB68B94FF49973174A1949144840
:1000D00000F005FD4146184800F001FD4FF499710C
:1000E000E2E789F31188BFF36F8F8CB144F8046B9A
:1000F0007DB13C420DD03523084A1049084800F034
:10010000EEFC21462A460E4800F0E9FC3521ADE719
:1001100000242046BDE8F88F404902083E7D0208D1
:10012000144502085B490208584C0208854C020835
:100130009A4C0208B04C0208C74C0208627D0208C3
:10014000947D02082DE9F04105460E46174603F05E
:100150007AF928B9074B9B68DC6E14B9BDE8F081C9
:10016000054C3B46324629462046BDE8F041FFF7A4
:100170006BBF00BF4C220020A4080020014BC366C7
:10018000704700BFA40800200146024A0020FFF784
:10019000D9BF00BF0D0A020807B5074B4FF48052C4
:1001A000009306494FF0FF330548FDF78FFF00200D
:1001B00003B05DF804FB00BF8844020860580020CB
:1001C000601A00200CB430B58BB004460D462022D6
:1001D000002102A803F04BFA0223002D06948DF8AB
:1001E0000A300C4B039312DB01D06B1E1C440FAA88
:1001F0000E9902A80794019200F082F815B1069BAF
:1002000000221A700BB0BDE8304002B070470024E5
:10021000EDE700BF53370208242A2DE9F0410546D7
:1002200001D8012A0AD1354B1622F6F7E5F81A5003
:1002300001B10D600020BDE8F0813046064616F899
:10024000014B202CF9D0A4F109072346042FF4D93F
:100250002B2C32D02D2C33D14FF0010C3378861C4F
:10026000302B34D1307840F0200078282BD132F078
:10027000100028D173783546102202360CF1004761
:100280000020013FB7FBF2FE02FB1E78392B82BF34
:1002900003F1FF3343F02003263B303B9A421DD944
:1002A000704502D817D1984515D24CF0020C34464F
:1002B000354614F8013B2646E8E74FF0000CCDE741
:1002C0004FF0000CCCE7002A08BF0822D6E7002A2E
:1002D00008BF0A22D2E700FB0230E8E701B10D6057
:1002E0001CF0010F18BF40421CF0020FA3D0034BBB
:1002F0002222F6F781F81A5038469CE70C000000DD
:100300002DE9F04F43688BB0804692460093837886
:100310009C0740F1F98000250878002800F0F6805D
:1003200025280AD04B1C019301354146009B984774
:100330000028C0F2E3800199EEE74E788B1C252E51
:100340000193F1D000270A22B9463C461F2C22D83F
:10035000A6F12003102B20D8DFE803F0141F1F1A8A
:100360001F1F1F0B1F1F1F121F171F1F090044F005
:100370000104019B13F8016B0193002EE6D13AE0D2
:1003800044F0020444F00404F3E744F00804F0E706
:1003900044F01004EDE77F2C24D8A6F13003092B9C
:1003A00008D860064EBF02FB073744F0200402FB6A
:1003B0000939DEE72A2E0DD161065AF8043B53D4E1
:1003C000002BA7BF44F020049946C3F1000944F074
:1003D0002804CEE72E2E05D1630600F1978044F065
:1003E0004004C6E76C2E2ED028D8682E32D06A2E54
:1003F00037D04C2E35D0002F46F02003B8BF24F064
:100400004004A3F16502BCBF0027A4B2022A01D9AF
:10041000612B2BD10AF1070A07279D4E2AF0070A04
:100420000AF1080A210760D506EB070B34465C4544
:100430005DD1AE1BA9EB0709A21959E1742E98D022
:100440007A2E96D0D7E7260648BF44F4007444F0CD
:1004500080048EE7E00548BF44F4007444F48074DF
:1004600087E744F4207484E71F4682E7A6F163021D
:10047000122A00F2D880DFE812F013004D00D600F7
:10048000D600D600D6004D00D600D600D600D60045
:10049000D600E800D100D600D6001A00D600A00091
:1004A0005AF8043B012704AE8DF81030BAE75AF829
:1004B000046B784B002E08BF1E4614F0400F3046E8
:1004C00014BF39464FF0FF3102F01BF90746A9E788
:1004D00041462020009B984700280FDB013CA742A3
:1004E000F6D34D44A1462D1B9EE74C46F7E7414607
:1004F00014F8010B009B9847002898DA98F802300E
:1005000043F0040388F802304FF0FF3528460BB063
:10051000BDE8F08F220630D5A3052AD50AF1070AD7
:100520002AF007039A4659685AF8080B24F0100B72
:1005300000291FFA8BFB2FDA40424BF4806B61EBF2
:10054000410104AC0A23224603F0ADF81BF0400F32
:10055000A0EB040200F08E802BF001049742A4B2BD
:1005600040F38F80002E40F08E802BF01104A4B257
:100570001DE05AF8040BC117D8E7E0055AF8041B30
:1005800001D40846F7E7A20547BF48B241F3C011BE
:1005900008B241F3C031C9E750EA0103D1D1630683
:1005A000CFD5002FCDD124F011043A46A4B23B465A
:1005B00040F206410C4262D124E024F010040A23E8
:1005C000A4B214F0800243D014F4007117BF0AF1F2
:1005D000070A5AF8040B2AF0070292461CBF51681A
:1005E0005AF8080B50EA01023ED124F0160B6206BD
:1005F0001FFA8BFB3CD5002F3AD124F017043A4662
:100600003B46A4B221075AD4E10705D5994572DDCE
:10061000A9EB03039F184B469B464AE044F01004A5
:1006200010237826CDE7782B04D1C6F1780343F068
:100630001003C6E741462520009B98470028FFF697
:100640005DAF02354146304670E608230026B8E724
:1006500014F480715AF8040BC4D014F400711ABF5A
:10066000C0B2114680B2BDE724F006041FFA84FB35
:1006700004AC68E713465C46E10699D52EB9013310
:10068000C0E71346F8E73B46F6E70233BAE700BF98
:10069000CC7D0208C57D0208CDE90232414620200A
:1006A000009B98470028FFF629AF0BF1010BDDE90D
:1006B0000232D945F0DCEB1A03EB0B055B46E10691
:1006C00027D541463020CDE90232009B98470028CB
:1006D000FFF614AFDDE902327EB901352F44791BF4
:1006E0008A4229DB144604AE94BB2A44A9EB0309D1
:1006F0001546914440E017468EE7023541463046A4
:10070000CDE90232009B98470028DDE90232E5DAA4
:10071000F4E640F206410C42E0D014F0020F05F17D
:100720000105414614BF2B20202014F4806FCDE931
:10073000023218BF2D20E5E7CDE902324146009B89
:100740003020013598470028DDE90232C7DAD5E6C6
:10075000013C4146CDE90232305D009B98470028BC
:10076000DDE90232C0DAC9E641462020009B0135AE
:1007700098470028FFF6C2AEA9EB0503002BF3DC77
:10078000D9E500BF704710B484682468A44610BC43
:100790006047024670B5014441F221054FF6FF70F3
:1007A000082412F8013B80EA032006B2430098B205
:1007B000002E04F1FF33B8BF684013F0FF04F4D1FA
:1007C0009142EDD170BD0C280BD868B101380B28CF
:1007D00009D8DFE800F00A0E08100812081408080B
:1007E000081618280FD000207047002301200B7036
:1007F00070470123FAE70223F8E70323F6E704230F
:10080000F4E70523F2E70623F0E708B502F0ADFEB2
:100810000A220023EFF7ACFE08BD0A21A0FB01016C
:10082000FEF7A8BC10B50446F0F7A6FC2046F0F78A
:1008300079FBF0F7AFFCBDE810400220FFF7EDBFF9
:1008400038B505460C46F0F797FC45F04000F0F748
:1008500069FB022002F043FD0020F0F763FB204615
:10086000F0F760FBF0F796FCBDE838400220FFF798
:10087000D4BF10B50446F0F77FFC44F02000F0F739
:1008800051FB022002F02BFD0020F0F74BFB002073
:10089000F0F748FB0446F0F77DFC0220FFF7BDFFB0
:1008A000204610BD00EBC10040884008704708B5E5
:1008B000FFF7F8FF084408BD08B50346FFF7F2FF4D
:1008C000B0FA80F21846BDE80840C2F11F02F1F705
:1008D000E3B92DE9F843B1FA81F3C3F11F0800EB46
:1008E0008809D9F8106005460A46A6B94FF0FF34CA
:1008F000C3F120039C40EB681C401CD094FAA4F682
:10090000B6FA86F6331D55F8234028462146F1F7FE
:1009100099F932460BE03446032721462846FFF773
:10092000C1FF82420AD82846F1F78CF94246214697
:100930002846F1F7B1F92046BDE8F88305EBC40479
:10094000E488013FC9F81040D0D0B442E5D1CDE7EA
:1009500038B50446FFF7A6FF0D460346114620466C
:10096000FFF7A0FF1A1892B2530004EBC50520460A
:100970006B80FFF79CFF24F8302038BD70B50B4624
:100980000546FFF78FFF511A89B205EBC3049B1A86
:1009900003444E0066809CB2600005EBC2035880A1
:1009A00025F8321028461146FFF781FF25F8304020
:1009B00070BD70B509B9002070BD056801F007036E
:1009C0000B33CC0804EBD304AB6828469C4228BF09
:1009D0001C462146FFF77DFF06460028EBD0014666
:1009E0002846FFF75FFFA04207D928463219FFF7D4
:1009F000C5FF11462846F1F7DDF805EBC6021046A3
:100A00005388043043F001035380D5E71146FFF7C4
:100A1000D0BF2DE9F04706460D46174698462BB342
:100A20004FF0000A98F8004093F80190DB78A4009A
:100A300004EB430498F802301C444444CA4509D3EB
:100A400039463046AC46D8F8042008F10803BDE822
:100A5000F047604714F8013B0AF1010A204648F8C4
:100A60002340EFF79FFD01300444E7E76FF01500E6
:100A7000BDE8F08730B502460024002012F8013BA3
:100A800043B178B18C4207D1702B04D0A3F140055B
:100A90003A2D07D8002030BDA3F140053A2D01D8EA
:100AA0000134EAE7252B08BF80F00100E6E700F0FB
:100AB00033BA0FB407B504A951F8040B019100F043
:100AC0002BFA03B05DF804EB04B07047002383F306
:100AD0001188BFF36F8F0423184602DF70470FB4ED
:100AE00007B504A951F8040B0191FFF7E0FF03B02B
:100AF0005DF804EB04B0704710B50369024613F0CB
:100B0000080009D11368D4689C429BBF0120526A37
:100B1000E31AD31A0B6010BD00231846FAE713B589
:100B200001A90446FFF7E8FF20B1019BE268013B01
:100B300013440193606A019BC01A013802B010BDD2
:100B400010B5044650182269636AD20702D5013BEA
:100B5000184010BD984228BFC01AFAE710B50446E5
:100B60000A46C168FFF7ECFF2369E06023F0080341
:100B7000236110BD38B50D46026A8B00016843F051
:100B80000203044642F8213001682A46FFF7D8FFE5
:100B9000E3686168984208BF2369206008BF43F09A
:100BA00008032A46204608BF2361FFF7C9FF60609B
:100BB00038BD2DE9F74F0F460021D0F80CB0066A7A
:100BC000009216F82B209A4602F00302022A14BF64
:100BD000894656F82B2006EB8B030193009B08BF38
:100BE000C2F39D0919600446CAF80010B9F1000F5C
:100BF00007D04946FFF7B2FFE368A3604FF0010852
:100C000004E001698A0705D44FF00008404603B0AC
:100C1000BDE8F08FC16906EB8B00884716F82B10F2
:100C2000054611F00108EFD08B071DD51FB13946DD
:100C30002046FFF79FFF61682A462046FFF780FFA6
:100C4000D4E902138B42606007D12A462046FFF7A1
:100C500077FF4FF000080146A0602369216043F050
:100C60000803E1602361D1E701462046FFF776FFE4
:100C7000E168A1601FB12068216A41F82090EA195B
:100C8000CAF8002021682046FFF75AFF2269206039
:100C900042F00802226116F82B2022F0010206F829
:100CA0002B20DDE900321A60A8E770B5044615462E
:100CB000FFF746FF2368834205D12369216023F0B3
:100CC0000803236170BD226AAB0043F0020342F8BF
:100CD000213061682A462046FFF732FF6060F1E765
:100CE00038B5036904465B0706D5856AFFF717FF29
:100CF00085422CBFA562A06238BD70B506460C883F
:100D00008888241A3069A4B2844285B224BF641B47
:100D1000A4B22D1BA8B2984228BF184633682344BA
:100D200013600B8803440B8070BD70B48389858881
:100D30000669ED1AADB2731B934228BF134670BC0F
:100D40000A46011DFFF7D9BF70B40E460146C5889B
:100D500031F80A3FEC1AA3B2934228BF1346324639
:100D600070BCFFF7CABF10B54B880C88E41AA4B258
:100D700094420ED31A4492B28B884A800A8000694A
:100D8000D21A92B2824201D2002010BD03448B805D
:100D9000FAE76FF01500F8E770472DE9F0411E46BD
:100DA000436801205C688840D4F804C0C2F3801313
:100DB0002CEA000C8B4043EA0C0390FAA0FCBCFA2E
:100DC0008CFC4FF003086360D4F808E04FEA4C0C49
:100DD00008FA0CFC2EEA0C0E90FAA0FCBCFA8CFC73
:100DE000C2F3C1134FEA4C0C03FA0CF390FAA0FCC7
:100DF000BCFA8CFC43EA0E03A360D4F80CE04FEA83
:100E00004C0C08FA0CFC2EEA0C0E90FAA0FCBCFA72
:100E10008CFCC2F341234FEA4C0C02F0300503FA7C
:100E20000CF343EA0E03202D6FEA0007E36017D1AD
:100E3000072934D890FAA0F3216A73B3B3FA83F385
:100E40004FF00F0C9B000CFA03F321EA030190FA18
:100E5000A0F3B3FA83F39B0006FA03F30B43236278
:100E6000E36AD2044CBF03433B40E36290FAA0F331
:100E7000B3FA83F390FAA0F00321B0FA80F022686D
:100E80005B0001FA03F340002D0922EA03038540C9
:100E90001D4325600020BDE8F0812B46D0E7030A02
:100EA000D4F824C093FAA3F189B1B1FA81F193FA8D
:100EB000A3F34FF00F0EB3FA83F389000EFA01F19A
:100EC0009B002CEA01019E400E436662C8E729465A
:100ED000EDE703785B075FBF03684288C3F34A23EB
:100EE00003EB12105DBF173020F0070080080020D0
:100EF0007047002070470346D3E8EF0F421CC3E859
:100F0000E12F0029F8D1704708B502F02EFB0A2224
:100F10000023EFF72DFB08BD1FB50023CDE902012B
:100F20001A4619461846CDE90033F2F731FD05B0EF
:100F30005DF804FB0120F2F703BA00207047436814
:100F4000DA7101224368196043685A71F2F7EAB90D
:100F500070B515460C4669B1D2E901369B1B994222
:100F60000AD813680A460146981902F05AFBAB6882
:100F70002344AB60204670BD6FF01B00FBE770B5EB
:100F80000E4615461946044618B9BDE87040F2F7FA
:100F9000D7B933B1C2F34A231030120D184402F00E
:100FA00040FBC4E900562046BDE87040F2F73CBC67
:100FB0002DE9F3415F1C4FEA8708064608F1170048
:100FC00020F0070080080C461546F2F765FA00236A
:100FD0008DF80470ADF805308DF8073068B1034620
:100FE000019AA8F1040143F8102F2A46294452F827
:100FF000045B8A4243F8045FF9D100233146A20121
:1010000002F4E07242EA482222F07F4222F47002A7
:1010100022F03F0202B0BDE8F041FFF7B0BF07B5D4
:101020000123019201AAFFF7C3FF03B05DF804FB9F
:1010300007B5CDE9002302236A46FFF7B9FF03B0E5
:101040005DF804FB1FB5CDE90123069B01AA0393BC
:101050000323FFF7ADFF05B05DF804FBF8B50646C6
:101060000D4614461F4604B9F8BD214628463A46A7
:10107000B047241A0544F6E710B542680446D2E9A1
:10108000002381680068FFF7E9FF002263681A60A7
:1010900010BD0A2838B504460D4602D10D20F2F7DE
:1010A00015FD29462046F2F711FD002038BD2DE937
:1010B000F043054689B008460E8891F800900C462A
:1010C000D1F808801746F2F7D5FC011EC6F3821648
:1010D000C9F3C2091FDB4846F2F7B8FB03462146B5
:1010E00051F8102B6088C2F34A22002A01EB020457
:1010F00008BF00210022C0F30B10CDE90507CDE9A0
:10110000031428464146CDE900220296F2F70AFD73
:1011100009B0BDE8F0830023E1E7002908DB80681F
:10112000884205D9401A904234BF00200120704700
:1011300000207047704770B516461A4605460C46A3
:10114000FFF7EBFF48B16968E868214482681468DA
:101150003246A446BDE8704060476FF0150070BD90
:1011600070B516461A4605460C46FFF7D6FF48B13D
:101170006968E8682144826854683246A446BDE83C
:10118000704060476FF0150070BD10B50B46044607
:10119000FFF7C3FF30B16168E0681944BDE8104053
:1011A00000F038BA6FF0150010BD08B5C06883684C
:1011B000DB689847006808BDC068704708B5C0681C
:1011C0008368DB689847407908BD30B54C68036890
:1011D000A34201D2012030BD8A682244934201D348
:1011E0000020F8E7D1E90452954203D36FF00B03D6
:1011F0008B61F5E7CA681B1B42F835304368086904
:1012000002EBC00253600B6901330B61E2E737B5B3
:101210000C46C0B201A91546F2F7BEFE00280CDB51
:10122000019850B121462A46F2F7DCFE04460198A7
:10123000FFF780FF204603B030BD6FF01504F9E7DB
:1012400008B50B684268934204D90846F2F740FF9C
:10125000002008BD4B68012013444B60F9E72DE9DD
:10126000F047894616469846044698B38268036953
:10127000134482693344934230D80025D4E9017085
:10128000A6EB050A3F1ABA4515D2B54209D2236822
:101290005246184409EB050102F0C3F9A368534410
:1012A000A360B8F1000F1CD0A068A8B12046BDE82B
:1012B000F047F2F7B1BE23683A46184409EB05013E
:1012C00002F0AFF963682046A360F2F7A5FE18B9F3
:1012D0003D44D3E76FF00D00BDE8F0876FF00B00E1
:1012E000FAE74046F8E7FFF7A3BE10F0700F08B525
:1012F00000F07F0203D0F3F79BF8002008BD10F048
:10130000800F4FF0010018BF10329040F6E70068E0
:1013100038B150F8043C04385B688B4201D0406817
:10132000F6E77047006848B150F8043C04385B6841
:101330005B689B788B4201D04068F4E7704730B51A
:10134000006888B150F8043C04385B681A6A1D7F55
:101350000023043ADCB2A54201D84068F1E701332A
:1013600012F833408C42F5D130BD08B5F3F778FE62
:1013700028B1406810F1100F14BF0020012008BDF3
:101380004B1CDBB28170817680F82530C37600F883
:10139000061C704750E90231D0F89C001847002223
:1013A000036983F84A207047036993F84A0050B1F3
:1013B00093F8480038B1D3F8902093889189106948
:1013C0005B1A9BB2C01A70470022036983F84B2056
:1013D0007047036993F8490008B193F84B007047D0
:1013E00008B50246FFF7F5FF28B91046FFF7DCFF06
:1013F000003818BF012008BD0369C3E90012704717
:101400000229036908D004290BD001290ED1D3F891
:10141000943000201360704793F89B30C3F340036F
:10142000F7E793F89B3003F00103F2E76FF08500D4
:101430007047CB79026923B1012B02D06FF0850090
:101440007047002082F8A130704710B50369D3F8C7
:1014500094200A6093F898206AB1012A0CBF0222F6
:1014600003224A7193F89920501E032805D8DFE81B
:1014700000F0050505050122F3E700220A7193F843
:101480009A20062A0BD0072A0BD0052A0CBF00226F
:1014900003228A7193F8A1300020CB7110BD012284
:1014A000F7E70222F5E708B5402903693DD011D8D6
:1014B00010292ED006D801291AD008291CD06FF087
:1014C000120008BD2029FAD193F89C1052BB01F0FC
:1014D000FB0116E0B1F5807F33D0B1F5007F39D044
:1014E0008029ECD193F89C1042BB01F0EF0108E099
:1014F000C3F894200020E4E793F89C1032B901F07F
:10150000FE0183F89C10F4F72BF8F3E741F001019A
:10151000F7E793F89C1012B901F0FD01F1E741F0F3
:101520000201EEE741F00401EBE793F89C1012B9D9
:1015300001F0F701E5E741F00801E2E741F01001B1
:10154000DFE793F89C1012B901F0DF01D9E741F011
:101550002001D6E793F89C1012B901F0BF01D0E743
:1015600041F04001CDE770B504690546D4F88C0020
:10157000F1F74CFD94F8A0300646B3B1D4F88C20B6
:101580009388918912695B1A9BB2D31A3F2B0CD9AD
:1015900094F89E3033B16B6822461B6A0021187B99
:1015A000F4F7DCF8002384F8A030304670BD012247
:1015B00008B5FFF7D8FF013818BF4FF0FF3008BD5E
:1015C0000269D2F8901088898B8809691B1A9BB22E
:1015D000994204BF002382F84830D2F88C300120B1
:1015E000D9885B89994204BF002382F8493070474B
:1015F00070B5044600F501701E46FFF730FE054643
:1016000036B1D4F80002FFF795FD0023C4F800328C
:10161000284670BD2DE9F04187680446FB680D46F9
:1016200016469847BB682BB1324629462046BDE88E
:10163000F04118476FF05700BDE8F08102F017B88D
:1016400001F0EFBF01460068F4F71CBA08B5F4F7E3
:1016500075FABDE80840F4F75BBE0A460121FFF7C2
:10166000DEBC00210120F4F70DBA036E83F30B8872
:1016700070476FF08500704761B662B680F31188DD
:10168000BFF36F8F704772B6002383F31188BFF3E7
:101690006F8FBFF34F8F30BF62B6BFF36F8F70474E
:1016A00040E800F313F4803FD8B208BF6FF0150094
:1016B000704730B50C684B6885B00A894D89009435
:1016C000013B24F01F04234402F01F0242EA4512AA
:1016D00023F01F0369468DF808200393F4F7C8FE32
:1016E00005B030BD08B5D1E904319847002008BDE8
:1016F0007047416A8968F5F7BBB910B503680221E4
:101700001C88F5F7D3FA60BA80B210BD03898B420A
:101710000AD9436803EBC10053F831302BB9436851
:10172000002B08BF002070470020704737B50546E2
:1017300008460C46F5F784F92846082340F8044B80
:10174000E268618A2382636900240839D31ACB1ABC
:1017500000940221083201F026FB03B030BD2DE9D0
:10176000F04F85B005460E4690461F4601F014F92D
:1017700020B96FF04C0005B0BDE8F08F4FF01409B0
:10178000002334464FF0010A09FB08693B602846F4
:1017900002A901F0F5F860B1DDE902324FF0000B6B
:1017A0000093C3450CD10021284601F075F90028AB
:1017B000EDD1284601F019F90028DAD00020DAE747
:1017C000A14598BF344661688A4214D121680098C7
:1017D000019201F058FF019A68B9237C7BB9D4E9E2
:1017E00002312846984768B184F810A03B68143449
:1017F00001333B60CBE714340BF1010BD1E76FF001
:101800006F00B8E76FF02200B5E720B101280CBFE8
:101810000220FF2070470120704702780B789A421F
:101820000FD30CD842784B789A420AD307D8428813
:101830004B889A4205D38CBF0120002070470120BD
:1018400070474FF0FF30704770B506460D4600F008
:101850003EF80446304600F03DF9012C034601D91C
:10186000F5F75EFE013B84F00100032B0CD8DFE8A6
:1018700003F008060902022305B12B7070BD012395
:10188000FAE720460023F7E74FF0FF30F6E701289C
:1018900037B5054601D9F5F759FE002000F017F8D5
:1018A000044600200DF107018DF80700FFF7CCFF7B
:1018B000A84203D19DF80730022B04D0631B584285
:1018C000584103B030BD0120FBE77047704700204E
:1018D00070470020704770B505460E46002488B05A
:1018E00000236A4631462046F6F7C6F828B920227A
:1018F0002946684601F0C7FE30B1631C022B4FF049
:101900000104EDD14FF0FF34204608B070BD002334
:1019100001461A461846F6F7AFB8042804D802283C
:1019200008D809D1032070470638012894BF052044
:10193000012070470520704701207047002008B53E
:10194000F1F704FA70B50446BCB000F1100517AE0B
:10195000002200232846FBF73BFF014608B93CB0B4
:1019600070BD03AB6846CDE900460293F5F71CFA5B
:10197000EEE7F5F759B970B505460E46F6F7C2FA27
:10198000044618B1F36A1BB129469847204670BD3A
:10199000EA7A05F11801183001F043FEF6E710B5B8
:1019A000044640B10B6B0BB1183098472046BDE898
:1019B0001040F5F739B910BD4FF48070704738B555
:1019C0000446018AC068F7F777FC05462046FFF712
:1019D000D0FF284638BD10B50446006818B1FFF79F
:1019E000C8FF0023236010BDF0B5036804460E460F
:1019F000154685B023B1012D0BD8002005B0F0BDF0
:101A0000F6F780FA2060F5F71BF82368002BF2D177
:101A1000F3E741F2044337889F423FD040F6061374
:101A20009F42EAD12068F5F70BF82368023DD3F80E
:101A30000CE0188AB3F812C05969ACEB000CAEEB9D
:101A400001010095B31C03AAACEB01017044F1F74E
:101A500011FA38BB2268039B118A0B44138240F6AB
:101A600006139F4207D12068038A012B1AD90C3034
:101A7000FFF743FEA0802368A1881A8A8A42BCD35C
:101A800010D8D968002000F011F8034650B9216839
:101A90000A8A023A0A8220682360AFE723681B8A19
:101AA000002BC2D12046FFF796FFA6E70A448A42E0
:101AB00000D1704711F8013B40BA80B25840C0F3E2
:101AC00003134340180380B24340580100F4FF5011
:101AD0005840ECE7F9F7A4B91FB5012001A9F2F7C6
:101AE0005BFA18B1002005B05DF804FB019802A96B
:101AF000F9F740F90028F5D19DF80830032B05D0FF
:101B00009DF80B00431E58425841ECE70120EAE7DC
:101B100013B5012001A9F2F73FFA58B90122019843
:101B2000114600F0E8FC04460198FFF703FB20464D
:101B300002B010BD6FF00404F9E730387047134667
:101B40000A460121FFF774BA002008B50B21F6F709
:101B500011FC024601460B20F4F744FB00220C2145
:101B60000120F6F707FC11460C20F4F73BFB00229E
:101B70000D210220F6F7FEFB11460D20F4F732FB93
:101B800000220E210320F6F7F5FB11460E20F4F794
:101B900029FB00220F210420F6F7ECFB11460F2051
:101BA000F4F720FB002210210520F6F7E3FB114695
:101BB0001020F4F717FB002211210620F6F7DAFBBC
:101BC00011461120F4F70EFB002212210720F6F730
:101BD000D1FB11461220F4F705FB00221321082047
:101BE000F6F7C8FB11461320F4F7FCFA0022142183
:101BF0000920F6F7BFFB11461420F4F7F3FA002290
:101C000015210A20F6F7B6FB11461520F4F7EAFA7B
:101C1000002216210B20F6F7ADFB11461620F4F733
:101C2000E1FA002217210C20F6F7A4FB1146172039
:101C3000F4F7D8FA002218210D20F6F79BFB114685
:101C40001820F4F7CFFA002219210E20F6F792FBA4
:101C500011461920F4F7C6FA00221A210F20F6F7D0
:101C600089FB11461A20F4F7BDFA002008BD0120B7
:101C700001F01F018840704710B50F24C20000F02A
:101C80000C0000F1884000F50830036E02F01802E5
:101C9000944023EA040391400B43036610BD1346AE
:101CA0000A460121FFF7C4B90A460121FFF7B7B977
:101CB00010B50C46F6F70AFC10B18460002010BD88
:101CC0006FF01500FBE710B50C46F6F7FFFB20B1EF
:101CD0001CB143790020237010BD6FF01500FBE7A5
:101CE00010B50446F6F740FF10B16FF0150010BDB7
:101CF0002046F6F781FF0028F9D0F6E708B5F6F799
:101D0000E5FB08B1008808BD6FF01500FBE70B8804
:101D100082B0C3F30B0303F67872C2F30B02202ADE
:101D200014D803F1884303F503331A684868024363
:101D300000201A600B88C3F30B0303F1884303F5FB
:101D400003331B680193019B02B070476FF085005D
:101D5000FAE70B88C3F30B0303F67872C2F30B02A6
:101D6000202A9FBF03F1884303F503331A684968AB
:101D70009BBF00208A436FF085001A6070470128DE
:101D800006D006380B2834BF00206FF0850070475E
:101D90000020704770B508884B68C0F30B009AB2FA
:101DA000C3F30445FFF7EBFFA0B9FF2B11D002F1FD
:101DB00088410122C3F34156013601F50331B24097
:101DC0000C68013AAA401B0E24EA0202AB401343FE
:101DD0000B6070BD6FF08500FBE7088808B5C0F3A5
:101DE0000B0000F67873C3F30B03202B0AD800F125
:101DF000884000F5033002684B6893430CBF022013
:101E0000012008BDFFF7BBFF00280CBF0220012006
:101E1000F7E7F7B51C460023164682682360A360E7
:101E20000D465369694601AA9847019B5A1E0192C3
:101E30001BB96FF0150003B0F0BD0098A2684768A9
:101E40002168676085B9B31AD0F800C0634528BF20
:101E5000634603FB07111A442160A26002689A429C
:101E600006D808300090E0E76B1AB3FBF7F3EBE716
:101E70000020E0E713460022FFF7CBBF2DE9F04733
:101E80000024836886B0884691465B6902AA01A94E
:101E90009847A2462546029BAB4202D806B0BDE851
:101EA000F0870026019F07EBC5077B6804933A681B
:101EB0000AEB0603B24202D89A460135EBE74946DF
:101EC0000394059303A8C0470028E7D0049B01367C
:101ED0001C44ECE74FF0FF324FF0FF330430FBF7C8
:101EE0007FBD70B51C461646002322460D4600F005
:101EF00042F830B921462846F7F720FA6FF015006E
:101F000070BD2CB12246304605F1006101F089FB1D
:101F10000020F5E70020704708B500690430012271
:101F2000114601F062FAFFF7F5FF00EAE07008BD24
:101F300070B5044600690D461646FFF7CBFF002139
:101F40002046F7F743FA98B9294632462046F7F774
:101F5000BDFA054601212046F7F738FA002D14BFD7
:101F60002E46064620690430FBF7BEFC304670BDA5
:101F70006FF00405EEE77FB506460D4614461BB12B
:101F800041EA02031B0710D12946304601AAFFF798
:101F900071FF50B9013C304601AA6119FFF76AFF91
:101FA000B0FA80F0400904B070BD0020FBE7436840
:101FB00000205B681B690B60704743685B68586969
:101FC00042400A4042405A61002070474368002066
:101FD0005B6899617047436800205B68996270474D
:101FE000436800205B685A6951405961704712F498
:101FF000003CF8B50C46134641D0960738D5550736
:102000005BD55022D90635D542F4007203F4C06185
:10201000B1F5806F43D0B1F5C06F3DD0B1F5007F11
:1020200040D013F44036056912D06F6827FA04F1E6
:10203000C9075FBF0121A14039436960BCF1000FAE
:1020400006D01F0331D501234168A34049688B6145
:1020500000232146FEF7A1FE46B96B6823FA04F27D
:10206000D20741BF0122A24093436B600020F8BD1C
:102070001022C7E79F06C9D542F48062C6E7D6039F
:1020800005D5D50605D4C2F340129202BEE7302230
:10209000BCE74FF40072B9E742F4C072C1E742F402
:1020A0008072BEE742F08002BBE75903D0D501231E
:1020B0004168A34049688B62CAE76FF08500D6E7A4
:1020C00030B5036813600579046804EBC504A342C6
:1020D00002D36FF0010030BD5C7908338C42F1D13E
:1020E0000020F8E72DE9F84F044600254FF00109DC
:1020F00000EBC108444502D10020BDE8F88FD4F8B8
:1021000000B01BF0100F20D1656845F02005CBF31F
:102110004420F0F7D9FF074608B3CBF343160BF082
:102120001F0A53462A463146FEF737FE0028E4DBF5
:10213000BAF1110F07D17B6809FA06F65B682A0528
:102140004CBF9E619E620834D4E70BF01F03102B36
:1021500003D0112BDBD16568D9E73025D7E76FF0C5
:102160001200CAE74163704781637047C1637047DB
:1021700001647047836C6FF313030B4383647047F0
:10218000C16470474168036949681B680131B3FB4A
:10219000F1F30020C2E9003070474368C1F34B10EF
:1021A0001B6801F01F01C05801238B400340003B16
:1021B00018BF012300201370704710B54368C1F3A6
:1021C0004B101A680123845801F01F018B402343F0
:1021D0008350002010BD012210B54368C1F34B1499
:1021E000186801F01F0123588A4023EA0203235094
:1021F000002010BD38B504460D46FFF7DEFF294626
:102200002046FFF7E8FF002038BD036801F40062B4
:1022100023F4006313430360C36801F4C02123F473
:10222000C0230B43C360704730B50446086808B943
:10223000106008E0206845689D4205D3B5FBF3F5C2
:1022400015602368186830BD0830206008680138C0
:102250000860EBE7C0F34510082804D910288CBFAC
:1022600004200220704701207047436840699BB2F8
:1022700023B980F48050C0F300307047C0F3C00031
:1022800080F00100C0B2704738B5D1B100221346CA
:102290004D68AA420ED18088FFF7DCFFB3FBF0F156
:1022A00000FB11337BB9B1F5803FB4BF08466FF036
:1022B000790038BD0C6804EBC20464680132234421
:1022C000E7E70846F5E76FF01500F2E70A46012157
:1022D000FEF7A5BE70B506460C46002521463046E1
:1022E000F7F760FE636D94F858200544EDB21B1AB1
:1022F000AA42636501D9002BF0D170BD70B50646C6
:102300000C46002521463046F7F7AAFE236D94F8C7
:1023100058200544EDB21B1AAA42236501D9002BAF
:10232000F0D170BD13B5406801AA0C46FFF7C8FE96
:10233000002805DB019B002219791868FFF7D2FEFF
:10234000012C02D1831C08BF002002B010BD4369DC
:10235000DA0702D590F83030F9E7036823F001037B
:1023600003600368DB07FCD4704710B50369446859
:102370001A6922B95A6003F10800FBF7B5FA206820
:10238000FFF7E5FF002010BD4FF0E022136923F0B6
:102390000103136170478068203820F00F00203857
:1023A0007047042809D0052803D1481E18BF012012
:1023B0007047431A5842584170470120704738B55A
:1023C00015460C4661B15AB1FEF7F8FE2146254488
:1023D00011F8013B834203D1A942F9D1012038BD54
:1023E0000020FCE738B50C4601231146224605467D
:1023F000FEF7A1FE00280FDB012221462846FFF749
:10240000DEFF18B103230020237038BD2378012B91
:1024100014BF02230123F6E70120F6E72DE9FF4769
:102420001D4606460F469046FEF7BFFE6C1E04444E
:1024300040420440102C01D9F4F784FA3046FEF7EC
:10244000BDFE82462A464146684601F0EAF85146FA
:10245000621B0DEB050001F00AF923466A46394676
:102460003046FEF77DFE003818BF012004B0BDE8FD
:10247000F08707B501238DF8042001AAFFF7CEFFEE
:1024800003B05DF804FB81680122203921F00F01BF
:10249000FFF7EFBF8268203A22F00F02FFF7A2BFDA
:1024A00013B50C46C0B201A9F1F776FD50B921462B
:1024B0000198F8F75FFC04460198FEF73BFE2046C2
:1024C00002B010BD0124FAE70E2A13B5044601D963
:1024D000F4F738FA0E29FBD841EA02118DF80710FB
:1024E000FFF759FF012301460DF107022046FFF7D0
:1024F00095FF02B010BD73B50E46694604461546F9
:10250000F8F738FC20BB9DF80030022B22D0032BBB
:102510000BD0012B20D136B19DF80330032B02D113
:102520002046FFF7B0FF02B070BD002EFBD1204661
:10253000F8F7FEFB60B935B9A91C00222046C9B2E4
:10254000FFF7C2FFEFE72046FFF79DFF0028F3D01B
:102550000120E8E7F01CE6E7F4F7F4F908B5F8F72E
:1025600071FD002008BDEFF31180102383F3128862
:10257000BFF36F8F704780F31188BFF36F8F704781
:1025800030B5026A0346D2E9014084424FF00000B0
:1025900002D30123D36030BD187450682425013064
:1025A0005060186A4268541E0268184605FB0422EF
:1025B0005C1950F8045BA04242F8045BF9D1012099
:1025C0009960E8E7F0B5064604468BB001AD0F46CA
:1025D00094460FCE0FC50FCE0FC5216A33684A68E7
:1025E0002B6022B90223CB6000200BB0F0BDFB07AB
:1025F0002068A56813D524260B68013A06FB023330
:102600007E0703D41A7C0AB10F23ECE7224603F1BC
:10261000240153F8046B8B4242F8046BF9D1B907DB
:1026200041BF226A536803F1FF335360AC4505D2C2
:10263000236A002BD8D00422DA60D5E77A0748BF96
:1026400020603B0701D40120CFE7143406AB93E8A8
:10265000070084E80700F6E710B502601A44029B01
:10266000012983604FF00003C26003740375836126
:1026700001D8036210BD24224A43243A841804621C
:102680008350026A8C1E9460026A02295360026AB7
:10269000D360026A1374026A53741EBF036A243043
:1026A0001860E7E7182871F100030ED3B0F5807FBA
:1026B00071F100030BD3B0F5803F71F1000308D333
:1026C000002914BF0920052070470120704702200F
:1026D00070470320704737B50024002508290A46B3
:1026E000CDE900450AD80146684600F09AFFDDE9C9
:1026F000000103B0BDE83040FFF7D4BF002003B0B5
:1027000030BD03460020884200D170471A5C002A81
:10271000FBD00130F7E700B1C16070474368036048
:10272000836801338360006AFFF7F5BF08B502686C
:10273000C3689A4205D3006A0821FFF7ECFF002026
:1027400008BD0120FCE738B504460D46FFF7EEFF53
:1027500040B123681B78B5EB531F04D00A21206ACF
:10276000FFF7D9FF002038BD10B50446FFF7DEFFA4
:1027700038B123681A78FF2A05D00A21206AFFF7AA
:10278000CAFF002010BD01332360FBE710B5027DB6
:10279000044632B1FFF7E8FF48B100234FF0FF32A3
:1027A00023752046BDE810400721FFF70BBF10BD81
:1027B0002DE9F84F1D46531E072B04460E461746BB
:1027C00002D90E21206A1EE020B94FF000094846C8
:1027D000BDE8F88F0029F4D0FFF7A8FF8146002854
:1027E000F3D0A3680BB90321ECE7226892F80080CC
:1027F00008F01F0BBBF11F0F14D10DB3206A28B1D5
:10280000037C1BB11521FFF786FFDEE701232B7048
:1028100000252368013563602B442360A368013BD6
:10282000A360D4E7BBF1170F0CD9ABF11803D9B2F1
:10283000032905D801259D40AF4204D20521C1E7F7
:102840000721BFE70025E36805F1010A52449342DE
:1028500001D20821B6E73A460021304600F007FFD2
:1028600015B986F800B0D3E72268711E531913F822
:102870000109934201F8010FF9D1236A002BC8D056
:102880001B7C002BC5D008F107085FFA88F8B8F167
:10289000020FBED939463046FFF71DFF8245B8D03A
:1028A00015218FE738B50C4611460546FFF74BFF5B
:1028B00008B9002038BD042200232846A118FFF7DC
:1028C00077FF0028F5D02B682360F3E7002337B5A6
:1028D00004468DF80330FFF736FFA8B104222046E6
:1028E0000DF103030DEB0201FFF762FF60B19DF8EC
:1028F000035065B901992046FFF742FE50B963685D
:102900002360A3680133A360002003B030BD6FF0E3
:102910000F01F0E72575F8E738B504460D46FFF7D7
:10292000C1FF48B12268E3689B1A6A689A4204D9D9
:1029300008212046FFF7F2FE002038BD70B50D4695
:10294000002104461646FFF7FEFE38B132462946FE
:102950002046BDE870400023FFF72ABF70BD042267
:10296000FFF7ECBFFFF7FBBF38B5022204460D4668
:10297000FFF7D2FF18B123686A681344236038BD9B
:1029800038B5032204460D46FFF7C6FF18B1236889
:102990006A681344236038BD10B505210446FFF76B
:1029A00095FF50B1237D4BB96FF00042A36893426D
:1029B00005D305212046FFF7B1FE002010BD5B00C6
:1029C000A360FBE7037D23B98068B0FA80F040097B
:1029D00070470368C268934205D21878A0F1FF03DC
:1029E00058425841704700207047FFF7CFBE70B57E
:1029F0000D4607210446FFF7A6FE48B123681E785E
:102A000006F01F06182E05D90A21206AFFF783FE5B
:102A1000002070BD0023012229462046FFF7C8FE92
:102A20000028F5D0182EF4D12B781F2BF1D81521C2
:102A30002046FFF773FEEBE737B50C460DF10701B3
:102A40000546FFF7D4FF58B19DF80730143BDBB2C1
:102A5000012B8DF8073006D90A212846FFF75EFEC4
:102A6000002003B030BD03F001032370F9E738B54F
:102A70000D4606210446FFF766FE08B9002038BD62
:102A80000023042229462046FFF792FE0028F5D0B5
:102A9000A3680133A360F2E7F0B504460E468FB099
:102AA00021B10E21206AFFF736FE02E0FFF73EFE5D
:102AB00018B9002630460FB0F0BD236800221D78FB
:102AC0000023CDE9022322466D0905AB04F1200C59
:102AD0001F4610685168083203C762453B46F7D16C
:102AE00010683860062D1CD0002308228DF80430B1
:102AF0002B1F012B98BF01AE33460DEB020105A839
:102B0000FFF756FE06460028D3D0042D36D017D83E
:102B1000023D012D1FD9059B2360A368013BA360E3
:102B2000C8E701A905A8FFF7A2FF0028C1D0059BAF
:102B3000089A934201D30821B4E71D786D09D1E7C3
:102B4000052DE8D1DDE90232B3F1004F72F1000149
:102B500010D32946A6E7E3682168029A5B1A9A42D5
:102B600003D8059B13440593D5E708212046FFF7BA
:102B7000D5FD9EE7DB185241CDE902329DF80450A5
:102B800025B16FF00F020023CDE90223029B8DF8DF
:102B90002850079305A8FFF715FF014638B1002D0F
:102BA000B9D005A8FFF7E0FD0028B4D181E705A85A
:102BB000FFF772FF0028EDD17BE7FFF74DBD00B1B5
:102BC000C160704710B50368C468A34205D30821EB
:102BD000006AFFF7F4FF002010BD1F2A01D90E2163
:102BE000F6E742EA41121A700368013303600120DC
:102BF000F2E770B505460E46104619461446FFF733
:102C00006AFD22463146431E2846BDE87040F8F76B
:102C10002FBAF8B51746C368026804469A420D46B3
:102C200006D30821206AFFF7CAFF00263046F8BD08
:102C30009B1A4A689A42F4D80E4656F8043B53B1A0
:102C400004213046FFF747FD6A6823681344E268B1
:102C500003449A42E5D33246042339462046FFF71F
:102C6000C8FF06460028E0D020682968884202D0C4
:102C70006A6800F0E3FC23686A6813442360D5E7C0
:102C8000082A73B513460C4606D90521006AFFF7DA
:102C900096FF002002B070BD8E1816F9012C002A94
:102CA0000EDA0A466C466946B24203D101214BB99D
:102CB0000E21EBE712F8015BED4301F8015BF3E74E
:102CC0000021F4E72246FFF794FFE3E7134610B52F
:102CD0002AB1BDE810400A460021FFF78ABF0E2145
:102CE000006AFFF76CFF104610BD07B50422019182
:102CF0000DEB0201FFF7C4FF03B05DF804FB07B55D
:102D0000042201910DEB0201FFF7E0FF03B05DF833
:102D100004FBFFF7F4BF0222FFF77BBF0322FFF79C
:102D200078BF07B5CDE900126946FFF7F7FF03B09A
:102D30005DF804FB38B50C46054611462046FFF702
:102D4000E0FC214602462846BDE83840FFF7E9BFCF
:102D50001F220421FFF736BF1F220521FFF732BFD4
:102D60001F220721FFF72EBFFFF7FABF10B50A4653
:102D700009781839072905D9BDE810400123072132
:102D8000FFF737BF1521006AFFF719FF002010BDBC
:102D900007B514318DF807100DF10701FFF7E6FFB5
:102DA00003B05DF804FB1FB50024CDE90144069C87
:102DB0000094FFF751FC04B010BD0A2382B00193C8
:102DC000019B4BB9C00000F1804000F5B2300068B3
:102DD000C0F3094002B07047019B013BEFE70A23B3
:102DE00082B00193019B4BB9C00000F1804000F517
:102DF000B2304068C0F3094002B07047019B013B0C
:102E0000EFE77047F7B50446E0B190F8953203F06C
:102E1000FF021BB980F89422FFF7F3FF0323206819
:102E200084F8953200F0D4F9237C251D8DF800300C
:102E300095E80E00206800F0ADF9014630B102239C
:102E400084F895320125284603B0F0BD206800F0D3
:102E5000C7F90028F3D102460127267904F11403AB
:102E6000C1B28E4203F1280321D800210A4604F59D
:102E7000AA73C8B2864203F1280324D8237C8DF8B4
:102E8000003095E80E00206800F0B9F905460028EA
:102E9000D5D10123607484F89532237B012B02D1B4
:102EA000204600F066F9206800F0CAF9CBE743E954
:102EB000062203F8277C03F8281C03F8252C43F886
:102EC000102C0130CCE743E9062203F8272C03F845
:102ED000280C03F8252C43F8102C0131C9E710B554
:102EE00090F894320446012B0CD0012380F89432E0
:102EF000006800F066F9206800F09CF9002084F872
:102F0000940210BD0220FCE710B590F894320446FC
:102F1000012B0CD0012380F89432006800F058F99E
:102F2000206800F08DF9002084F8940210BD022082
:102F3000FCE7704710B590F894220446012A0AD0A5
:102F40000122417480F89422006800F06EF900209C
:102F500084F8940210BD0220FCE770B528240546D1
:102F600001F00700444311F0800F14BF04F1140175
:102F700004F5AA7105EB040615BF0124002474753D
:102F800086F8554114BF49194919022BCB7008BF67
:102F90000023C2F30A0208BF0B7108700A6195F89A
:102FA0009432012B09D00123286885F89432F8F770
:102FB0009DFD002085F8940270BD0220FCE72823C7
:102FC00001F00702534311F0800F10B5044618BFFB
:102FD00003F1140118440BBF03F5AA710123002368
:102FE00009190ABF0919437580F855310A7094F818
:102FF0009432012B09D00123206884F89432F8F729
:1030000067FF002084F8940210BD0220FCE770B531
:103010002824002601F007014C430519C5E95A236D
:1030200085F85411C5F8706185F8556104F5AA71E9
:1030300001440068F9F74CF8304670BD282301F0D0
:10304000070103FB0100D0F87001704770B5282517
:1030500001F007014D434419C4E90A230026012267
:10306000217584F8382063632663627505F11401C5
:1030700001440068F9F72CF8304670BD10B50379AB
:1030800001F007029342044624D311F0800F4FF061
:10309000280316D0534303F11401014403440120D3
:1030A000587501230A708B7094F894229A4213D0B9
:1030B000206884F89432F8F7B1FF002084F8940275
:1030C00010BD4B4303F5AA7101440344002083F86B
:1030D0005501E6E70120F3E70220F1E738B5027970
:1030E00001F00F039A42044626D3282301F0070279
:1030F000534311F0800F14BF03F1140103F5AA71BB
:1031000018444FF0000515BF0123002309190919C0
:1031100014BF437580F855318D700A7094F894325D
:10312000012B0BD00123206884F89432F8F790FF2C
:10313000284684F8945238BD0120FCE70220FAE7C3
:1031400010B5282411F0800F1BBF01F0070104FB0C
:10315000010004FB0100143008BF00F5AA7099B209
:103160001AB90273C180002010BD0122836002736E
:10317000F9E701210268C0F8D8120346002083F85D
:10318000CC02536D0B435365536D43F002035365FB
:103190007047704784B010B503AC84E80E0070B17E
:1031A000036C23F000430364036C43F001030364E6
:1031B000002343641846BDE8104004B07047012066
:1031C000F9E703464BF68072002058641A64704792
:1031D000036C23F43F4323F0800303640020704713
:1031E00029B9036C23F000430364002070470129D0
:1031F00003D1036C43F00043F6E70120704784B02D
:1032000010B5044603A880E80E00012300202364C3
:10321000236C23F001032364236C23F00043236415
:103220006064BDE8104004B0704709B98023C364EE
:1032300000207047836D43F400438365002070478E
:10324000836D23F40043836500207047406C704712
:1032500002F1804202F5B232F0B51446D81C800863
:1032600013F0030318BF00F1FF30860001EB80006C
:1032700081420CD153B100210C46455CCF00BD40CA
:1032800001312C438DB2AB42F7D19451F0BD51F8CE
:10329000045B44F8045BEBE702F1804202F5B232D2
:1032A00070B51446D81C800813F0030318BF00F152
:1032B000FF30850001EB800081420BD14BB15459A6
:1032C0000022D10024FA01F18154013291B28B42E3
:1032D000F7D170BD54F8046B41F8046BECE738B5D6
:1032E000044648B1F7F7DAFCF02305465C43F7F7EC
:1032F000D5FC431BA342FAD338BD40B1C36858780C
:1033000010F001001EBF1878B0FA80F04009704735
:10331000EFF31183102383F31288BFF36F8FFEE75F
:1033200010B400F10C04C0E903440024446110BC53
:10333000EEF798BD10B582696AB1C36842EA03012D
:10334000890708D14169A2FB011424B95B182CBF7D
:103350000121002102D36FF0150005E001619B1AE5
:1033600042698A4201D8002010BD026901311A6009
:10337000826903619B1AF3E713B501240094F9F7FE
:10338000B3FD02B010BD90F90E308B4201D0FBF7B7
:10339000B7BB0020704710B5044630B102689307F0
:1033A00003D0446809B100F034F9204610BD002371
:1033B000C0E90033836000F10C03C0E903337047B8
:1033C000012307B5009300230A461946FAF742F98C
:1033D00003B05DF804FB002307B50A4600931946C5
:1033E000FAF738F903B05DF804FB3AB18A4205D325
:1033F000C0E90212C0E90000002070476FF015001C
:103400007047012302688B4022EA0303036022FA1B
:1034100001F000F00100704720B100228C3011460D
:10342000FCF76EB8704710B5FAF7C6FD041E08DD4C
:10343000EFF31180102383F31288BFF36F8FFBF734
:1034400039FC204610BDEFF30580003818BF01207D
:1034500070476FF05700704700207047D0E9003286
:1034600013605A600023C0E90033704738B5044642
:103470000D46FBF773F8237C43F002032374D5B1A8
:10348000A5602B689D4209D16B68C4E900531C609C
:103490006C6010E06A689A42F6D01B68002BF3D08B
:1034A00093F90E1094F90E209142F3DD5A68C4E9A5
:1034B000003214605C6038BD10B5037C044613F024
:1034C000280F0CD183680BB1FBF71EF9237C204633
:1034D00023F004032374BDE81040FAF7D7BF10BDF2
:1034E000FBF7CCB838B5054604680020AC4200D1E3
:1034F00038BD002CFCD02046FBF706F904F118007B
:10350000FCF778FA2046FAF7C1FF2C680120A542A3
:10351000EDE7C117633008B54FF064024FF00003C8
:1035200041F10001EDF724F8C117FBF799FD642381
:10353000584308BD08B50246FCF752F970B1D0E90E
:1035400004319B1A61EBE272B3F1004F72F100019A
:1035500004DA002AACBF1846002008BD6FF0004016
:10356000FBE708B5FCF774FB08BDFCF771BBB3F1D2
:10357000FF3F08BFB2F1FF3F70B506461D46144637
:1035800014D01A4316D0002B08DBFCF761FB04199A
:1035900041EB0501C6E90041304670BD6FF0010303
:1035A0001C1B4FF0FF3363EB0501F3E74FF0FF34D3
:1035B0002146EFE70024FBE7B3F1FF3F08BFB2F17C
:1035C000FF3FF8B5074616461C4610D054EA0203E2
:1035D00011D0FCF73DFBB0420A46A14103460AD296
:1035E000F31A64EB0204C7E900343846F8BD4FF023
:1035F000FF331C46F7E70023FBE70023C0E908126E
:1036000000F11802C0E90622C0E9003303634363F6
:10361000704720B1011F50F8040CF9F75BBA7047EE
:1036200070470A44431E914200D1704710B511F80B
:10363000014B914203F8014FF9D110BD884210B5FA
:1036400001EB020402D98442234607D8431EA1425B
:1036500007D011F8012B03F8012FF8E7024482424A
:1036600000D110BD13F8011D02F8011DF7E7024457
:103670000346934200D1704703F8011BF9E70A2281
:103680000021FCF7C9BD0139024410B5904201D1B7
:10369000002005E0037811F8014FA34201D0181B68
:1036A00010BD0130F2E7F0B5C3F13707044603F06F
:1036B0001F031046FFB2082BE6B232D0102B3DD0CC
:1036C0006508A40845EAC17544EA81748A082D1981
:1036D00042EB5102290941EA02716D1842EB1212C4
:1036E000290A41EA02616D1842EB1222290C41EAD3
:1036F00002416D1842EB1242AD1842F10002EC0893
:1037000044EA4274D10804EB8402A6EB4205EDB210
:10371000092D0CD90134A5F10A0541F10001EDB2E2
:1037200012E0E40806F0070544EA4174C9083035A0
:1037300054EA010200F8015BBDD1F0BD240906F096
:103740000F0544EA01740909092D84BFED19EDB292
:10375000EDE7D1E9043293421EBF5A1C0A6118708A
:103760007047000050CEFE7F010000000000000006
:103770006C38020875300108000000005D25020861
:103780000000000085CA0108000000007DCB010890
:10379000000000000000000088380208000000005F
:1037A000A03902080000000084390208000000006F
:1037B00068390208000000004C39020800000000CF
:1037C000303902080000000014390208000000002F
:1037D000F838020800000000DC3802080000000091
:1037E000C038020800000000A4380208491B020883
:1037F0000000000000000000BC39020800000000CA
:10380000D8390208FDA9010800000000B9310108FB
:1038100000000000A169010800000000C95801086B
:1038200000000000990102080000000000000000F4
:10383000F439020800000000103A020800000000FD
:103840002C3A020800000000483A0208195A010800
:1038500000000000E96C010800000000D57E0108AE
:1038600000000000797F010800000000426B0208A0
:1038700000000000183D0208380800200000000089
:10388000E98F0108000000009D6E0208B4420208A2
:10389000003D02083E08002000000000000000007B
:1038A000000000003B4D02085C3F0208D43C0208C7
:1038B00020080020301B0020A93001080000000073
:1038C000494D0208703F0208D43C0208220800203B
:1038D000401B0020A930010800000000574D0208DD
:1038E000843F0208D43C020824080020501B00201A
:1038F000A930010800000000654D0208983F020849
:10390000D43C020826080020601B0020A9300108D2
:1039100000000000734D0208AC3F0208D43C0208CE
:1039200028080020701B0020A930010800000000BA
:10393000814D0208C03F0208D43C02082A0800203A
:10394000801B0020A9300108000000008F4D0208F4
:10395000D43F0208D43C02082C080020901B002011
:10396000A9300108000000009D4D0208E83F020850
:10397000D43C02082E080020A01B0020A93001081A
:1039800000000000AB4D0208FC3F0208D43C0208D6
:1039900030080020B01B0020A93001080000000002
:1039A00083660208000000000000000036080020C6
:1039B0000000000015820108000000008457020882
:1039C000940A0020343D020832080020C004002080
:1039D000195501080000000095570208700A0020E0
:1039E000343D0208340800207005002019550108F4
:1039F00000000000366C020800000000BC3C020819
:103A00003A08002008070020191F020800000000E3
:103A10008F6E02082C420208F83C02083C08002085
:103A20001C070020CD9B010800000000EF6F02087A
:103A3000DC420208103D0208400800202807002050
:103A40002DA1010800000000FC6F020838430208A5
:103A5000103D020842080020840700202DA1010823
:103A600000000000000000006316020800000000D3
:103A70006316020800000000631602080000000040
:103A80006316020800000000631602080000000030
:103A90006316020800000000631602080000000020
:103AA0006316020800000000631602080000000010
:103AB000631602080000000063160208FB7E02087D
:103AC000D1820108F97E0208D1820108F77E02083E
:103AD000D1820108F57E0208D1820108F37E020836
:103AE000D1820108F17E0208D1820108EF7E02082E
:103AF000D1820108ED7E0208D1820108EB7E020826
:103B0000D1820108E97E0208D1820108E77E02081D
:103B1000D1820108E57E0208D1820108E37E020815
:103B2000D1820108E17E0208D1820108DF7E02080D
:103B3000D1820108DD7E0208D18201080000000068
:103B4000631602080000000063160208000000006F
:103B5000631602080000000063160208000000005F
:103B6000631602080000000063160208000000004F
:103B7000631602080000000063160208000000003F
:103B8000631602080000000063160208000000002F
:103B9000631602080000000063160208000000001F
:103BA000631602080000000063160208000000000F
:103BB00063160208000000006316020800000000FF
:103BC00063160208000000006316020800000000EF
:103BD00063160208000000006316020800000000DF
:103BE00063160208000000006316020800000000CF
:103BF00063160208000000006316020800000000BF
:103C000063160208000000006316020800000000AE
:103C1000631602080000000063160208000000009E
:103C2000631602080000000063160208000000008E
:103C3000631602080000000063160208000000007E
:103C4000631602080000000063160208000000006E
:103C5000631602080000000063160208000000005E
:103C6000631602080000000063160208000000004E
:103C7000631602080000000063160208000000003E
:103C8000631602080000000063160208000000002E
:103C9000631602080000000063160208000000001E
:103CA000631602080000000063160208000000000E
:103CB0006316020800000000F5840108E31E0208F4
:103CC00055940108119401081193010819930108F2
:103CD00085960108EF1F0208AF1F0208BB1F0208EC
:103CE000CD1F0208D71F0208E11F020855970108DF
:103CF000B1960108000000009D9801088521020886
:103D00009B210208BB210208D7210208F5210208E5
:103D1000C5A101086B2302080F1D0208531D0208EC
:103D2000000000002D8F0108DB1D020800000000CC
:103D3000951D0208AF150208A555010800000000F6
:103D4000331402084B1402082154010867150208B5
:103D5000015401089F130208A9130208E153010846
:103D6000C913020800000000D3130208000000007D
:103D700000000000E1130208C1150208F91302084F
:103D8000A714020801140208BD5102080300000034
:103D90002D48020803000000366B020803000000F3
:103DA000B84B020803000000A166020803000000EF
:103DB000EE57020803000000E45702080300000069
:103DC000506C020803000000856C0208030000002C
:103DD000E14E020803000000E54E02080300000067
:103DE0001E66020803000000BC7002080300000009
:103DF000B764020803000000C66402080300000064
:103E00007D65020803000000835E020803000000D5
:103E1000E8600208030000003B61020803000000A4
:103E2000DC72020803000000334A020803000000AD
:103E3000936E020803000000CD4D0208030000004D
:103E40000970020803000000306B02080300000044
:103E5000B94D020803000000054D020803000000F0
:103E6000966B020803000000A75702080300000039
:103E7000296B020803000000EC5502080300000053
:103E8000E453020803000000765602080300000015
:103E9000C4400208E01B00207D5002080100000021
:103EA0003D7A01084D7E0108543F02084C3F02084C
:103EB000443F02083C3F0208343F02082C3F0208FE
:103EC000243F02081C3F0208A80000000200000076
:103ED00000C2010000000801FF02FF04FF05FF0609
:103EE000FF00000040420F0004010000000000003D
:103EF00000000000000000000000000000000000C2
:103F000080841E000001000000000000000000008E
:103F100000000000000000000000000084390208DA
:103F20000100000068390208090000003039020869
:103F3000060020003039020805000000143902088C
:103F40000A0000001439020808000000683902085D
:103F5000020000008439020804001100FFFF000085
:103F600000200242080000008C0000000001000058
:103F7000FFFF0000001C0242070000008C00000050
:103F800080000000FFFF0000001802420600000051
:103F90008C00000040000000FFFF000000140242FF
:103FA000050000008C00000020000000FFFF000062
:103FB00000100242040000008C000000100000000D
:103FC000FFFF0000000C0242030000008C00000014
:103FD00008000000FFFF000000080242020000008D
:103FE0008C00000004000000FFFF000000040242FB
:103FF000010000008C00000002000000FFFF000034
:1040000000000242000000008C00000001000000DF
:1040100084390208683902084C390208303902082C
:1040200014390208F8380208DC380208C0380208DF
:10403000A43802080000000000000000000000009A
:104040000000000000000000000000000000000070
:104050000000000000000000000000000000000060
:104060000000000000000000000000000000000050
:104070000000000000000000380B002000010000DC
:10408000350F0208D30E020802000000AF1002082C
:104090000000000000000000000000000000000020
:1040A0005D5002086550020800000000000000009A
:1040B000000000006D50020871500208755002089F
:1040C000795002087D3E0108713E0108A13E0108B9
:1040D000593E010800000000653E01080000000094
:1040E000FD3E0108E81B0020B8220020100000005F
:1040F00004000000000000000000000000000100BB
:10410000F43902080100000000000100000007006F
:10411000F439020802000000000008000000070057
:10412000F43902080300000000000F000000010045
:10413000F4390208C004002000000000060001005D
:104140000200000048410208000000083360020835
:1041500002000000E0FF0F08000000203B600208A2
:1041600021000000E0FF03201D6A0108000000009C
:10417000F1160208E9760108DD7801080000000068
:10418000457C010800000000000000000000000065
:10419000000000000000000000000000000000001F
:1041A000C97B0108717E0108717E010800000000D2
:1041B00000000000000000000000000000000000FF
:1041C00000000000000000000000000000000000EF
:1041D000597E010868410208E4410208800100009C
:1041E00000000000086C002072650208000000005A
:1041F00000000000FC410208010000000442020827
:10420000020000006A010000000000008A010000B6
:1042100000000000A40000000000000107000000F2
:10422000E40024031000000000FF000000400140F3
:10423000000000000000000000000000000000007E
:104240004C420208020000005C420208A400000088
:10425000000001000D000000FF00000064420208A1
:10426000010000006C42020801000000A4080000E8
:104270000000000065210208692102086D21020882
:104280007121020875210208812102080400000042
:104290004000000000040000004000000100000099
:1042A00010000000000100000010000000000100EC
:1042B00000001000000C024400000080000000001C
:1042C000000000100000002000000030000000404E
:1042D000000000500000006000000070003C004042
:1042E0001043020800430208020000000100000021
:1042F0000000000000000000FFFF000010000000B0
:104300009C000000008000000F000000E00046005C
:1043100018430208010000002043020803000000C7
:104320006602000080050000860200008005000093
:10433000A702000080050000003001406C43020825
:104340005C430208020000000100000000000000C1
:1043500000000000FFFF000010000000A4000000AB
:10436000001000000F000000E0004000744302084D
:10437000010000007C43020803000000A5000000CB
:1043800080050000C500000080050000E500000079
:104390008005000000000000200000004000000038
:1043A0006000000080000000A0000000C0000000CD
:1043B000E0000000000100002001000040010000BA
:1043C0006001000080010000A0010000C0010000A9
:1043D000E0010000030000000400000005000000F0
:1043E00006000000070000000800000009000000AF
:1043F0000A0000000B0000000C0000000D0000008F
:104400000E0000000F00000010000000110000006E
:10441000120000001300000014000000150000004E
:10442000160000001700000018000000190000002E
:104430001A0000001B0000001C0000001D0000000E
:104440001E0000001F000000AB700208B0700208E0
:10445000B570020801000000020000002C72020882
:104460003A7202084E7202085D720208697202080E
:104470006C3702086C370208043802080C3802084E
:104480004C3802086C380208BC7D020800010000AC
:1044900088130000FA00F401E80310002DE15D2903
:1044A000410B8D77679C110F1F8A574553545F54FA
:1044B0004F504449522F7A65706879722F696E6344
:1044C0006C7564652F7A65706879722F647269768D
:1044D0006572732F6770696F2E680028666C61675C
:1044E00073202620282831203C3C203429207C20A1
:1044F0002831203C3C203529292920213D2028280D
:1045000031203C3C203429207C202831203C3C2098
:1045100035292900415353455254494F4E204641B5
:10452000494C205B25735D20402025733A25640AA1
:10453000000950756C6C20557020616E64205075B8
:104540006C6C20446F776E2073686F756C64206E9E
:104550006F7420626520656E61626C6564207369AA
:104560006D756C74616E656F75736C790A002128C6
:1045700028666C6167732026202831554C203C3C0E
:1045800020283136292929202626202128666C61F9
:1045900067732026202831554C203C3C2028313799
:1045A0002929292026262028666C61677320262069
:1045B0002831203C3C20312929290009496E707599
:1045C000742063616E6E6F7420626520656E616237
:1045D0006C656420666F7220274F70656E20447290
:1045E00061696E272C20274F70656E20536F75729E
:1045F000636527206D6F64657320776974686F75D4
:1046000074204F75747075740A0028666C61677346
:104610002026202831203C3C2031292920213D2002
:1046200030207C7C2028666C61677320262028312E
:10463000203C3C20322929203D3D20300028636663
:10464000672D3E706F72745F70696E5F6D61736B22
:10465000202620286770696F5F706F72745F7069C1
:104660006E735F74292831554C203C3C20287069BA
:104670006E29292920213D2030550009556E73757A
:1046800070706F727465642070696E0A0050574DC7
:104690002C20535049312C20535049332C206F7219
:1046A000204750494F20696E697469616C697A616D
:1046B00074696F6E206661696C6564004E534331A6
:1046C000303032205045352050574D3A203230306E
:1046D000206B487A2C203530252500555342204345
:1046E000444320656E61626C65206661696C656437
:1046F0003A202564004144533132393920726567CC
:10470000697374657220766572696669636174693C
:104710006F6E206661696C65643B207265747279A6
:10472000696E67004D4355626F6F7420696D6167F4
:104730006520636F6E6669726D6174696F6E206665
:1047400061696C65643A202564004D4355626F6F62
:104750007420696D61676520636F6E6669726D654F
:1047600064206166746572204144533132393920C6
:1047700073656C662D636865636B00414453313229
:1047800039392056313920636F6E74726F6C207224
:10479000656164793A203235302F3530302F313031
:1047A0003030205350532C20535242312C207275FC
:1047B0006E74696D65206368616E6E656C2F6761EC
:1047C000696E2F424941532F4C4F46462F6D6F64FF
:1047D0006573006672616D65733D25752072663D77
:1047E0002575206572723D2575207573623D2575AE
:1047F000206374726C3D2575207265706C793D255F
:10480000752072756E3D256420726174653D257555
:10481000206D6F64653D2575206D61736B3D25309E
:10482000327820626961733D2530327800626369B5
:1048300062616E645F73746D33320068656170200D
:10484000636F7272757074696F6E20286672656529
:10485000206C697374206C696E6B616765290068F0
:1048600065617020636F7272757074696F6E202855
:1048700066726565206368756E6B206C696E6B612E
:10488000676529006865617020636F727275707466
:10489000696F6E20286E6F7420696E207573653F96
:1048A00029206174202570006865617020636F7233
:1048B00072757074696F6E20286275666665722005
:1048C0006F766572666C6F773F2920617420257062
:1048D000006865617020636F7272757074696F6EC5
:1048E00020286C656674206E65696768626F723F28
:1048F00029206174202570006865617020636F72E3
:1049000072757074696F6E2028646F75626C6520B3
:10491000667265653F2920617420257000574553F4
:10492000545F544F504449522F7A65706879722F02
:104930006C69622F686561702F686561702E630015
:1049400028616C69676E20262028616C69676E207B
:104950002D20312929203D3D20300009616C6967F7
:104960006E206D757374206265206120706F7765AD
:1049700072206F6620320A006279746573202F20DE
:104980003855203C3D20307837666666550009680A
:104990006561702073697A6520697320746F6F2078
:1049A0006269670A006279746573203E20686561F8
:1049B000705F666F6F7465725F6279746573286289
:1049C00079746573290009686561702073697A6577
:1049D00020697320746F6F20736D616C6C0A0068BE
:1049E0006561705F737A203E206368756E6B737AC1
:1049F0002873697A656F6628737472756374207A98
:104A00005F686561702929006368756E6B305F733C
:104A1000697A65202B206D696E5F6368756E6B5FC8
:104A200073697A65286829203C3D20686561705F5C
:104A3000737A006F735F6865617000574553545F08
:104A4000544F504449522F7A65706879722F6C69BF
:104A5000622F6F732F63627072696E74665F70612C
:104A6000636B616765642E630009537472696E67D6
:104A7000207769746820746F6F206D616E79206192
:104A80007267756D656E74730A00097374725F7076
:104A900074725F706F735B5D20746F6F20736D61F4
:104AA0006C6C0A0009746F6F206D616E7920666FFF
:104AB000726D617420617267730A00696E5F706164
:104AC000636B6167656420213D202828766F6964E7
:104AD000202A2930290028756E7369676E6564295C
:104AE0002063686172202A207573656420666F7286
:104AF0002025257020617267756D656E742E2049C2
:104B0000742773207265636F6D6D656E64656420D4
:104B1000746F206361737420697420746F20766FE2
:104B20006964202A20626563617573652069742059
:104B30006D6179206361757365206D697362656865
:104B40006176696F7220696E206365727461696E47
:104B500020636F6E66696775726174696F6E732E1C
:104B600020537472696E673A22257322206172673E
:104B7000756D656E743A256400736370795F636E5A
:104B800074203C2073697A656F66286370795F735F
:104B900074725F706F7329006B6565705F636E740C
:104BA000203C2073697A656F66286B6565705F735A
:104BB00074725F706F73290063627072696E7466DD
:104BC0005F7061636B61676500574553545F544F75
:104BD000504449522F7A65706879722F696E636C00
:104BE0007564652F7A65706879722F6B65726E6572
:104BF0006C2E6800216B5F69735F7072655F6B6517
:104C0000726E656C282900096B5F63757272656E40
:104C1000745F6765742063616C6C65642070726595
:104C20002D6B65726E656C0A00574553545F544F87
:104C3000504449522F7A65706879722F6C69622FDF
:104C40006F732F6D7073635F706275662E6300659E
:104C50007272203D3D203000574553545F544F50F1
:104C60004449522F7A65706879722F696E636C754A
:104C700064652F7A65706879722F7370696E6C6FD6
:104C8000636B2E68007A5F7370696E5F6C6F636B25
:104C90005F76616C6964286C290009496E76616CE5
:104CA0006964207370696E6C6F636B2025700A00F5
:104CB0007A5F7370696E5F756E6C6F636B5F766140
:104CC0006C6964286C2900094E6F74206D7920731B
:104CD00070696E6C6F636B2025700A004661696CA9
:104CE000656420746F207265626F6F743A20737010
:104CF000696E6E696E6720656E646C6573736C793E
:104D00002E2E2E0A007379735F6765746F707400BE
:104D1000574553545F544F504449522F7A65706839
:104D200079722F6C69622F7574696C732F72696E5A
:104D3000675F6275666665722E63006770696F40B3
:104D40003432303232303030006770696F40343284
:104D5000303231633030006770696F403432303246
:104D600031383030006770696F403432303231345E
:104D70003030006770696F4034323032313030305B
:104D8000006770696F403432303230633030006712
:104D900070696F40343230323038303000677069BB
:104DA0006F403432303230343030006770696F40D9
:104DB00034323032303030300073746D33325F62F1
:104DC00061636B75705F646F6D61696E00736F63B3
:104DD00000574553545F544F504449522F7A6570E1
:104DE0006879722F696E636C7564652F7A65706877
:104DF00079722F6C6F6767696E672F6C6F675F6280
:104E000061636B656E642E68006261636B656E64DE
:104E100020213D202828766F6964202A2930290026
:104E20006C6F6767696E6700574553545F544F5006
:104E30004449522F7A65706879722F73756273795D
:104E4000732F6C6F6767696E672F6C6F675F636F37
:104E500072652E63006C6F675F6261636B656E6481
:104E60005F636F756E745F6765742829203C202826
:104E7000283332202F20335529202D202831202B74
:104E800020302929006261636B656E64203C3D20FF
:104E90005F6C6F675F6261636B656E645F6C6973A3
:104EA000745F656E640009756E657870656374651E
:104EB00064206C69737420656E64206C6F63617428
:104EC000696F6E0A006C6F675F6261636B656E6429
:104ED0005F636F756E745F6765742829203E2030AC
:104EE000006C6F67006C6F675F6D676D74004D6578
:104EF0007373616765202822257322292064726FED
:104F000070706564206265636175736520697420E3
:104F1000657863656564732073697A65206C696D73
:104F200069746174696F6E2028257529005745538F
:104F3000545F544F504449522F7A65706879722FEC
:104F40007375627379732F6C6F6767696E672F6C07
:104F50006F675F6D73672E6300706C656E203E3DFA
:104F60002030004D6573736167652064726F7070E7
:104F70006564206265636175736520697420657876
:104F800063656564732073697A65206C696D697403
:104F90006174696F6E2028257529000D0A00574538
:104FA00053545F544F504449522F7A657068797258
:104FB0002F7375627379732F6C6F6767696E672FD4
:104FC0006C6F675F6F75747075742E63006F7574A6
:104FD0005F6374782D3E636F6E74726F6C5F626C8A
:104FE0006F636B2D3E6F6666736574203C3D206F6A
:104FF00075745F6374782D3E73697A65001B5B304E
:105000006D006C6576656C203C3D20340025732076
:10501000005B2530386C755D20005B253032753AB9
:10502000253032753A253032752E253033752C25D2
:105030003033755D20003C25733E200025732F0022
:1050400025733A2000657272203E3D2030002530E5
:1050500032782000202020007C002563001B5B317B
:105060003B33316D001B5B313B33336D0065727236
:105070000077726E00696E6600646267006C6F672D
:105080005F6261636B656E645F72747400666C610D
:1050900073685F7772697465206572726F7220251C
:1050A00064206F66667365743D30782530387A7891
:1050B00000666C6173682072656164206661696C6A
:1050C00065643A2025640063616C6C6261636B20E7
:1050D0006661696C65643A202564004275666665A0
:1050E000722073697A6520697320626967676572E7
:1050F000207468616E207061676500427566666540
:10510000722073697A65206973206E6F7420616CF8
:1051100069676E656420746F206D696E696D616C7E
:105120002077726974652D626C6F636B2D73697A79
:105130006500496E636F727265637420706172619D
:105140006D657465720053697A6520697320696EB4
:10515000636F72726563740052657175657374650F
:10516000642072616E6765206F766572666C6F771A
:10517000732053495A455F4D415800446576696331
:1051800065207365656D7320746F20686176652096
:10519000302073697A650052657175657374656452
:1051A0002072616E6765206F766572666C6F7773CB
:1051B000206465766963652073697A65005354528B
:1051C00045414D5F464C41534800574553545F5449
:1051D0004F504449522F7A65706879722F73756207
:1051E0007379732F7573622F6465766963652F75A4
:1051F00073625F6465766963652E63006366675FEB
:1052000064617461203C3D205F7573625F63666713
:105210005F646174615F6C6973745F656E64005391
:1052200065742068616C7420657020307825303298
:105230007800436C6561722068616C742065702031
:1052400030782530327800456E64706F696E742056
:1052500030782530327820697320696E76616C6908
:105260006400456E64706F696E742030782530324A
:105270007820616C72656164792064697361626C25
:105280006564004661696C656420746F20646973AD
:1052900061626C6520656E64706F696E7420307831
:1052A0002530327800456E64706F696E74203078F6
:1052B0002530327820616C726561647920636F6E8D
:1052C00066696775726564004661696C656420741F
:1052D0006F20636F6E66696775726520656E6470B6
:1052E0006F696E742030782530327800456E6470B6
:1052F0006F696E742030782530327820616C726569
:1053000061647920656E61626C6564004661696CF8
:10531000656420746F20656E61626C6520656E64E3
:10532000706F696E7420307825303278004661697C
:105330006C656420746F20777269746520656E6493
:10534000706F696E742062756666657220307825AC
:1053500030327800526571756573742062756666C7
:10536000657220746F6F20736D616C6C00555342D1
:105370002064657669636520737570706F72742040
:10538000616C726561647920656E61626C65640050
:105390004661696C656420746F20636F6E6669672F
:1053A0007572652055534220646576696365207384
:1053B0007461636B004572726F6E656F7573206404
:1053C00065766963652064657363726970746F7272
:1053D000206F7220624D61785061636B6574536910
:1053E0007A6530007573625F646576696365003065
:1053F000313233343536373839414243444546003B
:10540000574553545F544F504449522F7A65706842
:1054100079722F7375627379732F7573622F646558
:10542000766963652F7573625F6465736372697013
:10543000746F722E6300726574203D3D2030000948
:105440004661696C656420746F2066696E642076BD
:10545000616C696420624D61785061636B6574535F
:10546000697A65300A005468657265206973206E38
:105470006F207573625F6366675F64617461206645
:105480006F7220257000556E696E697469616C6970
:105490007A6564207573625F6366675F64617461D7
:1054A00020706F696E7465722C20636F72727570F4
:1054B00074656420646576696365206465736372EE
:1054C0006970746F723F004661696C656420746F27
:1054D0002076616C696461746520656E64706F69C3
:1054E0006E747300746865206E657720534E206477
:1054F000657363726970746F7220646F65736E2771
:10550000742068617665207468652073616D65201C
:105510006C656E67746820617320434F4E4649473F
:105520005F5553425F4445564943455F534E0062C1
:1055300075665B61736369695F6964785F6D6178E3
:105540005D203E2030783146202626206275665B3D
:1055500061736369695F6964785F6D61785D203C40
:10556000203078374600094F6E6C79207072696E72
:105570007461626C652061736369692D37206368AB
:1055800061726163746572732061726520616C6C15
:105590006F77656420696E20555342207374726979
:1055A0006E672064657363726970746F72730A004A
:1055B000496E636F6D706C657465206465766963B0
:1055C000652064657363726970746F720046616907
:1055D0006C656420746F206669787570205553423D
:1055E0002064657363726970746F72007573625FB3
:1055F00064657363726970746F72005472616E7364
:10560000666572206572726F722025642C20657049
:10561000203078253032780052582064617461203F
:105620006C6F73742C206E6F207472616E7366657C
:1056300072004E6F207472616E7366657220736CB7
:105640006F7420617661696C61626C6500412074E1
:1056500072616E7366657220697320616C72656138
:105660006479206F6E676F696E672C2065702030DB
:105670007825303278007573625F7472616E73667C
:105680006572004465766963652064617461206EAB
:105690006F7420666F756E6420666F722063666734
:1056A0002025700052696E672062756666657220FB
:1056B00066756C6C2C20646973636172642064612C
:1056C0007461004465766963652064617461206E6D
:1056D0006F7420666F756E6420666F7220656E64ED
:1056E000706F696E74202575004465766963652066
:1056F00064617461206E6F7420666F756E642066DD
:105700006F7220696E74657266616365202575002D
:1057100052696E67206275666665722066756C6C8C
:105720002C2064726F7020257A642062797465730E
:105730000044657669636520636F6E66696775729C
:1057400065640044657669636520646973636F6EA0
:105750006E6563746564004465766963652073757E
:105760007370656E64656400446576696365207274
:105770006573756D65640066726F6D207375737007
:10578000656E64004243492D42616E642044465573
:1057900020434443004243492D42616E64204461EA
:1057A000746120434443007573625F6364635F61A7
:1057B000636D00757362776F726B71004661696C1F
:1057C000656420746F207265616420646174612077
:1057D00066726F6D20666C61736820617265613AF4
:1057E00020256400666C6173685F696D6700666C94
:1057F000617368002A2A2A20426F6F74696E6720DD
:105800006E524620436F6E6E6563742053444B2086
:1058100076332E342E302D39393535333035353613
:10582000303762202A2A2A0A002A2A2A2055736938
:105830006E67205A6570687972204F532076342E37
:10584000342E302D62663830316534653364313939
:10585000202A2A2A0A0072302F61313A202030781B
:1058600025303878202072312F61323A202030786C
:1058700025303878202072322F61333A202030785A
:10588000253038780072332F61343A202030782563
:10589000303878207231322F69703A2020307825E4
:1058A000303878207231342F6C723A2020307825CD
:1058B0003038780020787073723A202030782530A4
:1058C0003878004661756C74696E6720696E737410
:1058D00072756374696F6E2061646472657373209E
:1058E000287231352F7063293A2030782530387886
:1058F00000556E68616E646C6564204952516E3A61
:10590000202564002A2A2A2A2A2055534147452067
:105910004641554C54202A2A2A2A2A00202044692C
:10592000766973696F6E206279207A65726F0020E4
:1059300020556E616C69676E6564206D656D6F7270
:105940007920616363657373002020537461636B16
:10595000206F766572666C6F772028636F6E746552
:1059600078742061726561206E6F742076616C6955
:1059700064290020204E6F20636F70726F6365731F
:10598000736F7220696E737472756374696F6E736E
:10599000002020496C6C6567616C206C6F6164202D
:1059A0006F66204558435F52455455524E20696EEC
:1059B000746F205043002020496C6C6567616C2037
:1059C000757365206F6620746865204550535200DA
:1059D0002020417474656D707420746F2065786543
:1059E0006375746520756E646566696E65642069AB
:1059F0006E737472756374696F6E002A2A2A2A2A7C
:105A0000204D5055204641554C54202A2A2A2A2AF6
:105A1000002020537461636B696E67206572726F3A
:105A2000722028636F6E74657874206172656120DE
:105A30006D69676874206265206E6F742076616C92
:105A4000696429002020556E737461636B696E6709
:105A5000206572726F72002020446174612041637E
:105A6000636573732056696F6C6174696F6E002093
:105A7000204D4D46415220416464726573733A2053
:105A800030782578002020496E73747275637469CC
:105A90006F6E204163636573732056696F6C617428
:105AA000696F6E002020466C6F6174696E672D709F
:105AB0006F696E74206C617A7920737461746520EB
:105AC000707265736572766174696F6E206572724B
:105AD0006F7200574553545F544F504449522F7AC8
:105AE00065706879722F617263682F61726D2F63C0
:105AF0006F72652F636F727465785F6D2F66617565
:105B00006C742E6300212828285343425F54797017
:105B100065202A292028283078453030304530301B
:105B200030554C29202B20307830443030554C29CA
:105B300020292D3E434653522026202831554C2003
:105B40003C3C20283055202B203455292929000998
:105B5000537461636B696E67206F72204461746176
:105B6000204163636573732056696F6C6174696F5C
:105B70006E206572726F7220776974686F75742019
:105B8000737461636B2067756172642C2075736533
:105B9000722D6D6F6465206F72206E756C6C2D7048
:105BA0006F696E74657220646574656374696F6E85
:105BB0000A0A002A2A2A2A2A2042555320464155F9
:105BC0004C54202A2A2A2A2A002020537461636B0D
:105BD000696E67206572726F720020205072656373
:105BE00069736520646174612062757320657272E7
:105BF0006F720020204246415220416464726573F6
:105C0000733A2030782578002020496D70726563E2
:105C100069736520646174612062757320657272B6
:105C20006F72002020496E737472756374696F6EB1
:105C300020627573206572726F72005265736572AF
:105C400076656420457863657074696F6E202800FE
:105C500053707572696F757320696E7465727275B1
:105C6000707420284952512000535053454C2069EC
:105C70006E20746872656164206D6F646520646F66
:105C80006573206E6F7420696E646963617465204A
:105C90005053500065736620213D202828766F6997
:105CA00064202A293029000945534620636F756C0A
:105CB00064206E6F74206265207265747269657607
:105CC0006564207375636365737366756C6C792E98
:105CD000205368616C6C206E65766572206F63631B
:105CE00075722E0A002A2A2A2A2A20484152442064
:105CF0004641554C54202A2A2A2A2A00202042753F
:105D000073206661756C74206F6E20766563746FA6
:105D100072207461626C65207265616400202044A9
:105D200065627567206576656E7400202046617532
:105D30006C7420657363616C6174696F6E20287385
:105D400065652062656C6F772900415243485F4565
:105D50005843455054207769746820726561736FA9
:105D60006E2025780A00094661756C74206573639E
:105D7000616C6174696F6E20776974686F757420E7
:105D800046535220696E666F0A0009486172644684
:105D900061756C7420776974686F75742048465318
:105DA0005220696E666F205368616C6C206E657658
:105DB0006572206F636375720A002A2A2A2A2A20D4
:105DC0004465627567206D6F6E69746F72206578C7
:105DD00063657074696F6E202A2A2A2A2A002A2A8B
:105DE0002A2A2A20257320256429202A2A2A2A2AB9
:105DF00000574553545F544F504449522F7A6570B1
:105E00006879722F617263682F61726D2F636F7290
:105E1000652F636F727465785F6D2F6972715F6D46
:105E2000616E6167652E63007072696F203C3D2072
:105E3000282831554C203C3C2028342929202D206D
:105E400031290009696E76616C6964207072696F2E
:105E50007269747920256420666F72202564206938
:105E60007271212076616C756573206D7573742075
:105E70006265206C657373207468616E20256C7593
:105E80000A0A006D7075004661696C656420746F64
:105E900020616C6C6F63617465206E6577204D5076
:105EA0005520726567696F6E2025750A0050617212
:105EB000746974696F6E2025753A20636F68657226
:105EC000656E636520636865636B206661696C65F8
:105ED000642E00496E76616C696420756E6465722B
:105EE0006C79696E6720726567696F6E20696E6490
:105EF000657820257500574553545F544F504449E9
:105F0000522F7A65706879722F617263682F61729F
:105F10006D2F636F72652F6D70752F61726D5F6D80
:105F200070752E630009436F6E6669677572696EDE
:105F30006720257520737461746963204D50552066
:105F4000726567696F6E73206661696C65640A0AC1
:105F500000094D61726B696E67202575206172655D
:105F6000617320666F722064796E616D696320725F
:105F70006567696F6E73206661696C65640A0A0003
:105F8000095265717565737420746F20636F6E6656
:105F900069677572653A20257520726567696F6E4D
:105FA000732028737570706F727465643A2025755C
:105FB000290A0A002128726567696F6E5B69647837
:105FC0005D2E64745F617474722026202831554CF4
:105FD000203C3C202830292929000952414D5F4EA0
:105FE0004F434143484520776974682044545F4DCE
:105FF000454D5F434143484541424C4520617474DF
:106000007269627574650A0A00094661696C6564A3
:1060100020746F20616C6C6F63617465204D505506
:1060200020726567696F6E732066726F6D204454CD
:106030000A0A00464C4153485F30005352414D5FBD
:106040003000574553545F544F504449522F7A659E
:10605000706879722F6C69622F6C6962632F706946
:10606000636F6C6962632F6173736572742E630072
:10607000574553545F544F504449522F7A657068C6
:1060800079722F6C69622F6E65745F6275662F621C
:1060900075662E63006275662D3E667261677320B9
:1060A0003D3D202828766F6964202A293029007018
:1060B0006F6F6C007265715F73697A65203C3D207B
:1060C00073697A65006C697374006275662D3E723F
:1060D0006566000962756620257020646F75626CC4
:1060E0006520667265650A006E65745F627566009C
:1060F000574553545F544F504449522F7A65706846
:1061000079722F6C69622F6E65745F6275662F629B
:1061100075665F73696D706C652E63006275662DC0
:106120003E6C656E203D3D203055006275662D3E0B
:106130006C656E203E3D206C656E006E65745F621E
:1061400075665F73696D706C6500574553545F5495
:106150004F504449522F7A65706879722F73756277
:106160007379732F6D676D742F6D63756D67722F03
:106170006D676D742F7372632F6D676D742E63007E
:1061800068616E646C6572203C3D205F6D63756D67
:1061900067725F68616E646C65725F6C6973745F6F
:1061A000656E640072630067726F757000466169A6
:1061B0006C656420746F206F70656E20666C61730F
:1061C0006820617265612049442025753A20256464
:1061D000004661696C656420746F20657261736547
:1061E00020666C61736820617265613A20256400E5
:1061F0004661696C656420746F2072656164206417
:106200006174612066726F6D20666C6173683A20FC
:1062100025640043616E27742062696E6420746F88
:106220002074686520666C61736820617265612006
:10623000286572722025642900626164206F666699
:1062400073657420283078256C782900696D616742
:106250006520736C6F74206572617365206F6620B2
:106260003078257A78206279746573206661696C6C
:106270006564202865727220256429004572617367
:106280006564203078257A78206279746573206F90
:106290006620696D61676520736C6F7400696D615C
:1062A000676520736C6F7420747261696C6572200D
:1062B0006572617365206F66203078257A78206278
:1062C00079746573206661696C65642028657272F3
:1062D0002025642900457261736564203078257A31
:1062E00078206279746573206F6620696D616765D7
:1062F00020736C6F7420747261696C65720057450D
:1063000053545F544F504449522F7A6570687972E4
:106310002F7375627379732F6D676D742F6D63754D
:106320006D67722F6772702F696D675F6D676D742F
:106330002F696E636C7564652F6D676D742F6D6367
:10634000756D67722F6772702F696D675F6D676D0E
:10635000742F696D675F6D676D745F707269762EFB
:106360006800736C6F74203E3D2030202626207319
:106370006C6F74203C202831203C3C2031290009DE
:10638000496D706F737369626C6520736C6F7420F4
:106390006E756D6265720A0076657273696F6E0064
:1063A0003C3F3F3F3E006861736800626F6F7461FD
:1063B000626C650070656E64696E6700636F6E661F
:1063C00069726D65640061637469766500706572F9
:1063D0006D616E656E7400696D61676573007370E1
:1063E0006C6974537461747573004661696C65649B
:1063F00020626F6F745F7365745F6E657874207769
:1064000069746820636F64652025642C20666F7250
:1064100020736C6F742025642C2077697468206168
:10642000637469766520736C6F7420256420616ED7
:106430006420636F6E6669726D20256400636F6E01
:106440006669726D002568752E2568752E2568753C
:10645000002E2575006F666600696D6167650073C3
:106460006861007570677261646500496D61676598
:106470002075706C6F616420696E73706563742041
:106480006661696C65643A202564004972726563CF
:106490006F76657261626C65206572726F723A2008
:1064A000666C617368207772697465206661696CD7
:1064B00065643A202564006D63756D67725F696D70
:1064C000675F677270006D63756D67725F6F735F92
:1064D00067727000574553545F544F504449522FD0
:1064E0007A65706879722F7375627379732F6D672F
:1064F0006D742F6D63756D67722F7472616E73703A
:106500006F72742F7372632F736D702E6300287314
:106510006D70742D3E66756E6374696F6E732E6F49
:10652000757470757420213D202828766F69642069
:106530002A2930292900095265717569726564201C
:106540007472616E73706F7274206F75747075748D
:106550002066756E6374696F6E20706F696E746506
:10656000722063616E6E6F74206265204E554C4CD4
:106570000A006D63756D677220736D70006D6375D1
:106580006D67725F736D7000574553545F544F5081
:106590004449522F7A65706879722F7375627379E6
:1065A000732F6D676D742F6D63756D67722F7472C5
:1065B000616E73706F72742F7372632F736572697B
:1065C000616C5F7574696C2E63007263203D3D20C1
:1065D00030006473745F6C656E203D3D203400466E
:1065E0006C617368206F70656E2061726561202533
:1065F00075206661696C65643A20256400466169AE
:106600006C656420746F2067657420736563746FB4
:10661000722064657461696C733A202564006D634F
:1066200075626F6F745F64667500496E76616C6940
:1066300064206C696E65206E756D626572202575CB
:1066400000574553545F544F504449522F7A657058
:106650006879722F647269766572732F696E7465DA
:1066600072727570745F636F6E74726F6C6C65724A
:106670002F696E74635F657874695F73746D33320C
:106680002E6300696E746572727570742D636F6E1F
:1066900074726F6C6C65724034343032323030302A
:1066A00000657874695F73746D33320057455354D5
:1066B0005F544F504449522F7A65706879722F6445
:1066C0007269766572732F696E7465727275707413
:1066D0005F636F6E74726F6C6C65722F696E74633A
:1066E0005F6770696F5F73746D33322E63002828A3
:1066F000286C696E652920213D20305529202626E9
:10670000202828286C696E652920262028286C6995
:106710006E6529202D2031552929203D3D203055F9
:1067200029290009496E76616C69642F636F727262
:106730007570746564204C4C5F455854495F4C49F2
:106740004E455F6E2076616C75650A0028286C697D
:106750006E6529203C2031203F202D31203A202811
:1067600073697A656F66285F5F747970656F665FBD
:106770005F286C696E652929203E2034203F20283F
:106780003634202D205F5F6275696C74696E5F63BB
:106790006C7A6C6C286C696E6529202D203129205B
:1067A0003A20283332202D205F5F6275696C74694E
:1067B0006E5F636C7A286C696E6529202D20312903
:1067C0002929203C203136006972716E756D2021B7
:1067D0003D2030784646004E6F742076616C6964C7
:1067E00020656E64706F696E743A202530327800CF
:1067F000696E76616C69642065702030782530326E
:106800007800636C6F636B20636F6E74726F6C20C3
:10681000646576696365206E6F7420726561647962
:1068200000436F756C64206E6F742073656C6563D4
:10683000742055534220646F6D61696E20636C6FE4
:10684000636B00556E61626C6520746F20656E61CC
:10685000626C652055534220636C6F636B00466128
:10686000696C656420746F206765742055534220FD
:10687000646F6D61696E20636C6F636B207261740D
:10688000650055534220436C6F636B206973206E23
:106890006F742034384D487A2028256429005553D8
:1068A000422070696E6374726C2073657475702019
:1068B0006661696C65642028256429005043445F43
:1068C000496E6974206661696C65642C20256400DA
:1068D0005043445F53746F70206661696C65642C2B
:1068E000202564005043445F5374617274206661D4
:1068F000696C65642C2025640048414C5F5043441A
:106900005F53657441646472657373206661696C7A
:10691000656428307825303278292C202564004899
:10692000414C5F5043445F45505F526563656976F3
:1069300065206661696C6564283078253032782975
:106940002C20256400574553545F544F50444952FE
:106950002F7A65706879722F647269766572732F09
:106960007573622F6465766963652F7573625F6402
:10697000635F73746D33322E6300726573203D3D27
:10698000203000696E76616C696420656E64706F9A
:10699000696E7420636F6E66696775726174696F82
:1069A0006E00656E64706F696E7420696E646578E0
:1069B0002F61646472657373206F7574206F662035
:1069C00072616E67650048414C5F5043445F4550BB
:1069D0005F5365745374616C6C206661696C6564A7
:1069E00028307825303278292C2025640048414C05
:1069F0005F5043445F45505F436C725374616C6CED
:106A0000206661696C656428307825303278292CDD
:106A10002025640048414C5F5043445F45505F4F20
:106A200070656E206661696C656428307825303247
:106A300078292C2025640048414C5F5043445F4531
:106A4000505F436C6F7365206661696C65642830C4
:106A50007825303278292C20256400556E61626CCF
:106A60006520746F20676574207772697465206C87
:106A70006F636B20282564290048414C5F504344D4
:106A80005F45505F5472616E736D69742066616911
:106A90006C656428307825303278292C20256400F4
:106AA000496E76616C696420456E64706F696E74BE
:106AB0002025780057726F6E6720656E64706F696D
:106AC0006E7420646972656374696F6E3A20307801
:106AD000253032780057726F6E6720617267756D6E
:106AE000656E7473006B5F6D7367715F707574288A
:106AF00029206661696C65643A2025640065705FD1
:106B0000737461746500094E6F20636F72726573F0
:106B1000706F6E64696E672065705F737461746511
:106B200020666F722065700A007573625F64635F30
:106B300073746D33320063616368655F73746D33C2
:106B40003200726363403434303230633030004995
:106B50006E73756666696369656E742062756666D4
:106B60006572732C20667261676D656E7420647245
:106B70006F70706564004C696E6520746F6F206C77
:106B80006F6E672C20667261676D656E742064722B
:106B90006F7070656400756172745F6D63756D67A9
:106BA0007200526561642072616E676520696E765D
:106BB000616C69642E204F66667365743A20256C9B
:106BC000642C206C656E3A20257A750054696D65D9
:106BD0006F7574212076616C3A202564206D7300F6
:106BE00045726173652072616E676520696E7661BA
:106BF0006C69642E204F66667365743A20256C6458
:106C00002C206C656E3A20257A7500577269746580
:106C10002072616E676520696E76616C69642E20F2
:106C20004F66667365743A20256C642C206C656E23
:106C30003A20257A7500666C6173682D636F6E74F7
:106C4000726F6C6C657240343030323230303000EC
:106C5000666C6173685F73746D3332004E534352D8
:106C6000206C6F636B65640A00576F7264206174F7
:106C7000206F66667320256C64206E6F74206572C9
:106C80006173656400666C6173685F73746D333241
:106C90006C3500574553545F544F504449522F7A36
:106CA00065706879722F696E636C7564652F7A659B
:106CB000706879722F647269766572732F67706974
:106CC0006F2F6770696F5F7574696C732E680063EE
:106CD000616C6C6261636B00094E6F2063616C6C68
:106CE0006261636B210A0063616C6C6261636B2D8E
:106CF0003E68616E646C657200094E6F2063616C62
:106D00006C6261636B2068616E646C6572210A005D
:106D100063622D3E68616E646C657200496E7661D7
:106D20006C6964206368616E6E656C202825642937
:106D30000043616E6E6F74207365742050574D2050
:106D40006F75747075742C20706572696F64206340
:106D500079636C6573202575206578636565647358
:106D60002031362D6269742074696D6572206C69FA
:106D70006D69742E004368616E6E656C2025642019
:106D8000686173204E4F20636F6D706C656D656E2A
:106D900074617279206F757470757400436F756CCF
:106DA00064206E6F7420696E697469616C697A65BC
:106DB00020636C6F636B202825642900436F756C1A
:106DC00064206E6F7420636F6E66696775726520EC
:106DD000636C6F636B20282564290054696D6572AC
:106DE00020636C6F636B207261746520676574202B
:106DF0006572726F7220282564290054696D65726E
:106E000020636C6F636B20736F75726365206973A9
:106E1000206E6F74207370656369666965640050E5
:106E2000574D2070696E6374726C20736574757051
:106E3000206661696C656420282564290025733A01
:106E40002054696D657220646F6573206E6F7420C5
:106E5000737570706F7274206D61737465726D6F8D
:106E600064650053657474696E6720646561647459
:106E7000696D65202564206F6E2061206E6F6E2D18
:106E8000627265616B2074696D6572202573007094
:106E9000776D0070776D5F73746D33320072657358
:106EA00065742D636F6E74726F6C6C6572005570D3
:106EB00064617465206578636565647320637572C9
:106EC00072656E742062756666657200436F756CDC
:106ED00064206E6F742073656C6563742053504931
:106EE00020646F6D61696E20636C6F636B00436F2C
:106EF000756C64206E6F7420656E61626C652053E2
:106F0000504920636C6F636B004E6F206461746145
:106F100020776964746820646566696E65642066BC
:106F20006F72207468697320696E7374616E636533
:106F3000004661696C65642063616C6C20636C6FF2
:106F4000636B5F636F6E74726F6C5F6765745F72A3
:106F50006174652870636C6B5B315D290046616903
:106F60006C65642063616C6C20636C6F636B5F6342
:106F70006F6E74726F6C5F6765745F7261746528A1
:106F800070636C6B5B305D290042756666657220CC
:106F900073697A652065786365656473206D6178CF
:106FA000696D616C20737570706F727465642076A2
:106FB000616C75650025733A206572723D25640029
:106FC000556E737570706F7274656420667265714A
:106FD00075656E6379202575487A2C206D6178205F
:106FE0002575487A2C206D696E202575487A0073C6
:106FF0007069403430303033633030007370694032
:107000003430303133303030007370695F73746DF9
:107010003332004255473B2063616E27742068611C
:107020007070656E005365636F6E6461727920697C
:107030006D616765206F6620696D616765207061AD
:107040006972202825642E2920697320756E726567
:1070500061636861626C652E205472656174206999
:107060007420617320656D70747900496D61676586
:1070700020696E6465783A2025642C20537761700E
:1070800020747970653A20257300496D6167652029
:10709000696E6465783A2025642C205377617020EE
:1070A000747970653A206E6F6E6500746573740054
:1070B0007065726D00726576657274006D637562DD
:1070C0006F6F745F7574696C005465726D696E6181
:1070D0006C00574553545F544F504449522F7A65C2
:1070E000706879722F6B65726E656C2F6465766956
:1070F00063652E63007263203E3D202D2830786644
:107100006629202626207263203C20300009646511
:107110007669636520257320696E69743A20696E0B
:1071200076616C6964206572726F7220282564290B
:107130000A0048616C74696E672073797374656DB9
:1071400000556E6B6E6F776E206572726F72007590
:107150006E6B6E6F776E003E3E3E205A455048592A
:107160005220464154414C204552524F52202564F2
:107170003A202573206F6E20435055202564004629
:1071800061756C7420647572696E6720696E7465D0
:1071900072727570742068616E646C696E670A0043
:1071A00043757272656E74207468726561643A200A
:1071B0002570202825732900574553545F544F509C
:1071C0004449522F7A65706879722F6B65726E65CB
:1071D0006C2F666174616C2E6300726561736F6EF3
:1071E00020213D204B5F4552525F4B45524E454C4E
:1071F0005F50414E49430009417474656D70746578
:107200006420746F207265636F7665722066726F9A
:107210006D2061206B65726E656C2070616E6963B4
:1072200020636F6E646974696F6E0A004350552065
:10723000657863657074696F6E00556E68616E6421
:107240006C656420696E7465727275707400537435
:1072500061636B206F766572666C6F77004B657249
:107260006E656C206F6F7073004B65726E656C207D
:1072700070616E696300574553545F544F504449E1
:10728000522F7A65706879722F6B65726E656C2FFC
:10729000696E69742E63007468726561645F64610D
:1072A0007461203C3D205F5F7374617469635F7437
:1072B00068726561645F646174615F6C6973745F57
:1072C000656E6400646576203C3D205F6465766988
:1072D00063655F6C6973745F656E64006F730057FC
:1072E0004553545F544F504449522F7A6570687922
:1072F000722F6B65726E656C2F6B686561702E63A3
:107300000021617263685F69735F696E5F697372A0
:107310002829207C7C20282874696D656F75742964
:107320002E7469636B73203D3D202828286B5F74A1
:10733000696D656F75745F74297B307D29292E74A2
:1073400069636B732900090A0068656170203C3D20
:10735000205F6B5F686561705F6C6973745F656EF9
:107360006400574553545F544F504449522F7A6537
:10737000706879722F6B65726E656C2F6D656D5FCD
:10738000736C61622E6300736C6162203C3D205F10
:107390006B5F6D656D5F736C61625F6C6973745F69
:1073A000656E640028736C61622D3E667265655F70
:1073B0006C697374203D3D202828766F6964202A0B
:1073C00029302920262620736C61622D3E696E6665
:1073D0006F2E6E756D5F75736564203D3D20736C17
:1073E00061622D3E696E666F2E6E756D5F626C6FA9
:1073F000636B7329207C7C20736C61625F70747294
:107400005F69735F676F6F6428736C61622C2073B0
:107410006C61622D3E667265655F6C6973742900EC
:1074200009736C616220636F7272757074696F6E3C
:107430002064657465637465640A0009496E766149
:107440006C6964206D656D6F727920706F696E7400
:1074500065722070726F76696465640A00574553DF
:10746000545F544F504449522F7A65706879722F97
:107470006B65726E656C2F696E636C7564652F6BDE
:1074800073636865642E680021617263685F697266
:10749000715F756E6C6F636B6564286B657929002D
:1074A0007468726561642D3E626173652E70656EED
:1074B0006465645F6F6E00574553545F544F50448A
:1074C00049522F7A65706879722F6B65726E656CA0
:1074D0002F69646C652E63005F6B65726E656C2E40
:1074E000637075735B305D2E63757272656E742D9B
:1074F0003E626173652E7072696F203E3D203000E0
:10750000574553545F544F504449522F7A65706821
:1075100079722F6B65726E656C2F6D73675F712E5C
:107520006300286D7367712D3E77726974655F70B3
:107530007472203E3D206D7367712D3E62756666E4
:1075400065725F73746172742920262620286D731A
:1075500067712D3E77726974655F707472203C3D6F
:1075600020286D7367712D3E6275666665725F6572
:107570006E64202D20312929202626202828736991
:107580007A655F74292875696E747074725F7429E6
:10759000286D7367712D3E6275666665725F656EF4
:1075A00064202D206D7367712D3E77726974655F5D
:1075B00070747229203E3D206D7367712D3E6D738E
:1075C000675F73697A6529002173697A655F6D75F4
:1075D0006C5F6F766572666C6F77286D61785F6D32
:1075E0007367732C206D73675F73697A652C20262F
:1075F0002873697A655F74297B307D29002173695E
:107600007A655F6164645F6F766572666C6F772818
:107610002873697A655F74292875696E747074724D
:107620005F74296275666665722C206D61785F6D86
:10763000736773202A206D73675F73697A652C20E6
:10764000262873697A655F74297B307D2900574548
:1076500053545F544F504449522F7A657068797281
:107660002F6B65726E656C2F6D757465782E630077
:1076700021617263685F69735F696E5F6973722805
:107680002900096D7574657865732063616E6E6F8E
:1076900074206265207573656420696E7369646522
:1076A00020495352730A006D757465782D3E6C6FD6
:1076B000636B5F636F756E74203E203055005745D5
:1076C00053545F544F504449522F7A657068797211
:1076D0002F6B65726E656C2F73656D2E63002828A5
:1076E000617263685F69735F696E5F69737228298D
:1076F000203D3D203029207C7C20282874696D6540
:107700006F7574292E7469636B73203D3D202828A2
:10771000286B5F74696D656F75745F74297B307D4C
:1077200029292E7469636B73292900574553545FC7
:10773000544F504449522F7A65706879722F6B65A7
:10774000726E656C2F776F726B2E6300776F726B42
:107750002D3E717565756520213D202828766F695D
:1077600064202A29302900776F726B2D3E68616E84
:10777000646C657220213D202828766F6964202A78
:107780002930290021666C61675F7465737428264F
:1077900071756575652D3E666C6167732C204B5F56
:1077A000574F524B5F51554555455F5354415254C5
:1077B00045445F42495429007175657565006477D9
:1077C0006F726B20213D202828766F6964202A295A
:1077D000302900574553545F544F504449522F7A33
:1077E00065706879722F6B65726E656C2F74687244
:1077F0006561642E6300282828287072696F292922
:10780000203D3D203135202626207A5F69735F694F
:10781000646C655F7468726561645F656E747279CB
:107820002828656E747279292929207C7C202828D3
:10783000283135202D203129203E3D2028282D318A
:10784000362929292026262028287072696F29299F
:10785000203E3D2028282D31362929202626202883
:10786000287072696F2929203C3D20283135202D50
:1078700020312929290009696E76616C69642070BC
:1078800072696F7269747920282564293B20616CC4
:107890006C6F7765642072616E67653A202564209D
:1078A000746F2025640A000954687265616473204E
:1078B0006D6179206E6F74206265206372656174FA
:1078C000656420696E20495352730A00574553542A
:1078D0005F544F504449522F7A65706879722F6B0C
:1078E00065726E656C2F73636865642E6300217A20
:1078F0005F69735F69646C655F7468726561645F1A
:107900006F626A65637428746872656164290057E0
:107910004553545F544F504449522F7A65706879EB
:10792000722F6B65726E656C2F696E636C75646522
:107930002F6B7468726561642E68005F6B65726E90
:10794000656C2E637075735B305D2E637572726546
:107950006E7420213D202828766F6964202A293002
:1079600029002169735F7468726561645F64756D75
:107970006D79287468726561642900574553545FB6
:10798000544F504449522F7A65706879722F6B6555
:10799000726E656C2F696E636C7564652F6B73779F
:1079A00061702E6800617263685F6972715F756EE5
:1079B0006C6F636B6564286B657929207C7C205F24
:1079C0006B65726E656C2E637075735B305D2E63D4
:1079D000757272656E742D3E626173652E74687285
:1079E0006561645F737461746520262028282831DE
:1079F000554C203C3C202830292929207C2028284F
:107A000031554C203C3C20283329292929000943A1
:107A10006F6E7465787420737769746368696E67D4
:107A2000207768696C6520686F6C64696E67206C8C
:107A30006F636B210A0073697A656F66285F7363F1
:107A40006865645F7370696E6C6F636B29203D3D80
:107A50002030207C7C206C6F636B20213D20265FD2
:107A600073636865645F7370696E6C6F636B005FEE
:107A70006B65726E656C2E637075735B305D2E6323
:107A8000757272656E742D3E626173652E736368E4
:107A900065645F6C6F636B656420213D2031550028
:107AA0005F6B65726E656C2E637075735B305D2EF7
:107AB00063757272656E742D3E626173652E7363B9
:107AC0006865645F6C6F636B656420213D20305591
:107AD00000217465726D696E617465000961626F81
:107AE00072746564205F63757272656E7420626182
:107AF000636B2066726F6D20646561640A002165A6
:107B00007373656E7469616C000961626F7274658C
:107B10006420657373656E7469616C207468726546
:107B200061642025700A00574553545F544F5044F8
:107B300049522F7A65706879722F6B65726E656C29
:107B40002F74696D65736C6963696E672E630028B5
:107B50002874696D656F757429202626202828757C
:107B6000696E747074725F742928736C6963655FE1
:107B700074696D656F7574732929203C3D20282830
:107B800075696E747074725F74292874696D656F9D
:107B90007574292920262620282875696E7470742A
:107BA000725F74292874696D656F75742929203C8A
:107BB00020282875696E747074725F7429282628CD
:107BC000736C6963655F74696D656F757473295B48
:107BD000282873697A655F7429282828696E7429B2
:107BE00073697A656F6628636861725B31202D2046
:107BF0002832202A202128215F5F6275696C746910
:107C00006E5F74797065735F636F6D7061746962C4
:107C10006C655F70285F5F747970656F665F5F2861
:107C2000736C6963655F74696D656F757473292C16
:107C3000205F5F747970656F665F5F282628736CBC
:107C40006963655F74696D656F757473295B305D19
:107C5000292929295D29202D203129202B2028732D
:107C6000697A656F6628736C6963655F74696D65B1
:107C70006F75747329202F2073697A656F662828C1
:107C8000736C6963655F74696D656F757473295B87
:107C9000305D292929295D29292026262028282800
:107CA00075696E747074725F74292874696D656F7C
:107CB00075742929202D20282875696E74707472B6
:107CC0005F742928736C6963655F74696D656F758E
:107CD000747329292920252073697A656F662828FD
:107CE000736C6963655F74696D656F757473295B27
:107CF000305D29203D3D20302900574553545F54C5
:107D00004F504449522F7A65706879722F6B6572B3
:107D10006E656C2F74696D656F75742E63002173C9
:107D200079735F646E6F64655F69735F6C696E6BB6
:107D300065642826746F2D3E6E6F64652900574573
:107D400053545F544F504449522F7A65706879728A
:107D50002F6B65726E656C2F6D656D706F6F6C2E1D
:107D60006300616C69676E203D3D2030207C7C2083
:107D7000282875696E747074725F74296D656D2042
:107D8000262028616C69676E202D20312929203D2D
:107D90003D203000096D6973616C69676E65642010
:107DA0006D656D6F72792061742025702028616C7B
:107DB00069676E203D20257A75290A0073797377EB
:107DC0006F726B7100286E756C6C29002A666C6F7F
:107DD00061742A007F7F7F7F7F7F7F7F7F7F7F7FB0
:107DE0007F7F7F7F7F7F7F7F7F7F7F7F7F7F7F7FA3
:107DF0007F7F7F7F7F7F7F7F7F7F7F7F7F7F7F3ED4
:107E00007F7F7F3F3435363738393A3B3C3D7F7F83
:107E10007F407F7F7F000102030405060708090AEF
:107E20000B0C0D0E0F101112131415161718197FC5
:107E30007F7F7F7F7F1A1B1C1D1E1F202122232472
:107E400025262728292A2B2C2D2E2F303132337F1F
:107E50007F7F7F7F4142434445464748494A4B4CD8
:107E60004D4E4F505152535455565758595A6162BE
:107E7000636465666768696A6B6C6D6E6F7071725A
:107E8000737475767778797A3031323334353637A2
:107E900038392B2F206D65737361676573206472A9
:107EA0006F70706564202D2D2D0D0A1B5B306D00E9
:107EB0001B5B313B33316D2D2D2D20000A02040C4C
:107EC00001171D0505010101010601010101030260
:107ED000010101030303030103030106060F010E61
:107EE000010D010C010B010A01090108010701063E
:107EF0000105010401030102010101000100010269
:107F00000304050607080A00020406080A0C0E10FE
:107F10001400000800000008000008000000000431
:107F200004040438387370695F73746D33325F67AB
:107F300065745F65727200040104030402040104A5
:107F400001040301040304010400000000000054C4
:107F50005452205245474745530001020203030390
:107F600003000000FFFFFFFFFFFFFFFF0000000016
:107F70000000000000000000000000000000000001
:107F800000000000000000000000000000000000F1
:107F900000000000000000000000000000000000E1
:107FA00000000000000000000000000000000000D1
:107FB00000000000000000000000000000000000C1
:107FC00000000000000000000000000000000000B1
:107FD00000000000000000000000000000000000A1
:107FE0000000000000000000000000000000000091
:107FF00000000000000000006C0600205806002071
:1080000000C20100000008000000000000000000A5
:108010000000000000000000000000000000000060
:108020000000000000000000000000000000000050
:108030000000000000000000000000000000000040
:108040000000000000000000000000000000000030
:108050000000000000000000000000000000000020
:108060000000000000000000000000000000000010
:108070000000000000000000000000000000000000
:1080800000000000000000000000000000000000F0
:1080900000000000000000000000000000000000E0
:1080A0000000000000000000AC0600209806002040
:1080B00000C20100000008000000000000000000F5
:1080C00000000000000000000000000000000000B0
:1080D0003D1902080000000000010000000000003F
:1080E0000000000000000000000000000000000090
:1080F000000000000000000000000000F30E020875
:10810000F440020888730020000000000000000016
:10811000000000000004000088770020000000003C
:10812000000000000000000000040000C15601082B
:1081300080000000A551010800000000A5510108C1
:1081400080000000887B002000000000000000008C
:108150000000000000040000887F002000000000F4
:10816000000000000000000000040000C1560108EB
:1081700080000000A551010800000000A551010881
:1081800080000000000000007441020806000100A9
:108190000D7A010800000000A4410208060000005A
:1081A0001B19020800000000C57F01080000000044
:1081B000000000000020024000000000000000005D
:1081C00000000000000000000000000088380208E5
:1081D000900F0000000000000000000030070020A9
:1081E00030070020000000000100000040070020D0
:1081F0004007002000000000010000000000000017
:10820000000000000000000000000000000000006E
:10821000000000000000000000000000000000005E
:10822000000000000000000000000000000000004E
:1082300000000000000000008C0700208C070020D8
:1082400000000000010000009C0700209C070020A7
:10825000000000000100000000000000000000001D
:10826000000000000000000000000000000000000E
:1082700000000000000000000000000000000000FE
:108280000000000000000000000000000090D0038B
:10829000C8000000E8070020E8070020FA00FF00FF
:1082A000FF00FF00FF00FF00FF00FF00FF00FF00D6
:1082B000FF00FF00FF00FF00FF00FF00FF000606B9
:1082C000060606060606FFFF0196000000000000F5
:1082D000000000000000000000000000000000009E
:1082E000000000000000000000000000000000008E
:1082F000000000000000000000000000000000007E
:10830000000000000000000000000000000000006D
:10831000000000000000000000000000000000005D
:10832000000000000000000000000000000000004D
:1083300084080020840800200000000078720020DB
:1083400000000000020000008800000000000000A3
:1083500000000000205400203C0400000000000049
:108360000000000000000000BC080020BC08002045
:1083700000000000000000000E000000D0080020F7
:10838000D0080020000000002700000018000000B6
:1083900060680020086C0020606800206068002091
:1083A0000000000000000000FC080020FC08002085
:1083B00000000000010000000C0900200C09002052
:1083C00000000000010000000000000000000000AC
:1083D00000000000280900202809002000000000FB
:1083E00000000000000000003C0900203C090020C3
:1083F0000000000004000400040000000000000071
:10840000D44102080872002012010002EF0201406C
:10841000E32F10BC04040102030109020000000163
:1084200000E032080B000202020000090400000113
:1084300002020000052400100105240102010424A9
:10844000020205240600010705800310000A090442
:108450000100020A00000007058002400000070535
:108460000002400000080B000202020000090400A4
:108470000001020200000524001001052401020190
:108480000424020205240600010705800310000AE7
:1084900009040100020A00000007058002400000F4
:1084A0000705000240000004030904120342434987
:1084B0002D42616E6400000000000000003803429D
:1084C00043492D42616E642053544D333248353652
:1084D00033204461746120434443000000000000E5
:1084E000000000000000000000000000000000008C
:1084F0000000000000220330313233343536373883
:10850000394142434445460000000000000000009D
:10851000000000000000000000FFFFFF000000005E
:108520007F09002081130208ED570108E556010874
:10853000000000000000000003000000C006002052
:1085400000000000C109002081130208ED57010856
:10855000E5560108000000000000000003000000D4
:108560008006002015E015E0076998001000200043
:10857000A245509FD9D24ABD4AD16FF7DEF65EB20E
:10858000C3B20192BC86FB6EDC2CAC1F918234A876
:1085900001002000DC8BC2B54FB5ABBE7767B4BC21
:1085A000921E5DA60C925ECFDD6B07513BE2D914A3
:1085B000F898AF8B220048003046022100BCA8C8C2
:1085C00001FD6B42DEBC09C5385957E5DD9294C107
:1085D0002707506654F1A71BA64DC8B15D022100C4
:1085E000DC7AB966782CDE97B31FE2CEDB822CE111
:1085F0000C616BE9875C90AD16FEA02616F9BC7A7B
:00000001FF
