:10000000C03600200D36000009B60000F9350000AA
:10001000F9350000F9350000F93500000000000056
:10002000000000000000000000000000E9360000B1
:10003000F93500000000000015390000F935000016
:100040008D390000C14E00008D3900008D3900004F
:100050008D3900008D3900008D3900008D39000088
:100060008D3900008D390000A14B00008D39000052
:100070008D3900008D3900008D3900008D39000068
:100080008D3900008D3900008D3900008D39000058
:10009000614F00008D3900008D3900008D3900005E
:1000A0008D3900008D3900008D3900008D39000038
:1000B0008D3900008D3900008D3900008D39000028
:1000C0008D3900008D3900008D3900008D39000018
:1000D0008D3900008D3900008D3900008D39000008
:1000E0008D3900008D3900008D3900008D390000F8
:1000F0008D3900008D3900008D3900008D390000E8
:10010000014B1B685B681847C0040020014B1B684B
:100110009B681847C0040020014B1B681B691847E7
:10012000C0040020014B1B685B691847C004002015
:10013000014B1B689B691847C0040020014B1B68DA
:10014000DB691847C0040020014B1B681B6A184775
:10015000C0040020014B1B689B6A1847C0040020A4
:1001600030B4044C9DF8085024680295E468A44615
:1001700030BC6047C00400206B0300007103000026
:10018000730300009903000077030000A30300003D
:100190007D030000AD03000083030000B9030000ED
:1001A0008F03000093030000850300008B03000011
:1001B000A9030000B303000030B50346114890F9CD
:1001C0001C209A4219DD90F924209A4217DA9A1AD3
:1001D000846AA05C0C4A15569D420DD00E3200294F
:1001E00018BF01309442C0B206D129B1013BDBB245
:1001F000012B01D80130C0B230BD0D20FCE700203A
:10020000FAE700BFD807002000C3000008B5054B7F
:1002100093F91C30984203DAFFF7CEFF024B1B56CE
:10022000184608BDD807002000C3000008B5184BC9
:1002300093F82C20FAB9012283F82C20154A126871
:10024000A2F10800082803D813490141C90709D5BC
:10025000911F092910D9013212D04FF4DF71742097
:1002600000F034F80D4A9A62D8221A6283F82420EA
:1002700008229A611A7708BD094A0A41D207ECD4CC
:10028000084A9A62D8221A6283F824200422F0E7EE
:10029000D807002088090020DEFEFFFF3BC30000D6
:1002A000EEFCFFFF0EC30000BFF34F8F0549064B66
:1002B000CA6802F4E0621343CB60BFF34F8F00BF04
:1002C000FDE700BF00ED00E00400FA051FB572B6BF
:1002D000134B5D6895B9FFF7E7FF2346B2FBF6F2D3
:1002E0005C1C002AF9D104AEDCB256FA83F303F8A1
:1002F0000C2C0A2234B901A8A847ECE702460023D7
:100300000A26EDE7631E04AEDCB256FA83F3B0FBB7
:10031000F2F602FB1600303003F80C0C3046E9E729
:10032000500900204FF08052034BD2F83011196071
:10033000D2F834215A6070478809002008B5FFF7C9
:10034000F1FFBDE80840FFF771BF801A00F3070016
:1003500038B540B20D4659B21446FFF757FF002397
:1003600028706B70204440B238BD00230360704792
:100370007047002070474FF0FF3070474FF0FF305C
:10038000704770474FF0FF307047002070470020E3
:1003900070470023037070479DF800300022FFF77C
:1003A000D4BF4FF0FF307047002070474FF0FF3050
:1003B00070474FF0FF3070477047034613F8012B2A
:1003C000002AFBD1181A01387047000000B50178E7
:1003D0000129A1B00CD0022939D000293CD12148F3
:1003E0000AF006FE204821B05DF804EB08F0A2BA3E
:1003F0001E480AF0FDFDBFF35B8F1D4B53E8002F35
:1004000043E800100028F9D1BFF35B8FEAE79DF8BD
:10041000481001AA0DF14D000AF0B1FDB8B19DF8E8
:100420000430012B13D1049A8DF814200DF14D01E5
:10043000D2B20DF115000BF044FD0E48002200234E
:1004400005A90BF099FC50B90B480AF0D1FD12A890
:1004500005F0D4FA0028DAD021B05DF804FB074893
:10046000F3E700BF9C100020B80700209810002080
:10047000941000206007002090100020A41000209D
:1004800030B5254C302591B02A46002120460BF08E
:1004900026FD22480022002303A907F0ABFFD8B9AC
:1004A0009DF80C200DF10D0120460BF00AFD1C48B3
:1004B0000AF09EFD30221B4B17491B48009207F0A3
:1004C00057F8044628B1194A0346012118480BF091
:1004D00029F8204611B030BDE723237073236370E1
:1004E0001448E5700123A3700AF07CFD20711248C6
:1004F0000AF078FD607111480AF074FDA07110488F
:100500000AF070FDE0710F480AF06CFD20720E4891
:100510000AF068FD6072CDE77418002060070020C3
:100520008C100020A4180020C404002060C5000026
:1005300068C20000AC100020A8100020A410002009
:100540009C10002098100020A010002070B50378A7
:10055000012B92B03ED1374B4268BFF35B8F53E81B
:10056000001F43E80024002CF9D1BFF35B8F4568DE
:100570000469302D32D12378A52B2FD163785A2BE3
:100580002CD1A378012B29D1E378012B26D12E2160
:1005900020460AF0DAFCE68DB0421FD18DF81450E7
:1005A0000DF1150304F1300254F8041B43F8041B49
:1005B0009442F9D120480022002305A90BF0DCFB6E
:1005C00050B91E480AF014FDFFF75AFF10B11C483D
:1005D0000AF00EFD12B070BD1948F3E7002301AA1E
:1005E000294620468DF804300AF0C9FCB0B19DF8C8
:1005F0000430022B12D1049A8DF814202146D2B275
:100600000DF115000BF05DFC0B480022002305A93D
:100610000BF0B2FB0028DFD10A48D3E701AA294634
:1006200020460AF0ACFC18B19DF80430032BCBD067
:100630000548C7E7A01000208C070020AC10002060
:10064000A410002088100020A81000202DE9F04FF1
:100650009FB0964D00AF3522002107F140000BF00E
:100660003EFC0FCD07F10C040FC42B682360002360
:100670003B758F4BBB6130237B770123FB770825CC
:100680008C4BBD7507F10C003B6104F0D1FF0446B3
:1006900098B9894805F02EFA044670B9874805F0E4
:1006A00043FA044648B98648294605F055FA0446F7
:1006B00018B9502005F076FA04466D468AB06A46AD
:1006C000804B0593502100234FF030084FF005096F
:1006D000CDE90613CDF8208042F8109F7A484FF4F8
:1006E000235101F0C7FFAD4654B1784A23467648FE
:1006F00001210AF017FF20467C37BD46BDE8F08F88
:10070000734E0FCE07F10C050FC596E8070085E87C
:1007100007002246494623200325BD7703F026F82B
:1007200023466C4A6C4807F10C0106F0E7FE0446CC
:1007300010B16A4A0346DAE7FFF7A2FE0446002832
:10074000D9D1674A604829460AF0E3FEA7F84080FD
:1007500087F84340634A5C48634E29460AF0D9FE55
:10076000A146A04661484FF4A472002307F10C0192
:1007700007F040FEB0B1C3237B734FF49E73651C3A
:10078000FB817C740323240A072107F10D003B74CD
:10079000BC7487F813800AF0D8FBADB20923B88285
:1007A0003B732C463D7B07F10D012A4607F14500BE
:1007B0000BF087FB87F84050BFF35B8F56E8003F94
:1007C00046E80082002AF9D1BFF35B8F07F14000B1
:1007D00005F06AF8054618B145480AF009FC17E02B
:1007E00044484FF0FF324FF0FF3308F01FF9BFF3DA
:1007F0005B8F56E8003F012B03D146E80052002AE8
:10080000F7D1BFF35B8F03D105F042F90028E3D1A4
:100810000BF03EFB4FF47A72A0FB020302FB0133A4
:10082000C50B45EA4345A5EB090241F287339A42DD
:1008300098D931480AF0D6FB834630480AF0D2FBFB
:1008400082462F480AF0CEFB81462E480AF0CAFBAA
:10085000024627480AF0C6FB01462B480AF0C2FBB5
:1008600003462A480AF0BEFB786029480AF0BAFB22
:10087000C7F800D08EB00B937B68DFF898C0CDE945
:1008800009216A46CDE90C300A23CDE905CBCDE933
:1008900007A942F8103F0C48002345F2C00101F0BF
:1008A000E9FEA946D7F800D05CE700BFD0C200003F
:1008B000F4010100CD030000B4F60000B0F6000022
:1008C000A8F600007CC5000068C20000B4C50000A6
:1008D000E4C200004D050000C4040020C8C50000AB
:1008E000E2C5000018C60000941000208C0700200C
:1008F00098100020B8070020AC100020A81000209D
:10090000A41000209C100020901000208C100020CB
:10091000881000204BC600002DE9F84F04460AF06D
:1009200073FBB0FA80F0C0F11F0004EB8006CD002D
:10093000D6F8109005F1040A0B4606358FB2B9F1CE
:10094000000F0AD1E268012181400A43E26033616D
:1009500024F80A706753BDE8F88F4FEAC9060436D9
:1009600034F806B04FEACB0808F1060834F808302E
:1009700099450CD00A4A0B4801210AF0CAFD002310
:1009800083F31188BFF36F8F0423184602DF24F826
:100990000AB024F8059024F80870A753DBE700BFDD
:1009A000AFC60000A0C20000B2F5802F2DE9F843C9
:1009B0000ED33E493E4A3F484FF437730AF091FB4D
:1009C0003D480AF08EFB4FF4377139480AF080FB3E
:1009D000042A0CD83949364A364840F2E3230AF053
:1009E00080FB37480AF07DFB40F2E321EDE7043A53
:1009F000CD1D114425F0070521F00706A6EB0508DB
:100A0000B8F1170F4FEAD8070CD82E49284A2948C1
:100A10004FF43B730AF065FB29480AF062FB4FF480
:100A20003B71D2E7B7FA87F4C4F12002C4F1240481
:100A3000A4000734E408631C4FF00009BB420560C2
:100A4000AF60C5F80C900CD91F49194A194840F2FB
:100A500002330AF046FB1A480AF043FB40F2023127
:100A6000B3E74946920005F110000BF038FAA2B244
:100A7000530043F001036B803B1B9BB205EBC401A9
:100A80005800A5F80090488025F83420A6F8029078
:100A900025F8083005EBC70321465A8842F00102C9
:100AA0005A802846BDE8F843FFF736BF4BC7000021
:100AB000D3C6000011C7000061C7000078C700005E
:100AC00099C70000B2C70000DBC700002DE9F04F56
:100AD00091B08407009302F004030293C2F3C203AF
:100AE00003F10103DDF868A0039205460E46059365
:100AF00040F0C881041D002838D101F00706341DDC
:100B0000C6F10806009B4FF000085A1E04274FF05C
:100B1000FF330193CDF81080C146C3463B460DB16B
:100B2000009921600598002800F3C180944800993D
:100B3000814203D393488142C0F0B980039911F0F8
:100B4000020CA4EB050040F0CB80B9F10F0F40F28E
:100B5000CA808D498D4A8E4840F281230AF0C1FA3D
:100B60008C480AF0BEFA40F28121B6E00729C9D8C4
:100B70006FF01B0011B0BDE8F08F7A285AD84B28CF
:100B80000FD8472856D829282DD825284FD051D8F6
:100B9000202818BF23280CBF4FF0010B4FF0000B8B
:100BA0006EE04C382E2845D8DFE800F06A44444413
:100BB00044444444444444444744444444444444F2
:100BC00044544447475454546A4768446A44184755
:100BD0001844447C7A47444447447A0000204FF04C
:100BE000000B042734E02A38C0B2012101FA00F0DA
:100BF00010EA0E0F44D110F0625C2BD110EA010B09
:100C00003ED06046013C3C44B4FBF7F47C4325B144
:100C1000A3EB050CA444B445AAD8002800F09780A3
:100C20000599013905915AF8041B009177E701995C
:100C3000013901914FF0000B22E012F8010C6C28F1
:100C400032D112F8023C00206C2B8346C9D1082710
:100C50003B46D7E70AF1070A2AF0070A0734FAE801
:100C600002BC24F0070435B106982044B0423FF698
:100C70007FAFC4E900BC08344FF0000B08273B46A7
:100C800012F8010F002800F08980BBF1000F7FF4FB
:100C900074AF2528F4D1019B013301934FF0010B70
:100CA0000427ECE758469AE700208346AAE7039911
:100CB00088072FD5601B4FF0010CB0F5007FFFF4C3
:100CC00044AF3149314A32484FF41F730AF009FAF0
:100CD00031480AF006FA4FF41F712C480AF0F8F96F
:100CE0004FF0000CE9E705B309F140010DEB010EEF
:100CF000C0F3870001990EF8200C0EF8101CBCF10F
:100D0000000F0ED060F07F000EF8200C08F10108F3
:100D100009F10109C5F10801043406914FF6DA7EA4
:100D2000AEE7049801300490F2E7BCF1000F01D067
:100D30000136EDE7029802360028E9D10098CDE9A6
:100D40000632FFF73AFBDDE906320644E0E7042B02
:100D500008D10AF1040015B1DAF80010216004345A
:100D600082468DE70AF1070323F0070303F1080A1F
:100D70001DB1D3E90001C4E90001083408237FE76D
:100D8000C4BF000008F700008FEB00000EC8000091
:100D900011C700005DC800003CC80000631BB3F52C
:100DA000806F0CD339493A4A3A4840F2D2230AF0CC
:100DB00098F939480AF095F940F2D2218DE71DB92A
:100DC000A6F10804E018D5E6029A28609B082B706B
:100DD0009DF81030BAB1EB7085F80280B8F1000FC1
:100DE00005D008A80022C5F1010791450DD1C5F134
:100DF000010308AF4FF0000A01930DF1300BD1450C
:100E000012D1601BB6E66B70E6E710F8013B1906DD
:100E100008D507EB040CB44503F07F033FF6A8AEFA
:100E200004F8013B0132E0E7B8F1000F03D097F975
:100E30000020002A16DB029BC3B11AF80B2004F82D
:100E4000012B0022019B18191044B0423FF690AECE
:100E5000387804F8010B0099039220460BF031F822
:100E6000039A14440AF1010A0137C8E73A7855F8A1
:100E700022300093029B45F822300098FFF79DFA3C
:100E8000421CDFE76FF00D0074E600BF8FEB00003F
:100E90000EC8000011C7000077C800002DE9F04F10
:100EA00095B000AFC7E908328A46054658B99A4955
:100EB0009A4A9B4840F299330AF013F940F299316B
:100EC00096480AF005F949B903784678807800EB2E
:100ED00083002844564521D8A0EB050ABB6F95F83E
:100EE0000280BC6F03F001033B61EB78FB61B8F15A
:100EF000000F0CBF002404F0010413B1BB6F9A076C
:100F000015D4A4B97B6A1BB13A6A51462846984762
:100F1000564630465437BD46BDE8F08F441C204647
:100F2000FFF74BFA013020440AF1010AD2E7BB6F08
:100F3000C3F3C0037B612B78FB609B007B606B6815
:100F4000BB60FB6805EB830B7B6A002B71D15646B7
:100F5000D844ACB11C461BF8013B55F82300FFF701
:100F60002CFAFB6F01303BB1D7F88030A34282BF2F
:100F7000FB6F23F814000134C3450644EBD1D84677
:100F8000BB6F13F0050F0CBF4FF0020B4FF0010BBE
:100F90004FF00009FB699945BBD298F8013055F82C
:100FA00023A0604B9A4508F10208C0F080815E4B97
:100FB0007A699A452CBF002301230AB318F8021C52
:100FC000B8687B620AF056F87B6AC8B1EA468AB014
:100FD0006A46564B0593BB68CDE906314FF4007362
:100FE000ADF82030524B42F8103F524800234FF4E6
:100FF000125101F03FFB023ED54609F10109C9E754
:1010000023B13B692BB9A6EB0B06F6E7BB6F9B0739
:10101000F3D55046FFF7D1F9FB6F43B1D7F88030D5
:101020009C423FBFFA6F431C22F81430013406443F
:10103000E3E7002C64D1B8F1000F67D0BB6F58070D
:1010400067D5C14607F14000424659460AF039FFCC
:101050000BEB0803344ABB610023F9698B426BD365
:10106000BA6F95F801B03969920704EB0B03DBB254
:1010700054BF4FEA59020022002940F0E280B96FC4
:1010800011F0040F14BF494600216B70A970EA707B
:1010900079683A6A7B6A28469847061EFFF639AF98
:1010A000FB682B70FB69EB7049463A6A7B6A85F8EE
:1010B00001B085F8028007F140009847B0F10009BF
:1010C000C0F2F1807B68FA69B86903EB42014144E0
:1010D0003A6A7B6AAAEB010198470028C0F2E580D2
:1010E000B14409EB00064FF0000B07F1300AA345AD
:1010F000C0F0A98000213A6A7B6A0846984708E751
:10110000444607F130004FF000099DE74446C146D0
:101110009EE7A1469CE700BF8EC800000EC80000F5
:1011200011C70000C4BF000008F70000A9C80000F4
:101130000400000158C20000B869DFF88CC110F843
:10114000021BB86110F8016C55F826006045C0F02C
:10115000B480904278692CBF4FF0000B4FF0010B28
:1011600030B1B8683B6009F085FF3B68574A60BB07
:10117000BBF1000F2BD0396959B10F2C36D9544926
:10118000544A554840F2434309F0ABFF40F2434113
:1011900096E6B96F490718D5B9F10F0F09D94F492C
:1011A0004C4A4D4840F2464309F09BFF40F246410D
:1011B00086E609F1280007F1280C09F1010100EB8E
:1011C0000C0909F8106C5FFA81F9013345E7B86F33
:1011D000800715D50F2C09D93D493E4A3E4840F2BB
:1011E0004D4309F07EFF40F24D4169E6611C04F178
:1011F000280007F12804041904F8206CCCB2E4E7B5
:10120000B9F10F0F09D93549324A33484FF48A638F
:1012100009F067FF4FF48A6152E609F1280C07F1E3
:10122000280EF44409F101000CF8101C07F15001DC
:1012300051FA80F009F102095FFA89F900F8106C9F
:10124000C3E7002121E71BF80A3087F82F3055F853
:101250002390FB6F23B3D7F880309B4520D2FB6FE0
:1012600033F81B803A6A7B6A012107F12F00984707
:1012700000281ADB0644B8F1000F06D14846FFF7F4
:101280009CF800F101081FFA88F83A6A7B6A414627
:1012900048469847002808DB06440BF1010B26E777
:1012A0004FF00008DEE74E4633E6064631E67B693E
:1012B000002B3FF4ABAE002380E67869002886D08F
:1012C0004FF0000B4DE700BFC4BF000008F700005F
:1012D0004CC900000EC8000011C700006BC9000017
:1012E000014B1860704700BFE404002080B505463C
:1012F0000E461746984608F079FB034602F058FB65
:10130000DFF83C90044649F8003042463946304602
:10131000A8470C4B1B7873B90B490C4A0C4840F298
:10132000463309F0DEFE0B4809F0DBFE074840F2C9
:10133000463109F0CDFE54F8090002F0D5FA00BF9D
:1013400008000000AF1C0020C7C900009CC90000B5
:1013500011C70000DAC9000038B50D460446202246
:1013600000210AF0BCFDEB68E361AB68A3612B6868
:1013700023626B6863620022A2622A6923B1591E4C
:10138000194208BF42F0010222610122002104F14A
:101390002C000AF007FD48B105490648064A2F23EC
:1013A00009F09FFE04482F2109F092FE38BD00BFCE
:1013B00022CA000011C70000FCC900002DE9F04F4F
:1013C00089B0CDE90123436A00278B420446884651
:1013D00005970797BA4654D300F11406EFF3118529
:1013E000402383F31288BFF36F8F3046A94608F07D
:1013F0000BFD58B94D4A4E494E48842309F071FE01
:1014000031464D4809F06DFE842163E0304608F016
:101410001FFD079A2AB13946204609F047FF0023ED
:10142000079306A9204609F069FE069941458346BF
:1014300030D32268236A13F8221021F0030103F845
:10144000221003EB820A21684246204609F07AFE08
:10145000E3682060984218D04FF0000B304608F047
:10146000E1FC50B389F31188BFF36F8F059929B15F
:10147000A2690AB12046904700230593BBF1000FF3
:10148000ACD1504609B0BDE8F08F236943F00803A2
:101490002361E1E718B1204609F06EFEDEE7DDE9E1
:1014A0000132134339D003910AF088FC0399A0BBA1
:1014B0009DBB304608F0B6FC78B91C4A1F491D4850
:1014C0004FF4997309F00DFE31461D4809F009FEED
:1014D0004FF49971154809F0FBFD85F31188BFF3AE
:1014E0006F8FDDE9012304F12C0007F09FFA83469A
:1014F000EFF31189402383F31288BFF36F8F3046D7
:1015000008F082FC00283FF475AF3046BBFA8BFB35
:1015100008F09EFC4FEA5B1BA0E707AB05AA20463C
:10152000276809F046FE834698E700BF2BCA0000F3
:1015300058CA000011C700006DCA000083CA00002D
:101540009ACA00002DE9F0410446C36908460E46D8
:10155000984704F114050746EFF31188402383F3FD
:101560001288BFF36F8F284608F04EFC68B91B4AFB
:101570001B491C48842309F0B4FD29461A4809F088
:10158000B0FD8421154809F0A3FD284608F060FC51
:10159000337843F00103337061683A46204609F01E
:1015A000D1FD6060204609F09CFE284608F03AFC18
:1015B00068B90A4A0D490B484FF4997309F091FD37
:1015C00029460B4809F08DFD4FF49971DAE788F34D
:1015D0001188BFF36F8FBDE8F08100BF2BCA0000F8
:1015E00058CA000011C700006DCA000083CA00007D
:1015F0009ACA00002DE9F0470446002700F11406BE
:10160000EFF31188402383F31288BFF36F8F3046C6
:1016100008F0FAFB054668B9394A3A493A48842342
:1016200009F05FFD3146394809F05BFD84213448FB
:1016300009F04EFD304608F00BFC2369A16818073D
:1016400002D463688B4200D2636A5B1A002B41D0DC
:10165000206A10F8213013F0030200EB81093CD01E
:10166000022A04D150F821205FEA920A05D1DA0754
:1016700020D4E369484698478246A16852462046EE
:1016800009F060FD5146A060204609F069FD2F4633
:10169000304608F0C7FB10BB194A1D491A484FF4E1
:1016A000997309F01EFD31461A4809F01AFD4FF4EE
:1016B0009971BCE743F0020300F821304846E36922
:1016C000A568984729460246204609F03BFD0025BB
:1016D000A060DDE71D46A946DAE71546FBE788F37B
:1016E0001188BFF36F8F002D8AD137B1B9F1000F88
:1016F00003D104F12C0007F01DF94846BDE8F0873E
:101700002BCA000058CA000011C700006DCA0000B3
:1017100083CA00009ACA00002DE9F0410446C3695B
:1017200008460D46984704F114060746EFF3118862
:10173000402383F31288BFF36F8F304608F064FBB9
:1017400068B9284A28492948842309F0CAFC314647
:10175000274809F0C6FC8421224809F0B9FC30462C
:1017600008F076FB2B7823F001032B7023699B078D
:1017700005D5E268236A03EB82039D4222D12B78D0
:1017800023F002032B70D4E90231994204D13A4686
:10179000204609F0D7FCA0603946204609F0E0FC5D
:1017A000304608F03FFB90B90E4A12490F484FF4FB
:1017B000997309F096FC31460F4809F092FC4FF4FA
:1017C0009971C9E72B6867F39F032B60E8E788F3FB
:1017D0001188BFF36F8F04F12C00BDE8F04107F0D2
:1017E000A9B800BF2BCA000058CA000011C70000EA
:1017F0006DCA000083CA00009ACA000070B5044692
:1018000000F11405EFF31186402383F31288BFF330
:101810006F8F284608F0F8FA68B91B4A1B491C4824
:10182000842309F05EFC29461A4809F05AFC8421F9
:10183000154809F04DFC284608F00AFB2369A0680A
:101840001B0702D46368834213D2646A241A2846B1
:1018500008F0E8FA78B90C4A0F490D484FF499732B
:1018600009F03FFC29460D4809F03BFC4FF4997103
:10187000DEE71C1AEBE786F31188BFF36F8F201E9B
:1018800018BF012070BD00BF2BCA000058CA00005D
:1018900011C700006DCA000083CA00009ACA000088
:1018A0002DE9F84F05460846AB8B1907904616D52B
:1018B00001280CBF43F0100343F02003AB83143521
:1018C000284608F0AFFA002840F0B181AE49AF4A8F
:1018D000AF484FF4997309F004FC29469DE00228B3
:1018E00003F0070140F07D81284609F007FD052837
:1018F00000F2FA8001A353F820F000BFBF180000E7
:10190000E31B0000E91A00008D190000271A0000EF
:10191000871A000002F00702531F012B1AD8002378
:10192000062A2E68A4B2C5E9003309D1334603E084
:10193000EA8B0132EA831B68002BF9D144F00204E0
:10194000AC83284609F0DAFC002800F05A8144F004
:10195000200455E1042A0DD1A4B2AC83284609F035
:10196000CDFC0646002800F04C8144F02004AC83F6
:10197000002646E18749884A854840F21B1309F052
:10198000B0FB40F21B11844809F0A2FB49B1834926
:10199000814A7F484FF4AB7309F0A3FB4FF4AB715E
:1019A000F1E72B684BB97E497B4A794840F25713DF
:1019B00009F097FB40F25711E5E72B691F684FB913
:1019C0007849754A72484FF4AD7309F08AFB4FF4B9
:1019D000AD71D8E7AC8B24F0070444F00604A4B240
:1019E000AC830E468A464FF00609AB68002B00F028
:1019F0000F814FF0010B44F00804AC8305F114048F
:101A0000204608F00FFA002878D15F495F4A604805
:101A10004FF4997309F065FB2146634809F061FBB7
:101A20004FF499718EE0022909D060495A4A58480A
:101A300040F25D1309F055FB40F25D11A3E7EE8B18
:101A40004EB15B49544A52484FF4AF7309F049FB19
:101A50004FF4AF7197E72B695F684FB951494E4A10
:101A60004B4840F2611309F03CFB40F261118AE7F8
:101A7000AC8B24F0070444F00404A4B2AC83B24657
:101A80004FF00409B1E7012909D04A49424A4048C8
:101A90004FF4B27309F025FB4FF4B27173E72B6872
:101AA0004BB93F493C4A3A4840F2651309F019FBEB
:101AB00040F2651167E72B699F684FB93949364A8B
:101AC00033484FF4B47309F00CFB4FF4B4715AE788
:101AD000AC8B24F0070444F00504A4B20026AC83C8
:101AE000B2464FF0050980E72A492B4A284840F2C0
:101AF0006B1309F0F6FA40F26B1144E788F3118892
:101B0000BFF36F8FBBF1000F1ED1002E33D117B181
:101B100029492846B847EFF31188402383F31288F8
:101B2000BFF36F8F204608F06FF900284AD1174A9B
:101B300022491748842309F0D4FA2146204809F0A5
:101B4000D0FA842111481FE7A9680029DDD0D1F817
:101B500000800029D9D0D1F804B053464A4628461F
:101B6000D847B8F1000F04D0D8F800304146984665
:101B7000EFE74346FAE7314653464A462846366879
:101B800009F0E8FBC1E700BF83CA00002BCA0000D0
:101B900011C700008FEB0000BACA0000DFCA0000C6
:101BA000EBCA00000ECB00009ACA000025CB000053
:101BB0003BCB00004ACB00003D1C000058CA00008F
:101BC0006DCA0000204608F043F9AC8B24F00804ED
:101BD000A4B2AC83E20621D524F01003AB8304F059
:101BE0000701D5F818A0AA8BBAF1000F22F007045C
:101BF000BFF690AE00232E68C5E9003344F001041F
:101C0000AC8304F0070989454FF000077FF4EDAE7F
:101C10000EB9002FDED04FF0000BECE6A3067FF5E7
:101C20004EAE24F02003AB8304F007015CE688F39A
:101C30001188BFF36F8FBDE8F88F00BFF8B5044679
:101C40000D4600F11406EFF31187402383F3128849
:101C5000BFF36F8F304608F0D7F868B90C4A0D49CA
:101C60000D48842309F03DFA0C48314609F039FA51
:101C70000748842109F02CFA304608F0E9F8A561FC
:101C80003A4620460121BDE8F840FFF709BE00BFF3
:101C90002BCA000058CA000011C700006DCA00001E
:101CA0002DE9F04704460E4609F044FB051E66DBAD
:101CB00004F11409EFF3118A402383F31288BFF370
:101CC0006F8F484608F0A0F8804660B9374A384917
:101CD0003848842309F005FA4946374809F001FAE3
:101CE0008421324843E0484608F0B2F8E38BA78BE2
:101CF0004FF6FF72934207F0070743D0062F2CD808
:101D0000DFE807F01F43092B1F041F006FF0850554
:101D10004FF0000802E00133E3830225484608F053
:101D200081F8002834D1214A244922484FF499737C
:101D300009F0D7F94946224809F0D3F94FF49971CF
:101D4000CFE700233360636823B9C4E9006687B135
:101D50003D46DDE71E606660F9E71A4915481A4AF4
:101D60004FF4E47309F0BDF917484FF4E47109F03A
:101D7000AFF9524602212046FFF792FD3D46284624
:101D8000BDE8F0876FF00A05C2E76FF00405BFE712
:101D90008AF31188BFF36F8FB8F1000FEFD00023E3
:101DA0003A463146204609F0D5FAE8E72BCA00004A
:101DB00058CA000011C700006DCA000083CA0000A5
:101DC0009ACA00004ACB0000BACA0000F8B505461E
:101DD00000F11406EFF31187402383F31288BFF359
:101DE0006F8F304608F010F860B9264A2649274818
:101DF000842309F076F93146254809F072F98421E7
:101E000020482BE0304608F023F8AC8B04F00704A0
:101E1000022C17D0012C0CBF6FF004046FF0850466
:101E2000304607F0FFFF38BB164A1A4917484FF4EF
:101E3000997309F056F93146174809F052F94FF4F1
:101E40009971DDE7EB8B5BB914491048144A40F2F5
:101E5000EF1309F046F9124840F2EF1109F038F992
:101E6000013B9BB2EB83002BDAD13A462146284650
:101E7000FFF716FD2046F8BD87F31188BFF36F8F7B
:101E8000F8E700BF2BCA000058CA000011C70000C5
:101E90006DCA000083CA00009ACA000060CB00002F
:101EA000BACA000008B54268816002F00302032A42
:101EB00003460AD06AB908490848094A452309F087
:101EC00010F90748452109F003F9006800225A601B
:101ED00008BD0020FAE700BF8FEB000011C700002B
:101EE0006ECB000008B558B907490848084A40F2C7
:101EF000351309F0F6F8064840F2351109F0E8F814
:101F00004368587908BD00BFCCCB000011C7000062
:101F100094CB000010B548B908490948094AA023E4
:101F200009F0DFF80748A02109F0D2F803681B691F
:101F300013B1BDE810401847184610BDCCCB0000C7
:101F400011C7000094CB00002DE9F843DFF844806E
:101F500004460646012794FAA4F5B5FA85F507FA72
:101F600005F308EB05156FEA030924EA03042B7B4C
:101F70005BB12846FFF7CEFF38B96B6804221968B9
:101F8000284606EA090609F054FA002CE3D1304647
:101F9000BDE8F883B8C2000010B50F490F4888B0FB
:101FA000002209F077FF00220023CDE90623002458
:101FB0000E23CDE90334CDE90144094B09490094CE
:101FC0004FF40062084806F01DFE0849064809F073
:101FD000FBFE204608B010BDD1200000900E00206E
:101FE00031240000C01C0020080A0020E3CB0000C0
:101FF0002DE9F047DFF8B8902E4CA9EB04038F2BA6
:1020000080460F460BD92C492C4A2D4840F25313D9
:1020100009F067F840F25311284809F059F82948A7
:1020200009F0E7F9064660B300252846BDE8F087C9
:10203000237B8BB12368DB680BB12046984763682C
:10204000204683F806A0FFF765FFB0B96368042255
:102050001968204609F0EDF9013610344C4514D9C1
:102060001949164A164840F25F1309F03AF8174822
:1020700009F037F840F25F11CEE70AFA06F31D4384
:10208000EAE705464FF0010AE8E7D1D3B8F1000FBF
:10209000CBD0002DC8D02846FFF756FF0546002FAD
:1020A000F7D000214FF4A47007F016FCF1E700BF51
:1020B000C8C20000B8C2000018CC0000EBCB000082
:1020C00011C70000C410002048CC000069CC0000FB
:1020D000014806F02FBC00BFC8070020014B53F891
:1020E000200070479CC3000008B5034608462BB18A
:1020F000044A136000F0A4FD002008BD6FF0150035
:10210000FBE700BFE804002010B5044C237813B9A6
:10211000034806F00FFC0123237010BDD4180020E3
:10212000C807002010B504460B4809F062F95CB1FD
:10213000BFF35B8F094B53E8001F013943E80012DE
:10214000002AF8D1BFF35B8F054808F04DFA054827
:10215000BDE8104006F0EEBBBC100020C01000200F
:10216000900E0020C8070020064BBFF35B8F0022B3
:1021700053E8000F43E800210029F9D1BFF35B8F3A
:10218000704700BFBC10002070B5FFF7EDFF114C89
:10219000114E0546B4421AD91049114A114840F26D
:1021A000162308F09EFF104808F09BFF0C4840F2F1
:1021B000162108F08DFF2046FFF794FE28B1236812
:1021C0005B6813B12946204698471034E2E7F2D302
:1021D00070BD00BFB8C20000C8C2000048CC0000FB
:1021E000EBCB000011C7000069CC000010B5044C17
:1021F00004492046FFF7B0F8034B1C6010BD00BF38
:10220000D006002088C30000B0100020154A1648F0
:10221000002310B51370154A1360154A4FF400419E
:102220001360FFF761FFFFF7E1FF124B12491846F9
:102230008B4215D91149124A124840F22B1308F06B
:1022400050FF114808F04DFF0D4840F22B1108F0E7
:102250003FFF1A1A5C681211013222711033E7E74E
:10226000F7D310BDD5180020EFB30000BC1000203C
:10227000C0100020B8C20000C8C2000048CC000056
:10228000EBCB000011C7000069CC00000146002222
:1022900001480023FFF792B8D00600200148FFF75D
:1022A000A9B900BFD0060020024B01461868FFF70D
:1022B00033BA00BFB01000200148FFF79FBA00BF3B
:1022C000D006002070B5334B1B78002B5FD0FFF792
:1022D000E5FF0446002846D12F4B304D1B68002BEC
:1022E00019DD09F0D5FD4FF47A76A0FB063206FB26
:1022F0000121D5E90020DB0B43EA41439B1A4FEA59
:10230000D13140F2E93261EB0001934271F10001F9
:1023100001D3FFF739FFD5E9003213F57A7342F1A3
:102320000002C5E9003294B3BDE87040FFF7C4BFB6
:102330002846FFF7D7FD20B12B6821461B682846A9
:1023400098471035B54211D91549164A164840F23A
:102350000A2308F0C6FE154808F0C3FE114840F2F3
:102360000A2108F0B5FE124D124EEBE7E0D32046ED
:10237000FFF79AFFBFF35B8F0F4B53E8001F013944
:1023800043E80012002AF8D1BFF35B8FA4E70020D6
:1023900070BD00BFD4180020BC100020880E0020A3
:1023A00048CC0000EBCB000011C7000069CC000056
:1023B000B8C20000C8C20000C010002070B5154DA2
:1023C000297831BB0120FFF713FE134C134EB442A2
:1023D00018D91349134A144840F2CF1308F081FE6C
:1023E000124808F07EFE0F4840F2CF1108F070FE50
:1023F0002046FFF777FD18B1236820469B68984771
:102400001034E4E7F4D3FFF75DFF0028FBD101238C
:102410002B7070BDD5180020B8C20000C8C20000E3
:1024200048CC0000EBCB000011C7000069CC0000D5
:102430002DE9F843374F384BFB1A1B090AD13749AE
:10244000374A38484FF46F7308F04BFE4FF46F7102
:10245000334819E000210846FFF7CAFD0446A8B139
:1024600040F267684FF000092F4B1B789BB92F494A
:102470002F4A2C4840F2463308F033FE2D4808F02E
:1024800030FE2B4840F2463108F022FE4FF0FF3874
:102490004FF0FF39E8E701F08BFA274B274A1B582A
:1024A000136033B1264B1B68092B02DD254806F06B
:1024B00041FA002544B12046FFF746FD044618B90D
:1024C0004FF0FF384FF0FF39FFF7FCFE064628B902
:1024D00035B91C4842464B4606F0A8FA3546E9E7AE
:1024E0000D4D08E0F5D22B689B691BB10022114607
:1024F000284698471035BD42F4D91349084A09487F
:102500004FF46C7308F0EDFD104808F0EAFD4FF44D
:102510006C719DE7C8C20000B8C2000088CC000002
:10252000EBCB000011C70000AF1C0020C7C90000A2
:102530009CC90000DAC9000008000000B8100020A3
:10254000C0100020C807002048CC000069CC000063
:1025500013B52C4808F04DFF2B4B1B78002B35D0C2
:10256000EFF31184402383F31288BFF36F8F274862
:1025700007F04AFC68B9264A26492748842308F010
:10258000B0FD2249254808F0ACFD8421204808F020
:102590009FFD1E4807F05CFCFFF794FE1B4807F008
:1025A00041FC68B91A4A1E491B484FF4997308F058
:1025B00098FD16491B4808F094FD4FF49971E5E722
:1025C00084F31188BFF36F8F02B010BD164B1B68E8
:1025D000002BF9D050B900220023CDE90023134885
:1025E0004FF40042002307F091FFEDE70928EBD1FB
:1025F0000E4807F0F9FF0E4802B0BDE8104006F0A3
:1026000099B900BFC0100020D5180020B4100020D8
:102610002BCA000058CA000011C700006DCA000094
:1026200083CA00009ACA0000B8100020900E002053
:10263000C807002010B5064B1B6804469847214682
:10264000A0600448FEF77EFFBDE81040FFF780BFA2
:10265000E8040020D0060020044A054B9B1AB1EB89
:10266000D30F34BF52F831000020704758C2000029
:10267000B8C200002DE9F04F8FB004AFC1F34A2675
:10268000B8600D4690467B600C0D002E66D04FF072
:1026900000090A234FF0040B07F1140AFE60C7E992
:1026A0000799C7F824900093CDF808B0CDF804A09E
:1026B00007F11C03F9684A464046FEF7EFFBB0F508
:1026C000006F03461CD36C468AB0D8F8041004ABE4
:1026D0002B48C3E9050140F2FF71D9611A464FF456
:1026E00000711984274B42F8103F27484B464FF49E
:1026F0001251FFF7BFFFA5462C37BD46BDE8F08F4E
:10270000C0F30A0604F11700184420F007008008FF
:102710003B60FFF7BBFD66F35325044630B33B68CF
:102720001A4A00F11001C7E90839F961CDE901AB96
:102730000A230093F96807F11C034046FEF7AEFB3D
:10274000002813DA12491348134A40F2491308F0DB
:10275000C8FC114840F2491108F0BAFC04F1170016
:1027600020F007008008FFF791FD044666F353252B
:102770007B68B9682A46204608F07BFEBCE700BFAC
:10278000B1CC00000400000180C2000045B400008C
:102790001DCD000011C70000F0CC00002DE9F04F66
:1027A00087B0DDE9127ADDE9106B054688461446EC
:1027B00099462FB3CDF800A03B465A461021002081
:1027C000CDF814A0FEF782F900280BDA2749284A31
:1027D00028484FF4B47308F084FC4FF4B4712448D3
:1027E00008F076FCB0F5006F01460BD3224A23486F
:1027F00040F2FF73022107B0BDE8F04F08F092BE2F
:102800003946384604F0070305F00704E40044EABB
:10281000831444EA402444EA065406F117000844AD
:1028200020F0070080080391FFF730FD0546A0B1B6
:102830009FB10399CDF800A03B465A461030FEF7F1
:1028400045F9002809DA0949094A0A4840F28D1376
:1028500008F047FC40F28D11C1E74B462246414645
:10286000284607B0BDE8F04F08F003BE1CCD0000BD
:10287000F0CC000011C7000026CD000080C200008F
:10288000406820B1034BC01A40F3CF0070474FF0AF
:10289000FF30704758C200000EB403B503AB0146C9
:1028A00053F8042B0448019301F09CFA02B05DF840
:1028B00004EB03B0704700BFD9280000CA0605D456
:1028C0008B064CBF02490349FFF7E6BF704700BFC4
:1028D000A7EE00005ECD000038B54B681A68CB68E3
:1028E0009A4205460C4602D1084608F033FE63685A
:1028F000BFF35B8F53E8002F511C43E80010002802
:10290000F8D1BFF35B8FA3689D5463681A68E368CE
:102910009A4209D905490648064A722308F0E1FBA4
:102920000448722108F0D4FB002038BD90CD00008F
:1029300011C7000061CD00002DE9F04F89B0994624
:10294000159B0693DDE916A39DF85080189F05920C
:1029500004460D460493B8F1000F00F0A180B8F1D1
:10296000040F0BD98849894A89484FF4157308F038
:10297000B8FB4FF41571854808F0AAFB07F4807383
:10298000079308F054FD07F0020B0246002856D0CA
:1029900080492046FFF780FF0646BBF1000F08D0B4
:1029A00017F0440F4DD17C492A462046FFF774FFAB
:1029B000064407F0010353B1784B794953F82820B6
:1029C000784B2046002A08BF1A46FFF765FF07F438
:1029D0008073002B07F0080318BF4FF00009002B8D
:1029E0005BD0714B714953F828202046FFF754FF04
:1029F0000546059B2BB16E491A462046FFF74CFF52
:102A00000544B9F1000F05D06A494A462046FFF750
:102A100043FF054468483544069B002B47D067496F
:102A2000224608F0F6FA002841DA6549574A584824
:102A300040F2B12308F055FB40F2B1219BE7064676
:102A4000ABE7604B18680028B2D05F4B4FF47A7B3D
:102A50001B68B5FBF3F54FF46163B5FBF0F100FBC8
:102A600011550BFB05F54FF03C0CB1FBF3F203FBEA
:102A70001211B5FBF0FEB1FBFCF300FB1E550CFB85
:102A800013110BFB05F50091B5FBF0F54F49CDE9AE
:102A900001E52046FFF700FF8AE707F00805A8E7F1
:102AA000B9F1010F0CBF444849484546B4E7049BBF
:102AB000002B54D0DDF810903946B9F1100F2046A4
:102AC00028BF4FF01009FFF7F9FE0026B54218DCC9
:102AD000002633461AF803203E492046FFF7DCFE65
:102AE0000136102E13D0710703D13B492046FFF762
:102AF000D3FE4E453346EDD338492046FFF7CCFE92
:102B0000EEE735492046FFF7C7FE0136DEE73449D8
:102B100020460026FFF7C0FE33461AF8032031494D
:102B2000A2F120035F2B28BF2E222046FFF7B4FE20
:102B30000136102E0DD0720703D127492046FFF72A
:102B4000ABFE4E453346E8D323492046FFF7A4FEAB
:102B5000EEE7049BB3EB0903CA440493AAD1B8F18E
:102B6000000F0AD0FB0704D50E4A0D492046FFF797
:102B700093FE39462046FFF7A1FE204609B0BDE886
:102B8000F04F08F0E7BC00BFC5CD000061CD0000EC
:102B900011C70000D0CD0000D4CD0000ACC30000B0
:102BA000F9CD0000C0CD0000C0C30000FCCD000086
:102BB00002CE000006CE0000D9280000E53D00004E
:102BC0000BCE0000CC100020C8100020DDCD00008E
:102BD0006FB5000014CE00001CCE00001ACE00001D
:102BE0001ECE000020CE000073B542F20F738B4260
:102BF00028BF0B4605680F4A04460521684607F0C2
:102C000035FF63680C495B6806460B22284608F0CE
:102C100093FC63683246694628465B6808F08CFC82
:102C2000636806495B681B22284608F085FC02B0F1
:102C300070BD00BF6FDA0000D4F60000B8F60000E7
:102C4000074A00210123904206D8064A01B9012310
:102C50001360054B1860704740085B000121F2E7E4
:102C600040420F00C8100020CC100020014B012270
:102C70001A707047D6180020014B00201960704769
:102C8000E41000200148FFF7AFBF00BFF0C3000011
:102C900010B5064B18680C46FFF720FA214603468C
:102CA000BDE8104002480F22184700BFE410002082
:102CB000F0C30000F8B5094D094B0A4ED5E90047AD
:102CC00001221A700CB92C60F8BD214630463A46F4
:102CD00000F01EF8241A0644F4E700BFD8100020C4
:102CE000D7180020D818002010B9074B187070476B
:102CF000064B1B781BB141F2883009F001B8A420C3
:102D0000002106F0E9BD00BFD6180020D71800202A
:102D10002DE9F047DFF88090204E80460F460425CD
:102D200099F80040ACB908F0DEFF3A4682464146C9
:102D3000204604F0EBFD0446504608F0DCFFECB101
:102D40000123337099F800307BB93C462046BDE83A
:102D5000F0873A464146002004F0D8FD0446EEE7ED
:102D60002846FFF7C1FF6C1E2546002004F05EFEDA
:102D70000028EAD03378002BF2D1E6E7337833B17C
:102D8000013D2846FFF7B0FF3378002BC8D13378D8
:102D9000002BDAD0DAE700BFD7180020D6180020C1
:102DA000014B03600020704700C4000008B50448D0
:102DB00008F081F9034808F07EF9002008BD00BF43
:102DC00053CE000088CE0000014807F0EFBC00BFE2
:102DD00000C4000038B5044618B90F4B0F485B68B3
:102DE00098476168B1F5683F10D0B1F5680F0DD014
:102DF0000B4DA9420AD011F46861206807D0014642
:102E0000084805F011F900232360656038BD1422DD
:102E100009F065F8F9E700BF48060020B5CE0000CC
:102E20002C5F5CA9E815002008B520B34368B3F512
:102E3000683F10D101220368BFF35B8F53E8001F86
:102E4000002903D143E800200028F7D1BFF35B8FAE
:102E50000DD1002008BD094A93420AD000684FF006
:102E6000FF324FF0FF3305F0ADFB0028F1D00448EE
:102E7000F0E70448EEE76FF4E040EBE72C5F5CA975
:102E8000E98FFFFFEA8FFFFF08B5D8B14368B3F5BC
:102E9000683F10D100220368BFF35B8F53E8001F27
:102EA000012903D143E800200028F7D1BFF35B8F4D
:102EB0000BD1002008BD074A934208D0006805F0F6
:102EC00049FCF6E76FF4E040F4E70348F2E7034813
:102ED000F0E700BF2C5F5CA9E98FFFFFEA8FFFFFDF
:102EE00010B5044618B91D4B1D485B6898476368C8
:102EF000B3F5683F2FD0B3F5680F2CD0194A934231
:102F000019D1236803BB18484FF0FF324FF0FF334D
:102F1000214604F0FDFF08B923681BB90F4B134885
:102F20005B68984720681422002108F0D8FF4FF40E
:102F30006863636008E0B3F5680F0DD83A2B03D0DF
:102F400040F6BA629342DED1206808F024FF63683D
:102F500043F03A03636010BD054AF3E748060020DA
:102F6000B5CE00002C5F5CA9E8150020DBCE000088
:102F70003A00003A08B5064906484023142208F0F2
:102F8000EDFEBDE808400449044807F081BC00BFDD
:102F9000E8100020E815002008C400001CC4000050
:102FA00008B50348034A0021121A08F025FB08BDA2
:102FB000D8070020B41C00200748084A084908B573
:102FC000121A08F01BFB0748074A0849BDE80840E9
:102FD000121A08F013BB00BFC0040020D80700205D
:102FE00010F70000B8040020C004002008F700001B
:102FF0002DE9F047064600AF0C46002936D0E946D9
:103000008AB0D1E90012A3686D462148E8464FF026
:10301000050ACDE90501CDE9072348F810AF1D48A1
:10302000424600234FF42151FFF724FBCD46D4E95B
:1030300003126369AD461848C5F810A0C5E905013B
:10304000C5E907231348002342464FF42151FFF7F7
:1030500011FBCD46E369114A0E48012108F062FADE
:10306000A3690F4A0B48012108F05CFA012E07D131
:10307000EFF305830B4A0748103B314608F052FA3C
:103080002146304604F032FDBD46BDE8F08700BF62
:1030900008CF000098C2000037CF000066CF0000C4
:1030A00075CF0000A3CF000030BFFFF7FDBF00BF0A
:1030B0002DE9F0410B4EDFF8308006EB0807CC1B02
:1030C000054632460949204608F0FBFEA019424653
:1030D0000021083C08F003FF2C6707F10800BDE859
:1030E000F08100BF0000000004000000C8C2000022
:1030F00010B5204C2049214808F08DFAA36A9901A7
:1031000036D51E481E4908F086FA1E20A36ADA0149
:1031100004D51A481B4908F07EFA1F20154CA36AF3
:103120001B0304D51548184908F075FA2120A36A35
:10313000590304D51148154908F06DFA22200D4CA9
:10314000A36A9A0304D50D48114908F064FA2320B4
:10315000A36ADB0304D509480E4908F05CFA242071
:10316000044A936A6FEA03436FEA1343936210BD04
:103170001D20CBE700ED00E0B6CF000098C20000B4
:10318000CECF0000E1CF0000FBCF000019D000003F
:103190003ED0000058D0000070B506460D46284CC1
:1031A0002849294808F037FAA36AD9043CD52648AB
:1031B000264908F030FA1720A36A1A0504D52248D8
:1031C000234908F028FA18201D4CA36A9B0512D544
:1031D0001D48204908F01FFAA36BA26A100409D504
:1031E0001D4A1948012108F09DF91EB1A36A23F474
:1031F0000043A3621920124CA36A590504D5124852
:10320000164908F008FA1A20A36ADA050ED50E4806
:10321000134908F000FA1B20094A936A43F47F43DC
:10322000936200232B7070BD1620C5E7A36A9B0430
:10323000F2D505480B4908F0EEF91C20ECE700BF79
:1032400000ED00E083D0000098C2000099D000009B
:10325000AAD00000BDD00000D6D00000EBD0000006
:1032600006D100001ED100002DE9F84380468946B2
:1032700017463E4D3E493F4808F0CDF9AB6ADA06A5
:1032800027D53D493B4808F0C6F91124AB6A1B0716
:1032900004D53A49374808F0BEF91224334DAB6AD9
:1032A0009E0718D53649334808F0B5F96E6BAB6AFE
:1032B0001C0646D5334A2F483346012108F032F91F
:1032C000B9F1000F03D0AB6A23F08003AB62132483
:1032D00003E01024DAE76FF01506244DAB6AD80737
:1032E00004D52949234808F096F91424AB6A9906B5
:1032F00004D526491F4808F08EF915241B4DAB6AEA
:10330000DA0602D4AB6A9B070AD56B68180507D5A5
:103310004146304600F09EFAB0B180F3098802249D
:10332000124B9A6A920642BF5A6A22F400525A62BB
:103330009A6A42F0FF029A6200233B702046BDE881
:10334000F8836FF01506C2E7AB6AD906E8D51049D5
:10335000104A114840F2271307F0C3FE0F4807F048
:10336000C0FE0C4840F2271107F0B2FE00ED00E06D
:103370004DD1000098C2000063D10000AAD0000027
:1033800096D10000AED10000C4D100001ED10000D3
:1033900015D20000E3D1000011C700005FD2000089
:1033A000F0B57B4B8BB00446586800AFC0F3080300
:1033B000002585F31188BFF36F8F02F07F46B6F1C9
:1033C0007F4F07D102F00C06082E12D171497248C6
:1033D00008F021F97149724A724840F21B4307F024
:1033E00080FE714807F07DFE40F21B416C4807F0FB
:1033F0006FFE16074CBF0C460125002CEAD00022B8
:10340000FA71DA1E092A00F2A380DFE802F00599BA
:103410009C7CA1A1A1A1A19F64495F485C4E08F0DA
:10342000FAF80023FB71F36A9A0705D560495A48F8
:1034300008F0F1F800232DE0F36A002B01DA5D4972
:10344000F5E7F36A5B006ED55B49534808F0E3F893
:103450007369A26943F480737361BFF34F8FBFF345
:103460006F8F32F8023C726922F480727261BFF38E
:103470004F8FBFF36F8F03F47F42B2F55F4F2AD1B6
:10348000DBB2022B27D123684C4A4348012108F0C4
:1034900049F82368FA79DAB907F1080604F1200C33
:1034A00020686168324603C2083464451646F7D185
:1034B0007A6A002D69D0C2F3080121B96FEA52225D
:1034C0006FEA42227A6207F108011846FFF790FD81
:1034D0002C37BD46F0BD2E4B9A6AD2B232B1FA1DDE
:1034E00001212046FFF7C0FE0346D3E79A6A12F493
:1034F0007F4F04D0F91D0120FFF74EFEF4E79B6AD1
:10350000B3F5803F02D3FFF7F3FDEDE72C49244AE2
:10351000244840F2ED2307F0E4FD2A4807F0E1FDDE
:1035200040F2ED2162E726491D4A1E484FF43C73E4
:1035300007F0D7FD244807F0D4FD4FF43C7155E760
:10354000FA1D0021CDE7F91D0020D5E71F496EE7E0
:103550001F4A204910F4F87F6E468AB018BF114602
:103560006A46103B07931C484FF40073ADF82030B7
:103570001A4BCDE9050142F8103F074800234FF4EC
:103580001151FFF777F8B54654E76FF3080299E752
:1035900000ED00E0B0D2000098C20000DBD20000D5
:1035A000E3D1000011C70000EED200002CD30000D0
:1035B00043D3000064D3000072D3000091D3000015
:1035C0008FEB0000ADD30000D1D3000001D4000088
:1035D00097D2000082D2000025D400000400000130
:1035E000044B5A6942F010025A615A6922F00802EB
:1035F0005A61704700ED00E0EFF30880EFF30981B6
:1036000001B57246FFF7CCFE01BD00BF002080F37C
:103610001488BFF36F8F0F4880F3088802F02AFEEA
:1036200000200D490860BFF34F8F00F02BF84020B9
:1036300080F3118809484FF40461401880F3098829
:10364000EFF314800221084380F31488BFF36F8FD7
:1036500000F0D0F8C036002094ED00E000250020F6
:103660000749D1F890200023C2F30722184693425D
:1036700000DB7047C1F89830C1F8A0000133F6E7CD
:1036800000ED00E008B572B6002383F31388FFF75E
:10369000E7FF144B4FF0FF32C3F88020C3F88420BB
:1036A000C3F88820C3F88C20C3F89020C3F8942076
:1036B000C3F89820C3F89C20C3F88021C3F8842164
:1036C000C3F88821C3F88C21C3F89021C3F8942152
:1036D000C3F89821C3F89C2162B6BFF34F8FBFF3A4
:1036E0006F8F08BD00E100E01EF0040F0CBFEFF388
:1036F0000880EFF30980816911F8021C0229FFD0CC
:1037000001B5724607F07CFF01BD00BF40B2002842
:1037100007DB044A4109012300F01F00834042F8FF
:103720002130704700E100E040B200280CDB430983
:10373000064900F01F0020330122824041F8232077
:10374000BFF34F8FBFF36F8F704700BF00E100E002
:10375000054B420900F01F0053F82220012303FA11
:1037600000F01040704700BF00E100E038B5D3071B
:1037700004460D4612D48B1C072B10D9114A12494E
:1037800012486B2307F0ADFC114829460623224658
:1037900007F0A7FC0B486B2107F09AFC002360B2EE
:1037A0000028ACBF00F160400A4A4FEA4313B8BF9B
:1037B00000F00F00DBB2AABF00F56140135480F89F
:1037C000003338BD38D400006FD4000011C70000AA
:1037D0008AD4000014ED00E0044B054A23F07F0377
:1037E0009360BFF34F8FBFF36F8F704700000000EF
:1037F00000ED00E008B5FFF7EFFF074AD2F8883088
:1038000023F47003C2F88830FFF7CAFBFFF7D4FB3C
:1038100000F0B0F804F0C8FA00ED00E042F8203CF7
:10382000009B42F81C3C0A49019B42F8183C029B51
:1038300042F8143C21F001014FF0807342F8043C3F
:1038400042F8081C0023203A02654367704700BF16
:10385000ED120000094A0346906870B113F1160F8B
:10386000006E05D0A0F14002934205D3834203D2FB
:10387000814228BF0020704700207047F4170020C5
:1038800008B515460B4A0C4B9060026F1A600E4645
:1038900000F0A0F82C4686F309880020034B9847D7
:1038A0002046002100220023014C20472DB60000B5
:1038B000ED120000F417002008160020014B102222
:1038C0001A61704700ED00E0054B5A699B689A4207
:1038D0001FBF044A536843F080535360704700BFD2
:1038E000F417002000ED00E0084B9B6883420BD1E9
:1038F000EFF3058343B1064B5A6842F080525A6099
:103900005A6A22F400425A6206F076B8F417002090
:1039100000ED00E014498A684FF030001044EFF3E6
:10392000098C80E8F01F402080F31288BFF36F8F6E
:103930000E4F4FF000664A698A603E60106F0C4C73
:103940002060506F0023536780F3118804B5104640
:1039500000F040F8BDE8044002F1300090E8F01FAC
:103960008CF3098870470000F417002004ED00E094
:1039700008160020044800234021C2180133302BD0
:1039800082F80013F9D1704700E100E008B5EFF3C9
:103990000583064A103B02EBC30152F83300496825
:1039A0008847BDE80840FFF78FBF00BF98C0000000
:1039B000014800687047000008160020024B034AC7
:1039C0000348012100F08AB8000004200000002014
:1039D0002CC40000036E054A403B1360044B402199
:1039E000C2E901131046012100F09EB80C16002018
:1039F00000000B1508B503461048D0F89020C2F31C
:103A00000722013A934207D90D480E4A012107F0D7
:103A100089FD6FF0150008BDC0F898300A6822F0E3
:103A20001F021A4342F01002C0F89C208A6842F03C
:103A30000102C0F8A0201846EDE700BF00ED00E04D
:103A400090C20000CED40000F0B50E4685B01F46EF
:103A500004460025B5420DDA606810B397B1431EE5
:103A600018420AD0104A11482B46012107F05AFD8E
:103A70006FF01502104605B0F0BD1F28F2D921687D
:103A80000B42EFD12368019307F0F3FDA36801A96E
:103A90000343D0B20393FFF7ADFF10F1160FE7D049
:103AA000421C01350C34D5E7F4D4000090C200006C
:103AB000044B0522C3F89420BFF34F8FBFF36F8FE1
:103AC000704700BF00ED00E0BFF35F8F024B0022A4
:103AD000C3F89420704700BF00ED00E038B50D4DED
:103AE00001232A780C46FFF7AFFF287016300FD15C
:103AF000094A0A490A4840F2891307F0F2FA0948CC
:103B0000214607F0EEFA044840F2891107F0E0FA86
:103B100038BD00BFE81800201AD500008FEB000068
:103B200011C7000049D5000010B5144A00231278CF
:103B30000C46FFF789FF10F1160F08D0104A00213C
:103B4000D2F89030C3F30723984210DB10BD0D4A22
:103B50000D490E484FF4D47307F0C3FA0C482146C0
:103B600007F0BFFA07484FF4D47107F0B1FAC2F872
:103B70009800C2F8A0100130E2E700BFE81800206A
:103B800000ED00E01AD500008FEB000011C7000027
:103B900075D500002DE9F04F834C8449D4F890305E
:103BA0000D68C3F307239D4285B013D9804A81492C
:103BB000814840F2022307F094FAD4F890207F481D
:103BC0002946C2F3072207F08CFA40F20221784816
:103BD00007F07EFAFFF778FF49680022954201F16D
:103BE0000C012DD1764F774C3D706846FFF7D8F821
:103BF000754D764E81464FF00008C14533D13B7874
:103C000069490020D1F89020C2F307229342C0F204
:103C1000C180FFF74DFFD1F8903003F47F43B3F537
:103C2000006F00F0BD806A49614A634840F27D231D
:103C300007F057FA674807F054FA40F27D21C6E7CB
:103C4000C4F8982051F80C3C23F01F03134343F0B1
:103C50001003C4F89C3051F8043C43F00103C4F84D
:103C6000A0300132BAE7009A02EB08134FEA0811BC
:103C7000D3F80CA00AEA0400B0F5000F66D00BD808
:103C8000B0F5001F3CD0B0F5800F52D0B0F5801FCA
:103C900016D008F10108B0E7B0F1007F61D0B0F1B3
:103CA000805F69D0B0F1807FF3D19868D3F804A029
:103CB000525807F0DEFCCDE901A240F088700BE01D
:103CC0009868D3F804A0525807F0D3FCCDE901A2BC
:103CD00040F0885040F430200390387801A9FFF775
:103CE00089FE002852DA3349314A334840F23523FD
:103CF00007F0F7F9384807F0F4F940F2352166E7A4
:103D00009868D3F804B0525807F0B3FC1AF0010FCA
:103D100040EA0600CDE901B20390DED02F49244AE3
:103D20002548842307F0DDF92D4807F0DAF98421CE
:103D30004DE79868D3F804A0525807F09AFC40F079
:103D4000C060CDE901A240F40030C5E79868D3F81F
:103D500004A0525807F08DFCCDE901A240F082701A
:103D6000BAE79868D3F804A0525807F082FCCDE96E
:103D700001A240F48020AFE79868D3F804A052581D
:103D800007F077FCCDE901A22843A5E73B78013392
:103D90003B707EE7C1F89830C1F8A000013331E7ED
:103DA000002005B0BDE8F08F00ED00E038C4000051
:103DB0001AD500008FEB000011C70000A2D500004B
:103DC000E81800200000F0FF0000021100000811B8
:103DD00055D60000A5D600002BD60000D6D5000091
:103DE000FCD50000F0B587B007460E46144600210A
:103DF000102268461D4608F072F802238DF8023042
:103E00002A46054B019321466846CDE9047606F023
:103E100057FE07B0F0BD00BF93B6000008B5024BD7
:103E20001B689847002008BD18160020034B044A61
:103E30001860937843F002039370704718160020BF
:103E40000C05002008B50649064821F00701C1F11C
:103E5000005202F58022FCF7A7FD002008BD00BF3C
:103E6000674900201C1600200C4B0122C3F8402596
:103E70004FF080434FF08051C3F87825D1F83001DE
:103E8000082805D1D1F83411022908BFC3F8382613
:103E90000122C3F880250020704700BF00E00140E8
:103EA00048B1054B054A1B68B3FBF2F35843044B7A
:103EB00043F00103184770473406002040420F00CA
:103EC00080C3000008B5054A054B136010463F2328
:103ED000536002F0BBFA002008BD00BF2816002086
:103EE000FFFF070037B50C460A490B4A411A402329
:103EF0000093491105462346084807F0D5FB0146C3
:103F000028B12846234603B0BDE83040184703B027
:103F100030BD00BF4416002015B7000044C00000AB
:103F2000C9B2012908B509D908490948094A7E23B7
:103F300007F0D7F807487E2107F0CAF803690C227A
:103F400001FB0233986C00F0070008BD16D7000093
:103F500011C70000D9D6000070B5C9B201290346C7
:103F600000690BD918491948194A4FF4E87307F04A
:103F7000B8F817484FF4E87107F0AAF8EFF3118684
:103F8000402484F31288BFF36F8F0C2505FB0104D6
:103F9000A46C14F0C00401D0A24211D105FB0100B1
:103FA00001228264002086F31188BFF36F8F30B93D
:103FB0005B680C2202FB01335B689847002070BDF0
:103FC0004FF0FF30EFE700BF16D7000011C7000029
:103FD000D9D6000070B50D460649411A044649116C
:103FE00005484022FFF7B8FF2B4601462046BDE8B2
:103FF000704018474416002044C000000022F8B565
:10400000012105461046FFF7B1FB104802F074FA93
:104010000446B8B902F090FA2F690D49384607F006
:10402000AFF9031E09DB0126BE642D69084905F1BD
:10403000200007F0A5F9031E02DA1C462046F8BD51
:104040006E65FBE76FF00404F8E700BF0541000070
:1040500058C400001FB500220123CDE902236C469D
:10406000074A6B46CDE9004407F04DFB28B94FF4F1
:1040700080420023684604F0D9FC04B010BD00BFA4
:1040800021B7000010B5EFF31184402383F31288A9
:10409000BFF36F8F074A136823F00201DB0711603B
:1040A00002D4012002F09CFA84F31188BFF36F8FD1
:1040B00010BD00BF9C16002030B4104B0C2202FB38
:1040C000003301460020D3E910521864EFF3118049
:1040D000402484F31288BFF36F8F9C6C04F0C004FB
:1040E00044F002049C6480F31188BFF36F8F1DB10C
:1040F0002B46034830BC184730BC7047441600209C
:1041000044C00000012808B506D0032808D098B99B
:104110000F4B9B6C5B0719D1BDE80840FFF7CCBF84
:104120000C490D4A0D4840F2FA2306F0DAFF40F23E
:10413000FA21094806F0CCFF0649074A07484FF420
:10414000417306F0CEFF4FF44171F2E708BD00BFA6
:10415000441600208FEB0000D9D6000011C70000E4
:1041600010B4EFF31180402282F31288BFF36F8FF7
:1041700017490B6843F0020413F001030C601AD0D6
:104180004FF08043D3F80C14D3F80C3413F0010330
:1041900011D0EFF3118182F31288BFF36F8F0D4AB4
:1041A000936C03F0C00343F00203936481F311881E
:1041B000BFF36F8F012380F31188BFF36F8F1BB1A3
:1041C00010BC0020FFF778BF10BC012002F0D8B966
:1041D0009C16002044160020024BC0B203EB401096
:1041E000704700BF441600202DE9F0414449BFF359
:1041F0005B8F0646012251E8003F41E8002000287D
:10420000F9D1BFF35B8FA3B93E493F484B60CB6008
:104210008A60FDF745FD00280BDA3C493C4A3D48E1
:1042200040F2A32306F05DFF40F2A321384806F0D8
:104230004FFF002E4CD0731E012B56D8012E07D1F4
:104240004FF08043D3F81C3403F00303012B3FD01D
:1042500007F0B4FD054658B1EFF31188402383F30E
:104260001288BFF36F8F01252B4F4FF080441EE063
:104270002A4B1B78002BEFD04FF080430222C3F86B
:1042800008238046F0E72DB3404607F0E3F9D4F861
:10429000183563B9D4F804214AB1C4F80431D4F80C
:1042A00004310123C4F81835C7F88031A360D4F86D
:1042B0001824D4F81834D203E5D503F00303012BF6
:1042C00001D0012EDFD155B188F31188BFF36F8F74
:1042D000BDE8F0810021212005F0FEFAD7E74FF07C
:1042E00080430222C3F80423F2E70D49084A094833
:1042F00040F2B52306F0F5FE40F2B52196E700BF87
:104300004016002030160020641600200BCE00005E
:10431000D9D6000011C7000000E100E0AF1C00206A
:104320008FEB000008B50448FCF7DAFF0248FFF7FE
:104330007DFD002008BD00BF3D43000073B5104E59
:104340008DF807000446032501220DF10701002026
:1043500003F052FB20B101233370204602B070BD40
:104360003378002BF9D0013D08D007F027FD002855
:10437000EAD10021422005F0AFFAE5E73570ECE71D
:10438000E918002038B5036961B92149214A22485A
:10439000642306F0A6FE214806F0A3FE64211D4812
:1043A00006F096FE486850B91D491A4A1A48652316
:1043B00006F097FE1B4806F094FE6521EFE758686B
:1043C00000B30024884219D108688CB99C685860F1
:1043D000A14200D19860002008602AB15A680A60A2
:1043E0009A68596002B9996000200FE02846E9E711
:1043F00020609868814208BF9C60ECE7056804462D
:10440000002DF3D1002AE9D16FF0150038BD00BFAF
:104410009FD7000063D7000011C70000A8D7000095
:10442000B7D70000C9D7000008B50368590914D0F0
:10443000012906D14FF6FF7203F01F03DA40D207BD
:104440000ED40B490B480C4A4FF4826306F049FE28
:1044500009484FF4826106F03BFE4FF0FF32EBE774
:1044600003600129054818BF4FF0A04008BD00BFF8
:1044700013D8000011C70000E0D70000000300506F
:1044800070B54468207C01F01F0545EA4015A0681E
:1044900086B0002873D0B2F5001F04D1294602F07F
:1044A000F3FD00204FE06068667CC0F8246501A839
:1044B0000026B2F5800F0196466033D1B3F1007F3C
:1044C00014BF052304238DF804300023CDE9040331
:1044D0000393E368CB4013F0010F6E4635D1B2F180
:1044E000A07F32D168460095FFF79EFF009B03F541
:1044F000E07350F82330DB0727D4A0686A462946CA
:1045000002F068FC163018D00296A06803AA29466B
:1045100002F000FB002816DBA0680122294602F009
:1045200031FDBEE7B3F1C06F05D0B3F1007F14BF1A
:1045300001230223C7E70323C5E7A068694602F009
:1045400001FD0028E0DA06B070BDA06832462946B9
:1045500002F040FC0028D8D19DF80010A06802F0BD
:10456000D5FC0028D1D007490748084A40F2F1138A
:1045700006F0B7FD054840F2F11106F0A9FD6FF015
:104580008500E0E722CA000011C7000036D800000D
:104590002DE9F043466840F20635337CD00687B0FB
:1045A00001F01F0702EA050547EA431754BFC2F3AB
:1045B00040130323B5F5837F14468DF8033044D0B0
:1045C0000DD8062D16D005D8A5B1022D3FD06FF01D
:1045D000150037E0B5F5807FF9D101250AE040F2FA
:1045E0000222954235D0B5F5407F34D0B5F5007F35
:1045F000EDD10225220330D5726801238B40C2F829
:104600000835B06888BB03A80397FFF70DFF039B2D
:1046100000EB8300C4F3004383F00103C4F3404480
:10462000D0F8002744EA43049DF8033022F4E16205
:1046300044EA830422F0070244EA05231343C0F846
:104640000037002007B0BDE8F0830725D2E7042536
:10465000D0E70525CEE70325CCE7630341BF01235F
:1046600072688B40C2F80C35CBE70DF10202394677
:1046700002F0B0FB14F4403F804617D1B0683946D1
:1046800002F02CFCB8F1000FDBD19DF80210B068ED
:1046900002F03CFC0028D4D01E491F481F4AFC23CE
:1046A00006F01FFD1D48FC2106F012FD4FF0000929
:1046B00001ABCDE90199CDE90439CDF80C90B06892
:1046C00003AA394602F026FA4845BADB14F400334F
:1046D00014D0C4F300449DF803308DF80E3084F0FC
:1046E00001048DF80C508DF80D40B0684B4603AABC
:1046F000394602F0D1FA0028C4DAA2E7CDE9043342
:104700000DF103030393B06803AA394602F002FADD
:10471000F1E700BF22CA000011C7000036D8000030
:10472000420970B5034602D0012A1ED070BD144E56
:10473000326951680029F9D003F01F0301250C6884
:104740009D400029F2D08A682A4012D04B6873B984
:104750000C490D4A0D48892306F0C3FC0C4806F0AD
:10476000C0FC0948892106F0B3FC0A4EE0E7304658
:1047700098471CB1236821461C46E2E72346FAE726
:104780007CC0000062D8000063D7000011C70000A1
:10479000C9D7000060C0000038B54568A86890B16E
:1047A00002F082FB014670B9A86802F047FB04469C
:1047B00058B902460649A86802F0F4FA22460521D3
:1047C0000620FEF7D3FF002038BD6FF00400FBE7A2
:1047D0002147000038B51149D1E90030D41AE31857
:1047E00040F1000022F07F45C1E90030A5F500133B
:1047F000B3F5400F09D20A4B1B681A0A1B06581959
:10480000084B42F10001C3E9000105F039FD014602
:104810002046BDE8384005F099BC00BFD80E002006
:10482000C0160020E00E00200D4B1868010A00069B
:10483000BFF35F8F0B4BD3F80435181841F100011B
:10484000B3F5801F0AD2084BD3E90023904271EBE5
:10485000030303D210F1807041F10001704700BFE3
:10486000C016002000100140E00E00202DE9F743A3
:104870002B4CD4F8043399070BD5D4F8043143B149
:10488000284A0023C4F80431D4F8043113680133F2
:104890001360D4F80433DA0323D5BFF35B8F224BC4
:1048A00053E8002F22F0010143E800100028F7D15F
:1048B000BFF35B8FD30702D4D4F840318BB100250E
:1048C000C4F84051D4F84031FFF7AEFFEFF3108247
:1048D00072B6164BD3E90267B042B94104D282F3F3
:1048E000108803B0BDE8F0834FF0FF384FF0FF3978
:1048F000C3E90289D3E900101D604FF48033C4F886
:104900004833C4F84051D4F8403182F3108800296C
:10491000E7D0009032463B4628468847E1E700BF93
:1049200000100140C0160020B8160020C80E00205C
:104930002DE9F84F4B4DBFF35B8F06460F4655E808
:10494000008F28F0010345E80032002AF7D1BFF3B9
:104950005B8F454C4FF48039C4F80893BFF35F8FE9
:10496000BFF36F8FFFF760FFB04271EB070308F0F2
:10497000010840D23D4B301A67EB0101984271F1BA
:1049800000014CD23A4BD3E902239F4208BF964222
:104990003ED04FF0000CC4F84893C4F840C126F054
:1049A0007F40D4F84031DFF8CCA0834603216FF07C
:1049B000020E2BF07F43C4F84035C4F84493D4F87A
:1049C0000425AEEB02035B4423F07F4353451FD91C
:1049D000D4F840315BB1D4F80425131A23F07F4397
:1049E000B3F5000F14D9C4F840C1D4F8403101EB3D
:1049F000020B0131DDE7204BBFF35B8F53E8001F53
:104A000041F0010143E80012002AF7D1BFF35B8FA8
:104A1000174B1A4A1A60C3E9026700225A60B8F1BC
:104A2000000F1CD0BFF35B8F55E8003F43F001033C
:104A300045E80032002AF7D1BFF35B8F4FF4803393
:104A4000C4F804330C4BBFF35B8F1B68BFF35B8F61
:104A5000DB0742BF0A4B4FF40032C3F80021BDE828
:104A6000F88F00BFBC16002000100140010080003C
:104A7000C80E0020FDFF7F00B8160020D5470000BB
:104A800000E100E070B5194C194BC4F80833C4F8C4
:104A90004833184B00254FF0FF304FF0FF31C4F87A
:104AA0000855C3E902014FF48033C4F80433124BB4
:104AB00002264FF40032C4F804630121C3F88021B8
:104AC00011202A46FEF752FE1120FEF71FFE012399
:104AD0000A4AA3600021236009481360FFF728FFFA
:104AE0003046FFF781FB284670BD00BF0010014033
:104AF00003000F00C80E002000E100E0BC160020FB
:104B0000FFFF7F00431C10B50F4C05D08442A8BFA7
:104B10000446012CB8BF0124FFF786FE0B4AD2E9F8
:104B20000031C01AB0F5000F074A0AD22044904263
:104B300028BF1046C018BDE8104041F10001FFF742
:104B4000F7BE1046F6E700BFFFFF7F00D80E00203B
:104B500008B5FFF769FE024B1B68C01A08BD00BF0D
:104B6000D80E0020042812D8DFE800F00D03110D44
:104B70000300084BA0221A60074B1872074BC3F8BA
:104B8000100501207047034B4FF49672F3E70020A5
:104B9000704700BFC8160020B81700200010004062
:104BA000014802F04FBE00BF2406002038B500289F
:104BB0001349144840F2044508BF4FF48065FBF7E1
:104BC000ABFA044648B9FBF79BFA204601F08AF895
:104BD0000D4B1B68C3F8005238BD0C4BDB7C002B1F
:104BE0000B4B0CBF81222822C3F848250022C3F8B2
:104BF0004821D3F848214FF48022C3F80423E7E783
:104C0000AC050020DC05002024060020B817002099
:104C100000A00040B0F5A47F09D1054B1A68D2F876
:104C2000003223F4806323F00403C2F8003270479B
:104C3000240600201FB5174B93F90A001B7A013B8D
:104C4000DBB2032B9CBF144AD25C144BDB7C4FF0CD
:104C5000000188BF0522009103F5166303A9FBF745
:104C60007FFA9DF80D00FBF775FA58B10C490D4815
:104C70000D4A40F21B4306F034FA0B4840F21B4148
:104C800006F026FA9DF80C20084BC3F80C2505B059
:104C90005DF804FBB8170020E0F600000C060020C9
:104CA0008FEB000011C700008AD800000010004000
:104CB000837842781B0443EA022302781343C278C4
:104CC00043EA0253027943EA8253427943EA026398
:104CD000827943EA8263C27943EA4273094AC2F89D
:104CE0001435837A417A1B0443EA0123017A0B438A
:104CF000C17A43EA0163017B43EA4163C2F8183594
:104D0000704700BF001000401FB504460D2200216F
:104D1000684607F0E4F80A4B00930A4B5B7CE0B26C
:104D2000013B8DF808008DF809008DF80A306846BF
:104D300001238DF80B30FFF7BBFF04B010BD00BF9F
:104D4000000101000C0600201FB518490B7823B1A3
:104D5000012B07D005B05DF804FB05B05DF804EB4E
:104D6000FFF7D2BF0022CDF809208DF80B30104B91
:104D7000CDF805205B7CCDF80120013B8DF80A3091
:104D800030238DF808300B7A03228DF80220012B96
:104D90004FF008028DF8002001D0042B02D101232E
:104DA0008DF805306846FFF783FFD3E7B81700207A
:104DB0000C060020064BBFF35B8F53E8001F014336
:104DC00043E80012002AF8D1BFF35B8F704700BFA1
:104DD000D416002008B5084806F0EDFC58B1074885
:104DE000436A0133082B28BF00234362BDE8084013
:104DF000283006F0F3BC08BDAC1700208417002053
:104E0000F8B50646284806F0D6FC07280D4649DCCA
:104E1000264B274F1A78012A39D13B78C3F3050274
:104E200003F03F03302B3DD8224B196A53F8213051
:104E30001A70204C2049236A54F8230010F8052BDF
:104E400007F03FF8236A54F823305E701B4B226A48
:104E5000D3F8483554F8222003F07F039370236A77
:104E600054F823301D71236A54F823207B78DB43E8
:104E700003F00103D370236A0133082B28BF0023FA
:104E800004F12800236206F0B5FC0120F8BD094AB0
:104E9000116A52F82120597809B91170C9E75B7C71
:104EA0001370C6E70020F1E780170020B817002034
:104EB000421C002058170020441C00200010004015
:104EC000684620F007018D4601B5204BD3F8042336
:104ED000D1060BD5D3F8102142B10022C3F810211E
:104EE000D3F810311A4B1B6803B19847174BD3F80E
:104EF000042312071ED5D3F80C21DAB1154A5278D3
:104F0000022A1DD1D3F80804134B5978C0B2C1F35B
:104F10004101FFF775FF38B10420FFF74BFF0F4B3E
:104F20004FF48012C3F80021084B0022C3F80C2173
:104F3000D3F80C31FEF7C8FCBDE801408546704748
:104F4000034B1B68002BEFD09847EDE700100040A3
:104F5000C4160020B8170020421C002000E100E029
:104F6000684620F007018D4631B5144B14481B6884
:104F7000144D82B0019306F024FC2B680446B3B1B3
:104F8000C10704D500228DF8002068469847A20783
:104F900005D501238DF8003068462B6898476307D4
:104FA00005D502238DF8003068462B689847FEF738
:104FB0008BFC02B0BDE8314085467047CC1600201E
:104FC000D4160020B41700202DE9F0416B4BDFF818
:104FD000B0815A6A6B4F98F8004053F822506A4EDD
:104FE0003D6014B3012C48D001243B68674D5A78CA
:104FF000C5F82C255B78664A012707FA03F3DBB274
:10500000C5F83035D37C40F6C41103F516638B42E6
:105010007CD960496048614A40F6A40306F061F813
:105020005E4840F6A40106F053F898F81100348069
:10503000FFF76AFE33782A79304662F3010300F8FD
:10504000023B294611F8052B06F03BFF4F4B40F27F
:105050001B12C3F80022C3F81041D3F8102110220C
:10506000C3F804234E4BB8F80E201A604D4B4E4A3D
:105070001A604E4B04221A70B6E7EA780023338098
:105080001AB198F8124084F001042B79287831780D
:105090005B0003F00603002A08BF43F001037278A7
:1050A00060F3050122F00702134331702946737043
:1050B00011F8052B3E4806F004FF344B39493B4AB2
:1050C000A4B140F21B10C3F800023548B8F80E40F6
:1050D000046035480860042111700022C3F81021D3
:1050E000D3F810211022C3F804237DE740F21310F7
:1050F000C3F800022F48086003211170C3F8104163
:10510000D3F810211022C3F804236EE7A3F5166329
:10511000C5F8083502F11403BFF35B8F53E8001F95
:1051200021F0010143E80012002AF7D1BFF35B8FA1
:10513000FFF780FD204BC5F804650222C3F88021EB
:105140003846FEF7E3FA0020C5F80401D5F804312B
:10515000C5F80801D5F80831C5F81001D5F81031A7
:10516000C5F80C012146D5F80C3100F0F7FD2046BA
:10517000FFF71CFD114B9F61BDE8F08184170020F3
:10518000B8170020B0170020741C00200010004049
:105190000C060020DFD8000011C70000ABD80000CB
:1051A000D0160020C4160020D9520000A61C0020F2
:1051B000761C0020C151000000E100E000400140E9
:1051C00010B5FAF7B5FF124B1B6801241C6100F003
:1051D000ABFDFAF79BFF0021084600F02BFE0D4BBC
:1051E00020461C60FFF7E6FDFFF7F4FD0A480B4B75
:1051F00006F0E1FA4FF4801220B909490C70C3F8A7
:10520000002110BDC3F80021BDE81040FFF7DCBE4F
:1052100024060020CC160020AC17002000E100E09E
:10522000A61C00200146C80708B506D5184806F098
:10523000B3FA184B00BAC3F81C058A0706D51648FE
:1052400006F0AAFA134B00BAC3F820054B070AD59B
:105250001248104906F0A0FAC1F82405104806F0DB
:105260009BFAC1F828054FF08053D3F83021082A63
:105270000DD1D3F8343153B9054B0A485B7C052B6B
:1052800018BF4FF07F40BDE8084000F09FBC08BD4C
:105290000C0600200010004010060020140600201C
:1052A000180600200000FFFF08B5FAF741FF074984
:1052B0000748FAF737FF074B1A68D2F8003223F491
:1052C000806323F00403C2F8003208BDAC0500205F
:1052D000F40500202406002070B501210020204C98
:1052E000204D00F0A7FD00F01FFDFFF7DDFF40F2AD
:1052F0001313C4F800321C4B1C4A1B680D33C2F850
:105300004035EB7C002BAB890CBF812128215B1A37
:10531000C2F84435164B1B68002640F20222C3F83F
:105320000022C3F84061D3F84021C3F84461D3F8A8
:10533000443100F02FFE00F007FEC4F80C6128781D
:10534000D4F80C3108B9FFF7DFFC0A4BC4F8043578
:10535000094B0A4A1A600A4B05221A7070BD00BF39
:1053600000100040B8170020C816002000A0004020
:1053700024060020421C0020C4160020E95300002F
:10538000A61C002010B50A4C0A4A2368D3F84435FD
:1053900000208133D36000F0A5FC07490548FAF7E7
:1053A000BBFE20B9236840F20442C3F8002210BDBE
:1053B00024060020C4050020AC05002008B500F03C
:1053C000B3FCFAF7B5FE0320FAF7BEFE054B1A68E8
:1053D000D2F8003223F4806323F00403C2F80032D1
:1053E00008BD00BF24060020F8B54B4E4B4C4C4D79
:1053F00000F002FEFAF7A2FEFAF788FED6F80C31AA
:10540000002B3AD0D6F80034D90736D50120FFF763
:10541000D1FC2268EB899B1A424A03441360FFF7D0
:10542000D9FC2B7883B1404B1A7892060CD0D6F871
:105430002C05597800F00700C1F34101FFF7E0FCAB
:1054400010B10420FFF7B6FC3848394B06F0B3F929
:1054500000280ADD2A7C012A07D04FF48012C3F805
:105460000021BDE8F840FFF7AFBD324A01211170BD
:105470004FF48012C3F80021F8BD23682D4E2E4F43
:105480005A1E226063B93B68264A01241C61EB89DD
:10549000022023441360FFF78DFC254B3470E7E7AF
:1054A0001D4C0023C4F80031D4F8003140F21B1326
:1054B000C4F800322B7813B9687CFFF725FC1F4B2A
:1054C000C4F804351E4B1F4A1A6004233370FFF7DB
:1054D000B1FBFFF757FF00F0FDFC3B68D3F8442118
:1054E000BAB1D4F85035DBB2092BC5D0D4F800419D
:1054F000002CC1D1FFF762FF00F026FD01212046FC
:1055000000F02CFC0120FFF751FB0F4B01229A61A8
:10551000B2E701221A60AFE700100040D016002069
:10552000B8170020CC160020421C0020AC17002029
:1055300000E100E0A61C002024060020741C0020CE
:10554000C4160020D952000000400140F8B51D4C9F
:1055500023788BB32378012B31D01B4B1B4E0025B6
:105560001D6000F0CBFD336801271F61FAF7E6FDEF
:10557000FAF7DEFD00F0D8FB0320FAF7E5FDFAF7B5
:10558000C5FD134B4FF0FF32C3F80052C3F8082398
:10559000C3F81051D3F810211F61D3F81021002A4D
:1055A000FBD0336800204FF0FF32C3F80002C3F88D
:1055B000082301232370F8BD6FF00C00FBE76FF0A8
:1055C0007700F8E7A61C0020C4160020240600205F
:1055D0000010004008B500F063FB034620B10C4A00
:1055E0000C48012105F09EFF1420FEF79DF80120D4
:1055F000FEF79AF80A20FEF797F8FFF7A7FF06488C
:1056000002F0F6F800F0FAFD044B00221A7008BD13
:10561000F7D8000070C2000024060020A61C00205D
:10562000024B1B780BB1FFF7D5BF7047A61C0020BB
:10563000F0B5054685B000286FD0804E33780BB1A9
:10564000FFF7EEFF00F0F6FA044640B17C4A03464D
:1056500001217C4805F066FF204605B0F0BD7A4B7D
:105660006A681A60794A2B4605F1100715461868D2
:105670005968144603C40833BB422246F7D1186860
:1056800020602B7803B9AB747148724F06F099F81B
:1056900000212022704806F022FC704B002407F104
:1056A00028001C605C60C7E9084406F08AF86C4872
:1056B000C0E90844283006F084F86A490B460134F2
:1056C000082C47F8043B03F13503F8D1664A6448D7
:1056D00000230133082B40F8042B02F13502F8D1E6
:1056E0000022624B10460132082A19601871986036
:1056F00001F1350103F10C03F5D15D4820220021B1
:1057000006F0EDFBAB89B3F5D97F09D8594A4D486E
:1057100040F2B313012105F005FF6FF015049BE77C
:10572000287AFFF71FFA2B78012B8CBF002000F09E
:1057300001006B7A012B40D0022B07D0002B45D003
:105740004D4A4048012105F0E4FEE6E74B4A4FF69A
:10575000FF71C2F83C15C2F83435494BC2F83835F0
:105760000028EDD0454F687CFFF7EEFA4FF0E733A5
:10577000C7F81C354FF04333C7F82035414BC7F805
:105780002435414BC7F828350023CDE902333F4A81
:105790003F4B4048019301A901F0C6FF0346D8B131
:1057A0003D4A2848012105F0BDFE3C4A254801211B
:1057B00005F0AFFE6FF00D044EE7304AFF21C2F84E
:1057C0003C15C2F8343540F20713C7E72B4AC2F83C
:1057D0003C35C2F83435C1E700F034FC044628B14A
:1057E0002F4A1848012105F094FE35E700F082FCAD
:1057F0002C4B5860D7F85026EB7C22F00102134363
:10580000C7F8503601252246022114203570FDF7D5
:10581000ADFF224629462846FDF7A8FF2246022171
:105820000A20FDF7A3FF1420FDF770FF2846FDF7BF
:105830006DFF0A20FDF76AFF0EE700BFA61C0020DF
:1058400011D9000070C20000B4170020B817002062
:10585000D416002084170020541800203A1C002081
:1058600058170020921A0020EA180020F81600208D
:10587000D81600202CD9000073D900000010004079
:1058800021100100E743C323A363E313154C000079
:1058900040420F002406002095D90000BED9000028
:1058A000E4D90000AC050020F8B54D4E337804462D
:1058B000002B00F08B804B4D6B78022B02D14FF008
:1058C000FF30F8BD10B96FF01500FAE703785A1EE3
:1058D0002F2A7ED82A7812B96A7C9A4279D3424814
:1058E00005F069FF072877DC6378072BEBD86A7827
:1058F0002B78002A34D11BB96A7C23789A42E2D1F2
:105900003A4B196A53F82110224604F1340052F838
:10591000047B41F8047B8242F9D112780A706078E6
:1059200033490A5C013202F003020A541A6A6078B1
:1059300053F82220095C11711A6A2B480132082A97
:1059400028BF00221A6205F055FF6B782A7C1343AA
:1059500004D13378012B01D1FFF736FB0020B0E7EB
:10596000002BACD0234A00231146107910BB0C2227
:105970005343CF180122CB583A71B860224604F144
:10598000340152F8040B43F8040B8A42F9D112781F
:105990001A700120FDF7C8FE6178174A52F82130CD
:1059A00073B942F82170104805F024FF0120FDF77B
:1059B000ADFECAE70133082B02F10C02D5D1C4E7D2
:1059C0001A469B68002BFBD19760ECE76FF00C0048
:1059D00077E76FF0790074E76FF00B0071E700BFB5
:1059E000A61C0020B8170020AC1700208417002048
:1059F0003A1C0020F8160020D816002010B5214AC5
:105A000012780346002A34D0002835D01E4805F00D
:105A1000D2FE002833D01D4C626A54F8222012783E
:105A20001A70616A54F8211049785970616A54F803
:105A3000211091F902109970616A54F821100979C6
:105A40001971616A54F82110C978D970616A54F8E3
:105A50002110581D053106F034FA636A0133082B12
:105A600028BF002304F12800636205F0B7FE002080
:105A700010BD6FF00C00FBE76FF01500F8E76FF05A
:105A80003C00F5E7A61C00208017002058170020D6
:105A900008B5134B1A78E2B11B78012B1CD11148C1
:105AA00005F089FE08B9002008BD0E4805F089FE02
:105AB0000D4B0022C3E908220C4B082101391A7151
:105AC0009A6003F10C03F9D12022094806F007FA85
:105AD000E9E76FF00C00E7E76FF00F00E4E700BFC5
:105AE000A61C0020AC17002084170020F816002008
:105AF000D816002008B50A4A1278012A0346D0B207
:105B000007D14BB11A68074B1A60FFF78BFB0020D7
:105B100008BD6FF00F00FBE76FF01500F8E700BF5E
:105B2000A61C00200C06002008B5094B1B78012B91
:105B300008D150B1074B02685A600220FFF772FB90
:105B4000002008BD6FF00F00FBE76FF01500F8E7CD
:105B5000A61C00200C06002010B50F4B1B78012B53
:105B60000C4613D1A8B1082913D80A4601460B48A0
:105B700006F0A7F90A4AFF231474C4F1080423416C
:105B800004209374FFF74EFB002010BD6FF00F0050
:105B9000FBE76FF01500F8E7A61C002014060020B4
:105BA0000C060020642807D8064B1B78012B06D171
:105BB000054BD874002070476FF0150070476FF0E8
:105BC0000F007047A61C00200C060020184BD3F8CD
:105BD0001C15D3F820254A40024228D1D3F82415B9
:105BE000D3F82825C1F30720CBB2834214D0C1F3E8
:105BF0000740834210D0B3EB116F0DD0D1B28B426E
:105C00000AD0C2F307218B4206D0C2F307418B4270
:105C100002D0B3EB126F0AD1054AD2F8743723F0E1
:105C2000807323F0010343F08073C2F87437704728
:105C30000010004030B5002085B0FEF7CDFA48B91D
:105C4000134A1448012105F064FC6FF01204204649
:105C500005B030BD002301256946019303930295E9
:105C6000FCF71EF8041E06DA0B4A234609480121F8
:105C700005F058FCEBE7029B9B0702D003F014FDF4
:105C8000F9E7039C002CE2D0044A2346EEE700BF6C
:105C900001DA000078C2000021DA00003ADA0000E0
:105CA00010B50020FEF798FA40B90B4A0B480121C5
:105CB00005F02FFC6FF01204204610BDFCF786F8AB
:105CC000041E06DA064A05482346012105F02AFC8F
:105CD000F2E70024F0E700BF01DA000078C200001C
:105CE00059DA00000C4B0D491A78D30003F18043B8
:105CF00003F5F833C3F810150949C3F8141501F575
:105D0000A83120B102F51173064841F823000123A0
:105D10009340C1F804357047A91C00201841014088
:105D200000A0004044A000400A4B0B481A78012311
:105D30009340C0F80835D30003F1804303F5F833EE
:105D400002F511720021C3F81015C3F8141540F8BC
:105D500022107047A91C002000F00140F0B52B4B29
:105D60002B4C1B782B4FDA0014442B4A0025C2F829
:105D70001851D2F81821294A15788000EA00C0B2DB
:105D800002F1804202F5F83200F1804000F58050C7
:105D9000C2F81075C2F81405214A05F5117042F8D1
:105DA0002040204A20481678F20002F1804202F595
:105DB000F8320124C2F8100500F5973000F5847020
:105DC000C2F8140504FA06F604FA05F0304369B186
:105DD000164A174E1178CA0002F1804202F5F832D5
:105DE0008C40C2F810752043C2F814659B0003F183
:105DF000804303F5F8330122D3F80018AA400A4380
:105E0000C3F80028064BC3F80405F0BDA71C00200A
:105E100004F001401841014000400140AA1C00204C
:105E200000F00140A81C002010110040A91C002017
:105E300000A0004030B5224B1C78224B1B7801207B
:105E400000FA04F200FA03F52A4319B11E4D2D7829
:105E5000A8400243E0001D4D00F1804000F5F830FD
:105E6000DB00C5F8082503F180430022C0F81025A7
:105E700003F5F833C0F8142504F5117045F8202017
:105E8000C3F81025C3F8142551B10F4B1B78DB0064
:105E900003F1804303F5F833C3F81025C3F8142544
:105EA0000B4B1B789B0003F1804303F5F833012172
:105EB000D3F80028A14022EA0102C3F8002830BD2F
:105EC000AA1C0020A81C0020A91C002000F00140F2
:105ED000A71C0020154B164916480022C3F81821AC
:105EE000D3F81831144B1B78DA0002F1804202F526
:105EF000F832C2F8101501F5973101F58471C2F836
:105F000014150E4A1178CA0002F1804202F5F832E7
:105F1000C2F810050A48C2F81405012202FA03F378
:105F20008A401343074AC2F80435704700400140D5
:105F30001011004044A10040A81C0020AB1C002010
:105F40000010004000F001400F4B1A780F4B1B78F7
:105F5000012101FA02F09940D200DB00014302F175
:105F600080420B4803F1804302F5F83203F5F83321
:105F7000C0F808150021C2F81015C2F81415C3F8AE
:105F80001015C3F814157047A81C0020AB1C002086
:105F900000F00140134B14491B781448DA0002F159
:105FA000804202F5F832C2F8101501F50F410C31AC
:105FB000C2F814150E4A1178CA0002F1804202F5A7
:105FC000F832C2F81005A0F511403038C2F81405B7
:105FD000012202FA03F38A401343064AC2F8043549
:105FE000704700BFAD1C00200411004040A10040DC
:105FF000AC1C002000F001400F4B1A780F4B1B78AF
:10600000012101FA02F09940D200DB00014302F1C4
:1060100080420B4803F1804302F5F83203F5F83370
:10602000C0F808150021C2F81015C2F81415C3F8FD
:106030001015C3F814157047AD1C0020AC1C0020CF
:1060400000F0014010B5002000F006FA031E35DB19
:106050001E4A0020137000F0FFF9031E2EDB1C4ABD
:106060000020137000F0F8F9031E27DB194A002006
:10607000137000F0F1F9031E20DB174A00201370A3
:1060800000F0EAF9031E19DB144A0020137000F037
:10609000E3F9031E12DB124A0020137000F0FCF932
:1060A000041E07DA0F4A10482346012105F03AFA88
:1060B000204610BD0D4B1C700024F9E70C4A0A481D
:1060C000012105F02FFA6FF01204F1E7AA1C00205D
:1060D000A81C0020A91C0020AD1C0020AC1C002026
:1060E000AB1C00207BDA000070C20000A71C00205F
:1060F0009DDA00000048704710110040F0B5374BA2
:106100001F78374B1C78374B1D78374B1978374B36
:1061100001261A7806FA07F006FA04F306FA05FCD7
:10612000034343EA0C0306FA01FC43EA0C0306FAB4
:1061300002FC43EA0C03DFF8B8C09CF800C0E4009E
:1061400006FA0CF64FEAC70C33430CF1804C294E8B
:1061500004F1804404F5F8340CF5F83C07F51177A8
:10616000C6F808350023CCF81035C900CCF8143532
:10617000D20046F82730C4F81035C4F81435EC00C6
:1061800004F1804401F1804102F1804202F5F832CD
:1061900004F5F83401F5F83105F51175C4F810353A
:1061A000C4F8143546F82530C1F81035C1F8143557
:1061B000C2F81035C2F81435C6F81035C6F81435D3
:1061C0000D4B1B789B0003F1804303F5F833D3F8A4
:1061D000002822EA0002C3F80028F0BDAA1C002013
:1061E000A81C0020A91C0020AD1C0020AC1C002015
:1061F000AB1C002000F00140A71C002008B5124B8A
:106200000020197800F042F9104B0020197800F0B6
:106210003DF90F4B0020197800F038F90D4B0020A4
:10622000197800F033F90C4B0020197800F02EF9A2
:106230000A4B0020197800F029F9094B0020197841
:10624000BDE8084000F044B9AA1C0020A81C0020AA
:10625000A91C0020AD1C0020AC1C0020AB1C0020A1
:10626000A71C0020024AD2F80034002BFBD0704754
:1062700000E0014010B54FF08053D3F83021082AD8
:106280004ED14FF080420021C2F80C11C2F810111B
:10629000C2F8381502F54042D3F80414C2F82015AC
:1062A000D3F80814C2F82415D3F80C14C2F8281532
:1062B000D3F81014C2F82C15D3F81414C2F8301502
:1062C000D3F81814C2F83415D3F81C14C2F84015CA
:1062D000D3F82014C2F84415D3F82414C2F8481592
:1062E000D3F82814C2F84C15D3F82C14C2F8501562
:1062F000D3F83014C2F85415D3F83414C2F860152A
:10630000D3F83814C2F86415D3F83C14C2F86815F1
:10631000D3F84014C2F86C15D3F84434C2F8703581
:1063200005F084FA18B1374B374AC3F88C2605F0CC
:106330007DFA18B1354BFB22C3F8182505F076FA23
:1063400058B14FF080424FF08051D2F8E43ED1F87E
:10635000581261F30303C2F8E43E05F067FA20B176
:106360002B4B4FF40072C3F840264FF08053D3F804
:106370003031082B17D14FF08043D3F80024D207D7
:1063800044BF6FF00102C3F800244FF08053D3F8EC
:106390003431042B81BF4FF01023D3F808224FF083
:1063A0008043C3F858254FF01023D3F80022002A69
:1063B00003DBD3F80432002B22DA164901234FF015
:1063C0001020C1F804351224FFF74CFFC0F800423A
:1063D000FFF748FFC0F80442FFF744FF0023C1F86D
:1063E0000435FFF73FFFBFF34F8F0B490B4BCA68D4
:1063F00002F4E0621343CB60BFF34F8F00BFFDE7B1
:1064000010BD00BF005000404881030000F0004074
:106410000090024000E0014000ED00E00400FA05B9
:1064200008B505F033FA48B105490648064A352350
:1064300004F057FE0448352104F04AFE08BD00BFB1
:1064400022CA000011C70000C1DA0000014B186029
:10645000704700BFCC17002008B5084B186848B932
:1064600007490848084A572304F03BFE06485721CD
:1064700004F02EFEBDE8084005F0EAB9CC17002074
:10648000FDDA000011C70000C1DA0000014B1868F6
:10649000FFF7C6BFCC17002008B5094B186848B9EC
:1064A00008490948094A862304F01BFE074886214B
:1064B00004F00EFEBDE80840043005F0C9B900BF85
:1064C000CC170020FDDA000011C70000C1DA00007F
:1064D000024B18680430FFF7A3BF00BFCC170020A1
:1064E000014B00201B681847D0170020014B1B6888
:1064F000184700BFD017002010B50C4C237993B972
:10650000012323710A4B2060002818BF184600F0B1
:10651000BDF850B923680748002BBDE8104008BFFC
:10652000184600F02FB96FF0770010BDD01700208B
:10653000E1640000ED64000008B50C4B1A794AB91B
:106540000B490C480C4AB12304F0CBFD0A48B12199
:1065500004F0BEFD1B682BB10020FDF7F9F808B967
:10656000FDF7D4F8054B01221A7008BDD0170020A2
:1065700050DB000011C7000013DB0000AE1C002040
:1065800008B5124B1B795BB91149124A124840F207
:10659000051304F0A6FD40F205110E4804F098FD25
:1065A00058B101280DD00D490A4A0B484FF4927397
:1065B00004F097FD4FF49271EFE7BDE8084000F05A
:1065C000F3B8BDE8084000F075B800BFD017002050
:1065D00050DB000013DB000011C700008FEB000050
:1065E00008B5124B1B795BB91149124A124840F2A7
:1065F0002B1304F076FD40F22B110E4804F068FDD9
:1066000028B1012807D1BDE8084000F081B8BDE8F5
:10661000084000F01BB90949064A07484FF4A57322
:1066200004F05FFD4FF4A571E7E700BFD01700202D
:1066300050DB000013DB000011C700008FEB0000EF
:1066400038B54FF080440123C4F808336360002359
:10665000C4F80031D4F8003142F21075D4F80C249B
:10666000D4F80C34D20307D5DB0705D5012005F09B
:10667000EDF8013DF2D138BD05F02CF90028FAD033
:10668000014B00225A71F6E7D817002010B50849CF
:106690000C794CB9012308600B7105F01BF908B99E
:1066A000002010BD4C71FBE76FF07700F9E700BFE9
:1066B000D817002008B512490B794BB91149124877
:1066C000124A772304F00DFD1048772104F000FDF5
:1066D0004FF080430022C3F80021D3F800210122AB
:1066E0001A60096811B1C3F8042308BDD3F800216A
:1066F000002AFBD00022C3F80021D3F80031F4E7D0
:10670000D817002050DB000011C700006EDB00002E
:1067100008B5084B1B794BB907490848084A892333
:1067200004F0DFFC0648892104F0D2FCBDE80840F3
:10673000FFF786BFD817002050DB000011C700000C
:106740006EDB000010B54FF08043D3F80423D2076E
:1067500015D5D3F8002192B10022C3F80021012100
:10676000D3F80021C3F8081305F0B4F8044B10B1B6
:106770005A7922B95971BDE810401B68184710BDFD
:10678000D8170020074A137943B90121106011710D
:106790004FF080421846C2F8183570476FF0770006
:1067A000704700BFE017002010B5244C23794BB987
:1067B00023492448244AE52304F093FC2248E52198
:1067C00004F086FC4FF08043D3F81814D3F8182453
:1067D000C8031AD502F00302012A01D092B900229F
:1067E0004FF08043C3F818250022C3F80421D3F8E2
:1067F000042101229A6022688AB9D3F80421002A70
:10680000FBD014E005F075F8E9E7D3F81424D107BC
:10681000E5D5D3F81C249207F4D422681AB10222D9
:10682000C3F8042310BDD3F80421002AFBD00022B2
:10683000C3F80421D3F80431F4E700BFE0170020C7
:1068400050DB000011C70000B1DB000008B5094BA8
:106850001B795BB908490948094A4FF4917304F060
:1068600040FC07484FF4917104F032FCBDE8084049
:1068700005F03FB8E017002050DB000011C7000012
:10688000B1DB0000F8B54FF080431F4FD3F804434D
:10689000012504F01A04002604B9F8BDB4FA84F006
:1068A000C0F11F00830003F580739BB203F18043A6
:1068B00005FA00F2196892B224EA02040029EBD02A
:1068C0001E601B684FF08043022AC3F808230FD1D3
:1068D000D3F81814D3F81814890703D03B68C0B252
:1068E0009847D9E7C3F81855C3F804239D60D3E748
:1068F00006490748074A4FF4F57304F0F2FB0548D0
:106900004FF4F57104F0E4FBE01700208FEB00007A
:1069100011C70000B1DB0000034A430900F01F006B
:10692000D35C1844C0B27047E4F6000010B50446CA
:106930000846FFF7F1FF04EB4000838ADA051CD517
:10694000C3F3432123F4F853838204F1120204F1C8
:10695000720032F8023F13F4807F03D0C3F3432365
:1069600099420AD09042F4D104EBC10300225A604C
:1069700004F1780004F08AFF00B910BD054906480B
:10698000064A4FF4DB7304F0ACFB04484FF4DB71B0
:1069900004F09EFB22CA000011C70000F4DB0000D7
:1069A00008B502680146104604F0BCFF58B9114909
:1069B000114A12484FF4826304F093FB4FF4826152
:1069C0000D4804F085FB02F01F0352090B600BD049
:1069D000012A0CD00A49084A084840F2194304F039
:1069E00080FB40F21941EBE74FF0A04008BD05489D
:1069F000FCE700BF13D80000E0D7000011C700007B
:106A00008FEB000000030050072808B50BD9084998
:106A10000848094A40F2A73304F063FB064840F2F5
:106A2000A73104F055FB800000F5807008BD00BF61
:106A300067DC000011C7000032DC0000024611F0E4
:106A4000010030B515D18B07C1F3400022D51249A2
:106A5000D1F8200550604FF08052C1F82005D2F8DF
:106A60003021082A08BFD1F82025003818BF01209E
:106A700010E04FF0A0444FF08055D4F8203513605B
:106A8000C4F82035D5F83051082D08BFD4F820457A
:106A9000002BD8D030BD00BF00030050F7B504462E
:106AA0000846FFF739FF04EB40060D46B38ADB07C3
:106AB0002AD5204605F029F82946204604F044FF4F
:106AC00050B1204604F06FFF276807EB80000023D9
:106AD000C0F81035C0F81035204629460024FFF7CD
:106AE00025FFB48201A80195FFF75AFF019B00EB37
:106AF0008300074BD0F80027134043F00203C0F88F
:106B00000037204603B0F0BD6FF01500FAE700BF74
:106B1000F0F8FCFF2DE9F0430E4685B01746044619
:106B200058B95A495A485B4A40F25E4304F0D9FAD0
:106B3000584840F25E4104F0CBFA0846FFF7ECFEFD
:106B4000D7F800800546B8F1000F19D0204604F0B0
:106B50001FFF18BBCDE900008DF80E008DF80F0067
:106B600043460DF10F020DF10E01304604F044FFD3
:106B700004EB4502938A23F0020343F0010393825E
:106B80007B689BB33146204693F80080D3F804908D
:106B900004F0F3FE28B1B9F1000F1FD06FF015001B
:106BA00027E004EB4500838A23F4604323F02003AD
:106BB0008382B9F1000F11D0B8F1030FEED87B68D2
:106BC00021685B6893F800C04FEA8C031944B8F160
:106BD000000F11D1C1F81085C1F8108504EB4502F2
:106BE000938A23F01C0343EA88039382BB6843BB68
:106BF000002005B0BDE8F083D1F8102522F0030293
:106C0000C1F8102522681344D3F8102522F44F321E
:106C100022F44072C3F810253202D3F8101502F4A2
:106C20007C5242EA08420A43C3F8102504EB4C03A5
:106C3000A3F87C60838A43EA4C3343F020038382C9
:106C4000CCE7D3E9007831462046FFF76FFE002FEE
:106C5000CED063689F4206D004F1780004F0F8FDBE
:106C6000002804DAC5E7A3689845F5D1002004EBB5
:106C7000C003C3E9017804EB4505C0B2AB8A43EA1F
:106C8000402343F48073AB82B2E700BF71DC0000A5
:106C900011C70000F4DB00002DE9FF410C46164649
:106CA0001F46054658B93C493C483D4A4FF48D6360
:106CB00004F017FA3A484FF48D6104F009FA0846D7
:106CC000FFF72AFE804616B3284604F056FE18B990
:106CD000284604F039FE08BB2146284604F03FFE52
:106CE00010B17378012B19D001238DF80F300023D8
:106CF000CDE90063721CB31C0DF10F01204604F0B6
:106D00007BFE05EB4802938A43F003039382002F36
:106D10003FD02146284604F030FE20B96FF0150020
:106D200004B0BDE8F0813E782B6803EB86030022B7
:106D300005EB4800C3F81025C3F81025838A23F417
:106D4000604323F02003838279784FEA860C01B3F5
:106D50002A68BF7862440904D2F8103523F49913E5
:106D600023F4F853C2F81035230201F4403103F440
:106D70007C530B433905D2F8105501F480110B43B5
:106D80002B43C2F81035838A43EA463343F020038D
:106D900083820020C4E700BF71DC000011C700003F
:106DA000F4DB000008B558B907490848084A40F222
:106DB000714304F096F9064840F2714104F088F9F5
:106DC000C0E9031208BD00BF71DC000011C700005C
:106DD000F4DB000070B51546044658B91349144A4F
:106DE000144840F27A4304F07CF940F27A411048AA
:106DF00004F06EF94AB910490D4A0E4840F22333A7
:106E000004F06FF940F22331F1E704F09DFD48B141
:106E10000846FFF781FD04EB40040020A38A5B0BCA
:106E20002B7070BD6FF01500FBE700BF71DC000038
:106E3000F4DB000011C700007CDC000070B50446E4
:106E400058B916491648174A4FF4916304F049F9A6
:106E500014484FF4916104F03BF990F88C50D5B987
:106E600060222946143005F03AF82668E8B2013568
:106E7000FFF7CAFD082DF9D10025C6F87C5146F36D
:106E80000730D6F87C31FCF741FC012384F88C30C4
:106E9000A367284670BD6FF07700FBE771DC000048
:106EA00011C70000F4DB000008B558B908490948CB
:106EB000094A40F28F4304F014F9074840F28F4129
:106EC00004F006F990F88C00003818BF012008BDC6
:106ED00071DC000011C70000F4DB000008B558B9F0
:106EE00007490848084A40F29D4304F0FAF806486A
:106EF00040F29D4104F0ECF8BDE80840FFF7CEBD3C
:106F000071DC000011C70000F4DB000008B558B9BF
:106F100008490948094A40F2A44304F0E2F8074846
:106F200040F2A44104F0D4F8BDE80840044804F05D
:106F3000ADBC00BF71DC000011C70000F4DB000035
:106F40003806002010B50C4658B90A490A480B4AC1
:106F500040F2AB4304F0C5F8084840F2AB4104F0FE
:106F6000B7F8074804F074FC0028A4BF2070002084
:106F700010BD00BF71DC000011C70000F4DB000091
:106F8000380600202DE9F3410D461646044658B94F
:106F90003849394A39484FF4A56304F0A2F84FF450
:106FA000A561354804F094F804F0D9FC48B9344997
:106FB000314A324840F2354304F093F840F235410B
:106FC000EFE7204604F0C0FC2768F8B1204604F043
:106FD000D4FC8046D0B9204604F0E5FC0546FFF716
:106FE00013FD47F800803B58236803EB8503D3F873
:106FF000102542F00102C3F8102526B122680123B2
:10700000AB40C2F8043302B0BDE8F081D7F80433D6
:10701000002BA4BF4FF00043C7F804334EB9194901
:10702000154A164840F24F4304F05BF840F24F41D6
:10703000B7E72846FFF770FC04EB4004A38AC3F3CC
:107040008203042B12D0052B12D001A80195FFF763
:10705000A7FC019BD0F81015D94001F001010231C5
:10706000284602B0BDE8F04104F013BD0321F7E764
:107070000221F5E771DC0000F4DB000011C700001D
:1070800086DC0000A7DC000008B558B907490848AD
:10709000084A40F22F5304F024F8064840F22F51DA
:1070A00004F016F8BDE8084004F02FBD71DC0000C4
:1070B00011C70000F4DB00002DE9F04F07468BB04C
:1070C00058B975497548764A40F25C6304F009F88E
:1070D000734840F25C6103F0FBFF8046082258F8D9
:1070E00004ABDAF80413C9B241F00041504604F091
:1070F000DFFC051E2FDA0023032108A8CDE90833A1
:10710000FFF79CFC674B02930DF120094FF0000B39
:10711000029A654912F8013B0292DA0803F007036C
:107120008A5C22FA03F3DB071CD40BF10103022B68
:1071300009F104094FF0010BEAD14FF000410022A0
:10714000504604F0B5FC032108A8FFF777FC00289F
:10715000D8D125F000450124002D40F086800BB0E9
:10716000BDE8F08F514B5B440393D9F80010002920
:10717000DBD0039B91FAA1F11C78B1FA81F141EACD
:1071800044142046FFF7C8FB07EB40000794828AAF
:10719000C808C2F3820319F800600193CDE9042303
:1071A00001F00701012303FA01F126EA010109F8C0
:1071B000001007A8FFF7F4FB0799049A059B01F557
:1071C000E07112F0100F50F82160C6F3014633D081
:1071D000019A2146404604F0F0FB07A80794FFF708
:1071E000DFFB079B03F5E073F6B250F82330C3F3DF
:1071F00001439E4207D10021204604F04AFC31465B
:10720000204604F046FC07A80794FFF7C9FB079B3C
:10721000012202FA03F3C0F820354FF08053D3F86F
:107220003031082B01BFD0F82035D0F82035D0F808
:107230002035D0F8203598E7022E14BF0221032113
:107240002046049304F025FC049B032B03D0022E5C
:1072500007D1012BD7D1019A2146404604F0ADFB5E
:10726000D1E7032ECFD1022BF4E795FAA5F3B3FAB9
:1072700083F304FA03F225EA020503F5A27207EB91
:1072800043035AF82220B3F87C10C2F3014240466F
:1072900004F093FB60E700BF71DC000011C7000041
:1072A000F4DB0000F4F60000A8C40000F4F60000CF
:1072B00010B54FF08043D3F80443620714D54FF460
:1072C000847004F044FC78B1404B1B685BB94049C2
:1072D000404A414840F26F1303F003FF40F26F1140
:1072E0003C4803F0F5FE9847A30613D54FF48A7087
:1072F00004F02DFC70B1394B1B684BB93849354A45
:1073000035484FF4BC7303F0ECFE4FF4BC71E7E773
:1073100000209847600613D54FF48C7004F017FCDA
:1073200070B12E4B1B684BB92D492A4A2A4840F2AE
:107330007F1303F0D6FE40F27F11D1E7012098477A
:10734000210613D54FF48E7004F001FC70B1254B6B
:107350001B684BB924491F4A1F484FF4C47303F0FC
:10736000C0FE4FF4C471BBE700209847E20513D577
:107370004FF4907004F0EBFB70B11A4B1B684BB9E3
:107380001949144A144840F28F1303F0AAFE40F240
:107390008F11A5E701209847A30515D54FF49270EA
:1073A00004F0D5FB80B10F4B1B684BB90E49094A5D
:1073B00009484FF4CB7303F094FE4FF4CB718FE781
:1073C000BDE810400220184710BD00BFF017002094
:1073D000F8DC0000B2DC000011C70000EC17002050
:1073E00019DD0000E81700203BDD000000B5437FF9
:1073F000022B89B0DAB208D0032A036818D0012A18
:1074000000D15A6209B05DF804FB0023CDE90233D4
:107410008DF80430C36863BB1849194A194840F213
:10742000951303F05EFE40F29511154803F050FEEF
:1074300001228DF80420D3F83C250292D3F84C2584
:107440000392D3F844250492D3F848250692D3F842
:107450003425D3F838350793C36805924BB90749EB
:10746000074A084840F2AD1303F03BFE40F2AD116D
:10747000DBE7816901A89847C4E700BF97DD0000FA
:107480005BDD000011C7000038B5450914D0012D9F
:1074900006D14FF6FF7400F01F00C440E4070ED47D
:1074A00011491248124A4FF4826303F01AFE104841
:1074B0004FF4826103F00CFE4FF0FF34EBE70D4C0C
:1074C000012D18BF4FF0A04404EB80001B02D0F840
:1074D0000057094C43EA82022C4042EA4101214311
:1074E000C0F8001738BD00BF13D8000011C7000056
:1074F000E0D7000000030050F0F8FCFFF8B50546A7
:1075000008B101B14AB917491748184AC82303F00E
:10751000E8FD1648C82103F0DBFD047F0668D4B9F6
:10752000C2608361CB7D837704F024FBB0B140F26D
:107530000243C6F83445C6F83845C6F84445C6F88F
:1075400048456C77C6F8043301232B770223C6F82D
:1075500000352046F8BD6FF07700FBE76FF01500AF
:10756000F8E700BFB4DD000011C700005BDD0000DC
:1075700070B5049D58B92349234A24484FF4E67353
:1075800003F0AFFD4FF4E6711F4803F0A1FD047F47
:107590000CB151B99AB31E491B4A1C4840F2D11391
:1075A00003F09FFD40F2D111EEE713B9002DF2D1A7
:1075B00051B101F06044B4F1005F17D123B103F081
:1075C0006044B4F1005F11D1467F012EF4B210D0B7
:1075D00002D9023C012C0FD8C0E9041301234260F8
:1075E00085604377FFF702FF002070BD6FF00C004D
:1075F000FBE76FF07600F8E76FF08B00F5E7002B04
:10760000DDD1D3E771DC00005BDD000011C70000B5
:1076100008DE000037B5044658B923492348244AF8
:1076200040F2012303F05DFD214840F2012103F007
:107630004FFD0568D5F8043193B1437FDBB28DF877
:1076400007300023C5F80431D5F80431032343770C
:10765000FFF7CCFE9DF80730DAB2012B08BF627746
:10766000D5F82831EBB10023C5F82831D5F82831F9
:10767000637F012BDAB214D163682169C5F8441520
:10768000C5F84835A3686169C5F834152046C5F8C2
:1076900038350223AA62637703B0BDE83040FFF7B4
:1076A000A5BE03B030BD00BF71DC000011C70000F3
:1076B0005BDD0000F8B51B4A0C68B2FBF4F304FB79
:1076C000132565BB94422AD85A1E12EA030526D117
:1076D000B3F5007F23D802680F79D2F804454E79BC
:1076E00067F30104C2F80445D2F8081593FAA3F32E
:1076F000B3FA83F366F30101C2F80815C2F8103536
:107700000068402300F58072D550D1580433582BBF
:10771000FAD140F30730FBF7F9FF0020F8BD6FF016
:107720001500FBE70024F40010B5044648B91E49D3
:107730001E4A1F485C2303F0D4FC5C211B4803F065
:10774000C7FC037B63BB426041B38B68194A83600B
:10775000036893420FD002F5805293420BD002F59A
:107760008052934207D002F58032934203D002F553
:107770008052934202D14B79032B07D90E490B4A11
:107780000B48702303F0ADFC7021D7E72046FFF7CC
:1077900091FFB0FA80F35B09237310BD0846F8E748
:1077A0006FF07700F9E700BF71DC0000B0DE000089
:1077B00011C7000000800040EDDE000008B508B1F0
:1077C000037B4BB907490848084ABA2303F089FCF0
:1077D0000648BA2103F07CFC02680123136103739D
:1077E00008BD00BF08EB000011C70000B0DE0000BC
:1077F00038B5044608B1037B4BB90F490F48104A0E
:107800009B2303F06EFC0E489B2103F061FC006893
:1078100040F30730FBF788FF23680025D3F80022E8
:10782000C3F8005223684FF0FF32C3F80823204604
:10783000FFF7C4FF257338BD08EB000011C7000037
:10784000B0DE0000F8B5044658B915491548164A87
:107850004FF4A57303F045FC13484FF4A57103F0F2
:1078600037FC0368D3F804530126002705B9F8BD97
:1078700095FAA5F3B3FA83F3980006FA03F300F53B
:10788000807025EA030523681A58002AEED01F509D
:107890001B586368002BE9D0A1689847E6E700BF52
:1078A00071DC000011C70000B0DE000008B5124B0B
:1078B000A8220021184604F012FB032202610F499E
:1078C00042610F4A8161C2614FF48062026200220C
:1078D00082624262C26201660A4941661021816683
:1078E000094902670346C266426711F8010D9854C0
:1078F0000132102AF9D108BD100400204DEB000020
:10790000100000200000002006F700002DE9F74FCE
:10791000DFF88880182606FB008700FB06664644D1
:107920007D6AD7F828C07368AC4581468B461446FB
:1079300003EB050025D83B6AA3EB050A0AF1FF3EDD
:10794000724507D82C4404F0BCFA7C62012003B0D5
:10795000BDE8F08FE64472451ED85246019304F00C
:10796000B0FA019B2C44E41A05D0706822460BEB58
:107970000A0104F0A6FA182303FB0988C8F824407A
:10798000E4E70CF1FF3CACEB050C944504D3254433
:1079900004F097FA7D62D9E70020D8E710040020B0
:1079A000F8B5144B182700FB07751D4407FB00337F
:1079B0000E46DB6A012B14460AD0022B14D023B9E1
:1079C000284604F03DF9844208D900242046F8BD39
:1079D000284604F035F9844228BF04462246314641
:1079E000284604F036F9F1E72846BDE8F84004F0EF
:1079F0004BB900BF10040020F8B50B4B1B78532B7C
:107A000004460E46174601D0FFF750FF04F06BF90D
:107A10003A46054631462046FFF7C2FF044628464F
:107A200004F069F92046F8BD10040020034B182229
:107A300002FB00339A6A586A801A704710040020CB
:107A400010B4084A08490023C85C12F8014D84426A
:107A500004D10133102BF7D110BC704710BCFFF7D5
:107A600025BF00BF06F700001004002038B54369A9
:107A700005463BB90024EA68537843F0010353708C
:107A8000604238BD984704460028F3D000F1FF0358
:107A9000FE2B0ED9094A0A490A48212303F021FB8B
:107AA00029680948224603F01CFB0448212103F001
:107AB0000FFBEB6844421C70DDE700BF56EB000093
:107AC00079EB000011C7000091EB000010B50446EF
:107AD000FAF774FC0348044A012103F01AFD20461A
:107AE00004F012F998C20000B6EB00002DE9F8434B
:107AF000044600AF0D46EFF31188402383F312884C
:107B0000BFF36F8F0428314A98BF314B9668117CC0
:107B100094BF53F820302F4BE9468AB06A462E486E
:107B2000CDE9073140F20133ADF824302B4BCDE9DC
:107B3000050442F8103F2A4800234FF43151FAF768
:107B400099FDCD4645B1EB69C3F3080323B1254A3E
:107B50002348012103F0DDFC2EB1304604F037F953
:107B600008B1037803B92048E9468AB06A461F4B3A
:107B70000790CDE9053640F20133ADF820301C4BBB
:107B800042F8103F164800234FF41151FAF772FDE6
:107B90002946CD462046FFF799FF042C0CD1154904
:107BA000154A1648872303F09CFA154803F099FA02
:107BB0001148872103F08CFA88F31188BFF36F8F87
:107BC0003046FBF791FEBD46BDE8F883F417002070
:107BD000ACC40000C5EB0000DBEB000005000001B9
:107BE00098C2000003EC0000D3EB000024EC00007E
:107BF000040000015EEC00003CEC000011C7000036
:107C00007BEC000038B50A4B53F82040013053F8A4
:107C10002050A54200D838BD606830B1037EDB0734
:107C200001D4FFF723FF0834F3E723689847FAE706
:107C3000C0C4000070B5374B374C384D86B00122B8
:107C400003201A70FFF7DEFF04F030F90420FFF77D
:107C5000D9FFAC42264628D93149324A324844231A
:107C600003F03FFA314803F03CFA44212D4803F079
:107C70002FFA54F80C3C059354F8103C049354F834
:107C8000143C039354F8183C029354F81C3C0193A1
:107C900054F8203C009354E90A2354E90C0100F005
:107CA0003FFF54F8303C5E65D3E7AE4204F1300448
:107CB000DFD301F00DFC184CAC421FD91849194A0A
:107CC0001948682303F00DFA184803F00AFA6821EE
:107CD000CCE7D4E90A23B3F1FF3F08BFB2F1FF3F7D
:107CE00005D052EA0301206803D101F027FE3034A9
:107CF000E2E70F49183002F0E1F8F8E7E9D301F0C4
:107D000059FCF8F7A3FC0B4A938923F001039381F4
:107D100006B070BDAF1C002018C2000018C20000E1
:107D20001BED0000FAEC000011C7000069CC000058
:107D3000E5900000680F002070B5002386B0012296
:107D4000CDE90423134E144D01930F22CDE90232E5
:107D50001249142303FB005506EBC01604464FF4EA
:107D6000C07000FB04110E4B00954FF4A07230461A
:107D700000F0D6FE337C0B4AEE6023F0040333742C
:107D80004FF4046304FB033313442C746B6006B09C
:107D900070BD00BFE80E0020F4170020402D002029
:107DA000A1810000002500207FB50020FFF72AFFF9
:107DB000344B83F30888344C636943F40073636184
:107DC000E02384F822302023E377002323766376B0
:107DD000A37684F82030626A42F4E022626284F87A
:107DE0002330FBF7FDFBFBF769FD4FF0FF33A36288
:107DF000E362FBF7CFFEFBF7E1FDFAF707FA234852
:107E000000F046FF224B234A93420ED92249234ACF
:107E10002348CC2303F065F9224803F062F91F4898
:107E2000CC2103F055F91C33EEE7FCD30120FFF71A
:107E3000E9FE0220FFF7E6FE01F02EFC1A4B1B4C78
:107E40005C611B4B0593002501231A4900954FF4F3
:107E50000062CDE90353CDE90155174B204600F0F0
:107E60005FFE237C064623F004032046237401F0C2
:107E7000ABF82846FFF760FF0F4A31462046FBF774
:107E8000FFFC00BF402D002000ED00E0E80F0020C7
:107E900044C0000098C0000048ED0000FAEC00006B
:107EA00011C7000069CC0000F4170020680F002003
:107EB00060ED0000C02E0020357C000038B50E4C6F
:107EC0000E4DAC4212D90E490E4A0F48A22303F0C0
:107ED00008F90E4803F005F90A48A22103F0F8F862
:107EE000204603F019FF20B92034EAE7F8D3002038
:107EF00038BD6FF01500FBE71007002010070020C9
:107F00008DED000068ED000011C7000069CC000095
:107F10002DE9F74305460F4691461C4600F1080639
:107F2000EFF31188402383F31288BFF36F8F30463D
:107F300001F06AFF60B9324A32493348842303F0C2
:107F4000D0F83146314803F0CCF884212C4826E0A3
:107F5000304601F07DFF2B691BB33B601C68EB6969
:107F60002C610133EB6114B96A6993421FD0EB684D
:107F7000E41A09D4D5E905235A43A24204D9B4FB33
:107F8000F3F203FB124494B12149224A1E48F7231D
:107F900003F0A7F8204803F0A4F81E48F72103F0E7
:107FA00097F859EA040214D13B606FF00B04304695
:107FB00001F038FFF0B9124A184913484FF4997389
:107FC00003F08FF83146164803F08BF84FF499719F
:107FD000BCE7CDE900942A464146304601F0CAF894
:107FE000044618B90F4B9B685B693B60204603B0A1
:107FF000BDE8F08388F31188BFF36F8FF6E700BF09
:108000002BCA000058CA000011C700006DCA00004A
:10801000AAED000068ED000026EE000083CA000013
:108020009ACA0000F41700202DE9F843C368CB1A60
:1080300005460E4623D4D0E90512514399421ED974
:10804000B3FBF2F102FB1133CBB900F10807EFF3F8
:108050001189402484F31288BFF36F8F384601F0F2
:10806000D3FED8B9414A42494248842303F039F843
:108070003946414803F035F884213C480CE03F493B
:108080003F4A3C4840F21F1303F02BF83D4803F0F1
:1080900028F83B4840F21F1103F01AF8384601F067
:1080A000D7FED5F81080B8F1000F40D1EFF311835F
:1080B00084F31288BFF36F8F83F31188BFF36F8F40
:1080C0005BB93149314A2B48BB2303F00AF83048E9
:1080D00003F007F8BB212D48DEE72C68A54226D027
:1080E0002CB3A3683BB92B49284A2248A42302F0A9
:1080F000F8FFA421EFE7D4E9003213605A60237C33
:10810000C4F8088023F002032374C4E9008804F152
:10811000180001F0AFFF2046C4F87880666100F0D7
:1081200053FF49463846BDE8F84303F094BE2B6937
:108130003360EB692E61013BEB61384601F072FE62
:1081400068B90A4A14490B484FF4997302F0C9FF01
:108150003946124802F0C5FF4FF499718DE789F353
:108160001188BFF36F8FBDE8F88300BF2BCA0000F2
:1081700058CA000011C700006DCA00008FEB000054
:1081800068ED000041EE00008EEE000063EE00009E
:10819000A6EE0000A9EE000083CA00009ACA000003
:1081A00008B50D4B9B6893F90E30002B09DB40247A
:1081B000EFF3118384F31288BFF36F8F03F03DFA5E
:1081C000F6E706490648074A1C2302F08AFF0548DD
:1081D0001C2102F07DFF00BFF4170020E1EE00003B
:1081E00011C70000C0EE000008B583684BB90B4909
:1081F0000B480C4AA42302F074FF0A48A42102F0A1
:1082000067FFD0E9003213605A60027C0023C0E9A6
:10821000003322F002020274836008BDA9EE000060
:1082200011C7000063EE00002DE9F74F04469DF8EA
:108230003090884692461E46EFF3058373B152EAAA
:1082400006030BD05E495F4A5F48992302F049FF5D
:108250005E4802F046FF99215A4819E004F10805EA
:10826000EFF311874FF0400B8BF31288BFF36F8F42
:10827000284601F0C9FD68B9554A56495248842339
:1082800002F02FFF2946544802F02BFF842150486A
:1082900002F01EFF284601F0DBFD626A23699A4264
:1082A00076D2EFF311838BF31288BFF36F8F83F3D2
:1082B0001188BFF36F8F5BB94849494A4248BB23D5
:1082C00002F00FFF414802F00CFF4548BB21DFE7F9
:1082D0002668B44219D0C6B13046FFF785FF06F1D3
:1082E000180001F0C7FEE26870694146002403F0FF
:1082F000E8FD3046B46700F067FE3946284603F0D3
:10830000AAFD204603B0BDE8F08F206A6669B0423E
:1083100007D3A3695A1E904203D8E268191A914202
:1083200007D23049274A2848B42302F0DAFEB421A4
:1083300092E7B9F1000F21D0414603F0C2FD236A54
:10834000E2681344A2692362934201D16369236204
:10835000636A013363620024284601F063FD50BB69
:108360001B4A214918484FF4997302F0BAFE294676
:108370001E4802F0B6FE4FF4997188E7E1698E421B
:1083800018BF0B46981AE061414603F09AFDDFE7FB
:108390005AEA06030CD0164B9B682246C3F8148099
:1083A0003946CDE900A6284600F0E4FE0446A8E7D9
:1083B0006FF02204D0E787F31188BFF36F8FA0E737
:1083C0002BEF000009EF000011C70000A6EE00002F
:1083D0002BCA000058CA00006DCA00008EEE0000D3
:1083E00063EE000070EF000083CA00009ACA00002C
:1083F000F41700202DE9F7430446884617461D462A
:10840000EFF3058383B152EA05030DD06049614A59
:1084100061484FF4977302F064FE604802F061FE19
:108420004FF497715B4818E004F10806EFF31189E7
:10843000402383F31288BFF36F8F304601F0E4FCD2
:1084400068B9574A57495448842302F04AFE3146D6
:10845000554802F046FE8421514802F039FE30466C
:1084600001F0F6FC636A002B67D0E268E1694046E0
:1084700003F027FDE369E2681344A269E3619342D4
:1084800004BF6369E361636A013B6362EFF31183D5
:10849000402282F31288BFF36F8F83F31188BFF3FA
:1084A0006F8F5BB94149424A3B48BB2302F019FE3A
:1084B0003A4802F016FE3E48BB21CEE72568AC42A2
:1084C0004BD0002D4AD02846FFF78EFE05F118004C
:1084D00001F0D0FD206A6369984207D3A3695A1E50
:1084E000904203D8E2681B1A934209D23149294AC3
:1084F00029484FF4A47302F0F4FD4FF4A47191E7FE
:10850000696903F0DEFC236AE2681344A26923620E
:10851000934204BF63692362636A01336362002488
:108520002846AC6700F050FD4946304603F093FC06
:108530002546284603B0BDE8F08357EA05031FD05F
:108540001D4B9B682246C3F814804946CDE900754F
:10855000304600F00FFE0546EBE70025304601F0FF
:1085600061FC80B90E4A15490B484FF4997302F02B
:10857000B8FD3146124802F0B4FD4FF499716BE733
:108580006FF02205EAE789F31188BFF36F8FD0E718
:108590002BEF000009EF000011C70000A6EE00005D
:1085A0002BCA000058CA00006DCA00008EEE000001
:1085B00063EE000070EF0000F417002083CA000093
:1085C0009ACA00002DE9F341044617461E46EFF310
:1085D000058565B15449554A5548732302F081FD1C
:1085E000544802F07EFD5148732102F071FDEFF313
:1085F0001188402383F31288BFF36F8F4E4801F038
:1086000003FC60B94D4A4E494948842302F069FD94
:1086100049494C4802F065FD84214848E5E7464851
:1086200001F016FC484BE2689B6892B1A068984242
:1086300027D057EA06022CD13F4801F0F3FB90B156
:1086400088F31188BFF36F8F6FF00F0002B0BDE8A1
:10865000F08193F90E10384821610132C4E90232E9
:1086600001F0E0FB78B9354A384931484FF4997345
:1086700002F037FD3049364802F033FD4FF499716E
:10868000CBE72169E7E788F31188BFF36F8F0020FC
:10869000DCE793F90E1090F90E30994205DA994211
:1086A000A8BF194603F06FFB0546CDE900762248C6
:1086B0002246414600F05EFD0028E8D0EFF3118627
:1086C000402383F31288BFF36F8F1B4801F09CFB9C
:1086D000002897D0184801F0BBFBA068C0B1236800
:1086E00021699C420AD04BB193F90E309942A8BF40
:1086F00019466FF07F039942B8BF194603F043FB58
:1087000030B10D48314603F0A6FB6FF00A009DE73B
:10871000002DF6D1084801F085FB0028A3D086F390
:108720001188BFF36F8FF0E738F0000016F00000FB
:1087300011C700004AF00000141800202BCA0000E6
:1087400058CA00006DCA0000F417002083CA000058
:108750009ACA0000F8B50546EFF3058363B15549A1
:10876000554A5648EA2302F0BCFC554802F0B9FCD1
:10877000EA21514802F0ACFC8368002B00F09480A1
:10878000504A9268934240F09280C3684BB94E4978
:10879000494A4A484FF4817302F0A3FC4FF48171B7
:1087A000E7E7012B03D0013BC3600020F8BDEFF3E6
:1087B0001187402484F31288BFF36F8F434801F080
:1087C00023FB60B9424A43493C48842302F089FCB8
:1087D0003E49414802F085FC84213D48CAE73B48B8
:1087E00001F036FB2969A86803F0CDFAEFF3118395
:1087F00084F31288BFF36F8F83F31188BFF36F8FF9
:108800005BB93649364A2D48BB2302F06AFC35482D
:1088100002F067FCBB213248ACE72C68AC4215D1B2
:108820000023C5E90233294801F0FCFA002836D1BB
:10883000274A2D4921484FF4997302F052FC2349ED
:108840002A4802F04EFC4FF49971C6E7002CE7D09D
:10885000A3683BB92649224A1848A42302F041FCE8
:10886000A421D8E7D4E9003213605A60237C0026A3
:1088700023F002032374C4E90066A66004F1180023
:1088800001F0F8FBAC6094F90E302B612046A6672E
:1088900000F09AFB0D48394603F0DDFA85E787F3CF
:1088A0001188BFF36F8F80E76FF015007EE74FF000
:1088B000FF307BE738F0000016F0000011C7000021
:1088C0004AF00000F41700206FF000001418002098
:1088D0002BCA000058CA00006DCA00008EEE0000CE
:1088E00063EE0000A6EE000083CA00009ACA0000F2
:1088F000A9EE000008B583684BB90B490B480C4A38
:10890000A42302F0EEFB0A48A42102F0E1FBD0E927
:10891000003213605A60027C0023C0E9003322F069
:1089200002020274836008BDA9EE000011C70000B6
:1089300063EE000070B50446EFF31186402585F321
:108940001288BFF36F8F2F4801F05EFA60B92E4A8C
:108950002E492F48842302F0C4FB2A492D4802F0F7
:10896000C0FB8421284818E0264801F071FAEFF393
:10897000118385F31288BFF36F8F83F31188BFF3E0
:108980006F8F63B92449254A2148BB2302F0A9FB14
:10899000234802F0A6FB2148BB2102F099FB256881
:1089A000AC4212D08DB12846FFF7A4FF05F11800A4
:1089B00001F060FB00232846AB6700F005FB314661
:1089C0001048BDE8704003F046BAD4E902329A423A
:1089D00018BF01330B48A36001F024FA68B90A4AB2
:1089E00010490B484FF4997302F07BFB05490E4880
:1089F00002F077FB4FF49971B4E786F31188BFF367
:108A00006F8F70BD181800202BCA000058CA0000D4
:108A100011C700006DCA00008EEE000063EE00007A
:108A2000A6EE000083CA00009ACA0000F7B504460B
:108A300016461D46EFF305837BB152EA05030CD0C1
:108A40002D492E4A2E48882302F04BFB2D4802F078
:108A500048FB2A48882102F03BFBEFF311874023B3
:108A600083F31288BFF36F8F274801F0CDF960B907
:108A7000264A27492248842302F033FB224925480D
:108A800002F02FFB84212148E5E71F4801F0E0F9BF
:108A9000A368D3B1013B1C48A36001F0C3F968B9D6
:108AA0001A4A1D4916484FF4997302F01AFB1649E9
:108AB0001A4802F016FB4FF49971E4E787F3118826
:108AC000BFF36F8F002003B0F0BD56EA05030BD152
:108AD0000D4801F0A7F90028E2D087F31188BFF311
:108AE0006F8F6FF00F00EEE7CDE900652246394643
:108AF000054800F03FFBE6E7A6F0000086F0000026
:108B000011C70000A6EE0000181800202BCA0000B4
:108B100058CA00006DCA000083CA00009ACA00004B
:108B20002DE9F04385B005460F9C0F2C0E461F46DD
:108B300045D12E4B9F4246D1073222F007027F32A9
:108B40001099A98105F1580322F03F02C5E91633B7
:108B5000042100233F2AC5E90633AB602974AC73B6
:108B6000EB7306F14009A2F1400805D883F31188A0
:108B7000BFF36F8F084602DFB41821462846FAF784
:108B800097FA07300E9B20F00700A866C5E91898F1
:108B900002930D9B0193241A0C9B009322463B46A3
:108BA00031462846FAF73AFE00236B65104B9B6866
:108BB00003B1DB6EEB66204605B0BDE8F08304F13F
:108BC00010031E2BB8D90B4A0B490C4840F24B231B
:108BD00002F087FA0A4821466FF00F030E2202F0D6
:108BE00080FA044840F24B2102F072FAA1810000A1
:108BF000F4170020F3F0000016F1000011C7000088
:108C000096F10000F0B587B0DDE912760446EFF387
:108C1000058575B119491A4A1A4840F2173302F00E
:108C200060FA194802F05DFA154840F2173102F077
:108C30004FFA0595109D04950F9D03950E9D029585
:108C40000D9D01950C9D0095FFF76AFFB6F1FF3F62
:108C500008BFB7F1FF3F05D056EA070305D120460C
:108C600000F06CFE204607B0F0BD3A46334604F1F2
:108C70001800064901F022F9F4E700BF38F00000BF
:108C8000F3F0000011C70000C7F10000E5900000FC
:108C90000123037483810023C0E91833C366014BA9
:108CA00098607047F417002070B590F91020037C8D
:108CB000002A49DBD90647D163F07F030374264BB2
:108CC000984209D125492648264A522302F009FA3A
:108CD0002448522102F0FCF9234C2246E16952F863
:108CE000183F934207D1C0E900210860E0610FE01E
:108CF0008B42F8D01B68002BF5D093F90E6090F9E9
:108D00000E50AE42F4DD5968C0E900310860586089
:108D1000A569954200D005B9E568A3685BB9134918
:108D2000134A0F48EA2302F0DCF9124802F0D9F99D
:108D30000F48EA21CEE71A7CD20606D1DA897F2ACB
:108D400003D9AA690AB9636170BDAB4202D0284653
:108D500000F0D4FF6561F7E7E80E00200EF2000096
:108D600011C70000ECF10000F41700205BF20000D6
:108D70002FF20000A6EE000038B590F91020037C19
:108D8000002A01461BDA224A03F07F039042037453
:108D900009D12049204A21485A2302F0A2F95A2138
:108DA0001D4802F095F9DC0707D51D491A4A1B48F2
:108DB0005B2302F096F95B21F2E703F00AF8194D04
:108DC0002A46AB6852F8184F944200D004B9EC68B8
:108DD0008B4214D05BB91449144A1048EA2302F0BC
:108DE00080F9134802F07DF91048EA21D9E71A7C8E
:108DF000D20604D1DA897F2A01D9A2692AB1A34215
:108E000002D0204600F07AFF23466B6138BD00BFD8
:108E1000E80E00200EF20000ECF1000011C7000087
:108E200082F20000F41700205BF200002FF2000035
:108E3000A6EE000008B5124A936880B1197C11F0C3
:108E4000090F0CD10F49104A1048D92302F049F9F3
:108E50000F4802F046F90C48D92102F039F96FF0B9
:108E60000A0199670B4958674B6843F080534B6080
:108E7000002383F31188BFF36F8F9368986F08BD49
:108E8000F4170020C5F200009BF2000011C700009B
:108E90002EF3000000ED00E070B504460D46F9B970
:108EA000EFF30586E6B91A4B5A699B689A4217D0C8
:108EB00000F0B8FF78B9174A1749184840F26D1307
:108EC00002F00FF92146164802F00BF940F26D113D
:108ED000104802F0FDF83046BDE87040FFF7AABF29
:108EE000204600F09FFF68B90A4A0B490B484FF42F
:108EF000997302F0F6F82146094802F0F2F84FF4AF
:108F00009971E5E785F31188BFF36F8F70BD00BFDE
:108F1000F41700202BCA000083CA000011C700000C
:108F20009ACA000008B583684BB9094909480A4A3A
:108F3000A42302F0D6F80848A42102F0C9F802F0F0
:108F400048FF037C23F0020303740023836008BD01
:108F5000A9EE000011C7000063EE000038B5184C00
:108F6000A168E0690B68814214BF1A460022496873
:108F70000B605960A368E1692AB9124AC3E900216C
:108F80000B60E3610AE092F90E5093F90E008542FE
:108F900012DD5168C3E900210B605360A569094BDC
:108FA0009D4200D005B9E568A3689D4202D02846DD
:108FB00000F0A4FE656138BD8A42DED01268DBE7AE
:108FC000F41700200C18002038B50446EFF3118583
:108FD000402383F31288BFF36F8F174800F014FF0C
:108FE00068B9164A16491748842302F07AF81249DC
:108FF000154802F076F88421104802F069F80E480E
:1090000000F026FF2046FFF74FFE0B4800F00AFF56
:1090100068B90A4A0D490B484FF4997302F061F898
:1090200005490B4802F05DF84FF49971E4E785F3C8
:109030001188BFF36F8F38BD1C1800202BCA0000A9
:1090400058CA000011C700006DCA000083CA0000A2
:109050009ACA000038B50446EFF31185402383F324
:109060001288BFF36F8F184800F0CEFE68B9174A18
:1090700017491848842302F034F81349164802F0BF
:1090800030F88421114802F023F80F4800F0E0FE88
:10909000A36813B12046FFF745FF0B4800F0C2FE5E
:1090A00068B90A4A0D490B484FF4997302F019F850
:1090B00005490B4802F015F84FF49971E2E785F382
:1090C0001188BFF36F8F38BD1C1800202BCA000019
:1090D00058CA000011C700006DCA000083CA000012
:1090E0009ACA000038B5A0F11804EFF311854023A7
:1090F00083F31288BFF36F8F174800F085FE68B9BD
:10910000164A17491748842301F0EBFF1249164805
:1091100001F0E7FF8421114801F0DAFF0E4800F06A
:1091200097FE204602F083FE0B4800F07BFE68B9F4
:109130000A4A0E490B484FF4997301F0D2FF0649D1
:109140000B4801F0CEFF4FF49971E4E785F31188E5
:10915000BFF36F8F38BD00BF1C1800202BCA000062
:1091600058CA000011C700006DCA000083CA000081
:109170009ACA00002DE9F047DFF8D4A0354D364BF0
:109180001746A842DAF808201A60DDE90898044674
:109190000E460BD131493248324A40F2B92301F030
:1091A000A0FF304840F2B92101F092FFEFF31183A4
:1091B000402383F31288BFF36F8F284600F024FE0C
:1091C00060B9294A29492648842301F08AFF2946A3
:1091D000274801F086FF84212348E5E7284600F070
:1091E00037FEDAF808503946284602F0FAFDB8F1A1
:1091F000FF3F08BFB9F1FF3F06D01E494A4643462C
:1092000005F1180000F05AFE204600F00BFE68B988
:109210001949154A124840F26D1301F062FF2146C8
:10922000164801F05EFF40F26D11D5E7094800F0E5
:10923000F9FD40B910490C4A094840F26D1301F09C
:1092400050FF0449ECE73046BDE8F047FFF7F2BDB8
:10925000F41700201C1800202018002056F30000EE
:1092600011C70000ECF100002BCA000058CA000032
:109270006DCA0000E590000083CA00009ACA000091
:1092800070B50546EFF31186402383F31288BFF3D0
:109290006F8F1B4800F0B8FD68B91A4A1A491B487D
:1092A000842301F01EFF1649194801F01AFF84219A
:1092B000144801F00DFF124800F0CAFD2C68A542C9
:1092C00015D014B12046FFF72DFE0D4800F0AAFD81
:1092D00078B90C4A0F490D484FF4997301F001FF1A
:1092E00007490D4801F0FDFE4FF49971E0E70024B5
:1092F000EBE786F31188BFF36F8F204670BD00BF88
:109300001C1800202BCA000058CA000011C700001A
:109310006DCA000083CA00009ACA00002DE9F0411E
:1093200004460D46EFF31187402383F31288BFF301
:109330006F8F594800F068FD60B9584A584959483C
:10934000842301F0CEFE5449574801F0CAFE84211F
:10935000524818E0504800F07BFD237C03F01F02C8
:10936000002A0CBF0126002662D103F07F0323747C
:109370004E4B9C4209D14E494E4A4A485A2301F06D
:10938000B0FE5A214B4801F0A3FE204602F021FD19
:10939000237C43F080036DB2DA07A573237407D5ED
:1093A0004549444A3F48532301F09BFE5321E9E7D6
:1093B000DFF808814246D8F81C1052F8183F934253
:1093C00008D1C4E900210C60C8F81C400DE08B42B4
:1093D000F7D01B68002BF4D093F90E00A842F6DDFD
:1093E0005968C4E900310C605C60D8F818409442B8
:1093F00000D00CB9D8F80C40D8F808309C4202D004
:10940000204600F07BFCC8F81440234800F00AFD19
:1094100000283AD1214A2A4922484FF4997301F091
:1094200060FE1D49274801F05CFE4FF499718FE7FB
:109430009B0728D5A16841B923491A48234AA42388
:1094400001F04FFE2148A4219DE720466DB202F0B5
:10945000C0FCA5730B68994209D14B68C4E900139D
:109460001C604C60D1E74A689342F6D01B68002B21
:10947000F3D093F90E20AA42F5DD5A68C4E9003210
:1094800014605C60C1E7A573BFE787F31188BFF381
:109490006F8F3046BDE8F0811C1800202BCA0000F9
:1094A00058CA000011C700006DCA0000E80E002075
:1094B0000EF20000ECF1000082F20000F417002030
:1094C00083CA00009ACA0000A9EE000063EE000003
:1094D00010B5EFF31184402383F31288BFF36F8F2D
:1094E000284800F091FC60B9274A2849284884237D
:1094F00001F0F7FD2349274801F0F3FD84212248BC
:1095000012E0204800F0A4FCEFF3058373B1224978
:10951000224A1F4840F23B3301F0E3FD204801F0AE
:10952000E0FD40F23B311D4801F0D2FD1D4B9A6831
:10953000D37B012B0CD11C49184A15484FF44F73AB
:1095400001F0CFFD164801F0CCFD4FF44F71EAE772
:10955000013BD3730B4800F065FC68B90A4A134914
:109560000B484FF4997301F0BCFD0649104801F017
:10957000B8FD4FF49971C2E784F31188BFF36F8F80
:1095800010BD00BF1C1800202BCA000058CA0000E4
:1095900011C700006DCA000038F00000ECF10000B7
:1095A000A6EE0000F41700208FF3000083CA00002D
:1095B0009ACA000070B5EFF31186402383F3128836
:1095C000BFF36F8F2A4800F01FFC68B9294A2A4967
:1095D0002A48842301F085FD2549294801F081FDB1
:1095E0002448842101F074FD264D214800F030FC10
:1095F000AB68DA7B6AB92449244A204840F24D33EB
:1096000001F06FFD224801F06CFD40F24D311F4822
:10961000E8E7EFF3058161B11E491C4A174840F2A3
:109620004E3301F05EFD1A4801F05BFD40F24E3111
:10963000EDE70132DA732A4652F8184F944200D00F
:1096400004B9EC681A7CD20604D1DA897F2A01D9E0
:10965000A2692AB19C4202D0204600F04FFB23466B
:109660006B6131460248BDE87040FFF715BC00BF92
:109670001C1800202BCA000058CA000011C70000A7
:109680006DCA0000F4170020C0F30000ECF10000E8
:10969000A6EE000038F00000024B03F11802C3E907
:1096A00006227047F417002070B5EFF3058373B1FD
:1096B0003849394A39484FF4906301F012FD38486F
:1096C00001F00FFD34484FF4906101F001FDEFF31C
:1096D0001186402383F31288BFF36F8F314800F067
:1096E00093FB60B9304A31492C48842301F0F9FCDE
:1096F0002C492F4801F0F5FC84212B48E5E72D4C3F
:10970000284800F0A5FBA168E0690B68814214BFFE
:109710001A46002249680B605960A368E1692AB9BA
:10972000254AC3E900210B60E3610AE092F90E507B
:1097300093F90E00854223DD5168C3E900210B60D7
:109740005360A5691C4B9D4200D005B9E568A3682C
:109750009D4202D0284600F0D1FA1248656100F01F
:1097600061FB88B9104A15490C4840F26D1301F0AD
:10977000B8FC0C49124801F0B4FC40F26D11BCE792
:109780008A42CDD01268CAE73046BDE87040FFF784
:1097900051BB00BF38F00000ECF1000011C7000021
:1097A000A6EE00001C1800202BCA000058CA0000BA
:1097B0006DCA0000F41700200C18002083CA0000B6
:1097C0009ACA00002DE9F04106460C46EFF30587E2
:1097D00077B13449344A35484FF4936301F081FC42
:1097E000334801F07EFC30484FF4936101F070FC87
:1097F00050EA010304D1FFF757FF0020BDE8F081D4
:10980000EFF31188402383F31288BFF36F8F294849
:1098100000F0FAFA60B9284A28492448842301F064
:1098200060FC2449264801F05CFC84212248DDE7E5
:10983000244D204800F00CFB234BA8681860FFF76C
:109840009BFAA868214923463246183000F036FBBF
:10985000AA68137C43F0040304461374154800F00F
:10986000E1FA68B9144A1A49104840F26D1301F040
:1098700038FC1049174801F034FC40F26D11D5E76F
:109880004046FFF7D7FAAB68D3E90A23B3F1004F9C
:1098900008BFBA42B1D102F0F7FA201A20EAE0700C
:1098A000ACE700BF38F00000ECF1000011C7000089
:1098B000A6EE00001C1800202BCA000058CA0000A9
:1098C0006DCA0000F417002020180020E590000069
:1098D00083CA00009ACA000070B506460D46EFF331
:1098E000058474B11149124A124840F2C64301F08E
:1098F000F8FB114801F0F5FB0D4840F2C64101F0BC
:10990000E7FBFFF75FFFB5F1FF3F08BFB6F1FF3F91
:109910001FBF47F6FF734FF47A72E0FB0234D80B97
:1099200014BF40EA44404FF0FF3070BD38F00000F3
:10993000ECF1000011C70000A6EE000038B50446A7
:10994000EFF31185402383F31288BFF36F8F204814
:1099500000F05AFA68B91F4A1F492048842301F0D1
:10996000C0FB1B491E4801F0BCFB8421194801F0D3
:10997000AFFB174800F06CFA237C5B0710D504F1AD
:10998000180000F077FB237C23F0040320462374A7
:10999000FFF78AF929460E48BDE83840FFF77CBA40
:1099A0000B4800F03FFA68B90A4A0E490B484FF4D9
:1099B000997301F096FB06490B4801F092FB4FF4B6
:1099C0009971D3E785F31188BFF36F8F38BD00BF5E
:1099D0001C1800202BCA000058CA000011C7000044
:1099E0006DCA000083CA00009ACA0000014B986843
:1099F000704700BFF41700202DE9F843044687891B
:109A0000EFF31185402383F31288BFF36F8F8248F1
:109A100000F0FAF968B9814A81498248842301F04B
:109A200060FB7D49804801F05CFB84217B4801F0AC
:109A30004FFB794800F00CFA237C180717D57648BD
:109A400000F0F0F968B9754A784976484FF499738F
:109A500001F047FB7049764801F043FB4FF49971E0
:109A6000E4E785F31188BFF36F8FBDE8F883D90968
:109A700043F0080240F083802274A36813B12046AB
:109A8000FFF750FA04F1180000F0F4FAA66D04F1A3
:109A90005808B04511D04FF0000976B13046FFF7B5
:109AA00041FA06F1180000F0E5FAC6F87890304661
:109AB000FFF7FAF8A66DB045EFD1DFF87881D8F856
:109AC00008309C427AD1EFF30589B9F1000918BF3B
:109AD0004FF00109D8F81860574A964200D00EB9E5
:109AE000D8F80C60B34202D0304600F007F92046A7
:109AF000C8F8146001F097FDB9F1000F02D04F488B
:109B0000FFF7C6F8D8F808309C426AD1EFF3058613
:109B1000002E66D1A389DA071FD53F4800F082F9ED
:109B2000002890D085F31188BFF36F8F86F31188DA
:109B3000BFF36F8F0423184602DFEFF31185402334
:109B400083F31288BFF36F8F334800F05DF900286C
:109B50003FF461AF304800F07BF92F4800F062F924
:109B600078BB2E4A31492F4840F26D1301F0B9FA03
:109B700029492F4801F0B5FA40F26D1156E7304AF5
:109B800003F07F0343F008039442237408D12D4966
:109B90002D4A24485A2301F0A4FA5A212A4846E7BC
:109BA000D90707D52949284A1E485B2301F099FAAD
:109BB0005B21F3E7204602F00CF95EE74FF0000965
:109BC00088E72846FFF736F921491F4A15484FF420
:109BD000EE7301F086FA1F4801F083FA4FF4EE713C
:109BE000DCE70D4800F01EF900283FF42CAF85F3A8
:109BF0001188BFF36F8FFB077FF537AF124A164905
:109C0000084840F2A25301F06CFA2146134801F0D3
:109C100068FA40F2A251C1E71C1800202BCA0000CC
:109C200058CA000011C700006DCA000083CA0000B6
:109C30009ACA0000F41700200C180020E80F00203A
:109C4000E80E00200EF20000ECF1000082F20000AD
:109C5000F1F30000FCF300001EF4000029F4000002
:109C6000027C12F01F02034610D10A4988420DD02F
:109C70000949086868B1D9897F2909D893F90E2064
:109C8000064B1B689A42B8BF0020704700207047FF
:109C900010467047E80E00203C06002024180020E3
:109CA00008B568B10F4B98420AD303F118029042ED
:109CB00006D2C01A1822B0FBF2F302FB13034BB119
:109CC00009490A480A4A3F2301F00BFA08483F2194
:109CD00001F0FEF9074BC0105843074B01221A54FC
:109CE00008BD00BF681000206FF4000011C700001D
:109CF00047F40000ABAAAAAAB01C002070B50C4B18
:109D00000C4D1E7CFFF7ACFF182303FB06550446E1
:109D1000284600F0AFF9084B00229A553CB1621E6C
:109D200028460649BDE87040D31700F0C7B870BD9B
:109D3000F417002068100020B01C0020A19C000037
:109D400038B5EFF31185402383F31288BFF36F8F8B
:109D5000234800F059F868B9224A2349234884234C
:109D600001F0BFF91E49224801F0BBF984211D48CA
:109D700001F0AEF91A4800F06BF81E4B1E4A9C68C1
:109D80001068A04213D1FFF7B9FF154800F04AF858
:109D900000BB144A194915484FF4997301F0A1F911
:109DA0000F49174801F09DF94FF49971DFE7002141
:109DB0001B7C1160134AD35C002BE6D02046FFF7D2
:109DC0004FFF0028E1D0237CDB0601D1FFF7C6F866
:109DD0002046D8E785F31188BFF36F8F38BD00BFE9
:109DE0001C1800202BCA000058CA000011C7000030
:109DF0006DCA0000F41700202018002083CA00005C
:109E00009ACA0000B01C0020006838B1044B1B7CCB
:109E100000F00300C01A18BF0120704701207047EE
:109E2000F4170020002302680360EFF30581074B5D
:109E3000986811B1017CC90705D41B7C1843831AAB
:109E40005842584170470120704700BFF417002066
:109E5000024B1A7C9B68134303607047F417002081
:109E6000024B1868984208BF002070474006002047
:109E7000034B1B680BB9FAF76BBE0020704700BF9D
:109E80002818002030B570B10B4B5B6898420AD09F
:109E9000036843B1D3E90421D0E90445121941EB29
:109EA0000501C3E90421D0E9003213605A600023A0
:109EB000C0E9003330BD00BF40060020B3F1FF3FD2
:109EC00008BFB2F1FF3F2DE9F84F04469B46154607
:109ED0001F4600F0B280D0F80090B9F1000F0CD00E
:109EE0005749584A5848642301F0FBF8574801F095
:109EF000F8F85448642101F0EBF88160EFF3118821
:109F0000402383F31288BFF36F8F5148FFF77CFF24
:109F1000824660B94F4A50494B48842301F0E1F82A
:109F20004B494E4801F0DDF884214A48E3E74848B0
:109F3000FFF78EFFBBF1000F494A1FDBFFF798FFC9
:109F4000474A0135D2E900174BF1000B2D184BEBB6
:109F5000E073C4E904536D18064643EB0707FFF7A7
:109F60007FFFDFF800E1DEF804900346EBB9C4E9B7
:109F700000E9C9F80040CEF8044028E0D2E9001218
:109F80006FF001035B1A4FF0FF3161EB02025B1BC4
:109F900062EB0B02012B72F10001BCBF01234A46A8
:109FA000C4E904324FF0000AD9E7D3E9041CD4E92C
:109FB00004208A4270EB0C0B2EDA891A5A686CEB7B
:109FC0000000C3E90410C4E9003214605C60FFF7CC
:109FD00047FF84420ED1244B1B685BB9BAF1000FD6
:109FE00002D1FFF745FF0646304601F036FF00215B
:109FF000FAF788FD1648FFF715FFB0B9154A1B4957
:10A0000011484FF4997301F06CF81149184801F0A8
:10A0100068F84FF4997188E7521A60EB0C004B45D1
:10A02000C4E90420A3D01B68A0E788F31188BFF31C
:10A030006F8F28463946BDE8F88F00252F46F8E790
:10A040003EF600001AF6000011C70000A6EE000060
:10A050002C1800202BCA000058CA00006DCA00004E
:10A0600080100020400600202818002083CA00002D
:10A070009ACA000070B50446EFF31186402383F3BB
:10A080001288BFF36F8F2A48FFF7BEFE68B9294ACE
:10A0900029492A48842301F024F82549284801F059
:10A0A00020F88421234801F013F82148FFF7D0FE5F
:10A0B00023683BB3FFF7D4FE05462046FFF7E2FED8
:10A0C00000224FF00043A542C4E9042312D000242B
:10A0D0001748FFF7A7FE20BB164A1A4917484FF446
:10A0E000997300F0FEFF1249174800F0FAFF4FF491
:10A0F0009971D7E7FFF7BCFE01F0AFFE0021FAF738
:10A1000001FDE4E7D4E90423B3F1004F08BF012ABD
:10A1100004D100224FF00043C4E904236FF015047A
:10A12000D6E786F31188BFF36F8F204670BD00BF5E
:10A130002C1800202BCA000058CA000011C70000CC
:10A140006DCA000083CA00009ACA00002DE9F047DA
:10A15000DFF80891DFF808A1C9F800000246FFF710
:10A160007FFE8846044600260027DAE900134FEAFE
:10A17000E27C54B1D4E90450AA427CEB000E1FDA11
:10A18000AD1A60EB0C00C4E9045052184FF0000403
:10A1900043EB0C032046CAE90023C9F8004001F054
:10A1A0005CFE2146FAF7AEFC2E48FFF73BFED0B12D
:10A1B00088F31188BFF36F8FBDE8F047FFF7C0BD8C
:10A1C000691843EBE5732046C4E90467CAE9001344
:10A1D000FFF758FE01224FF00043C4E90423214851
:10A1E000FFF720FE78B9204A204921484FF499739F
:10A1F00000F077FF1B491F4800F073FF4FF499717F
:10A20000194800F065FF88F31188BFF36F8FA368CA
:10A2100020469847EFF31188402383F31288BFF359
:10A220006F8F1048FFF7F0FD58B90F4A12491048D8
:10A23000842300F056FF0B49104800F052FF8421A0
:10A24000DEE70848FFF704FED9F80020521BC9F8E2
:10A250000020FFF705FE044687E700BF281800200E
:10A26000801000202C1800202BCA000083CA000098
:10A2700011C700009ACA000058CA00006DCA000049
:10A2800010B5EFF31184402383F31288BFF36F8F6F
:10A290000B48FFF7B9FD68B90A4A0B490B488423FC
:10A2A00000F01FFF06490A4800F01BFF0548842103
:10A2B00000F00EFF0248FFF7CBFD204610BD00BFA7
:10A2C0002C1800202BCA000058CA000011C700003B
:10A2D0006DCA000070B5EFF31186402383F3128836
:10A2E000BFF36F8F1A48FFF78FFD68B9194A1A49F3
:10A2F0001A48842300F0F5FE1549194800F0F1FED4
:10A300008421144800F0E4FE1148FFF7A1FDFFF797
:10A31000AFFD144AD2E90045041945EBE0750C483D
:10A32000FFF780FD68B90B4A0F490C484FF4997349
:10A3300000F0D7FE06490D4800F0D3FE4FF49971A6
:10A34000DFE786F31188BFF36F8F2046294670BD83
:10A350002C1800202BCA000058CA000011C70000AA
:10A360006DCA00008010002083CA00009ACA000055
:10A37000F8B50446EFF31187402383F31288BFF347
:10A380006F8F5A48FFF740FD68B9594A59495A48F2
:10A39000842300F0A6FE5549584800F0A2FE84210F
:10A3A000534800F095FE5148FFF752FDD4E90423CD
:10A3B000B3F1004F08BF012A13D04C48FFF732FD1C
:10A3C000002840F08E804A4A4D494B484FF499731B
:10A3D00000F087FE45494B4800F083FE4FF4997129
:10A3E000DEE7D4E90A566A1C46F10003022A73F13B
:10A3F000000334D3013D46F1FF36002EBCBF0025DB
:10A400002E4601F045FD013041F10001401946EBB7
:10A410000101012871F100015ADB01F039FD013021
:10A4200041F100016FF00203401946EB0101834244
:10A430006FF000438B4150DB01F02AFD013041F108
:10A4400000016FF00102401946EB0103121A4FF0B0
:10A45000FF3161EB03032C492046FFF72FFD236BEF
:10A46000256A01332363D5B12048FFF7DBFC0028C0
:10A47000A9D087F31188BFF36F8F2046A847EFF369
:10A480001187402383F31288BFF36F8F1748FFF7BC
:10A49000BBFC00283FF479AF1448FFF7D9FC54F80F
:10A4A000185FA54289D0002D87D02846FEF7D2FD3F
:10A4B00000230E48AB67FFF7B5FC002883D087F375
:10A4C0001188BFF36F8F2846BDE8F840FEF77CBDCA
:10A4D0006FF001024FF0FF33BDE700224FF0004361
:10A4E000B9E787F31188BFF36F8FF8BD30180020EC
:10A4F0002BCA000058CA000011C700006DCA000036
:10A5000083CA00009ACA000071A300002DE9F84335
:10A51000064614461D4691469846EFF311874023A0
:10A5200083F31288BFF36F8F2748FFF76DFC68B97C
:10A53000264A27492748842300F0D3FD224926488C
:10A5400000F0CFFD8421214800F0C2FD1E48FFF736
:10A550007FFCB5F1FF3F08BFB4F1FF3F11D11A48AE
:10A56000FFF760FC50BB194A1C491A484FF4997315
:10A5700000F0B7FD14491A4800F0B3FD4FF499718B
:10A58000E1E7002D0ADB012C75F100032246BCBF78
:10A590000122002512F1FF3945F1FF383046FFF75F
:10A5A00069FDDDE90823C6E90A23002333634A462F
:10A5B000434630460B49FFF781FCD0E787F311880B
:10A5C000BFF36F8FBDE8F883301800202BCA00005E
:10A5D00058CA000011C700006DCA000083CA0000FD
:10A5E0009ACA000071A3000070B50546EFF311840C
:10A5F000402686F31288BFF36F8F2D48FFF704FCC7
:10A6000068B92C4A2C492D48842300F06AFD28495A
:10A610002B4800F066FD8421264800F059FD2448AF
:10A62000FFF716FC2846FFF725FD90B12048FFF7FD
:10A63000F9FB002837D11F4A224920484FF499736B
:10A6400000F04FFD1A49204800F04BFD4FF499717E
:10A65000E2E76B6ACBB11648FFF7E4FB0028EAD0CB
:10A6600084F31188BFF36F8F6B6A28469847EFF326
:10A67000118486F31288BFF36F8F0D48FFF7C4FB78
:10A680000028BED00A48FFF7E3FB05F11800FEF7EB
:10A69000F7FD0028CAD0FEF797FC21460448BDE824
:10A6A000704001F0D8BB84F31188BFF36F8F70BD89
:10A6B000301800202BCA000058CA000011C7000043
:10A6C0006DCA000083CA00009ACA000038B50D4C5C
:10A6D0000D4DAC4213D90D490D4A0E48252300F00B
:10A6E00000FD0D4800F0FDFC0948252100F0F0FCBC
:10A6F000D4E90112204601F0DAFB1834E9E7F7D378
:10A70000002038BD100700201007002080F6000050
:10A710005EF6000011C7000069CC000010B50A4CBD
:10A7200023681BB101232360002010BD00F0F0F866
:10A730000028F7D00138062803D8044B53F820002E
:10A7400010BD034810BD00BF34180020D8C400005D
:10A75000FE8FFFFFBFF34F8F0549064BCA6802F417
:10A76000E0621343CB60BFF34F8F00BFFDE700BF34
:10A7700000ED00E00400FA0510B4094B09490A4C49
:10A780004FF0FE32C3F800244968C3F80424C3F82C
:10A790000824C3F80C240023C4F8003510BC084773
:10A7A00000B002504806002000A00250D0E900127C
:10A7B000014BC3E9001270474806002010B504465B
:10A7C00050B1636813F0685F05D0064A934202D027
:10A7D00000232360626010BD034B04485B68984708
:10A7E000EFE700BF2C5F5CA948060020F4C400001E
:10A7F000C8B143680D4A934213D013F0685F0ED07E
:10A80000012350E8002F194640E8001C9CF0000F7F
:10A81000F7D1012AF5D0BFF35F8F002070470448BD
:10A820007047044870476FF4E04070472C5F5CA9A4
:10A83000E98FFFFFEA8FFFFF80B14368094A934227
:10A840000AD013F0685F05D0BFF35F8F0023036069
:10A850001846704704487047044870476FF4E0405A
:10A86000704700BF2C5F5CA9E98FFFFFEA8FFFFFF5
:10A8700010B5044620B1044B63600022226010BD75
:10A880000248FFF779FFF6E73A00003A1CC50000DE
:10A8900010B5D0E90023194C6360D0E90230C4E957
:10A8A00002302260164BD1F800C0C3F800C0D1F8C6
:10A8B00004C0C3F804C01348D1F808C0C3F808C0E6
:10A8C000D1F80CC00969C3F80CC01961436813F0D2
:10A8D000685F04D00C490023C0E9003190470B4861
:10A8E000436813F0685F07D0074923680022C0E976
:10A8F0000021BDE81040184710BD00BF64060020CD
:10A9000050060020840600202C5F5CA97C060020F5
:10A9100008B500F013F830B900F014F828B9064A69
:10A92000C2F80C0A08BD032008BD00F009F800F0C9
:10A9300043F8042008BD00BF00B00250002070475B
:10A940000020704710B5154800F05EF800B110BD4A
:10A95000134800F059F80028F9D1124C204600F0B5
:10A9600053F80028F3D1104B10481C6000F04CF84D
:10A970000028ECD10E4800F047F80028E7D10D4838
:10A9800000F042F801460028E1D100F039F8044611
:10A9900008B900F04DF8204610BD00BFC4060020E5
:10A9A000C0060020BC060020B4060020B806002027
:10A9B000B0060020AC06002008B50B4800F02EF8C9
:10A9C0000A4800F02BF80A4800F028F8094800F07F
:10A9D00025F8094800F022F8084800F01FF8BDE803
:10A9E000084000F00FB800BFC4060020C0060020D9
:10A9F000BC060020B8060020B0060020AC060020EF
:10AA000000207047704700BF08B5034B02681B6801
:10AA100010689847002008BD6406002008B5034B65
:10AA200002685B6810689847002008BD6406002033
:10AA300070B5094C094D2069AB68984718B1084BAF
:10AA400008485B689847084AEB6820690021116054
:10AA5000BDE87040184700BF500600206406002083
:10AA60004806002040C50000501800200CB430B546
:10AA70008BB004460D462022002102A801F02FFAD7
:10AA800002238DF80A30002D0C4B0393069412DB41
:10AA900001D06B1E1C440FAA0E99079402A80192C4
:10AAA00000F00EF815B1069B00221A700BB0BDE83D
:10AAB000304002B070470024EDE700BFB5BF000092
:10AAC0002DE9F04F8BB04368009383789C07804654
:10AAD000924640F1F98000250878002800F0F680C1
:10AAE00025280AD04B1C019301354146009B98470D
:10AAF0000028C0F2E3800199EEE74E788B1C252EEA
:10AB00000193F1D00027B9463C460A221F2C22D8D7
:10AB1000A6F12003102B20D8DFE803F0141F1F1A22
:10AB20001F1F1F0B1F1F1F121F171F1F090044F09D
:10AB30000104019B13F8016B0193002EE6D13AE06A
:10AB400044F0020444F00404F3E744F00804F0E79E
:10AB500044F01004EDE77F2C24D8A6F13003092B34
:10AB600008D860064EBF02FB073702FB093944F0E4
:10AB70002004DEE72A2E0DD161065AF8043B53D497
:10AB8000002BA7BF44F020049946C3F1000944F00C
:10AB90002804CEE72E2E05D1630600F1978044F0FD
:10ABA0004004C6E76C2E2ED028D8682E32D06A2EEC
:10ABB00037D04C2E35D0002F46F02003B8BF24F0FC
:10ABC0004004A3F16502BCBFA4B20027022A01D948
:10ABD000612B2BD10AF1070A2AF0070A9C4E0AF1D1
:10ABE000080A0727210760D506EB070B34465C45AA
:10ABF0005DD1AE1BA219A9EB070959E1742E98D0BB
:10AC00007A2E96D0D7E7260648BF44F4007444F065
:10AC100080048EE7E00548BF44F4007444F4807477
:10AC200087E744F4207484E71F4682E7A6F16302B5
:10AC3000122A00F2D880DFE812F013004D00D6008F
:10AC4000D600D600D6004D00D600D600D600D600DD
:10AC5000D600E800D100D600D6001A00D600A00029
:10AC60005AF8043B8DF81030012704AEBAE75AF8C1
:10AC7000046B784B002E08BF1E4614F0400F14BF23
:10AC800039464FF0FF31304601F031F90746A9E768
:10AC9000009B41462020984700280FDB013CA7423B
:10ACA000F6D34D442D1BA1469EE74C46F7E714F81A
:10ACB000010B009B41469847002898DA98F802302B
:10ACC00043F0040388F802304FF0FF3528460BB0FC
:10ACD000BDE8F08F220630D5A3052AD50AF1070A70
:10ACE0002AF007039A4659685AF8080B24F0100B0B
:10ACF00000291FFA8BFB2FDA404261EB41014BF434
:10AD0000806B04AC0A23224601F0FDF81BF0400FD3
:10AD1000A0EB040200F08E802BF001049742A4B255
:10AD200040F38F80002E40F08E802BF01104A4B2EF
:10AD30001DE05AF8040BC117D8E7E0055AF8041BC8
:10AD400001D40846F7E7A2054BBF48B208B241F369
:10AD5000C01141F3C031C9E750EA0103D1D1630604
:10AD6000CFD5002FCDD124F01104A4B23A463B46F2
:10AD700040F206410C4262D124E024F01004A4B257
:10AD80000A2314F0800243D014F400711FBF0AF1AB
:10AD9000070A2AF007029246516814BF5AF8080BB6
:10ADA0005AF8040B50EA01023ED124F0160B620659
:10ADB0001FFA8BFB3CD5002F3AD124F01704A4B224
:10ADC0003A463B4621075AD4E10705D5994572DD3D
:10ADD000A9EB03039F184B469B464AE044F010043E
:10ADE00010237826CDE7782B04D1C6F1780343F001
:10ADF0001003C6E7009B4146252098470028FFF630
:10AE00005DAF02354146304670E608230026B8E7BC
:10AE100014F480715AF8040BC4D014F400711ABFF2
:10AE2000C0B2114680B2BDE724F006041FFA84FBCD
:10AE300004AC68E713465C46E10699D52EB90133A8
:10AE4000C0E71346F8E73B46F6E70233BAE700BF30
:10AE5000A0F6000099F60000CDE902324146009BC1
:10AE6000202098470028FFF629AFDDE902320BF1D8
:10AE7000010BD945F0DCEB1A03EB0B055B46E10651
:10AE800027D5CDE902324146009B30209847002863
:10AE9000FFF614AFDDE902327EB901352F44791B8C
:10AEA0008A4229DB144604AE9CBB2A44A9EB030961
:10AEB0001546914442E017468EE7CDE9023202354D
:10AEC00041463046009B98470028DDE90232E5DA2A
:10AED000F4E640F206410C42E0D014F0020F14BF39
:10AEE0002B20202014F4806FCDE9023205F10105FA
:10AEF000414618BF2D20E5E7CDE902324146009BCF
:10AF0000302098470028DDE9023205F10105C6DA54
:10AF1000D4E6013CCDE90232305D009B41469847C2
:10AF20000028DDE90232BFDAC8E6009B4146202056
:10AF30009847002805F10105FFF6C0AEA9EB05030F
:10AF4000002BF2DCD7E500BF704770B50246014424
:10AF500041F221054FF6FF7012F8013B082480EA08
:10AF6000032006B2430098B2002E04F1FF33B8BFAD
:10AF7000684013F0FF04F4D19142EDD170BD2DE98A
:10AF8000F8431446054658B352B3082928D9037824
:10AF9000C32B25D143783C2B22D18778012F1FD199
:10AFA0008679262E1CD806F10908414518D306F1EA
:10AFB00007092E444946FFF7C8FF327A15F80930D1
:10AFC00043EA022398420BD1EB782370AB8863806D
:10AFD000AB7923710735C4E902583846BDE8F883D8
:10AFE0000020FBE7BFF35B8F0068BFF35B8F704708
:10AFF000BFF35B8F50E8003F013340E80032002A86
:10B00000F8D1BFF35B8F704700EBC1004088400868
:10B0100070472DE9F04706460D46174698462BB374
:10B0200098F8004093F80190DB78A40004EB430407
:10B0300098F802301C4444444FF0000ACA4509D332
:10B04000D8F8042008F1080339463046AC46BDE87C
:10B05000F047604714F8013B48F823402046F5F7D5
:10B06000ACF9013004440AF1010AE7E76FF015007A
:10B07000BDE8F08730B502460024002012F8013BFD
:10B0800043B178B18C4207D1702B04D0A3F14005B5
:10B090003A2D07D8002030BDA3F140053A2D01D844
:10B0A0000134EAE7252B08BF80F00100E6E7002025
:10B0B000704700F0ABB90FB407B504A951F8040B01
:10B0C000019100F0A3F903B05DF804EB04B0704700
:10B0D000002383F31188BFF36F8F0423184602DF28
:10B0E00070470FB407B504A951F8040B0191FFF79D
:10B0F000E0FF03B05DF804EB04B0704710B50369DE
:10B10000024613F0080009D11368D4689C4297BF27
:10B11000526AE31AD31A01200B6010BD00231846AF
:10B12000FAE713B501A90446FFF7E8FF20B1019B38
:10B13000E268013B13440193606A019BC01A013825
:10B1400002B010BD10B5044650182269636AD207D8
:10B1500002D5013B184010BD984228BFC01AFAE73B
:10B1600010B504460A46C168FFF7ECFF2369E060AA
:10B1700023F00803236110BD38B50D46026A8B0029
:10B18000016843F0020342F82130044601682A4670
:10B19000FFF7D8FFE36861682060984202BF236927
:10B1A00043F0080323612A462046FFF7CBFF606087
:10B1B00038BD2DE9F74FD0F80CB0066A009216F8AA
:10B1C0002B2002F00302022A08BF56F82B209A46D1
:10B1D00006EB8B030F4601934FF00001009B0CBF61
:10B1E000C2F39D09894619600446CAF80010B9F1F6
:10B1F000000F07D04946FFF7B3FFE368A3604FF0A5
:10B20000010804E001698A0705D44FF000084046B0
:10B2100003B0BDE8F08FC16906EB8B00884716F8D4
:10B220002B1011F001080546EFD08B071DD51FB17B
:10B2300039462046FFF7A0FF61682A462046FFF7FF
:10B2400081FFD4E902138B42606007D12A46204671
:10B25000FFF778FF4FF000080146A06023692160E6
:10B2600043F00803E1602361D1E701462046FFF780
:10B2700077FFE168A1601FB12068216A41F8209042
:10B28000EA19CAF8002021682046FFF75BFF22690F
:10B29000206042F00802226116F82B2022F0010201
:10B2A00006F82B20DDE900321A60A8E770B50446E5
:10B2B0001546FFF747FF2368834205D123692160C4
:10B2C00023F00803236170BD226AAB0043F0020340
:10B2D00042F82130204661682A46FFF733FF60605C
:10B2E000F1E738B503695B07044606D5856AFFF7C1
:10B2F00018FF85422CBFA562A06238BD838B13F076
:10B30000070306D10368002B18BF032008BF0020E5
:10B310007047022B05D1C08BB0FA80F04009800045
:10B320007047012B04D10368002B18BF0520EDE7FF
:10B330000020704710B50C4600B111B96FF0150030
:10B3400010BD081D00F02FF80028F9D1A368032BC9
:10B35000F6D9F3E72DE9F0410D4607461946281DB9
:10B3600090461E46F6F79EFD044638B133464246E7
:10B3700029463846A446BDE8F0416047BDE8F08163
:10B3800038B50C46054658B151B10B6843B14B680E
:10B3900033B12022002100F0A2FD2C61002038BD35
:10B3A0006FF01500FBE7034658B1426802F0030254
:10B3B000012A03D0032A04D1026812B10020986048
:10B3C00070476FF015007047704703785B075FBFE9
:10B3D00003684288C3F34A2303EB12105DBF1730A2
:10B3E00020F007008008002070470020704700F020
:10B3F000CFB90346BFF35B8F53E8000F421C43E80D
:10B4000000210029F8D1BFF35B8F70471FB50023DF
:10B41000CDE90201CDE900331A4619461846F7F77F
:10B42000BDF905B05DF804FB0120F6F77BBE0020F6
:10B4300070474368DA7143681960436801225A71A2
:10B44000F6F762BE70B515460C4669B1D2E9013611
:10B450009B1B99420AD813680A460146981900F0C6
:10B4600030FDAB682344AB60204670BD6FF01B001D
:10B47000FBE770B50E4615461946044618B9BDE8F7
:10B480007040F6F74FBE33B1C2F34A231030120DAD
:10B49000184400F016FDC4E900562046BDE870408F
:10B4A000F7F7C8B82DE9F3415F1C4FEA8708064655
:10B4B00008F1170020F0070080080C461546F6F743
:10B4C000E5FE0023ADF805308DF807308DF80470E7
:10B4D00068B10346019A43F8102FA8F104012A46E7
:10B4E000294452F8045B43F8045F8A42F9D1A2016F
:10B4F00002F4E07242EA482222F07F4222F4700213
:10B50000002322F03F02314602B0BDE8F041FFF7D0
:10B51000B0BF07B50123019201AAFFF7C3FF03B033
:10B520005DF804FB07B5CDE9002302236A46FFF767
:10B53000B9FF03B05DF804FBF8B506460D461446A6
:10B540001F4604B9F8BD214628463A46B047241A9A
:10B550000544F6E710B5426881680446D2E9002345
:10B560000068FFF7E9FF636800221A6010BD0A282F
:10B5700038B504460D4602D10D20F7F7ADF929463E
:10B580002046F7F7A9F9002038BD2DE9F04305461C
:10B5900089B008460E8891F80090D1F808800C46D2
:10B5A0001746F7F76DF9011EC6F38216C9F3C209F3
:10B5B0001FDB4846F7F750F803462146608851F8EC
:10B5C000102B0296C2F34A22002A01EB0204C0F3B8
:10B5D0000B1008BF00210022CDE90507CDE90314B7
:10B5E000CDE9002241462846F7F7A6F909B0BDE8A3
:10B5F000F0830023E1E7FEE700F071BC00F061BCDE
:10B6000001460068F7F7F4BC08B5F7F74DFDBDE853
:10B610000840F8F759B90A460121FFF77ABF00211F
:10B620000120F7F7E5BC6FF08500704761B662B6A0
:10B6300080F31188BFF36F8F704772B6002383F3D6
:10B640001188BFF36F8FBFF34F8F30BF62B6BFF368
:10B650006F8F704772B6002383F31188BFF36F8F2B
:10B66000BFF34F8F20BF80F31188BFF36F8F62B697
:10B670007047202809D9B0F1004F08D80138B0FA36
:10B6800080F0C0F11F0040007047082070473E2046
:10B69000704708B5D1E904319847002008BD08B5C6
:10B6A000F8F7BCFB002008BDF8B5069F0469054605
:10B6B000C9B2EFF3118C402080F31288BFF36F8F73
:10B6C0000C2606FB0146B06C00F0070EBEF1010F20
:10B6D00010D1B76400268CF31188BFF36F8F3EB989
:10B6E0000C2041430C44C4E910236B685B58984715
:10B6F0003046F8BD00F0C00087420CBF6FF07706FF
:10B700004FF0FF36E7E713B580240094FFF7CCFF36
:10B7100002B010BD0069CBB200EB4310002110470E
:10B720001046FDF707B9FBF791B8FBF73DB880224B
:10B73000F8F712BC43685B68D3F810350B60002043
:10B74000704743685B6802EA010021EA0201C3F81E
:10B750000805C3F80C150020704743685B6800209B
:10B76000C3F80815704743685B680020C3F80C15E0
:10B77000704743685B68D3F8042521EA0200114052
:10B78000C3F80805C3F80C1500207047FBF794BCFC
:10B7900008B5F9F749F808BD036893FAA3F318064A
:10B7A0001A0A40EA136002F47F421B02104303F4BA
:10B7B0007F0318437047BFF35B8F0068BFF35B8F55
:10B7C000704703460022BFF35B8F53E8000F43E846
:10B7D00000210029F9D1BFF35B8F7047BFF35B8F66
:10B7E00050E8003F013B40E80032002AF8D1BFF3A7
:10B7F0005B8F7047BFF35B8F50E8003F013340E839
:10B800000032002AF8D1BFF35B8F704708B5F4F718
:10B8100095FD002008BDFEF781BF08B5F7F7D4FA03
:10B82000F7F7A8FBBDE80840FEF778BF4FF080535C
:10B83000D3F83021082A03BFD3F83401B0FA80F0DE
:10B8400040090020704703460020184700F058BA0E
:10B8500010B502461168B1B1BFF35B8FB1FA81F345
:10B86000C3F11F000123834021EA030352E8004F84
:10B870008C4204D142E8003CBCF1000FF6D1BFF38A
:10B880005B8FE7D110BD6FF00B00FBE710B50368CD
:10B89000CB40DB0714D401238B400268BFF35B8FDE
:10B8A00043EA020150E8004F944204D140E8001CF2
:10B8B000BCF1000FF6D1BFF35B8FEED1002010BDBD
:10B8C0006FF01500FBE708B5FAF73CFFBDE808404C
:10B8D000FAF7D8BF4FF08053D3F83021082A06D1A9
:10B8E000D3F8340102288CBF0020012070470020CB
:10B8F000704738B54FF080440223C4F80833012361
:10B90000E3600023C4F80431D4F8043142F2107526
:10B91000D4F81834DB0304D50120FFF797FF013D6D
:10B92000F6D138BD43090AD0012B0BD14FF6FF7376
:10B9300000F01F0023FA00F000F0010070474FF004
:10B94000FF33F5E70020704710B504460846FAF7C4
:10B95000E3FF04EB4004207DC0F3401010BD10B5A0
:10B9600004460846FAF7D8FF04EB4004A08A00F02A
:10B970001C00003818BF012010BD10B50446084651
:10B98000FAF7CAFF04EB4004207DC0F3400010BD6D
:10B9900010B50446FFF7F1FF20B12046BDE8104086
:10B9A000FFF7D2BF10BD10B504460846FAF7B4FF42
:10B9B00004EB4004A08A400B10BD70B50446084655
:10B9C0001646FAF7A9FF08300D4634F81030DA05AC
:10B9D00009D5C3F3432304EBC302314654F8333093
:10B9E000526828469847A3682BB1E268314628463A
:10B9F000BDE87040184770BD2DE9F341019001A8E2
:10BA0000DDE908580C4617461E46FAF7C9FF019BA8
:10BA1000391E18BF012100EB8300231E18BF01232C
:10BA2000002E43EA41030CBF00210C21002D43EA04
:10BA300001030CBF00214FF4E061B8F1000F43EAAD
:10BA40000103D0F800270CBF00214FF440310B4315
:10BA500022EA030304B124780FB13F787F001C432E
:10BA60000EB13678B6003C438DB1297809023443D3
:10BA7000B8F1000F03D098F800804FEA084821433E
:10BA800041EA0801C0F8001702B0BDE8F08129467C
:10BA9000EDE71FB50DF10F03019300238DF80F1093
:10BAA00000931A461946FFF7A7FF05B05DF804FB9F
:10BAB0002DE9F047002504468846D7B22E464FF0C0
:10BAC0000109AA46AF420CD1D4F87C3133B100232E
:10BAD000C4F87C31D4F87C3146F000463046BDE8ED
:10BAE000F0872846FAF790FFA0F580739B0809FAC3
:10BAF00003F318EA030F05D022581AB144F800A046
:10BB000022581E430135EDB2DCE738B504460D4638
:10BB1000FFF71AFFA8B12046FFF72FFF88B920468C
:10BB2000FFF741FF226801238340C2F808332368EE
:10BB300003EB8000D0F8103523F00303C0F8103574
:10BB400038BD28460021BDE83840FFF7A2BF00F10C
:10BB500080431A68002A1FBF00221A601B68012058
:10BB600008BF0020704708B5FBF7A2FBBDE80840FE
:10BB7000FFF7A9BEF8B50B7C032B07460C465DD832
:10BB8000CE7D0568DEB9A068324633463146FBF704
:10BB90007BFC6068421C04D0334632463146FBF7DA
:10BBA00073FC2068431C04D00022E37C1146FBF7A1
:10BBB0006BFC0023A27CE0681946FBF765FC237E42
:10BBC0005BB9D4E901102268E368C5F80805C5F837
:10BBD0001015C5F80C25C5F81435637C227C003B94
:10BBE00018BF0123022A23D0032A24D0012A01D11D
:10BBF00043F00203C5F85435237DC5F85C35637DF9
:10BC0000C5F8C0350023C5F80431D5F80421C5F8BE
:10BC10002831D5F82831D5F8003243F00403C5F8AF
:10BC20000032386840F30730F7F770FD0120F8BDA7
:10BC300043F00403DEE743F00603DBE70020F6E70A
:10BC40000369C26893429CBF81685B18013B981AE4
:10BC500070472DE9F041D0E902840546A8EB0406BF
:10BC60004068964220440F46144404D900F029F954
:10BC7000EC60BDE8F0813246A4EB080400F021F945
:10BC800068682246B919F1E72DE9F843C568064608
:10BC9000894617464FF000083369B46870689D42C2
:10BCA00028BF1B19641BBC4203F1FF3328BF3C466D
:10BCB0005B1B9C4228BF1C4649462844224600F094
:10BCC00000F9B3682544AB4208BF00253F1BA044E0
:10BCD000A144F560E0D14046BDE8F88308B5FBF724
:10BCE000AFFE002008BDEFF31180402383F31288DC
:10BCF000BFF36F8F704780F31188BFF36F8F70476A
:10BD000008B1F8F7CDB87047EFF31183402383F300
:10BD10001288BFF36F8FFEE710B582696AB1C368FE
:10BD200042EA0301890708D14169A2FB011424B941
:10BD30005B182CBF0121002102D36FF0150005E034
:10BD400001619B1A42698A4201D8002010BD026934
:10BD50001A608269036101319B1AF3E710B5C0E9EB
:10BD600005320023C160C36183600446FFF7D4FF3E
:10BD700008B9C4E9004410BD13B501240094FCF7D0
:10BD800053FA02B010BD90F90E308B4201D0FDF78E
:10BD9000C5BA0020704703460020C3E90200C3E98A
:10BDA000003370473AB18A4205D3C0E90212C0E9B4
:10BDB0000000002070476FF015007047EFF305801A
:10BDC000003818BF012070476FF0570070470020FF
:10BDD0007047D0E9003213605A600023C0E9003395
:10BDE000704738B504460D46FCF7C6FF237C43F088
:10BDF00002032374D5B1A5602B689D4209D16B68FD
:10BE0000C4E900531C606C6010E06A689A42F6D086
:10BE10001B68002BF3D093F90E1094F90E20914279
:10BE2000F3DD5A68C4E9003214605C6038BD10B5B7
:10BE3000037C13F0280F04460CD183680BB1FDF787
:10BE400071F8237C23F0040323742046BDE81040DE
:10BE5000FCF72ABF10BDFDF71FB808B50246FDF775
:10BE6000FFFF70B1D0E904319B1A61EBE272B3F1CC
:10BE7000004F72F1000104DA002AACBF184600201E
:10BE800008BD6FF00040FBE708B5FEF723FA08BDD8
:10BE9000FEF720BA0023C0E9081200F11802C0E939
:10BEA0000622C0E90033036343637047704710B450
:10BEB00000F10C04C0E903440024446110BCF4F711
:10BEC00073BD0A44914200F1FF3300D1704710B5B1
:10BED00011F8014B03F8014F9142F9D110BD024412
:10BEE0000346934200D1704703F8011BF9E710B5F0
:10BEF000024601448A42134603D01C780132002CCA
:10BF0000F8D1181A10BDF0B5C3F137070446FFB2D7
:10BF100003F01F031046082BE6B233D0102B3ED09F
:10BF20006508A40844EA817445EAC1752D194FEAF1
:10BF3000910242EB5102290941EA02716D1842EB6C
:10BF40001212290A41EA02616D1842EB1222290CF1
:10BF500041EA02416D1842EB1242AD1842F1000273
:10BF6000EC0844EA4274D10804EB8402A6EB4205D3
:10BF7000EDB2092D0CD90134A5F10A0541F10001FA
:10BF8000EDB212E0E40844EA417406F00705C9087E
:10BF9000303554EA010200F8015BBCD1F0BD240940
:10BFA00044EA017406F00F050909092D84BFED1953
:10BFB000EDB2EDE7D1E9043293421EBF5A1C0A618B
:04BFC000187070473E
:10BFC400C53E000000000000693E000000000000C3
:10BFD4000000000044C00000DDBC000000000000C0
:10BFE400BD7E000000000000CDA60000000000009F
:10BFF400000000007CC000000000000060C00000E1
:10C0040025430000000000000DB8000000000000FF
:10C0140017B8000000000000854A0000000000007E
:10C02400991F000000000000453E000000000000D1
:10C034001BB8000000000000AD2D0000000000004F
:10C044003AD7000064C400003CC20000C8060020C7
:10C0540044160020FD3F0000000000006ED80000E0
:10C064007CC4000018C20000CA060020A0160020EC
:10C0740099470000000000007CD8000090C4000034
:10C0840018C20000CC060020AC160020994700001E
:04C0940000000000A8
:10C0980067BB000047B80000000000001FB60000A2
:10C0A800000000001FB60000000000001FB60000DE
:10C0B800000000001FB60000000000001FB60000CE
:10C0C8001C0500208DB70000000000001FB600000E
:10C0D800000000001FB60000000000001FB60000AE
:10C0E800000000001FB60000000000001FB600009E
:10C0F800000000001FB60000000000001FB600008E
:10C10800000000001FB60000000000001FB600007D
:10C11800000000001FB60000000000006D4800008D
:10C12800000000001FB60000000000001FB600005D
:10C13800000000001FB60000000000001FB600004D
:10C14800000000001FB60000000000001FB600003D
:10C15800000000001FB60000000000001FB600002D
:10C16800000000001FB60000000000001FB600001D
:10C17800000000001FB60000000000001FB600000D
:10C18800000000001FB60000000000001FB60000FD
:10C19800000000001FB60000000000001FB60000ED
:10C1A800000000001FB60000C4040020157600003F
:10C1B800000000001FB60000000000001FB60000CD
:10C1C800000000001FB60000000000001FB60000BD
:10C1D800000000001FB60000000000001FB60000AD
:10C1E800000000001FB60000000000001FB600009D
:10C1F800000000001FB60000000000001FB600008D
:10C20800000000001FB60000000000001FB600007C
:10C218009145000035B7000043B700005BB7000048
:10C2280067B7000073B70000814400008543000031
:04C238000000000002
:10C23C00554000002FB7000007B7000000000000B9
:0CC24C00213F0000000000000000000086
:10C258008BC900000300000055D700000300000050
:10C26800A4C6000003000000FDD900000300000080
:10C2780072DA000003000000A4CC000003000000F4
:10C28800A8CC000003000000CAD40000030000008E
:10C2980065ED00000300000006C800000300000070
:10C2A800D5D6000003000000AFCA0000030000005C
:10C2B800D4C30000D010002043CE000001000000CD
:10C2D00001000000000000000102000058020300FD
:10C2E0000020000011000000140000000D000000FC
:10C2F0001600000000000000FFFE07000000000024
:10C30000D8ECF0F4F8FC000203040506070800006E
:10C31000000000000000000000000000000000001D
:10C3200000000101010102020202030303030404ED
:10C3300004040505050506060608090000000000BE
:10C3400000000000000000000000000000000001EC
:10C3500001010102020202030303030404040405B1
:10C3600005050506060708090A0B0C0D001002005A
:10C37000FA000000000000000000000000000000C3
:10C380000338FDD870470000880A00200001000033
:10C3900029B40000CBB30000020000008BB5000000
:10C3A000000000000000000000000000000000008D
:10C3B00023CE00002BCE0000000000000000000093
:10C3C0000000000033CE000037CE00003BCE00005E
:10C3D0003FCE0000912C0000852C0000B52C000001
:10C3E0006D2C000000000000792C0000000000000F
:10C3F000112D0000D8100020D818002010000000D7
:10C4000000000000F7B5000004050020FC04002037
:10C41000F404002000000000EC040020E12E0000E5
:10C42000D52D0000292E0000892E0000C004002018
:10C430000000000000000B060200000040C40000E5
:10C4400000000000C6D60000260002060000002002
:10C45000CED6000022000B11E53E0000D53F0000C3
:10C4600000000000614100008540000049D7000045
:10C470002BB7000027B700004FD70000FFFF0000D8
:10C48000000300501C050020000000000100000017
:10C49000BCF801FF000000501C0500200000000057
:10C4A000000000000800000003000000B0EC0000E5
:10C4B000BEEC0000D2EC0000E1EC0000EDEC00006E
:10C4C000C4BF0000CCBF00001CC0000024C000009E
:10C4D0003CC0000044C00000FF8FFFFFFF8FFFFF44
:10C4E000FE8FFFFFFE8FFFFFFD8FFFFFFC8FFFFF23
:10C4F000FC8FFFFF6D757465785F667265652063FC
:10C50000616C6C65642077697468204E554C4C20D2
:10C51000706172616D6574657200000043616E2721
:10C520007420696E697469616C697A65206D7574CF
:10C5300065782C20776173204E554C4C0D0A000015
:10C54000436F756C64206E6F74206C6F636B20702A
:10C550006F7765722073617665206D7574657800FC
:10C560005350495320627566666572735F736574D4
:10C57000206661696C65643A202564004537332084
:10C58000646F6E676C652D636F6D70617469626C4A
:10C5900065204553423A20314D6270732063683DF7
:10C5A000257520706970653D2575206672616D6521
:10C5B0003D25750045534220696E697420666169A6
:10C5C0006C65643A202564006E7266785F737069EA
:10C5D000735F696E6974206661696C65643A2025D1
:10C5E000640053504953322072656164793A205394
:10C5F000434B3D50302E3133204D4F53493D503049
:10C600002E3230204D49534F3D50302E313720438C
:10C61000533D50302E3232004252494447453A2071
:10C6200077616974696E6720666F722076616C69E4
:10C63000642034382D627974652053544D33322090
:10C64000535049206672616D657300737461747331
:10C65000207370695F6F6B3D256C64206261643D7F
:10C66000256C642064726F703D256C642072616477
:10C67000696F5F6F6B3D256C64206661696C3D2559
:10C680006C6420636D645F72783D256C6420636D1B
:10C69000645F7370693D256C64207265706C793DD0
:10C6A000256C64006537335F646F6E676C65006886
:10C6B00065617020636F7272757074696F6E202887
:10C6C00066726565206C697374206C696E6B616756
:10C6D000652900574553545F544F504449522F7AAF
:10C6E00065706879722F6C69622F686561702F6858
:10C6F0006561702E630028616C69676E20262028B2
:10C70000616C69676E202D20312929203D3D203044
:10C7100000415353455254494F4E204641494C2005
:10C720005B25735D20402025733A25640A0009616A
:10C730006C69676E206D757374206265206120706E
:10C740006F776572206F6620320A006279746573B4
:10C75000202F203855203C3D2030783766666655BE
:10C760000009686561702073697A652069732074B7
:10C770006F6F206269670A006279746573203E20DA
:10C78000686561705F666F6F7465725F627974650A
:10C790007328627974657329000968656170207374
:10C7A000697A6520697320746F6F20736D616C6C9A
:10C7B0000A00686561705F737A203E206368756E59
:10C7C0006B737A2873697A656F6628737472756300
:10C7D00074207A5F686561702929006368756E6BE3
:10C7E000305F73697A65202B206D696E5F636875B1
:10C7F0006E6B5F73697A65286829203C3D20686507
:10C8000061705F737A006F735F6865617000574590
:10C8100053545F544F504449522F7A65706879726F
:10C820002F6C69622F6F732F63627072696E74660A
:10C830005F7061636B616765642E63000953747296
:10C84000696E67207769746820746F6F206D616E00
:10C850007920617267756D656E74730A000973746F
:10C86000725F7074725F706F735B5D20746F6F20A6
:10C87000736D616C6C0A0009746F6F206D616E7965
:10C8800020666F726D617420617267730A00696E51
:10C890005F7061636B6167656420213D20282876A5
:10C8A0006F6964202A2930290028756E7369676EC4
:10C8B0006564292063686172202A2075736564208D
:10C8C000666F722025257020617267756D656E74C4
:10C8D0002E2049742773207265636F6D6D656E64D9
:10C8E000656420746F206361737420697420746FB1
:10C8F00020766F6964202A20626563617573652004
:10C900006974206D6179206361757365206D697349
:10C910006265686176696F7220696E206365727402
:10C9200061696E20636F6E66696775726174696FA5
:10C930006E732E20537472696E673A22257322201B
:10C94000617267756D656E743A2564007363707902
:10C950005F636E74203C2073697A656F662863702C
:10C96000795F7374725F706F7329006B6565705FB8
:10C97000636E74203C2073697A656F66286B656509
:10C98000705F7374725F706F732900636270726995
:10C990006E74665F7061636B6167650057455354E1
:10C9A0005F544F504449522F7A65706879722F69ED
:10C9B0006E636C7564652F7A65706879722F6B652C
:10C9C000726E656C2E6800216B5F69735F707265B3
:10C9D0005F6B65726E656C282900096B5F63757209
:10C9E00072656E745F6765742063616C6C6564204A
:10C9F0007072652D6B65726E656C0A0057455354F5
:10CA00005F544F504449522F7A65706879722F6C89
:10CA100069622F6F732F6D7073635F706275662E1E
:10CA20006300657272203D3D203000574553545FCE
:10CA3000544F504449522F7A65706879722F696E4D
:10CA4000636C7564652F7A65706879722F7370698D
:10CA50006E6C6F636B2E68007A5F7370696E5F6CCB
:10CA60006F636B5F76616C6964286C290009496E9D
:10CA700076616C6964207370696E6C6F636B2025DE
:10CA8000700A007A5F7370696E5F756E6C6F636BAE
:10CA90005F76616C6964286C2900094E6F74206DA3
:10CAA00079207370696E6C6F636B2025700A007358
:10CAB00079735F6765746F707400574553545F54A2
:10CAC0004F504449522F7A65706879722F6C6962B1
:10CAD0002F7574696C732F6F6E6F66662E630073AB
:10CAE00074617465203D3D20305500217379735F7A
:10CAF000736C6973745F69735F656D7074792826F0
:10CB00006D67722D3E636C69656E74732900747273
:10CB1000616E73697420213D202828766F69642036
:10CB20002A293029007374617465203D3D20283125
:10CB3000554C203C3C2028312929006D67722D3E40
:10CB400072656673203D3D2030007374617465200A
:10CB50003D3D202831554C203C3C202830292900DF
:10CB60006D67722D3E72656673203E20300057451A
:10CB700053545F544F504449522F7A65706879720C
:10CB80002F6C69622F7574696C732F6E6F74696690
:10CB9000792E6300574553545F544F504449522FE8
:10CBA0007A65706879722F696E636C7564652F7A27
:10CBB00065706879722F6C6F6767696E672F6C6F2D
:10CBC000675F6261636B656E642E68006261636BB0
:10CBD000656E6420213D202828766F6964202A290B
:10CBE0003029006C6F6767696E6700574553545F63
:10CBF000544F504449522F7A65706879722F73757B
:10CC0000627379732F6C6F6767696E672F6C6F67DC
:10CC10005F636F72652E63006C6F675F6261636B49
:10CC2000656E645F636F756E745F67657428292035
:10CC30003C2028283332202F20335529202D20282E
:10CC400031202B20302929006261636B656E6420DE
:10CC50003C3D205F6C6F675F6261636B656E645F14
:10CC60006C6973745F656E640009756E65787065D4
:10CC700063746564206C69737420656E64206C6FE6
:10CC8000636174696F6E0A006C6F675F6261636BEA
:10CC9000656E645F636F756E745F676574282920C5
:10CCA0003E2030006C6F67006C6F675F6D676D745E
:10CCB000004D657373616765202822257322292042
:10CCC00064726F707065642062656361757365205E
:10CCD000697420657863656564732073697A65207B
:10CCE0006C696D69746174696F6E202825752900FF
:10CCF000574553545F544F504449522F7A657068DA
:10CD000079722F7375627379732F6C6F6767696EB1
:10CD1000672F6C6F675F6D73672E6300706C656E55
:10CD2000203E3D2030004D6573736167652064725D
:10CD30006F707065642062656361757365206974E6
:10CD400020657863656564732073697A65206C6912
:10CD50006D69746174696F6E2028257529000D0A4C
:10CD600000574553545F544F504449522F7A6570D1
:10CD70006879722F7375627379732F6C6F67676947
:10CD80006E672F6C6F675F6F75747075742E6300BC
:10CD90006F75745F6374782D3E636F6E74726F6C21
:10CDA0005F626C6F636B2D3E6F6666736574203CCB
:10CDB0003D206F75745F6374782D3E73697A6500EA
:10CDC0001B5B306D006C6576656C203C3D2034004B
:10CDD000257320005B2530386C755D20005B2530A5
:10CDE00032753A253032753A253032752E2530337A
:10CDF000752C253033755D20002573003C25733E6E
:10CE0000200025732F0025733A2000657272203EA2
:10CE10003D203000253032782000202020007C008A
:10CE20002563001B5B313B33316D001B5B313B33B2
:10CE3000336D006572720077726E00696E66006411
:10CE40006267006C6F675F6261636B656E645F72DF
:10CE50007474002A2A2A20426F6F74696E67206EEC
:10CE6000524620436F6E6E6563742053444B2076A8
:10CE7000332E342E302D3939353533303535363083
:10CE80003762202A2A2A0A002A2A2A205573696E24
:10CE900067205A6570687972204F532076342E349B
:10CEA0002E302D6266383031653465336431392077
:10CEB0002A2A2A0A006D757465785F696E69742084
:10CEC00063616C6C65642077697468204E554C4CC6
:10CED00020706172616D6574657200436F756C647A
:10CEE000206E6F7420616C6C6F63617465206D756A
:10CEF000746578206265666F726520696E69746911
:10CF0000616C697A696E670072302F61313A202056
:10CF1000307825303878202072312F61323A202045
:10CF2000307825303878202072322F61333A202033
:10CF30003078253038780072332F61343A20203031
:10CF40007825303878207231322F69703A202030BD
:10CF50007825303878207231342F6C723A202030A6
:10CF600078253038780020787073723A2020307835
:10CF700025303878004661756C74696E6720696E7B
:10CF8000737472756374696F6E2061646472657323
:10CF90007320287231352F7063293A20307825307C
:10CFA000387800556E68616E646C65642049525132
:10CFB0006E3A202564002A2A2A2A2A2055534147FE
:10CFC00045204641554C54202A2A2A2A2A0020204E
:10CFD0004469766973696F6E206279207A65726F31
:10CFE000002020556E616C69676E6564206D656D0B
:10CFF0006F7279206163636573730020204E6F2028
:10D00000636F70726F636573736F7220696E737490
:10D0100072756374696F6E73002020496C6C65676C
:10D02000616C206C6F6164206F66204558435F52CD
:10D03000455455524E20696E746F20504300202095
:10D04000496C6C6567616C20757365206F66207430
:10D0500068652045505352002020417474656D70FE
:10D060007420746F206578656375746520756E64CF
:10D070006566696E656420696E7374727563746940
:10D080006F6E002A2A2A2A2A2042555320464155EB
:10D090004C54202A2A2A2A2A002020537461636BC8
:10D0A000696E67206572726F72002020556E73740E
:10D0B00061636B696E67206572726F720020205029
:10D0C00072656369736520646174612062757320A1
:10D0D0006572726F720020204246415220416464A2
:10D0E000726573733A2030782578002020496D707E
:10D0F0007265636973652064617461206275732071
:10D100006572726F72002020496E73747275637459
:10D11000696F6E20627573206572726F72002020D5
:10D12000466C6F6174696E672D706F696E74206CE8
:10D13000617A7920737461746520707265736572A9
:10D14000766174696F6E206572726F72002A2A2A86
:10D150002A2A204D5055204641554C54202A2A2A2F
:10D160002A2A002020537461636B696E6720657200
:10D17000726F722028636F6E7465787420617265B7
:10D1800061206D69676874206265206E6F74207617
:10D19000616C6964290020204461746120416363EB
:10D1A0006573732056696F6C6174696F6E0020201F
:10D1B0004D4D46415220416464726573733A20308C
:10D1C000782578002020496E737472756374696FD6
:10D1D0006E204163636573732056696F6C61746977
:10D1E0006F6E00574553545F544F504449522F7A45
:10D1F00065706879722F617263682F61726D2F6339
:10D200006F72652F636F727465785F6D2F666175DD
:10D210006C742E6300212828285343425F54797090
:10D2200065202A2920282830784530303045303094
:10D2300030554C29202B20307830443030554C2943
:10D2400020292D3E434653522026202831554C207C
:10D250003C3C20283055202B203455292929000911
:10D26000537461636B696E67206572726F72206EB2
:10D270006F74206120737461636B206661696C0A4E
:10D280000A0052657365727665642045786365703F
:10D2900074696F6E20280053707572696F75732002
:10D2A000696E74657272757074202849525120003D
:10D2B000535053454C20696E207468726561642038
:10D2C0006D6F646520646F6573206E6F7420696E86
:10D2D0006469636174652050535000657366202152
:10D2E0003D202828766F6964202A293029000945C5
:10D2F000534620636F756C64206E6F7420626520E6
:10D3000072657472696576656420737563636573AD
:10D310007366756C6C792E205368616C6C206E6539
:10D32000766572206F636375722E0A002A2A2A2A94
:10D330002A2048415244204641554C54202A2A2A4A
:10D340002A2A002020427573206661756C74206F54
:10D350006E20766563746F72207461626C652072F2
:10D360006561640020204465627567206576656E9E
:10D37000740020204661756C7420657363616C6174
:10D3800074696F6E20287365652062656C6F7729FC
:10D3900000415243485F45584345505420776974D3
:10D3A0006820726561736F6E2025780A00094661F6
:10D3B000756C7420657363616C6174696F6E20773E
:10D3C0006974686F75742046535220696E666F0ADF
:10D3D0000009486172644661756C742077697468ED
:10D3E0006F7574204846535220696E666F205368EB
:10D3F000616C6C206E65766572206F636375720A6E
:10D40000002A2A2A2A2A204465627567206D6F6ED9
:10D4100069746F7220657863657074696F6E202A15
:10D420002A2A2A2A002A2A2A2A2A20257320256421
:10D4300029202A2A2A2A2A00574553545F544F503C
:10D440004449522F7A65706879722F617263682F30
:10D4500061726D2F636F72652F636F727465785F91
:10D460006D2F6972715F6D616E6167652E6300700B
:10D4700072696F203C3D20282831554C203C3C20CF
:10D4800028332929202D2031290009696E76616C05
:10D490006964207072696F726974792025642066EE
:10D4A0006F7220256420697271212076616C756528
:10D4B00073206D757374206265206C6573732074BE
:10D4C00068616E20256C750A0A006D7075004661F2
:10D4D000696C656420746F20616C6C6F6361746546
:10D4E000206E6577204D505520726567696F6E20FC
:10D4F00025750A00506172746974696F6E20257514
:10D500003A20636F686572656E6365206368656362
:10D510006B206661696C65642E00574553545F54F7
:10D520004F504449522F7A65706879722F61726347
:10D53000682F61726D2F636F72652F6D70752F612B
:10D54000726D5F6D70752E630009436F6E6669675B
:10D550007572696E67202575207374617469632024
:10D560004D505520726567696F6E73206661696CF6
:10D5700065640A0A0009436F6E6669677572696EB1
:10D58000672025752064796E616D6963204D505563
:10D5900020726567696F6E73206661696C65640AE5
:10D5A0000A00095265717565737420746F20636F8A
:10D5B0006E6669677572653A2025752072656769C0
:10D5C0006F6E732028737570706F727465643A2083
:10D5D0002575290A0A002128726567696F6E5B69E3
:10D5E00064785D2E64745F61747472202620283123
:10D5F000554C203C3C202830292929000952414D16
:10D600005F4E4F4341434845207769746820445436
:10D610005F4D454D5F434143484541424C45206184
:10D6200074747269627574650A0A00094661696CEE
:10D63000656420746F20616C6C6F63617465204D4C
:10D64000505520726567696F6E732066726F6D202A
:10D6500044540A0A002828284D50555F54797065B3
:10D66000202A292028283078453030304530303085
:10D67000554C29202B20307830443930554C292006
:10D68000292D3E54595045202620283078464655AD
:10D690004C203C3C2038552929203E3E203855203E
:10D6A0003D3D20380009496E76616C6964206E75D5
:10D6B0006D626572206F66204D50552072656769F6
:10D6C0006F6E730A0A00464C4153485F3000535254
:10D6D000414D5F3000736F6300574553545F544FA3
:10D6E000504449522F7A65706879722F6472697656
:10D6F0006572732F636C6F636B5F636F6E74726FB1
:10D700006C2F636C6F636B5F636F6E74726F6C5FB3
:10D710006E72662E630074797065203C20434C4F16
:10D72000434B5F434F4E54524F4C5F4E52465F54F3
:10D730005950455F434F554E5400636C6F636B40C7
:10D740003430303030303030006866636C6B006CE1
:10D7500066636C6B00636C6F636B5F636F6E747298
:10D760006F6C00574553545F544F504449522F7AC1
:10D7700065706879722F696E636C7564652F7A6560
:10D78000706879722F647269766572732F67706939
:10D790006F2F6770696F5F7574696C732E680063B3
:10D7A000616C6C6261636B00094E6F2063616C6C2D
:10D7B0006261636B210A0063616C6C6261636B2D53
:10D7C0003E68616E646C657200094E6F2063616C27
:10D7D0006C6261636B2068616E646C6572210A0023
:10D7E000574553545F544F504449522F6D6F6475E1
:10D7F0006C65732F68616C2F6E6F726469632F6E36
:10D800007266782F68616C2F6E72665F6770696FE1
:10D810002E68006E72665F6770696F5F70696E5F19
:10D8200070726573656E745F636865636B282A70D8
:10D830005F70696E2900574553545F544F504449F7
:10D84000522F7A65706879722F6472697665727387
:10D850002F6770696F2F6770696F5F6E7266782EC1
:10D86000630063622D3E68616E646C657200677070
:10D87000696F403530303030333030006770696F59
:10D8800040353030303030303000574553545F54DD
:10D890004F504449522F6E72662F737562737973BD
:10D8A0002F6573622F6573622E6300574553545F73
:10D8B000544F504449522F6D6F64756C65732F68D7
:10D8C000616C2F6E6F726469632F6E7266782F6859
:10D8D000616C2F6E72665F726164696F2E68007290
:10D8E0006164696F5F6672657175656E6379203C0E
:10D8F0003D2032353030004661696C656420746FBC
:10D900002073746F7020636C6F636B733A202564AF
:10D91000004661696C656420746F20737461727471
:10D9200020636C6F636B733A20256400436F6E66EF
:10D930006967757265642072657472616E736D6972
:10D940007373696F6E2064656C61792069732062FE
:10D95000656C6F7720746865207265717569726592
:10D9600064206D696E696D756D206F662025642079
:10D970007573004661696C656420746F207570640E
:10D9800061746520726164696F20706172616D6598
:10D9900074657273004661696C656420746F2069F8
:10D9A0006E697469616C697A65206E72667820743C
:10D9B000696D6572202865727220256429004661B0
:10D9C000696C656420746F20696E697469616C6943
:10D9D0007A65204553422073797374656D207469AC
:10D9E0006D6572004661696C656420746F20696EB4
:10D9F000697469616C697A65205050490065736289
:10DA000000556E61626C6520746F206765742074C8
:10DA1000686520436C6F636B206D616E6167657232
:10DA200000436C6F636B207265717565737420665B
:10DA300061696C65643A20256400436C6F636B20F8
:10DA4000636F756C64206E6F7420626520737461FF
:10DA5000727465643A20256400436C6F636B2072B6
:10DA6000656C65617365206661696C65643A202543
:10DA700064006573625F676C756500677070695FED
:10DA800067726F75705F616C6C6F63206661696C43
:10DA9000656420776974683A2025640A00677070AD
:10DAA000695F6368616E6E656C5F616C6C6F63204B
:10DAB0006661696C656420776974683A2025640A38
:10DAC00000574553545F544F504449522F6D6F6473
:10DAD000756C65732F68616C2F6E6F726469632F4C
:10DAE0006E7266782F68656C706572732F6E7266E1
:10DAF000785F677070695F7070692E6300705F6730
:10DB000070706920213D202828766F6964202A29B9
:10DB1000302900574553545F544F504449522F6D9C
:10DB20006F64756C65732F68616C2F6E6F726469BA
:10DB3000632F6E7266782F647269766572732F73C5
:10DB400072632F6E7266785F636C6F636B2E630017
:10DB50006D5F636C6F636B5F63622E6D6F64756C7A
:10DB6000655F696E697469616C697A6564005745BF
:10DB700053545F544F504449522F6D6F64756C6518
:10DB8000732F68616C2F6E6F726469632F6E72669B
:10DB9000782F647269766572732F7372632F6E7259
:10DBA00066785F636C6F636B5F6866636C6B2E6334
:10DBB00000574553545F544F504449522F6D6F6482
:10DBC000756C65732F68616C2F6E6F726469632F5B
:10DBD0006E7266782F647269766572732F737263E2
:10DBE0002F6E7266785F636C6F636B5F6C66636CDD
:10DBF0006B2E6300574553545F544F504449522F86
:10DC00006D6F64756C65732F68616C2F6E6F7264D5
:10DC100069632F6E7266782F647269766572732FEE
:10DC20007372632F6E7266785F6770696F74652EAA
:10DC30006300574553545F544F504449522F6D6F02
:10DC400064756C65732F68616C2F6E6F72646963A5
:10DC50002F6E7266782F68616C2F6E72665F6770C8
:10DC6000696F74652E6800696E646578203C2038A1
:10DC700000705F696E7374616E636500705F6368E6
:10DC8000616E6E656C0070696E5F6861735F74725F
:10DC9000696767657228705F696E7374616E63652A
:10DCA0002C2070696E2900696E745F656E61626C0C
:10DCB0006500574553545F544F504449522F6D6F80
:10DCC00064756C65732F68616C2F6E6F7264696325
:10DCD0002F6E7266782F647269766572732F737215
:10DCE000632F6E7266785F706F7765722E63007057
:10DCF0005F636F6E666967006D5F706F66776172F4
:10DD00006E5F68616E646C657220213D2028287604
:10DD10006F6964202A293029006D5F736C65657016
:10DD20006576745F68616E646C657220213D2028A1
:10DD300028766F6964202A293029006D5F75736227
:10DD40006576745F68616E646C657220213D202881
:10DD500028766F6964202A29302900574553545F7B
:10DD6000544F504449522F6D6F64756C65732F6822
:10DD7000616C2F6E6F726469632F6E7266782F64A8
:10DD80007269766572732F7372632F6E7266785F35
:10DD9000737069732E6300705F63622D3E68616EFD
:10DDA000646C657220213D202828766F6964202AE2
:10DDB00029302900705F696E7374616E6365202677
:10DDC0002620705F636F6E66696720262620657661
:10DDD000656E745F68616E646C657200705F63622B
:10DDE0002D3E737461746520213D204E5246585F6C
:10DDF0004452565F53544154455F554E494E495421
:10DE000049414C495A45440028705F63622D3E7376
:10DE10007461746520213D204E5246585F4452562D
:10DE20005F53544154455F554E494E495449414C06
:10DE3000495A454429202626202828705F74785F97
:10DE400062756666657220213D202828766F6964B8
:10DE5000202A29302929207C7C202874785F62754B
:10DE6000666665725F6C656E677468203D3D203044
:10DE70002929202626202828705F72785F6275661F
:10DE800066657220213D202828766F6964202A2942
:10DE9000302929207C7C202872785F62756666654F
:10DEA000725F6C656E677468203D3D2030292900E3
:10DEB000574553545F544F504449522F6D6F64750A
:10DEC0006C65732F68616C2F6E6F726469632F6E5F
:10DED0007266782F647269766572732F7372632F1E
:10DEE0006E7266785F74696D65722E6300282828EB
:10DEF000705F696E7374616E63652D3E705F7265ED
:10DF000067203D3D2028284E52465F54494D4552DA
:10DF10005F547970652A29203078343030303830B9
:10DF20003030554C292920262620283332203D3DEB
:10DF30002038203F2028705F636F6E6669672D3E32
:10DF40006269745F7769647468203D3D204E524673
:10DF50005F54494D45525F4249545F5749445448C4
:10DF60005F3829203A20283332203D3D20313620A9
:10DF70003F2028705F636F6E6669672D3E6269742B
:10DF80005F7769647468203D3D204E52465F544976
:10DF90004D45525F4249545F57494454485F3829C0
:10DFA000207C7C2028705F636F6E6669672D3E62FF
:10DFB00069745F7769647468203D3D204E52465F06
:10DFC00054494D45525F4249545F57494454485F54
:10DFD000313629203A20283332203D3D203234206A
:10DFE0003F2028705F636F6E6669672D3E626974BB
:10DFF0005F7769647468203D3D204E52465F544906
:10E000004D45525F4249545F57494454485F38294F
:10E01000207C7C2028705F636F6E6669672D3E628E
:10E0200069745F7769647468203D3D204E52465F95
:10E0300054494D45525F4249545F57494454485FE3
:10E04000313629207C7C2028705F636F6E6669679B
:10E050002D3E6269745F7769647468203D3D204E8F
:10E0600052465F54494D45525F4249545F574944B7
:10E0700054485F323429203A20283332203D3D2055
:10E080003332203F2028705F636F6E6669672D3ED4
:10E090006269745F7769647468203D3D204E524622
:10E0A0005F54494D45525F4249545F574944544873
:10E0B0005F3829207C7C2028705F636F6E666967FB
:10E0C0002D3E6269745F7769647468203D3D204E1F
:10E0D00052465F54494D45525F4249545F57494447
:10E0E00054485F313629207C7C2028705F636F6E36
:10E0F0006669672D3E6269745F7769647468203D64
:10E100003D204E52465F54494D45525F4249545F4F
:10E1100057494454485F323429207C7C2028705F62
:10E12000636F6E6669672D3E6269745F77696474B8
:10E1300068203D3D204E52465F54494D45525F4256
:10E1400049545F57494454485F333229203A2030BC
:10E150002929292929207C7C202828705F696E7351
:10E1600074616E63652D3E705F726567203D3D2072
:10E1700028284E52465F54494D45525F5479706588
:10E180002A292030783430303039303030554C291D
:10E190002920262620283332203D3D2038203F20CC
:10E1A00028705F636F6E6669672D3E6269745F7782
:10E1B00069647468203D3D204E52465F54494D4588
:10E1C000525F4249545F57494454485F3829203AC6
:10E1D00020283332203D3D203136203F2028705FFB
:10E1E000636F6E6669672D3E6269745F77696474F8
:10E1F00068203D3D204E52465F54494D45525F4296
:10E2000049545F57494454485F3829207C7C202872
:10E21000705F636F6E6669672D3E6269745F7769D0
:10E22000647468203D3D204E52465F54494D45522E
:10E230005F4249545F57494454485F313629203A78
:10E2400020283332203D3D203234203F2028705F8B
:10E25000636F6E6669672D3E6269745F7769647487
:10E2600068203D3D204E52465F54494D45525F4225
:10E2700049545F57494454485F3829207C7C202802
:10E28000705F636F6E6669672D3E6269745F776960
:10E29000647468203D3D204E52465F54494D4552BE
:10E2A0005F4249545F57494454485F313629207CC6
:10E2B0007C2028705F636F6E6669672D3E626974AB
:10E2C0005F7769647468203D3D204E52465F544933
:10E2D0004D45525F4249545F57494454485F323478
:10E2E00029203A20283332203D3D203332203F2060
:10E2F00028705F636F6E6669672D3E6269745F7731
:10E3000069647468203D3D204E52465F54494D4536
:10E31000525F4249545F57494454485F3829207C32
:10E320007C2028705F636F6E6669672D3E6269743A
:10E330005F7769647468203D3D204E52465F5449C2
:10E340004D45525F4249545F57494454485F313606
:10E3500029207C7C2028705F636F6E6669672D3E84
:10E360006269745F7769647468203D3D204E52464F
:10E370005F54494D45525F4249545F5749445448A0
:10E380005F323429207C7C2028705F636F6E666961
:10E39000672D3E6269745F7769647468203D3D2033
:10E3A0004E52465F54494D45525F4249545F57496A
:10E3B0004454485F333229203A2030292929292919
:10E3C000207C7C202828705F696E7374616E6365A1
:10E3D0002D3E705F726567203D3D2028284E5246D5
:10E3E0005F54494D45525F547970652A2920307831
:10E3F0003430303041303030554C29292026262009
:10E40000283332203D3D2038203F2028705F636F45
:10E410006E6669672D3E6269745F7769647468200F
:10E420003D3D204E52465F54494D45525F4249544E
:10E430005F57494454485F3829203A202833322016
:10E440003D3D203136203F2028705F636F6E666946
:10E45000672D3E6269745F7769647468203D3D2072
:10E460004E52465F54494D45525F4249545F5749A9
:10E470004454485F3829207C7C2028705F636F6E8D
:10E480006669672D3E6269745F7769647468203DD0
:10E490003D204E52465F54494D45525F4249545FBC
:10E4A00057494454485F313629203A2028333220D6
:10E4B0003D3D203234203F2028705F636F6E6669D7
:10E4C000672D3E6269745F7769647468203D3D2002
:10E4D0004E52465F54494D45525F4249545F574939
:10E4E0004454485F3829207C7C2028705F636F6E1D
:10E4F0006669672D3E6269745F7769647468203D60
:10E500003D204E52465F54494D45525F4249545F4B
:10E5100057494454485F313629207C7C2028705F5D
:10E52000636F6E6669672D3E6269745F77696474B4
:10E5300068203D3D204E52465F54494D45525F4252
:10E5400049545F57494454485F323429203A2028BF
:10E550003332203D3D203332203F2028705F636FEF
:10E560006E6669672D3E6269745F776964746820BE
:10E570003D3D204E52465F54494D45525F424954FD
:10E580005F57494454485F3829207C7C2028705FBD
:10E59000636F6E6669672D3E6269745F7769647444
:10E5A00068203D3D204E52465F54494D45525F42E2
:10E5B00049545F57494454485F313629207C7C20B8
:10E5C00028705F636F6E6669672D3E6269745F775E
:10E5D00069647468203D3D204E52465F54494D4564
:10E5E000525F4249545F57494454485F32342920AE
:10E5F0007C7C2028705F636F6E6669672D3E626960
:10E60000745F7769647468203D3D204E52465F54C4
:10E61000494D45525F4249545F57494454485F331E
:10E620003229203A20302929292929207C7C2028B8
:10E6300028705F696E7374616E63652D3E705F72E2
:10E640006567203D3D2028284E52465F54494D4580
:10E65000525F547970652A29203078343030314146
:10E66000303030554C292920262620283332203DB1
:10E670003D2038203F2028705F636F6E6669672DEC
:10E680003E6269745F7769647468203D3D204E5234
:10E69000465F54494D45525F4249545F574944547F
:10E6A000485F3829203A20283332203D3D2031363A
:10E6B000203F2028705F636F6E6669672D3E626938
:10E6C000745F7769647468203D3D204E52465F5404
:10E6D000494D45525F4249545F57494454485F3859
:10E6E00029207C7C2028705F636F6E6669672D3EF1
:10E6F0006269745F7769647468203D3D204E5246BC
:10E700005F54494D45525F4249545F57494454480C
:10E710005F313629203A20283332203D3D203234E3
:10E72000203F2028705F636F6E6669672D3E6269C7
:10E73000745F7769647468203D3D204E52465F5493
:10E74000494D45525F4249545F57494454485F38E8
:10E7500029207C7C2028705F636F6E6669672D3E80
:10E760006269745F7769647468203D3D204E52464B
:10E770005F54494D45525F4249545F57494454489C
:10E780005F313629207C7C2028705F636F6E66695C
:10E79000672D3E6269745F7769647468203D3D202F
:10E7A0004E52465F54494D45525F4249545F574966
:10E7B0004454485F323429203A20283332203D3DEA
:10E7C000203332203F2028705F636F6E6669672DAB
:10E7D0003E6269745F7769647468203D3D204E52E3
:10E7E000465F54494D45525F4249545F574944542E
:10E7F000485F3829207C7C2028705F636F6E6669D3
:10E80000672D3E6269745F7769647468203D3D20BE
:10E810004E52465F54494D45525F4249545F5749F5
:10E820004454485F313629207C7C2028705F636F18
:10E830006E6669672D3E6269745F776964746820EB
:10E840003D3D204E52465F54494D45525F4249542A
:10E850005F57494454485F323429207C7C2028701B
:10E860005F636F6E6669672D3E6269745F77696486
:10E870007468203D3D204E52465F54494D45525FDD
:10E880004249545F57494454485F333229203A2063
:10E89000302929292929207C7C202828705F696E4D
:10E8A0007374616E63652D3E705F726567203D3DD8
:10E8B0002028284E52465F54494D45525F54797086
:10E8C000652A292030783430303142303030554C90
:10E8D000292920262620283332203D3D2038203F7C
:10E8E0002028705F636F6E6669672D3E6269745F92
:10E8F0007769647468203D3D204E52465F54494D0F
:10E9000045525F4249545F57494454485F38292073
:10E910003A20283332203D3D203136203F202870D8
:10E920005F636F6E6669672D3E6269745F776964C5
:10E930007468203D3D204E52465F54494D45525F1C
:10E940004249545F57494454485F3829207C7C2011
:10E9500028705F636F6E6669672D3E6269745F77CA
:10E9600069647468203D3D204E52465F54494D45D0
:10E97000525F4249545F57494454485F3136292019
:10E980003A20283332203D3D203234203F20287069
:10E990005F636F6E6669672D3E6269745F77696455
:10E9A0007468203D3D204E52465F54494D45525FAC
:10E9B0004249545F57494454485F3829207C7C20A1
:10E9C00028705F636F6E6669672D3E6269745F775A
:10E9D00069647468203D3D204E52465F54494D4560
:10E9E000525F4249545F57494454485F31362920A9
:10E9F0007C7C2028705F636F6E6669672D3E62695C
:10EA0000745F7769647468203D3D204E52465F54C0
:10EA1000494D45525F4249545F57494454485F321B
:10EA20003429203A20283332203D3D203332203F04
:10EA30002028705F636F6E6669672D3E6269745F40
:10EA40007769647468203D3D204E52465F54494DBD
:10EA500045525F4249545F57494454485F38292022
:10EA60007C7C2028705F636F6E6669672D3E6269EB
:10EA7000745F7769647468203D3D204E52465F5450
:10EA8000494D45525F4249545F57494454485F31AC
:10EA90003629207C7C2028705F636F6E6669672D45
:10EAA0003E6269745F7769647468203D3D204E5210
:10EAB000465F54494D45525F4249545F574944545B
:10EAC000485F323429207C7C2028705F636F6E663B
:10EAD00069672D3E6269745F7769647468203D3DA3
:10EAE000204E52465F54494D45525F4249545F574C
:10EAF000494454485F333229203A203029292929B2
:10EB000029207C7C20302900705F696E7374616EEF
:10EB100063652026262028705F696E7374616E63BA
:10EB2000652D3E63622E737461746520213D204E15
:10EB30005246585F4452565F53544154455F554EB8
:10EB4000494E495449414C495A454429005465723B
:10EB50006D696E616C00574553545F544F50444982
:10EB6000522F7A65706879722F6B65726E656C2FA3
:10EB70006465766963652E63007263203E3D202DD7
:10EB8000283078666629202626207263203C2030B3
:10EB9000000964657669636520257320696E697470
:10EBA0003A20696E76616C6964206572726F7220BA
:10EBB000282564290A0048616C74696E672073799E
:10EBC0007374656D00556E6B6E6F776E2065727233
:10EBD0006F7200756E6B6E6F776E003E3E3E205A10
:10EBE000455048595220464154414C204552524FBD
:10EBF000522025643A202573206F6E204350552003
:10EC00002564004661756C7420647572696E6720B6
:10EC1000696E746572727570742068616E646C6977
:10EC20006E670A0043757272656E7420746872654F
:10EC300061643A20257020282573290057455354D4
:10EC40005F544F504449522F7A65706879722F6B28
:10EC500065726E656C2F666174616C2E63007265FF
:10EC600061736F6E20213D204B5F4552525F4B45D3
:10EC7000524E454C5F50414E494300094174746502
:10EC80006D7074656420746F207265636F76657251
:10EC90002066726F6D2061206B65726E656C2070EE
:10ECA000616E696320636F6E646974696F6E0A00D8
:10ECB00043505520657863657074696F6E00556EBA
:10ECC00068616E646C656420696E746572727570DB
:10ECD0007400537461636B206F766572666C6F7736
:10ECE000004B65726E656C206F6F7073004B6572C0
:10ECF0006E656C2070616E696300574553545F54B4
:10ED00004F504449522F7A65706879722F6B657243
:10ED10006E656C2F696E69742E630074687265612C
:10ED2000645F64617461203C3D205F5F7374617453
:10ED300069635F7468726561645F646174615F6C6C
:10ED40006973745F656E6400646576203C3D205F86
:10ED50006465766963655F6C6973745F656E640092
:10ED60006D61696E006F7300574553545F544F5087
:10ED70004449522F7A65706879722F6B65726E659F
:10ED80006C2F6D656D5F736C61622E6300736C61D7
:10ED900062203C3D205F6B5F6D656D5F736C6162EF
:10EDA0005F6C6973745F656E640028736C61622DBB
:10EDB0003E667265655F6C697374203D3D2028284E
:10EDC000766F6964202A29302920262620736C61F9
:10EDD000622D3E696E666F2E6E756D5F757365642C
:10EDE000203D3D20736C61622D3E696E666F2E6E14
:10EDF000756D5F626C6F636B7329207C7C20736C14
:10EE000061625F7074725F69735F676F6F642873AC
:10EE10006C61622C20736C61622D3E667265655F69
:10EE20006C697374290009736C616220636F72727C
:10EE3000757074696F6E2064657465637465640AC7
:10EE40000009496E76616C6964206D656D6F727939
:10EE500020706F696E7465722070726F7669646578
:10EE6000640A00574553545F544F504449522F7A17
:10EE700065706879722F6B65726E656C2F696E6351
:10EE80006C7564652F6B73636865642E680021611F
:10EE90007263685F6972715F756E6C6F636B6564D6
:10EEA000286B65792900090A007468726561642D10
:10EEB0003E626173652E70656E6465645F6F6E009F
:10EEC000574553545F544F504449522F7A657068E8
:10EED00079722F6B65726E656C2F69646C652E6339
:10EEE000005F6B65726E656C2E637075735B305D71
:10EEF0002E63757272656E742D3E626173652E703D
:10EF000072696F203E3D203000574553545F544F87
:10EF1000504449522F7A65706879722F6B65726E12
:10EF2000656C2F6D73675F712E630021617263687A
:10EF30005F69735F696E5F6973722829207C7C202A
:10EF4000282874696D656F7574292E7469636B73F5
:10EF5000203D3D202828286B5F74696D656F7574AE
:10EF60005F74297B307D29292E7469636B732900B6
:10EF7000286D7367712D3E77726974655F70747266
:10EF8000203E3D206D7367712D3E62756666657229
:10EF90005F73746172742920262620286D7367714F
:10EFA0002D3E77726974655F707472203C3D202835
:10EFB0006D7367712D3E6275666665725F656E641E
:10EFC000202D2031292920262620282873697A65BA
:10EFD0005F74292875696E747074725F7429286D66
:10EFE0007367712D3E6275666665725F656E64203B
:10EFF0002D206D7367712D3E77726974655F707433
:10F000007229203E3D206D7367712D3E6D73675FE1
:10F0100073697A652900574553545F544F504449EA
:10F02000522F7A65706879722F6B65726E656C2FDE
:10F030006D757465782E630021617263685F697312
:10F040005F696E5F697372282900096D7574657850
:10F0500065732063616E6E6F7420626520757365E1
:10F060006420696E7369646520495352730A006DA8
:10F07000757465782D3E6C6F636B5F636F756E742E
:10F08000203E20305500574553545F544F5044495B
:10F09000522F7A65706879722F6B65726E656C2F6E
:10F0A00073656D2E63002828617263685F69735F02
:10F0B000696E5F6973722829203D3D203029207CCC
:10F0C0007C20282874696D656F7574292E746963B6
:10F0D0006B73203D3D202828286B5F74696D656F38
:10F0E00075745F74297B307D29292E7469636B7375
:10F0F000292900574553545F544F504449522F7AA1
:10F1000065706879722F6B65726E656C2F746872AA
:10F110006561642E6300282828287072696F292988
:10F12000203D3D203135202626207A5F69735F69B6
:10F13000646C655F7468726561645F656E74727932
:10F140002828656E747279292929207C7C2028283A
:10F15000283135202D203129203E3D2028282D31F1
:10F16000362929292026262028287072696F292906
:10F17000203E3D2028282D313629292026262028EA
:10F18000287072696F2929203C3D20283135202DB7
:10F1900020312929290009696E76616C6964207023
:10F1A00072696F7269747920282564293B20616C2B
:10F1B0006C6F7765642072616E67653A2025642004
:10F1C000746F2025640A00095468726561647320B5
:10F1D0006D6179206E6F7420626520637265617461
:10F1E000656420696E20495352730A005745535491
:10F1F0005F544F504449522F7A65706879722F6B73
:10F2000065726E656C2F73636865642E6300217A86
:10F210005F69735F69646C655F7468726561645F80
:10F220006F626A6563742874687265616429005747
:10F230004553545F544F504449522F7A6570687952
:10F24000722F6B65726E656C2F696E636C75646589
:10F250002F6B7468726561642E68005F6B65726EF7
:10F26000656C2E637075735B305D2E6375727265AD
:10F270006E7420213D202828766F6964202A293069
:10F2800029002169735F7468726561645F64756DDC
:10F290006D79287468726561642900574553545F1D
:10F2A000544F504449522F7A65706879722F6B65BC
:10F2B000726E656C2F696E636C7564652F6B737706
:10F2C00061702E6800617263685F6972715F756E4C
:10F2D0006C6F636B6564286B657929207C7C205F8B
:10F2E0006B65726E656C2E637075735B305D2E633B
:10F2F000757272656E742D3E626173652E746872EC
:10F300006561645F73746174652026202828283144
:10F31000554C203C3C202830292929207C202828B5
:10F3200031554C203C3C2028332929292900094308
:10F330006F6E7465787420737769746368696E673B
:10F34000207768696C6520686F6C64696E67206CF3
:10F350006F636B210A0073697A656F66285F736358
:10F360006865645F7370696E6C6F636B29203D3DE7
:10F370002030207C7C206C6F636B20213D20265F39
:10F3800073636865645F7370696E6C6F636B005F55
:10F390006B65726E656C2E637075735B305D2E638A
:10F3A000757272656E742D3E626173652E7363684B
:10F3B00065645F6C6F636B656420213D203155008F
:10F3C0005F6B65726E656C2E637075735B305D2E5E
:10F3D00063757272656E742D3E626173652E736320
:10F3E0006865645F6C6F636B656420213D203055F8
:10F3F00000217465726D696E617465000961626FE8
:10F4000072746564205F63757272656E74206261E8
:10F41000636B2066726F6D20646561640A0021650C
:10F420007373656E7469616C000961626F727465F3
:10F430006420657373656E7469616C2074687265AD
:10F4400061642025700A00574553545F544F50445F
:10F4500049522F7A65706879722F6B65726E656C90
:10F460002F74696D65736C6963696E672E6300281C
:10F470002874696D656F75742920262620282875E3
:10F48000696E747074725F742928736C6963655F48
:10F4900074696D656F7574732929203C3D20282897
:10F4A00075696E747074725F74292874696D656F04
:10F4B0007574292920262620282875696E74707491
:10F4C000725F74292874696D656F75742929203CF1
:10F4D00020282875696E747074725F742928262834
:10F4E000736C6963655F74696D656F757473295BAF
:10F4F000282873697A655F7429282828696E742919
:10F5000073697A656F6628636861725B31202D20AC
:10F510002832202A202128215F5F6275696C746976
:10F520006E5F74797065735F636F6D70617469622B
:10F530006C655F70285F5F747970656F665F5F28C8
:10F54000736C6963655F74696D656F757473292C7D
:10F55000205F5F747970656F665F5F282628736C23
:10F560006963655F74696D656F757473295B305D80
:10F57000292929295D29202D203129202B20287394
:10F58000697A656F6628736C6963655F74696D6518
:10F590006F75747329202F2073697A656F66282828
:10F5A000736C6963655F74696D656F757473295BEE
:10F5B000305D292929295D29292026262028282867
:10F5C00075696E747074725F74292874696D656FE3
:10F5D00075742929202D20282875696E747074721D
:10F5E0005F742928736C6963655F74696D656F75F5
:10F5F000747329292920252073697A656F66282864
:10F60000736C6963655F74696D656F757473295B8D
:10F61000305D29203D3D20302900574553545F542B
:10F620004F504449522F7A65706879722F6B65721A
:10F630006E656C2F74696D656F75742E6300217330
:10F6400079735F646E6F64655F69735F6C696E6B1D
:10F6500065642826746F2D3E6E6F646529005745DA
:10F6600053545F544F504449522F7A6570687972F1
:10F670002F6B65726E656C2F6B686561702E630011
:10F6800068656170203C3D205F6B5F686561705FFD
:10F690006C6973745F656E6400286E756C6C29000C
:10F6A0002A666C6F61742A00A5C2C3C4C5C6C7C8E8
:10F6B0001299240845575473206D6573736167650B
:10F6C000732064726F70706564202D2D2D0D0A1BE0
:10F6D0005B306D001B5B313B33316D2D2D2D2000D8
:10F6E000060500010020303030303030303030300E
:10F6F000303030300001000000000000545452202F
:08F70000524547474553000044
:10F7100078010000003002400000000000000000FE
:10F7200000000000000000000000000000000000D9
:10F7300000000000AFB00000EBB300002407002081
:10F740003A000000380700203A00000010070020AF
:10F750003A0000004C0700203A00000000000000C2
:10F760009FB60000000000000000000000600040A4
:10F770000000000000000000000000000000000089
:10F780000000000000000000000000000000000079
:10F790000000000000000000000000000000000069
:10F7A0000000000000000000000000000000000059
:10F7B0000000000000000000000000000000000049
:10F7C0000000000000000000000000000000000039
:10F7D0000000000000000000000000000000000029
:10F7E0000000000000000000000000000000000019
:10F7F0000000000000000000000000000100000008
:10F8000000000000000000000000000000000000F8
:10F81000000000000000000000A000400000000008
:10F8200000000000040000000000000000000000D4
:10F8300000A0004000000000810000000400000063
:10F84000000000000000000000A0004000000000D8
:10F850007C0000000400000000000000E7E7E7E78C
:10F86000C2C2C2C2E7C2C3C4C5C6C7C80805FF0238
:10F870000000000000A000400000000000000000A8
:10F88000000000000090D003FF0000009002000084
:10F8900040060020400600200000000055A70000A0
:10F8A000A40600209C060020940600200000000012
:10F8B0008C06002071A80000BDA70000F1A7000081
:10F8C00039A800007C06002084060020381800209B
:10F8D0003A00003A3C1800203A00003A4018002054
:10F8E0003A00003A441800203A00003A4818002034
:10F8F0003A00003A4C1800203A00003A7406002002
:10F9000078060020BC060020600600205806002073
:08F910005406002050060020FF
:08F918000000000000000000E7
:10F9200000000000000000000000000000000000D7
:10F9300000000000000000000000000000000000C7
:10F9400000000000000000000000000000000000B7
:0CF95000000000000000000000000000AB
:04F95C0000000000A7
:10F960001007002010070020000000000000000029
:10F970000E000000240700202407002000000000E3
:10F98000000000000E0000003807002038070020AB
:10F9900000000000000000000E0000004C070020E6
:10F9A0004C07002000000000000000000E000000D6
:10F9B0006007002060070020000000003100000008
:10F9C0002000000000370020203D002000370020EC
:10F9D0000037002000000000000000008C0700201D
:10F9E0008C070020000000003100000040000000F3
:10F9F000203D002060490020203D0020203D0020C7
:08FA00000000000000000000FE
:10FA0800B8070020B807002000000000010000002F
:10FA1800C8070020C80700200000000001000000FF
:04FA280015E015E0F0
:040000030000360DB6
:00000001FF
