timestamp_s,source,fs_hz,sample_index,seq,mode,flags,pending,queue_depth,queue_drop_lsb,status0,status1,status2,ch1_V,ch2_V,ch3_V,ch4_V,ch5_V,ch6_V,ch7_V,ch8_V
0.000000,10uVrms10Hz_ch2pga1.bin,250,0,26408,1,0xA3,1,0,0,192,0,0,42103.730142,-20.228326,56986.413896,54608.792067,49074.165523,0.000000,0.000000,0.000000
0.004003,10uVrms10Hz_ch2pga1.bin,250,1,26409,1,0xA3,1,0,0,192,0,0,42105.965316,-20.205975,56989.230216,54611.697793,49076.043069,0.000000,0.000000,0.000000
0.008002,10uVrms10Hz_ch2pga1.bin,250,2,26410,1,0xA3,1,0,0,192,0,0,42108.133435,-20.138919,56992.024183,54614.424706,49077.831209,0.000000,0.000000,0.000000
0.012005,10uVrms10Hz_ch2pga1.bin,250,3,26411,1,0xA3,1,0,0,192,0,0,42110.301554,-20.138919,56994.684041,54617.106915,49079.686403,0.000000,0.000000,0.000000
0.016008,10uVrms10Hz_ch2pga1.bin,250,4,26412,1,0xA3,1,0,0,192,0,0,42112.603784,-20.094216,56997.455657,54619.878531,49081.496894,0.000000,0.000000,0.000000
0.020007,10uVrms10Hz_ch2pga1.bin,250,5,26413,1,0xA3,1,0,0,192,0,0,42114.794254,-20.027161,57000.294328,54622.761905,49083.463848,0.000000,0.000000,0.000000
0.024010,10uVrms10Hz_ch2pga1.bin,250,6,26414,1,0xA3,1,0,0,192,0,0,42117.208242,-20.027161,57003.200054,54625.667632,49085.520208,0.000000,0.000000,0.000000
0.028010,10uVrms10Hz_ch2pga1.bin,250,7,26415,1,0xA3,1,0,0,192,0,0,42119.644582,-20.049512,57006.128132,54628.618062,49087.576568,0.000000,0.000000,0.000000
0.032012,10uVrms10Hz_ch2pga1.bin,250,8,26416,1,0xA3,1,0,0,192,0,0,42121.835053,-20.094216,57008.922100,54631.412029,49089.431763,0.000000,0.000000,0.000000
0.036016,10uVrms10Hz_ch2pga1.bin,250,9,26417,1,0xA3,1,0,0,192,0,0,42124.047875,-20.228326,57011.671364,54634.183645,49091.331661,0.000000,0.000000,0.000000
0.040015,10uVrms10Hz_ch2pga1.bin,250,10,26418,1,0xA3,1,0,0,192,0,0,42126.283050,-20.273030,57014.442980,54636.910558,49093.231559,0.000000,0.000000,0.000000
0.044017,10uVrms10Hz_ch2pga1.bin,250,11,26419,1,0xA3,1,0,0,192,0,0,42128.652334,-20.384789,57017.393410,54639.860988,49095.243216,0.000000,0.000000,0.000000
0.048017,10uVrms10Hz_ch2pga1.bin,250,12,26420,1,0xA3,1,0,0,192,0,0,42130.887508,-20.384789,57020.321488,54642.722011,49097.187817,0.000000,0.000000,0.000000
0.052020,10uVrms10Hz_ch2pga1.bin,250,13,26421,1,0xA3,1,0,0,192,0,0,42133.077979,-20.429492,57023.048401,54645.515978,49098.953605,0.000000,0.000000,0.000000
0.056020,10uVrms10Hz_ch2pga1.bin,250,14,26422,1,0xA3,1,0,0,192,0,0,42135.335505,-20.496547,57025.730610,54648.220539,49100.786448,0.000000,0.000000,0.000000
0.060023,10uVrms10Hz_ch2pga1.bin,250,15,26423,1,0xA3,1,0,0,192,0,0,42137.816548,-20.585954,57028.748095,54651.215672,49102.976918,0.000000,0.000000,0.000000
0.064025,10uVrms10Hz_ch2pga1.bin,250,16,26424,1,0xA3,1,0,0,192,0,0,42140.118778,-20.630658,57031.653821,54654.188454,49105.010927,0.000000,0.000000,0.000000
0.068025,10uVrms10Hz_ch2pga1.bin,250,17,26425,1,0xA3,1,0,0,192,0,0,42142.331600,-20.653009,57034.403086,54656.937718,49106.866121,0.000000,0.000000,0.000000
0.072028,10uVrms10Hz_ch2pga1.bin,250,18,26426,1,0xA3,1,0,0,192,0,0,42144.611478,-20.630658,57037.197053,54659.709334,49108.676612,0.000000,0.000000,0.000000
0.076028,10uVrms10Hz_ch2pga1.bin,250,19,26427,1,0xA3,1,0,0,192,0,0,42146.734893,-20.653009,57039.923966,54662.548006,49110.464752,0.000000,0.000000,0.000000
0.080031,10uVrms10Hz_ch2pga1.bin,250,20,26428,1,0xA3,1,0,0,192,0,0,42148.880661,-20.608306,57042.650878,54665.185511,49112.319946,0.000000,0.000000,0.000000
0.084031,10uVrms10Hz_ch2pga1.bin,250,21,26429,1,0xA3,1,0,0,192,0,0,42151.272297,-20.474195,57045.534253,54668.068886,49114.353955,0.000000,0.000000,0.000000
0.088034,10uVrms10Hz_ch2pga1.bin,250,22,26430,1,0xA3,1,0,0,192,0,0,42153.753340,-20.429492,57048.484683,54671.153426,49116.410315,0.000000,0.000000,0.000000
0.092034,10uVrms10Hz_ch2pga1.bin,250,23,26431,1,0xA3,1,0,0,192,0,0,42156.033218,-20.362437,57051.435113,54674.036801,49118.399620,0.000000,0.000000,0.000000
0.096037,10uVrms10Hz_ch2pga1.bin,250,24,26432,1,0xA3,1,0,0,192,0,0,42158.357799,-20.317733,57054.296136,54676.853120,49120.277166,0.000000,0.000000,0.000000
0.100037,10uVrms10Hz_ch2pga1.bin,250,25,26433,1,0xA3,1,0,0,192,0,0,42160.592973,-20.250678,57057.023048,54679.669440,49122.177064,0.000000,0.000000,0.000000
0.104040,10uVrms10Hz_ch2pga1.bin,250,26,26434,1,0xA3,1,0,0,192,0,0,42162.917554,-20.228326,57059.928775,54682.508111,49124.211073,0.000000,0.000000,0.000000
0.108040,10uVrms10Hz_ch2pga1.bin,250,27,26435,1,0xA3,1,0,0,192,0,0,42165.309191,-20.094216,57062.834501,54685.436189,49126.155674,0.000000,0.000000,0.000000
0.112043,10uVrms10Hz_ch2pga1.bin,250,28,26436,1,0xA3,1,0,0,192,0,0,42167.589068,-20.071864,57065.606117,54688.274860,49128.055573,0.000000,0.000000,0.000000
0.116043,10uVrms10Hz_ch2pga1.bin,250,29,26437,1,0xA3,1,0,0,192,0,0,42169.824243,-20.049512,57068.444788,54691.091180,49130.089581,0.000000,0.000000,0.000000
0.120045,10uVrms10Hz_ch2pga1.bin,250,30,26438,1,0xA3,1,0,0,192,0,0,42172.104120,-20.071864,57071.395218,54693.929851,49132.011831,0.000000,0.000000,0.000000
0.124048,10uVrms10Hz_ch2pga1.bin,250,31,26439,1,0xA3,1,0,0,192,0,0,42174.428701,-20.049512,57074.166834,54696.790874,49133.934081,0.000000,0.000000,0.000000
0.128048,10uVrms10Hz_ch2pga1.bin,250,32,26440,1,0xA3,1,0,0,192,0,0,42176.663876,-20.094216,57076.938450,54699.562490,49135.722220,0.000000,0.000000,0.000000
0.132051,10uVrms10Hz_ch2pga1.bin,250,33,26441,1,0xA3,1,0,0,192,0,0,42178.809643,-20.183623,57079.687715,54702.222347,49137.599766,0.000000,0.000000,0.000000
0.136050,10uVrms10Hz_ch2pga1.bin,250,34,26442,1,0xA3,1,0,0,192,0,0,42181.111872,-20.161271,57082.526386,54705.038667,49139.522016,0.000000,0.000000,0.000000
0.140053,10uVrms10Hz_ch2pga1.bin,250,35,26443,1,0xA3,1,0,0,192,0,0,42183.391750,-20.228326,57085.298002,54707.966745,49141.399562,0.000000,0.000000,0.000000
0.144052,10uVrms10Hz_ch2pga1.bin,250,36,26444,1,0xA3,1,0,0,192,0,0,42185.649276,-20.317733,57088.159025,54710.827768,49143.344164,0.000000,0.000000,0.000000
0.148056,10uVrms10Hz_ch2pga1.bin,250,37,26445,1,0xA3,1,0,0,192,0,0,42187.996209,-20.362437,57091.109455,54713.666439,49145.355821,0.000000,0.000000,0.000000
0.152056,10uVrms10Hz_ch2pga1.bin,250,38,26446,1,0xA3,1,0,0,192,0,0,42190.320790,-20.474195,57093.903422,54716.527462,49147.367477,0.000000,0.000000,0.000000
0.156059,10uVrms10Hz_ch2pga1.bin,250,39,26447,1,0xA3,1,0,0,192,0,0,42192.555964,-20.474195,57096.697390,54719.321430,49149.245024,0.000000,0.000000,0.000000
0.160059,10uVrms10Hz_ch2pga1.bin,250,40,26448,1,0xA3,1,0,0,192,0,0,42194.768786,-20.496547,57099.513710,54722.160101,49151.055515,0.000000,0.000000,0.000000
0.164062,10uVrms10Hz_ch2pga1.bin,250,41,26449,1,0xA3,1,0,0,192,0,0,42197.026312,-20.585954,57102.285326,54724.976420,49153.067172,0.000000,0.000000,0.000000
0.168062,10uVrms10Hz_ch2pga1.bin,250,42,26450,1,0xA3,1,0,0,192,0,0,42199.373245,-20.608306,57105.235755,54727.859795,49155.056477,0.000000,0.000000,0.000000
0.172064,10uVrms10Hz_ch2pga1.bin,250,43,26451,1,0xA3,1,0,0,192,0,0,42201.720178,-20.653009,57108.163834,54730.765522,49157.023430,0.000000,0.000000,0.000000
0.176064,10uVrms10Hz_ch2pga1.bin,250,44,26452,1,0xA3,1,0,0,192,0,0,42204.134166,-20.608306,57111.024857,54733.626544,49158.968031,0.000000,0.000000,0.000000
0.180067,10uVrms10Hz_ch2pga1.bin,250,45,26453,1,0xA3,1,0,0,192,0,0,42206.481099,-20.585954,57113.930583,54736.599326,49161.002040,0.000000,0.000000,0.000000
0.184067,10uVrms10Hz_ch2pga1.bin,250,46,26454,1,0xA3,1,0,0,192,0,0,42208.828032,-20.474195,57116.858661,54739.594460,49163.013697,0.000000,0.000000,0.000000
0.188070,10uVrms10Hz_ch2pga1.bin,250,47,26455,1,0xA3,1,0,0,192,0,0,42211.107910,-20.496547,57119.719684,54742.455482,49164.913595,0.000000,0.000000,0.000000
0.192071,10uVrms10Hz_ch2pga1.bin,250,48,26456,1,0xA3,1,0,0,192,0,0,42213.410139,-20.429492,57122.446597,54745.271802,49166.858196,0.000000,0.000000,0.000000
0.196074,10uVrms10Hz_ch2pga1.bin,250,49,26457,1,0xA3,1,0,0,192,0,0,42215.645313,-20.295382,57125.307620,54748.065770,49168.780446,0.000000,0.000000,0.000000
0.200073,10uVrms10Hz_ch2pga1.bin,250,50,26458,1,0xA3,1,0,0,192,0,0,42217.880487,-20.205975,57128.101587,54750.859737,49170.657992,0.000000,0.000000,0.000000
0.204076,10uVrms10Hz_ch2pga1.bin,250,51,26459,1,0xA3,1,0,0,192,0,0,42220.227420,-20.228326,57130.873203,54753.698409,49172.557890,0.000000,0.000000,0.000000
0.208077,10uVrms10Hz_ch2pga1.bin,250,52,26460,1,0xA3,1,0,0,192,0,0,42222.440243,-20.138919,57133.711874,54756.648839,49174.480140,0.000000,0.000000,0.000000
0.212080,10uVrms10Hz_ch2pga1.bin,250,53,26461,1,0xA3,1,0,0,192,0,0,42224.697769,-20.049512,57136.505842,54759.375751,49176.380038,0.000000,0.000000,0.000000
0.216080,10uVrms10Hz_ch2pga1.bin,250,54,26462,1,0xA3,1,0,0,192,0,0,42227.044702,-20.138919,57139.411569,54762.169719,49178.369343,0.000000,0.000000,0.000000
0.220083,10uVrms10Hz_ch2pga1.bin,250,55,26463,1,0xA3,1,0,0,192,0,0,42229.235172,-20.138919,57142.250240,54764.986038,49180.358648,0.000000,0.000000,0.000000
0.224083,10uVrms10Hz_ch2pga1.bin,250,56,26464,1,0xA3,1,0,0,192,0,0,42231.537402,-20.116568,57145.111263,54767.869413,49182.169139,0.000000,0.000000,0.000000
0.228086,10uVrms10Hz_ch2pga1.bin,250,57,26465,1,0xA3,1,0,0,192,0,0,42233.817279,-20.049512,57147.838175,54770.730436,49184.113741,0.000000,0.000000,0.000000
0.232085,10uVrms10Hz_ch2pga1.bin,250,58,26466,1,0xA3,1,0,0,192,0,0,42236.141860,-20.027161,57150.676847,54773.524404,49186.058342,0.000000,0.000000,0.000000
0.236088,10uVrms10Hz_ch2pga1.bin,250,59,26467,1,0xA3,1,0,0,192,0,0,42238.444090,-20.116568,57153.493166,54776.340723,49188.002944,0.000000,0.000000,0.000000
0.240088,10uVrms10Hz_ch2pga1.bin,250,60,26468,1,0xA3,1,0,0,192,0,0,42240.746319,-20.250678,57156.443596,54779.268801,49190.059304,0.000000,0.000000,0.000000
0.244090,10uVrms10Hz_ch2pga1.bin,250,61,26469,1,0xA3,1,0,0,192,0,0,42243.026197,-20.273030,57159.349322,54782.196879,49192.003906,0.000000,0.000000,0.000000
0.248093,10uVrms10Hz_ch2pga1.bin,250,62,26470,1,0xA3,1,0,0,192,0,0,42245.462537,-20.384789,57162.210345,54785.013199,49194.037914,0.000000,0.000000,0.000000
0.252093,10uVrms10Hz_ch2pga1.bin,250,63,26471,1,0xA3,1,0,0,192,0,0,42247.720063,-20.407140,57164.937258,54787.740111,49195.893109,0.000000,0.000000,0.000000
0.256095,10uVrms10Hz_ch2pga1.bin,250,64,26472,1,0xA3,1,0,0,192,0,0,42249.888182,-20.496547,57167.708874,54790.489376,49197.614193,0.000000,0.000000,0.000000
0.260095,10uVrms10Hz_ch2pga1.bin,250,65,26473,1,0xA3,1,0,0,192,0,0,42252.212763,-20.585954,57170.659304,54793.506861,49199.603498,0.000000,0.000000,0.000000
0.264099,10uVrms10Hz_ch2pga1.bin,250,66,26474,1,0xA3,1,0,0,192,0,0,42254.537344,-20.585954,57173.587382,54796.434939,49201.570451,0.000000,0.000000,0.000000
0.268099,10uVrms10Hz_ch2pga1.bin,250,67,26475,1,0xA3,1,0,0,192,0,0,42256.817222,-20.608306,57176.381350,54799.206555,49203.492701,0.000000,0.000000,0.000000
0.272100,10uVrms10Hz_ch2pga1.bin,250,68,26476,1,0xA3,1,0,0,192,0,0,42259.141803,-20.585954,57179.220021,54802.134633,49205.459654,0.000000,0.000000,0.000000
0.276103,10uVrms10Hz_ch2pga1.bin,250,69,26477,1,0xA3,1,0,0,192,0,0,42261.488736,-20.541251,57181.991637,54804.995656,49207.426608,0.000000,0.000000,0.000000
0.280103,10uVrms10Hz_ch2pga1.bin,250,70,26478,1,0xA3,1,0,0,192,0,0,42263.813317,-20.518899,57184.875011,54807.834327,49209.326506,0.000000,0.000000,0.000000
0.284106,10uVrms10Hz_ch2pga1.bin,250,71,26479,1,0xA3,1,0,0,192,0,0,42266.115546,-20.541251,57187.803090,54810.650647,49211.405218,0.000000,0.000000,0.000000
0.288107,10uVrms10Hz_ch2pga1.bin,250,72,26480,1,0xA3,1,0,0,192,0,0,42268.373072,-20.496547,57190.664113,54813.534021,49213.327467,0.000000,0.000000,0.000000
0.292107,10uVrms10Hz_ch2pga1.bin,250,73,26481,1,0xA3,1,0,0,192,0,0,42270.474136,-20.474195,57193.368673,54816.260934,49215.137959,0.000000,0.000000,0.000000
0.296111,10uVrms10Hz_ch2pga1.bin,250,74,26482,1,0xA3,1,0,0,192,0,0,42272.731662,-20.384789,57196.184993,54819.077253,49216.948450,0.000000,0.000000,0.000000
0.300111,10uVrms10Hz_ch2pga1.bin,250,75,26483,1,0xA3,1,0,0,192,0,0,42275.324464,-20.250678,57199.202478,54822.139442,49219.094217,0.000000,0.000000,0.000000
0.304115,10uVrms10Hz_ch2pga1.bin,250,76,26484,1,0xA3,1,0,0,192,0,0,42277.738452,-20.138919,57202.130556,54825.067520,49221.239984,0.000000,0.000000,0.000000
0.308116,10uVrms10Hz_ch2pga1.bin,250,77,26485,1,0xA3,1,0,0,192,0,0,42279.906571,-20.138919,57204.879820,54827.883840,49223.072827,0.000000,0.000000,0.000000
0.312119,10uVrms10Hz_ch2pga1.bin,250,78,26486,1,0xA3,1,0,0,192,0,0,42282.029986,-20.049512,57207.629085,54830.566049,49224.816263,0.000000,0.000000,0.000000
0.316119,10uVrms10Hz_ch2pga1.bin,250,79,26487,1,0xA3,1,0,0,192,0,0,42284.175754,-20.094216,57210.378349,54833.337665,49226.649106,0.000000,0.000000,0.000000
0.320119,10uVrms10Hz_ch2pga1.bin,250,80,26488,1,0xA3,1,0,0,192,0,0,42286.567390,-20.049512,57213.172317,54836.153984,49228.549004,0.000000,0.000000,0.000000
0.324123,10uVrms10Hz_ch2pga1.bin,250,81,26489,1,0xA3,1,0,0,192,0,0,42289.026082,-20.027161,57216.167450,54839.059711,49230.605364,0.000000,0.000000,0.000000
0.328123,10uVrms10Hz_ch2pga1.bin,250,82,26490,1,0xA3,1,0,0,192,0,0,42291.373014,-20.116568,57219.140232,54842.077196,49232.728779,0.000000,0.000000,0.000000
0.332126,10uVrms10Hz_ch2pga1.bin,250,83,26491,1,0xA3,1,0,0,192,0,0,42293.719947,-20.205975,57222.068310,54844.938219,49234.673381,0.000000,0.000000,0.000000
0.336127,10uVrms10Hz_ch2pga1.bin,250,84,26492,1,0xA3,1,0,0,192,0,0,42296.022177,-20.250678,57224.839926,54847.754538,49236.573279,0.000000,0.000000,0.000000
0.340126,10uVrms10Hz_ch2pga1.bin,250,85,26493,1,0xA3,1,0,0,192,0,0,42298.234999,-20.250678,57227.745652,54850.682616,49238.562584,0.000000,0.000000,0.000000
0.344130,10uVrms10Hz_ch2pga1.bin,250,86,26494,1,0xA3,1,0,0,192,0,0,42300.581932,-20.384789,57230.651379,54853.565991,49240.551889,0.000000,0.000000,0.000000
0.348130,10uVrms10Hz_ch2pga1.bin,250,87,26495,1,0xA3,1,0,0,192,0,0,42302.884161,-20.362437,57233.490050,54856.404662,49242.518842,0.000000,0.000000,0.000000
0.352134,10uVrms10Hz_ch2pga1.bin,250,88,26496,1,0xA3,1,0,0,192,0,0,42305.275798,-20.384789,57236.351073,54859.288037,49244.485795,0.000000,0.000000,0.000000
0.356134,10uVrms10Hz_ch2pga1.bin,250,89,26497,1,0xA3,1,0,0,192,0,0,42307.622731,-20.541251,57239.256799,54862.216115,49246.452749,0.000000,0.000000,0.000000
0.360137,10uVrms10Hz_ch2pga1.bin,250,90,26498,1,0xA3,1,0,0,192,0,0,42310.036719,-20.518899,57242.162526,54865.099490,49248.553813,0.000000,0.000000,0.000000
0.364137,10uVrms10Hz_ch2pga1.bin,250,91,26499,1,0xA3,1,0,0,192,0,0,42312.361300,-20.563602,57245.023549,54868.005216,49250.520766,0.000000,0.000000,0.000000
0.368140,10uVrms10Hz_ch2pga1.bin,250,92,26500,1,0xA3,1,0,0,192,0,0,42314.484715,-20.630658,57247.705758,54870.754480,49252.331257,0.000000,0.000000,0.000000
0.372140,10uVrms10Hz_ch2pga1.bin,250,93,26501,1,0xA3,1,0,0,192,0,0,42316.563427,-20.742416,57250.387967,54873.526096,49254.141748,0.000000,0.000000,0.000000
0.376143,10uVrms10Hz_ch2pga1.bin,250,94,26502,1,0xA3,1,0,0,192,0,0,42318.798602,-20.653009,57253.226638,54876.185954,49255.974591,0.000000,0.000000,0.000000
0.380143,10uVrms10Hz_ch2pga1.bin,250,95,26503,1,0xA3,1,0,0,192,0,0,42321.145535,-20.585954,57256.154716,54879.069328,49257.874489,0.000000,0.000000,0.000000
0.384147,10uVrms10Hz_ch2pga1.bin,250,96,26504,1,0xA3,1,0,0,192,0,0,42323.559523,-20.451844,57259.038091,54882.042110,49259.908497,0.000000,0.000000,0.000000
0.388147,10uVrms10Hz_ch2pga1.bin,250,97,26505,1,0xA3,1,0,0,192,0,0,42325.884104,-20.429492,57261.921465,54884.903133,49261.830747,0.000000,0.000000,0.000000
0.392150,10uVrms10Hz_ch2pga1.bin,250,98,26506,1,0xA3,1,0,0,192,0,0,42328.186333,-20.429492,57264.894247,54887.786508,49263.842404,0.000000,0.000000,0.000000
0.396150,10uVrms10Hz_ch2pga1.bin,250,99,26507,1,0xA3,1,0,0,192,0,0,42330.488563,-20.384789,57267.710567,54890.692234,49265.764654,0.000000,0.000000,0.000000
0.400150,10uVrms10Hz_ch2pga1.bin,250,100,26508,1,0xA3,1,0,0,192,0,0,42332.723737,-20.317733,57270.593941,54893.620312,49267.642200,0.000000,0.000000,0.000000
0.404154,10uVrms10Hz_ch2pga1.bin,250,101,26509,1,0xA3,1,0,0,192,0,0,42335.160077,-20.250678,57273.454964,54896.503687,49269.698560,0.000000,0.000000,0.000000
0.408154,10uVrms10Hz_ch2pga1.bin,250,102,26510,1,0xA3,1,0,0,192,0,0,42337.507010,-20.161271,57276.338339,54899.320006,49271.777272,0.000000,0.000000,0.000000
0.412158,10uVrms10Hz_ch2pga1.bin,250,103,26511,1,0xA3,1,0,0,192,0,0,42339.809239,-20.094216,57279.199362,54902.136326,49273.699522,0.000000,0.000000,0.000000
0.416158,10uVrms10Hz_ch2pga1.bin,250,104,26512,1,0xA3,1,0,0,192,0,0,42342.200875,-20.116568,57282.127440,54904.974997,49275.644124,0.000000,0.000000,0.000000
0.420161,10uVrms10Hz_ch2pga1.bin,250,105,26513,1,0xA3,1,0,0,192,0,0,42344.614863,-20.049512,57284.966111,54907.970130,49277.655780,0.000000,0.000000,0.000000
0.424160,10uVrms10Hz_ch2pga1.bin,250,106,26514,1,0xA3,1,0,0,192,0,0,42346.894741,-20.094216,57287.782431,54910.808802,49279.622734,0.000000,0.000000,0.000000
0.428161,10uVrms10Hz_ch2pga1.bin,250,107,26515,1,0xA3,1,0,0,192,0,0,42349.129915,-20.138919,57290.621102,54913.535714,49281.544983,0.000000,0.000000,0.000000
0.432164,10uVrms10Hz_ch2pga1.bin,250,108,26516,1,0xA3,1,0,0,192,0,0,42351.275682,-20.138919,57293.415070,54916.352034,49283.377826,0.000000,0.000000,0.000000
0.436165,10uVrms10Hz_ch2pga1.bin,250,109,26517,1,0xA3,1,0,0,192,0,0,42353.622615,-20.205975,57296.298444,54919.190705,49285.277724,0.000000,0.000000,0.000000
0.440169,10uVrms10Hz_ch2pga1.bin,250,110,26518,1,0xA3,1,0,0,192,0,0,42355.991900,-20.317733,57299.293578,54922.141135,49287.334085,0.000000,0.000000,0.000000
0.444168,10uVrms10Hz_ch2pga1.bin,250,111,26519,1,0xA3,1,0,0,192,0,0,42358.361185,-20.340085,57302.132249,54925.113916,49289.323390,0.000000,0.000000,0.000000
0.448172,10uVrms10Hz_ch2pga1.bin,250,112,26520,1,0xA3,1,0,0,192,0,0,42360.752821,-20.317733,57305.060327,54928.019643,49291.290343,0.000000,0.000000,0.000000
0.452172,10uVrms10Hz_ch2pga1.bin,250,113,26521,1,0xA3,1,0,0,192,0,0,42363.122106,-20.429492,57308.033109,54930.858314,49293.279648,0.000000,0.000000,0.000000
0.456172,10uVrms10Hz_ch2pga1.bin,250,114,26522,1,0xA3,1,0,0,192,0,0,42365.401983,-20.474195,57310.894132,54933.786392,49295.291305,0.000000,0.000000,0.000000
0.460175,10uVrms10Hz_ch2pga1.bin,250,115,26523,1,0xA3,1,0,0,192,0,0,42367.704213,-20.518899,57313.777506,54936.714470,49297.280610,0.000000,0.000000,0.000000
0.464175,10uVrms10Hz_ch2pga1.bin,250,116,26524,1,0xA3,1,0,0,192,0,0,42370.207608,-20.608306,57316.862047,54939.754307,49299.426377,0.000000,0.000000,0.000000
0.468178,10uVrms10Hz_ch2pga1.bin,250,117,26525,1,0xA3,1,0,0,192,0,0,42372.621596,-20.630658,57319.767773,54942.727089,49301.438034,0.000000,0.000000,0.000000
0.472178,10uVrms10Hz_ch2pga1.bin,250,118,26526,1,0xA3,1,0,0,192,0,0,42374.901474,-20.608306,57322.584093,54945.632815,49303.382635,0.000000,0.000000,0.000000
0.476182,10uVrms10Hz_ch2pga1.bin,250,119,26527,1,0xA3,1,0,0,192,0,0,42377.293110,-20.630658,57325.601578,54948.516190,49305.394292,0.000000,0.000000,0.000000
0.480181,10uVrms10Hz_ch2pga1.bin,250,120,26528,1,0xA3,1,0,0,192,0,0,42379.617691,-20.585954,57328.462601,54951.444268,49307.428300,0.000000,0.000000,0.000000
0.484183,10uVrms10Hz_ch2pga1.bin,250,121,26529,1,0xA3,1,0,0,192,0,0,42382.076383,-20.541251,57331.524789,54954.439402,49309.574068,0.000000,0.000000,0.000000
0.488186,10uVrms10Hz_ch2pga1.bin,250,122,26530,1,0xA3,1,0,0,192,0,0,42384.356260,-20.541251,57334.363461,54957.233369,49311.362207,0.000000,0.000000,0.000000
0.492188,10uVrms10Hz_ch2pga1.bin,250,123,26531,1,0xA3,1,0,0,192,0,0,42386.613786,-20.384789,57337.112725,54960.049689,49313.217402,0.000000,0.000000,0.000000
0.496187,10uVrms10Hz_ch2pga1.bin,250,124,26532,1,0xA3,1,0,0,192,0,0,42388.848960,-20.340085,57339.929044,54962.843657,49315.117300,0.000000,0.000000,0.000000
0.500190,10uVrms10Hz_ch2pga1.bin,250,125,26533,1,0xA3,1,0,0,192,0,0,42391.084135,-20.273030,57342.745364,54965.682328,49317.039549,0.000000,0.000000,0.000000
0.504189,10uVrms10Hz_ch2pga1.bin,250,126,26534,1,0xA3,1,0,0,192,0,0,42393.319309,-20.228326,57345.584035,54968.498647,49318.850040,0.000000,0.000000,0.000000
0.508192,10uVrms10Hz_ch2pga1.bin,250,127,26535,1,0xA3,1,0,0,192,0,0,42395.733297,-20.161271,57348.378003,54971.404374,49320.861697,0.000000,0.000000,0.000000
0.512192,10uVrms10Hz_ch2pga1.bin,250,128,26536,1,0xA3,1,0,0,192,0,0,42398.080230,-20.049512,57351.328433,54974.243045,49322.806299,0.000000,0.000000,0.000000
0.516195,10uVrms10Hz_ch2pga1.bin,250,129,26537,1,0xA3,1,0,0,192,0,0,42400.382459,-20.027161,57354.278862,54977.148771,49324.795604,0.000000,0.000000,0.000000
0.520194,10uVrms10Hz_ch2pga1.bin,250,130,26538,1,0xA3,1,0,0,192,0,0,42402.818799,-20.027161,57357.341051,54980.099201,49326.919019,0.000000,0.000000,0.000000
0.524198,10uVrms10Hz_ch2pga1.bin,250,131,26539,1,0xA3,1,0,0,192,0,0,42405.210435,-20.004809,57360.202074,54983.027279,49328.908324,0.000000,0.000000,0.000000
0.528197,10uVrms10Hz_ch2pga1.bin,250,132,26540,1,0xA3,1,0,0,192,0,0,42407.602072,-20.071864,57363.085449,54985.933006,49330.852926,0.000000,0.000000,0.000000
0.532200,10uVrms10Hz_ch2pga1.bin,250,133,26541,1,0xA3,1,0,0,192,0,0,42409.881949,-20.161271,57365.879416,54988.816381,49332.819879,0.000000,0.000000,0.000000
0.536202,10uVrms10Hz_ch2pga1.bin,250,134,26542,1,0xA3,1,0,0,192,0,0,42412.184179,-20.161271,57368.785143,54991.655052,49334.809184,0.000000,0.000000,0.000000
0.540202,10uVrms10Hz_ch2pga1.bin,250,135,26543,1,0xA3,1,0,0,192,0,0,42414.464056,-20.250678,57371.690869,54994.516075,49336.753786,0.000000,0.000000,0.000000
0.544205,10uVrms10Hz_ch2pga1.bin,250,136,26544,1,0xA3,1,0,0,192,0,0,42416.788638,-20.384789,57374.551892,54997.399449,49338.743091,0.000000,0.000000,0.000000
0.548207,10uVrms10Hz_ch2pga1.bin,250,137,26545,1,0xA3,1,0,0,192,0,0,42419.113219,-20.384789,57377.345860,55000.238121,49340.732396,0.000000,0.000000,0.000000
0.552206,10uVrms10Hz_ch2pga1.bin,250,138,26546,1,0xA3,1,0,0,192,0,0,42421.303689,-20.474195,57380.229235,55003.076792,49342.587590,0.000000,0.000000,0.000000
0.556209,10uVrms10Hz_ch2pga1.bin,250,139,26547,1,0xA3,1,0,0,192,0,0,42423.583567,-20.608306,57383.045554,55005.893111,49344.465137,0.000000,0.000000,0.000000
0.560209,10uVrms10Hz_ch2pga1.bin,250,140,26548,1,0xA3,1,0,0,192,0,0,42425.863445,-20.608306,57385.928929,55008.709431,49346.365035,0.000000,0.000000,0.000000
0.564212,10uVrms10Hz_ch2pga1.bin,250,141,26549,1,0xA3,1,0,0,192,0,0,42428.210378,-20.608306,57388.678193,55011.503398,49348.264933,0.000000,0.000000,0.000000
0.568214,10uVrms10Hz_ch2pga1.bin,250,142,26550,1,0xA3,1,0,0,192,0,0,42430.490255,-20.653009,57391.472161,55014.431477,49350.254238,0.000000,0.000000,0.000000
0.572214,10uVrms10Hz_ch2pga1.bin,250,143,26551,1,0xA3,1,0,0,192,0,0,42432.859540,-20.653009,57394.467294,55017.404258,49352.198839,0.000000,0.000000,0.000000
0.576217,10uVrms10Hz_ch2pga1.bin,250,144,26552,1,0xA3,1,0,0,192,0,0,42435.251176,-20.563602,57397.395372,55020.242929,49354.165792,0.000000,0.000000,0.000000
0.580217,10uVrms10Hz_ch2pga1.bin,250,145,26553,1,0xA3,1,0,0,192,0,0,42437.508702,-20.608306,57400.189340,55023.081601,49356.088042,0.000000,0.000000,0.000000
0.584219,10uVrms10Hz_ch2pga1.bin,250,146,26554,1,0xA3,1,0,0,192,0,0,42439.699173,-20.518899,57402.960956,55025.875568,49358.054996,0.000000,0.000000,0.000000
0.588218,10uVrms10Hz_ch2pga1.bin,250,147,26555,1,0xA3,1,0,0,192,0,0,42442.001402,-20.474195,57405.732572,55028.624833,49359.977245,0.000000,0.000000,0.000000
0.592222,10uVrms10Hz_ch2pga1.bin,250,148,26556,1,0xA3,1,0,0,192,0,0,42444.169521,-20.429492,57408.504188,55031.418800,49361.787736,0.000000,0.000000,0.000000
0.596221,10uVrms10Hz_ch2pga1.bin,250,149,26557,1,0xA3,1,0,0,192,0,0,42446.449399,-20.362437,57411.275804,55034.212768,49363.575876,0.000000,0.000000,0.000000
0.600225,10uVrms10Hz_ch2pga1.bin,250,150,26558,1,0xA3,1,0,0,192,0,0,42448.796332,-20.250678,57414.136827,55037.096143,49365.632236,0.000000,0.000000,0.000000
0.604228,10uVrms10Hz_ch2pga1.bin,250,151,26559,1,0xA3,1,0,0,192,0,0,42451.210320,-20.116568,57417.064905,55040.046573,49367.710948,0.000000,0.000000,0.000000
0.608228,10uVrms10Hz_ch2pga1.bin,250,152,26560,1,0xA3,1,0,0,192,0,0,42453.512549,-20.138919,57419.970632,55042.929947,49369.655550,0.000000,0.000000,0.000000
0.612231,10uVrms10Hz_ch2pga1.bin,250,153,26561,1,0xA3,1,0,0,192,0,0,42455.747724,-20.138919,57422.697544,55045.612156,49371.510744,0.000000,0.000000,0.000000
0.616230,10uVrms10Hz_ch2pga1.bin,250,154,26562,1,0xA3,1,0,0,192,0,0,42457.938194,-20.094216,57425.558567,55048.406124,49373.432994,0.000000,0.000000,0.000000
0.620233,10uVrms10Hz_ch2pga1.bin,250,155,26563,1,0xA3,1,0,0,192,0,0,42460.352182,-20.094216,57428.397238,55051.378906,49375.422299,0.000000,0.000000,0.000000
0.624232,10uVrms10Hz_ch2pga1.bin,250,156,26564,1,0xA3,1,0,0,192,0,0,42462.632060,-20.138919,57431.213558,55054.217577,49377.411604,0.000000,0.000000,0.000000
0.628236,10uVrms10Hz_ch2pga1.bin,250,157,26565,1,0xA3,1,0,0,192,0,0,42464.978993,-20.071864,57434.186339,55057.033896,49379.378557,0.000000,0.000000,0.000000
0.632236,10uVrms10Hz_ch2pga1.bin,250,158,26566,1,0xA3,1,0,0,192,0,0,42467.392981,-20.094216,57437.114418,55059.984326,49381.390214,0.000000,0.000000,0.000000
0.636238,10uVrms10Hz_ch2pga1.bin,250,159,26567,1,0xA3,1,0,0,192,0,0,42469.650507,-20.183623,57439.818978,55062.800646,49383.312464,0.000000,0.000000,0.000000
0.640238,10uVrms10Hz_ch2pga1.bin,250,160,26568,1,0xA3,1,0,0,192,0,0,42471.952736,-20.317733,57442.657650,55065.751076,49385.301769,0.000000,0.000000,0.000000
0.644241,10uVrms10Hz_ch2pga1.bin,250,161,26569,1,0xA3,1,0,0,192,0,0,42474.254966,-20.384789,57445.585728,55068.679154,49387.380481,0.000000,0.000000,0.000000
0.648241,10uVrms10Hz_ch2pga1.bin,250,162,26570,1,0xA3,1,0,0,192,0,0,42476.557195,-20.384789,57448.424399,55071.517825,49389.258027,0.000000,0.000000,0.000000
0.652245,10uVrms10Hz_ch2pga1.bin,250,163,26571,1,0xA3,1,0,0,192,0,0,42478.948832,-20.429492,57451.330125,55074.356496,49391.202629,0.000000,0.000000,0.000000
0.656245,10uVrms10Hz_ch2pga1.bin,250,164,26572,1,0xA3,1,0,0,192,0,0,42481.318116,-20.541251,57454.146445,55077.172816,49393.236637,0.000000,0.000000,0.000000
0.660248,10uVrms10Hz_ch2pga1.bin,250,165,26573,1,0xA3,1,0,0,192,0,0,42483.754456,-20.608306,57457.141578,55080.212653,49395.382404,0.000000,0.000000,0.000000
0.664247,10uVrms10Hz_ch2pga1.bin,250,166,26574,1,0xA3,1,0,0,192,0,0,42486.213148,-20.720065,57460.181415,55083.319545,49397.483468,0.000000,0.000000,0.000000
0.668251,10uVrms10Hz_ch2pga1.bin,250,167,26575,1,0xA3,1,0,0,192,0,0,42488.560081,-20.764768,57463.042438,55086.180568,49399.405718,0.000000,0.000000,0.000000
0.672251,10uVrms10Hz_ch2pga1.bin,250,168,26576,1,0xA3,1,0,0,192,0,0,42490.839958,-20.675361,57465.791702,55088.952184,49401.283264,0.000000,0.000000,0.000000
0.676254,10uVrms10Hz_ch2pga1.bin,250,169,26577,1,0xA3,1,0,0,192,0,0,42493.030429,-20.608306,57468.496263,55091.768503,49403.138459,0.000000,0.000000,0.000000
0.680254,10uVrms10Hz_ch2pga1.bin,250,170,26578,1,0xA3,1,0,0,192,0,0,42495.265603,-20.630658,57471.357286,55094.629526,49405.105412,0.000000,0.000000,0.000000
0.684257,10uVrms10Hz_ch2pga1.bin,250,171,26579,1,0xA3,1,0,0,192,0,0,42497.657239,-20.563602,57474.263012,55097.512901,49407.117069,0.000000,0.000000,0.000000
0.688257,10uVrms10Hz_ch2pga1.bin,250,172,26580,1,0xA3,1,0,0,192,0,0,42499.892414,-20.429492,57477.079332,55100.306869,49408.972263,0.000000,0.000000,0.000000
0.692261,10uVrms10Hz_ch2pga1.bin,250,173,26581,1,0xA3,1,0,0,192,0,0,42502.194643,-20.429492,57479.940355,55103.167892,49410.983920,0.000000,0.000000,0.000000
0.696261,10uVrms10Hz_ch2pga1.bin,250,174,26582,1,0xA3,1,0,0,192,0,0,42504.586279,-20.362437,57482.779026,55106.051266,49412.950873,0.000000,0.000000,0.000000
0.700261,10uVrms10Hz_ch2pga1.bin,250,175,26583,1,0xA3,1,0,0,192,0,0,42506.799102,-20.317733,57485.595345,55108.845234,49414.850771,0.000000,0.000000,0.000000
0.704264,10uVrms10Hz_ch2pga1.bin,250,176,26584,1,0xA3,1,0,0,192,0,0,42509.078979,-20.250678,57488.545775,55111.773312,49416.929483,0.000000,0.000000,0.000000
0.708264,10uVrms10Hz_ch2pga1.bin,250,177,26585,1,0xA3,1,0,0,192,0,0,42511.425912,-20.183623,57491.429150,55114.567280,49418.829381,0.000000,0.000000,0.000000
0.712266,10uVrms10Hz_ch2pga1.bin,250,178,26586,1,0xA3,1,0,0,192,0,0,42513.750494,-20.183623,57494.245470,55117.383599,49420.706928,0.000000,0.000000,0.000000
0.716269,10uVrms10Hz_ch2pga1.bin,250,179,26587,1,0xA3,1,0,0,192,0,0,42516.008019,-20.116568,57496.994734,55120.132864,49422.539771,0.000000,0.000000,0.000000
0.720268,10uVrms10Hz_ch2pga1.bin,250,180,26588,1,0xA3,1,0,0,192,0,0,42518.332601,-20.071864,57499.855757,55123.127997,49424.596131,0.000000,0.000000,0.000000
0.724271,10uVrms10Hz_ch2pga1.bin,250,181,26589,1,0xA3,1,0,0,192,0,0,42520.835996,-20.094216,57502.895594,55126.078427,49426.674843,0.000000,0.000000,0.000000
0.728271,10uVrms10Hz_ch2pga1.bin,250,182,26590,1,0xA3,1,0,0,192,0,0,42523.160577,-20.116568,57505.756617,55128.961802,49428.619444,0.000000,0.000000,0.000000
0.732275,10uVrms10Hz_ch2pga1.bin,250,183,26591,1,0xA3,1,0,0,192,0,0,42525.283992,-20.138919,57508.528233,55131.711066,49430.474639,0.000000,0.000000,0.000000
0.736274,10uVrms10Hz_ch2pga1.bin,250,184,26592,1,0xA3,1,0,0,192,0,0,42527.452111,-20.138919,57511.255145,55134.437978,49432.307482,0.000000,0.000000,0.000000
0.740277,10uVrms10Hz_ch2pga1.bin,250,185,26593,1,0xA3,1,0,0,192,0,0,42529.754341,-20.161271,57514.004409,55137.231946,49434.207380,0.000000,0.000000,0.000000
0.744279,10uVrms10Hz_ch2pga1.bin,250,186,26594,1,0xA3,1,0,0,192,0,0,42532.056570,-20.228326,57516.843081,55140.070617,49436.151981,0.000000,0.000000,0.000000
0.748279,10uVrms10Hz_ch2pga1.bin,250,187,26595,1,0xA3,1,0,0,192,0,0,42534.314096,-20.384789,57519.547641,55142.819881,49438.007176,0.000000,0.000000,0.000000
0.752281,10uVrms10Hz_ch2pga1.bin,250,188,26596,1,0xA3,1,0,0,192,0,0,42536.571622,-20.474195,57522.408664,55145.591497,49439.907074,0.000000,0.000000,0.000000
0.756281,10uVrms10Hz_ch2pga1.bin,250,189,26597,1,0xA3,1,0,0,192,0,0,42538.963258,-20.541251,57525.314391,55148.474872,49441.985786,0.000000,0.000000,0.000000
0.760285,10uVrms10Hz_ch2pga1.bin,250,190,26598,1,0xA3,1,0,0,192,0,0,42541.332543,-20.675361,57528.197765,55151.425302,49443.930387,0.000000,0.000000,0.000000
0.764285,10uVrms10Hz_ch2pga1.bin,250,191,26599,1,0xA3,1,0,0,192,0,0,42543.545365,-20.630658,57531.081140,55154.286325,49445.807934,0.000000,0.000000,0.000000
0.768289,10uVrms10Hz_ch2pga1.bin,250,192,26600,1,0xA3,1,0,0,192,0,0,42545.847595,-20.608306,57533.808053,55157.013237,49447.774887,0.000000,0.000000,0.000000
0.772289,10uVrms10Hz_ch2pga1.bin,250,193,26601,1,0xA3,1,0,0,192,0,0,42548.105121,-20.653009,57536.534965,55159.807205,49449.652433,0.000000,0.000000,0.000000
0.776289,10uVrms10Hz_ch2pga1.bin,250,194,26602,1,0xA3,1,0,0,192,0,0,42550.362647,-20.653009,57539.440691,55162.645876,49451.574683,0.000000,0.000000,0.000000
0.780292,10uVrms10Hz_ch2pga1.bin,250,195,26603,1,0xA3,1,0,0,192,0,0,42552.866042,-20.585954,57542.324066,55165.551603,49453.608692,0.000000,0.000000,0.000000
0.784293,10uVrms10Hz_ch2pga1.bin,250,196,26604,1,0xA3,1,0,0,192,0,0,42555.324733,-20.563602,57545.274496,55168.591440,49455.709755,0.000000,0.000000,0.000000
0.788296,10uVrms10Hz_ch2pga1.bin,250,197,26605,1,0xA3,1,0,0,192,0,0,42557.649314,-20.496547,57548.269629,55171.519518,49457.766116,0.000000,0.000000,0.000000
0.792296,10uVrms10Hz_ch2pga1.bin,250,198,26606,1,0xA3,1,0,0,192,0,0,42559.973896,-20.340085,57551.175356,55174.335837,49459.710717,0.000000,0.000000,0.000000
0.796299,10uVrms10Hz_ch2pga1.bin,250,199,26607,1,0xA3,1,0,0,192,0,0,42562.253773,-20.250678,57553.991675,55177.152157,49461.588264,0.000000,0.000000,0.000000
0.800300,10uVrms10Hz_ch2pga1.bin,250,200,26608,1,0xA3,1,0,0,192,0,0,42564.399540,-20.250678,57556.740940,55179.946125,49463.465810,0.000000,0.000000,0.000000
0.804299,10uVrms10Hz_ch2pga1.bin,250,201,26609,1,0xA3,1,0,0,192,0,0,42566.701770,-20.228326,57559.490204,55182.807148,49465.477467,0.000000,0.000000,0.000000
0.808303,10uVrms10Hz_ch2pga1.bin,250,202,26610,1,0xA3,1,0,0,192,0,0,42568.914592,-20.228326,57562.306523,55185.668170,49467.377365,0.000000,0.000000,0.000000
0.812304,10uVrms10Hz_ch2pga1.bin,250,203,26611,1,0xA3,1,0,0,192,0,0,42571.194470,-20.094216,57565.078139,55188.484490,49469.254911,0.000000,0.000000,0.000000
0.816304,10uVrms10Hz_ch2pga1.bin,250,204,26612,1,0xA3,1,0,0,192,0,0,42573.496699,-20.027161,57567.872107,55191.278458,49471.266568,0.000000,0.000000,0.000000
0.820308,10uVrms10Hz_ch2pga1.bin,250,205,26613,1,0xA3,1,0,0,192,0,0,42575.798929,-20.027161,57570.777833,55194.139481,49473.166466,0.000000,0.000000,0.000000
0.824309,10uVrms10Hz_ch2pga1.bin,250,206,26614,1,0xA3,1,0,0,192,0,0,42578.101158,-20.027161,57573.571801,55196.978152,49475.133419,0.000000,0.000000,0.000000
0.828310,10uVrms10Hz_ch2pga1.bin,250,207,26615,1,0xA3,1,0,0,192,0,0,42580.381036,-20.094216,57576.365769,55199.772120,49477.033317,0.000000,0.000000,0.000000
0.832313,10uVrms10Hz_ch2pga1.bin,250,208,26616,1,0xA3,1,0,0,192,0,0,42582.638562,-20.183623,57579.226792,55202.610791,49478.888512,0.000000,0.000000,0.000000
0.836313,10uVrms10Hz_ch2pga1.bin,250,209,26617,1,0xA3,1,0,0,192,0,0,42584.940791,-20.205975,57581.998408,55205.427110,49480.699003,0.000000,0.000000,0.000000
0.840317,10uVrms10Hz_ch2pga1.bin,250,210,26618,1,0xA3,1,0,0,192,0,0,42587.354779,-20.228326,57584.926486,55208.377540,49482.688308,0.000000,0.000000,0.000000
0.844316,10uVrms10Hz_ch2pga1.bin,250,211,26619,1,0xA3,1,0,0,192,0,0,42589.634657,-20.295382,57587.765157,55211.238563,49484.767020,0.000000,0.000000,0.000000
0.848320,10uVrms10Hz_ch2pga1.bin,250,212,26620,1,0xA3,1,0,0,192,0,0,42591.981590,-20.362437,57590.581477,55214.077234,49486.778677,0.000000,0.000000,0.000000
0.852320,10uVrms10Hz_ch2pga1.bin,250,213,26621,1,0xA3,1,0,0,192,0,0,42594.172060,-20.429492,57593.420148,55216.804147,49488.566816,0.000000,0.000000,0.000000
0.856323,10uVrms10Hz_ch2pga1.bin,250,214,26622,1,0xA3,1,0,0,192,0,0,42596.407235,-20.541251,57596.236467,55219.553411,49490.422010,0.000000,0.000000,0.000000
0.860323,10uVrms10Hz_ch2pga1.bin,250,215,26623,1,0xA3,1,0,0,192,0,0,42598.687112,-20.608306,57599.075139,55222.369730,49492.411315,0.000000,0.000000,0.000000
0.864326,10uVrms10Hz_ch2pga1.bin,250,216,26624,1,0xA3,1,0,0,192,0,0,42601.145804,-20.608306,57601.958513,55225.320160,49494.445324,0.000000,0.000000,0.000000
0.868327,10uVrms10Hz_ch2pga1.bin,250,217,26625,1,0xA3,1,0,0,192,0,0,42603.492737,-20.585954,57604.819536,55228.270590,49496.524036,0.000000,0.000000,0.000000
0.872328,10uVrms10Hz_ch2pga1.bin,250,218,26626,1,0xA3,1,0,0,192,0,0,42605.794966,-20.585954,57607.769966,55231.176317,49498.468637,0.000000,0.000000,0.000000
0.876332,10uVrms10Hz_ch2pga1.bin,250,219,26627,1,0xA3,1,0,0,192,0,0,42608.119547,-20.585954,57610.586286,55234.059691,49500.413239,0.000000,0.000000,0.000000
0.880332,10uVrms10Hz_ch2pga1.bin,250,220,26628,1,0xA3,1,0,0,192,0,0,42610.444129,-20.541251,57613.380253,55236.943066,49502.268434,0.000000,0.000000,0.000000
0.884332,10uVrms10Hz_ch2pga1.bin,250,221,26629,1,0xA3,1,0,0,192,0,0,42612.724006,-20.496547,57616.263628,55239.781737,49504.257739,0.000000,0.000000,0.000000
0.888336,10uVrms10Hz_ch2pga1.bin,250,222,26630,1,0xA3,1,0,0,192,0,0,42615.003884,-20.474195,57619.057596,55242.553353,49506.179988,0.000000,0.000000,0.000000
0.892335,10uVrms10Hz_ch2pga1.bin,250,223,26631,1,0xA3,1,0,0,192,0,0,42617.283762,-20.451844,57621.873915,55245.347321,49508.079886,0.000000,0.000000,0.000000
0.896338,10uVrms10Hz_ch2pga1.bin,250,224,26632,1,0xA3,1,0,0,192,0,0,42619.720101,-20.340085,57624.779642,55248.297751,49510.180950,0.000000,0.000000,0.000000
0.900339,10uVrms10Hz_ch2pga1.bin,250,225,26633,1,0xA3,1,0,0,192,0,0,42621.977627,-20.250678,57627.573609,55251.136422,49512.103200,0.000000,0.000000,0.000000
0.904342,10uVrms10Hz_ch2pga1.bin,250,226,26634,1,0xA3,1,0,0,192,0,0,42624.145746,-20.250678,57630.367577,55253.908038,49513.936043,0.000000,0.000000,0.000000
0.908342,10uVrms10Hz_ch2pga1.bin,250,227,26635,1,0xA3,1,0,0,192,0,0,42626.403272,-20.205975,57633.161545,55256.679654,49515.813589,0.000000,0.000000,0.000000
0.912343,10uVrms10Hz_ch2pga1.bin,250,228,26636,1,0xA3,1,0,0,192,0,0,42628.705502,-20.094216,57635.955513,55259.495974,49517.624080,0.000000,0.000000,0.000000
0.916346,10uVrms10Hz_ch2pga1.bin,250,229,26637,1,0xA3,1,0,0,192,0,0,42630.873621,-20.116568,57638.727129,55262.200534,49519.501626,0.000000,0.000000,0.000000
0.920346,10uVrms10Hz_ch2pga1.bin,250,230,26638,1,0xA3,1,0,0,192,0,0,42633.131146,-20.094216,57641.610503,55265.061557,49521.490932,0.000000,0.000000,0.000000
0.924350,10uVrms10Hz_ch2pga1.bin,250,231,26639,1,0xA3,1,0,0,192,0,0,42635.656893,-20.049512,57644.717395,55268.056691,49523.659050,0.000000,0.000000,0.000000
0.928350,10uVrms10Hz_ch2pga1.bin,250,232,26640,1,0xA3,1,0,0,192,0,0,42638.070881,-20.094216,57647.623122,55271.051824,49525.670707,0.000000,0.000000,0.000000
0.932353,10uVrms10Hz_ch2pga1.bin,250,233,26641,1,0xA3,1,0,0,192,0,0,42640.373111,-20.138919,57650.372386,55273.912847,49527.637661,0.000000,0.000000,0.000000
0.936353,10uVrms10Hz_ch2pga1.bin,250,234,26642,1,0xA3,1,0,0,192,0,0,42642.720044,-20.183623,57653.211057,55276.729167,49529.492855,0.000000,0.000000,0.000000
0.940356,10uVrms10Hz_ch2pga1.bin,250,235,26643,1,0xA3,1,0,0,192,0,0,42645.022273,-20.340085,57656.116784,55279.590189,49531.526864,0.000000,0.000000,0.000000
0.944357,10uVrms10Hz_ch2pga1.bin,250,236,26644,1,0xA3,1,0,0,192,0,0,42647.413909,-20.362437,57658.888400,55282.540619,49533.493817,0.000000,0.000000,0.000000
0.948360,10uVrms10Hz_ch2pga1.bin,250,237,26645,1,0xA3,1,0,0,192,0,0,42649.649084,-20.362437,57661.660016,55285.401642,49535.460770,0.000000,0.000000,0.000000
0.952360,10uVrms10Hz_ch2pga1.bin,250,238,26646,1,0xA3,1,0,0,192,0,0,42651.951313,-20.474195,57664.543390,55288.150907,49537.405372,0.000000,0.000000,0.000000
0.956363,10uVrms10Hz_ch2pga1.bin,250,239,26647,1,0xA3,1,0,0,192,0,0,42654.365301,-20.563602,57667.560875,55291.034281,49539.394677,0.000000,0.000000,0.000000
0.960363,10uVrms10Hz_ch2pga1.bin,250,240,26648,1,0xA3,1,0,0,192,0,0,42656.734586,-20.563602,57670.421898,55293.940008,49541.428685,0.000000,0.000000,0.000000
0.964363,10uVrms10Hz_ch2pga1.bin,250,241,26649,1,0xA3,1,0,0,192,0,0,42659.081519,-20.585954,57673.238218,55296.868086,49543.417990,0.000000,0.000000,0.000000
0.968367,10uVrms10Hz_ch2pga1.bin,250,242,26650,1,0xA3,1,0,0,192,0,0,42661.450803,-20.630658,57676.076889,55299.662054,49545.384943,0.000000,0.000000,0.000000
0.972367,10uVrms10Hz_ch2pga1.bin,250,243,26651,1,0xA3,1,0,0,192,0,0,42663.775384,-20.585954,57679.004967,55302.500725,49547.374249,0.000000,0.000000,0.000000
0.976368,10uVrms10Hz_ch2pga1.bin,250,244,26652,1,0xA3,1,0,0,192,0,0,42666.077614,-20.675361,57681.776583,55305.339396,49549.274147,0.000000,0.000000,0.000000
0.980372,10uVrms10Hz_ch2pga1.bin,250,245,26653,1,0xA3,1,0,0,192,0,0,42668.111622,-20.630658,57684.458792,55308.178067,49551.084638,0.000000,0.000000,0.000000
0.984372,10uVrms10Hz_ch2pga1.bin,250,246,26654,1,0xA3,1,0,0,192,0,0,42670.458555,-20.541251,57687.275112,55310.972035,49552.984536,0.000000,0.000000,0.000000
0.988372,10uVrms10Hz_ch2pga1.bin,250,247,26655,1,0xA3,1,0,0,192,0,0,42672.783136,-20.474195,57690.046728,55313.721299,49554.772675,0.000000,0.000000,0.000000
0.992376,10uVrms10Hz_ch2pga1.bin,250,248,26656,1,0xA3,1,0,0,192,0,0,42675.018311,-20.407140,57692.840695,55316.515267,49556.605518,0.000000,0.000000,0.000000
0.996376,10uVrms10Hz_ch2pga1.bin,250,249,26657,1,0xA3,1,0,0,192,0,0,42677.164078,-20.340085,57695.657015,55319.309235,49558.460712,0.000000,0.000000,0.000000
1.000380,10uVrms10Hz_ch2pga1.bin,250,250,26658,1,0xA3,1,0,0,192,0,0,42679.443955,-20.317733,57698.406279,55322.147906,49560.360610,0.000000,0.000000,0.000000
1.004380,10uVrms10Hz_ch2pga1.bin,250,251,26659,1,0xA3,1,0,0,192,0,0,42681.701481,-20.228326,57701.133192,55324.919522,49562.282860,0.000000,0.000000,0.000000
1.008384,10uVrms10Hz_ch2pga1.bin,250,252,26660,1,0xA3,1,0,0,192,0,0,42683.847249,-20.205975,57703.882456,55327.691138,49564.138055,0.000000,0.000000,0.000000
1.012383,10uVrms10Hz_ch2pga1.bin,250,253,26661,1,0xA3,1,0,0,192,0,0,42686.104774,-20.116568,57706.676424,55330.485106,49566.082656,0.000000,0.000000,0.000000
1.016386,10uVrms10Hz_ch2pga1.bin,250,254,26662,1,0xA3,1,0,0,192,0,0,42688.384652,-20.027161,57709.649205,55333.368480,49568.004906,0.000000,0.000000,0.000000
1.020387,10uVrms10Hz_ch2pga1.bin,250,255,26663,1,0xA3,1,0,0,192,0,0,42690.731585,-20.094216,57712.554932,55336.274207,49570.016563,0.000000,0.000000,0.000000
1.024386,10uVrms10Hz_ch2pga1.bin,250,256,26664,1,0xA3,1,0,0,192,0,0,42693.078518,-20.049512,57715.348899,55339.179933,49572.005868,0.000000,0.000000,0.000000
1.028391,10uVrms10Hz_ch2pga1.bin,250,257,26665,1,0xA3,1,0,0,192,0,0,42695.313692,-20.116568,57718.165219,55341.951549,49573.905766,0.000000,0.000000,0.000000
1.032391,10uVrms10Hz_ch2pga1.bin,250,258,26666,1,0xA3,1,0,0,192,0,0,42697.638273,-20.116568,57721.048594,55344.790220,49575.872719,0.000000,0.000000,0.000000
1.036392,10uVrms10Hz_ch2pga1.bin,250,259,26667,1,0xA3,1,0,0,192,0,0,42700.007558,-20.183623,57723.909616,55347.695947,49577.839673,0.000000,0.000000,0.000000
1.040395,10uVrms10Hz_ch2pga1.bin,250,260,26668,1,0xA3,1,0,0,192,0,0,42702.175677,-20.183623,57726.591825,55350.467563,49579.650164,0.000000,0.000000,0.000000
1.044395,10uVrms10Hz_ch2pga1.bin,250,261,26669,1,0xA3,1,0,0,192,0,0,42704.612017,-20.273030,57729.452848,55353.395641,49581.661820,0.000000,0.000000,0.000000
1.048398,10uVrms10Hz_ch2pga1.bin,250,262,26670,1,0xA3,1,0,0,192,0,0,42706.869543,-20.362437,57732.380927,55356.234312,49583.628774,0.000000,0.000000,0.000000
1.052398,10uVrms10Hz_ch2pga1.bin,250,263,26671,1,0xA3,1,0,0,192,0,0,42709.127069,-20.451844,57735.174894,55359.028280,49585.506320,0.000000,0.000000,0.000000
1.056401,10uVrms10Hz_ch2pga1.bin,250,264,26672,1,0xA3,1,0,0,192,0,0,42711.406946,-20.541251,57737.946510,55361.866951,49587.473273,0.000000,0.000000,0.000000
1.060402,10uVrms10Hz_ch2pga1.bin,250,265,26673,1,0xA3,1,0,0,192,0,0,42713.731527,-20.608306,57740.874588,55364.795029,49589.507282,0.000000,0.000000,0.000000
1.064402,10uVrms10Hz_ch2pga1.bin,250,266,26674,1,0xA3,1,0,0,192,0,0,42716.078460,-20.697713,57743.869722,55367.767811,49591.474235,0.000000,0.000000,0.000000
1.068405,10uVrms10Hz_ch2pga1.bin,250,267,26675,1,0xA3,1,0,0,192,0,0,42718.492448,-20.563602,57746.686041,55370.651186,49593.441188,0.000000,0.000000,0.000000
1.072405,10uVrms10Hz_ch2pga1.bin,250,268,26676,1,0xA3,1,0,0,192,0,0,42720.749974,-20.585954,57749.502361,55373.489857,49595.408142,0.000000,0.000000,0.000000
1.076409,10uVrms10Hz_ch2pga1.bin,250,269,26677,1,0xA3,1,0,0,192,0,0,42723.096907,-20.585954,57752.408087,55376.395583,49597.442150,0.000000,0.000000,0.000000
1.080409,10uVrms10Hz_ch2pga1.bin,250,270,26678,1,0xA3,1,0,0,192,0,0,42725.555599,-20.630658,57755.425572,55379.368365,49599.498510,0.000000,0.000000,0.000000
1.084412,10uVrms10Hz_ch2pga1.bin,250,271,26679,1,0xA3,1,0,0,192,0,0,42727.969587,-20.563602,57758.331299,55382.274091,49601.487815,0.000000,0.000000,0.000000
1.088413,10uVrms10Hz_ch2pga1.bin,250,272,26680,1,0xA3,1,0,0,192,0,0,42730.160058,-20.474195,57761.192322,55385.135114,49603.454769,0.000000,0.000000,0.000000
1.092414,10uVrms10Hz_ch2pga1.bin,250,273,26681,1,0xA3,1,0,0,192,0,0,42732.372880,-20.429492,57763.963938,55387.996137,49605.332315,0.000000,0.000000,0.000000
1.096417,10uVrms10Hz_ch2pga1.bin,250,274,26682,1,0xA3,1,0,0,192,0,0,42734.786868,-20.362437,57766.869664,55390.857160,49607.299268,0.000000,0.000000,0.000000
1.100417,10uVrms10Hz_ch2pga1.bin,250,275,26683,1,0xA3,1,0,0,192,0,0,42737.156153,-20.340085,57769.842446,55393.852293,49609.400332,0.000000,0.000000,0.000000
1.104418,10uVrms10Hz_ch2pga1.bin,250,276,26684,1,0xA3,1,0,0,192,0,0,42739.570141,-20.295382,57772.792876,55396.802723,49611.411989,0.000000,0.000000,0.000000
1.108421,10uVrms10Hz_ch2pga1.bin,250,277,26685,1,0xA3,1,0,0,192,0,0,42741.961777,-20.161271,57775.631547,55399.663746,49613.490701,0.000000,0.000000,0.000000
1.112422,10uVrms10Hz_ch2pga1.bin,250,278,26686,1,0xA3,1,0,0,192,0,0,42744.264007,-20.116568,57778.559625,55402.636528,49615.435302,0.000000,0.000000,0.000000
1.116425,10uVrms10Hz_ch2pga1.bin,250,279,26687,1,0xA3,1,0,0,192,0,0,42746.543884,-20.094216,57781.420648,55405.475199,49617.379904,0.000000,0.000000,0.000000
1.120426,10uVrms10Hz_ch2pga1.bin,250,280,26688,1,0xA3,1,0,0,192,0,0,42749.024928,-20.094216,57784.304023,55408.425629,49619.436264,0.000000,0.000000,0.000000
1.124427,10uVrms10Hz_ch2pga1.bin,250,281,26689,1,0xA3,1,0,0,192,0,0,42751.371861,-20.094216,57787.276804,55411.398411,49621.514976,0.000000,0.000000,0.000000
1.128430,10uVrms10Hz_ch2pga1.bin,250,282,26690,1,0xA3,1,0,0,192,0,0,42753.696442,-20.049512,57790.227234,55414.281785,49623.392522,0.000000,0.000000,0.000000
1.132429,10uVrms10Hz_ch2pga1.bin,250,283,26691,1,0xA3,1,0,0,192,0,0,42756.266892,-20.071864,57793.311775,55417.299271,49625.448883,0.000000,0.000000,0.000000
1.136431,10uVrms10Hz_ch2pga1.bin,250,284,26692,1,0xA3,1,0,0,192,0,0,42758.591473,-20.116568,57796.306908,55420.294404,49627.549946,0.000000,0.000000,0.000000
1.140434,10uVrms10Hz_ch2pga1.bin,250,285,26693,1,0xA3,1,0,0,192,0,0,42760.916054,-20.250678,57799.212635,55423.222482,49629.606307,0.000000,0.000000,0.000000
1.144433,10uVrms10Hz_ch2pga1.bin,250,286,26694,1,0xA3,1,0,0,192,0,0,42763.330042,-20.362437,57802.073658,55426.083505,49631.617963,0.000000,0.000000,0.000000
1.148436,10uVrms10Hz_ch2pga1.bin,250,287,26695,1,0xA3,1,0,0,192,0,0,42765.587568,-20.362437,57804.822922,55428.832769,49633.562565,0.000000,0.000000,0.000000
1.152437,10uVrms10Hz_ch2pga1.bin,250,288,26696,1,0xA3,1,0,0,192,0,0,42767.912149,-20.474195,57807.706296,55431.671441,49635.507166,0.000000,0.000000,0.000000
1.156440,10uVrms10Hz_ch2pga1.bin,250,289,26697,1,0xA3,1,0,0,192,0,0,42770.124972,-20.541251,57810.500264,55434.554815,49637.384713,0.000000,0.000000,0.000000
1.160439,10uVrms10Hz_ch2pga1.bin,250,290,26698,1,0xA3,1,0,0,192,0,0,42772.337794,-20.585954,57813.361287,55437.415838,49639.374018,0.000000,0.000000,0.000000
1.164442,10uVrms10Hz_ch2pga1.bin,250,291,26699,1,0xA3,1,0,0,192,0,0,42774.952948,-20.585954,57816.378772,55440.478027,49641.519785,0.000000,0.000000,0.000000
1.168442,10uVrms10Hz_ch2pga1.bin,250,292,26700,1,0xA3,1,0,0,192,0,0,42777.344584,-20.653009,57819.351554,55443.406105,49643.531442,0.000000,0.000000,0.000000
1.172445,10uVrms10Hz_ch2pga1.bin,250,293,26701,1,0xA3,1,0,0,192,0,0,42779.624462,-20.608306,57822.190225,55446.244776,49645.408988,0.000000,0.000000,0.000000
1.176445,10uVrms10Hz_ch2pga1.bin,250,294,26702,1,0xA3,1,0,0,192,0,0,42781.993747,-20.630658,57825.163007,55449.172854,49647.532403,0.000000,0.000000,0.000000
1.180448,10uVrms10Hz_ch2pga1.bin,250,295,26703,1,0xA3,1,0,0,192,0,0,42784.318328,-20.541251,57828.068733,55452.056229,49649.544060,0.000000,0.000000,0.000000
1.184448,10uVrms10Hz_ch2pga1.bin,250,296,26704,1,0xA3,1,0,0,192,0,0,42786.687613,-20.496547,57830.974460,55454.961956,49651.488662,0.000000,0.000000,0.000000
1.188451,10uVrms10Hz_ch2pga1.bin,250,297,26705,1,0xA3,1,0,0,192,0,0,42788.922787,-20.541251,57833.768427,55457.755923,49653.366208,0.000000,0.000000,0.000000
1.192451,10uVrms10Hz_ch2pga1.bin,250,298,26706,1,0xA3,1,0,0,192,0,0,42791.157961,-20.474195,57836.562395,55460.549891,49655.243754,0.000000,0.000000,0.000000
1.196462,10uVrms10Hz_ch2pga1.bin,250,299,26707,1,0xA3,1,0,0,192,0,0,42793.639004,-20.317733,57839.512825,55463.634431,49657.322466,0.000000,0.000000,0.000000
1.200462,10uVrms10Hz_ch2pga1.bin,250,300,26708,1,0xA3,1,0,0,192,0,0,42796.142399,-20.295382,57842.530310,55466.584861,49659.378827,0.000000,0.000000,0.000000
1.204463,10uVrms10Hz_ch2pga1.bin,250,301,26709,1,0xA3,1,0,0,192,0,0,42798.645794,-20.205975,57845.592499,55469.691753,49661.524594,0.000000,0.000000,0.000000
1.208463,10uVrms10Hz_ch2pga1.bin,250,302,26710,1,0xA3,1,0,0,192,0,0,42800.925672,-20.094216,57848.475873,55472.575128,49663.558602,0.000000,0.000000,0.000000
1.212466,10uVrms10Hz_ch2pga1.bin,250,303,26711,1,0xA3,1,0,0,192,0,0,42803.183198,-20.049512,57851.158082,55475.346744,49665.480852,0.000000,0.000000,0.000000
1.216465,10uVrms10Hz_ch2pga1.bin,250,304,26712,1,0xA3,1,0,0,192,0,0,42805.328965,-20.094216,57853.929698,55478.118360,49667.268991,0.000000,0.000000,0.000000
1.220468,10uVrms10Hz_ch2pga1.bin,250,305,26713,1,0xA3,1,0,0,192,0,0,42807.586491,-20.027161,57856.857777,55480.957031,49669.213593,0.000000,0.000000,0.000000
1.224468,10uVrms10Hz_ch2pga1.bin,250,306,26714,1,0xA3,1,0,0,192,0,0,42810.045183,-20.027161,57859.741151,55483.974516,49671.202898,0.000000,0.000000,0.000000
1.228472,10uVrms10Hz_ch2pga1.bin,250,307,26715,1,0xA3,1,0,0,192,0,0,42812.503874,-20.094216,57862.646878,55486.880243,49673.303962,0.000000,0.000000,0.000000
1.232471,10uVrms10Hz_ch2pga1.bin,250,308,26716,1,0xA3,1,0,0,192,0,0,42814.806104,-20.161271,57865.507901,55489.674211,49675.248563,0.000000,0.000000,0.000000
1.236472,10uVrms10Hz_ch2pga1.bin,250,309,26717,1,0xA3,1,0,0,192,0,0,42817.197740,-20.161271,57868.458331,55492.579937,49677.170813,0.000000,0.000000,0.000000
1.240475,10uVrms10Hz_ch2pga1.bin,250,310,26718,1,0xA3,1,0,0,192,0,0,42819.410563,-20.273030,57871.297002,55495.463312,49679.227173,0.000000,0.000000,0.000000
1.244475,10uVrms10Hz_ch2pga1.bin,250,311,26719,1,0xA3,1,0,0,192,0,0,42821.578681,-20.407140,57874.090970,55498.190224,49681.127071,0.000000,0.000000,0.000000
1.248479,10uVrms10Hz_ch2pga1.bin,250,312,26720,1,0xA3,1,0,0,192,0,0,42823.903263,-20.429492,57876.951993,55501.051247,49682.959914,0.000000,0.000000,0.000000
1.252478,10uVrms10Hz_ch2pga1.bin,250,313,26721,1,0xA3,1,0,0,192,0,0,42826.205492,-20.429492,57879.790664,55503.889918,49684.882164,0.000000,0.000000,0.000000
1.256482,10uVrms10Hz_ch2pga1.bin,250,314,26722,1,0xA3,1,0,0,192,0,0,42828.641832,-20.474195,57882.718742,55506.728590,49686.983228,0.000000,0.000000,0.000000
1.260483,10uVrms10Hz_ch2pga1.bin,250,315,26723,1,0xA3,1,0,0,192,0,0,42831.033468,-20.496547,57885.624468,55509.723723,49689.039588,0.000000,0.000000,0.000000
1.264483,10uVrms10Hz_ch2pga1.bin,250,316,26724,1,0xA3,1,0,0,192,0,0,42833.402753,-20.585954,57888.552547,55512.651801,49691.028893,0.000000,0.000000,0.000000
1.268487,10uVrms10Hz_ch2pga1.bin,250,317,26725,1,0xA3,1,0,0,192,0,0,42835.727334,-20.608306,57891.435921,55515.557528,49693.018198,0.000000,0.000000,0.000000
1.272487,10uVrms10Hz_ch2pga1.bin,250,318,26726,1,0xA3,1,0,0,192,0,0,42837.984860,-20.585954,57894.296944,55518.418550,49694.985151,0.000000,0.000000,0.000000
1.276488,10uVrms10Hz_ch2pga1.bin,250,319,26727,1,0xA3,1,0,0,192,0,0,42840.309441,-20.585954,57897.135615,55521.301925,49696.907401,0.000000,0.000000,0.000000
1.280492,10uVrms10Hz_ch2pga1.bin,250,320,26728,1,0xA3,1,0,0,192,0,0,42842.566967,-20.585954,57899.974287,55524.207652,49698.896706,0.000000,0.000000,0.000000
1.284493,10uVrms10Hz_ch2pga1.bin,250,321,26729,1,0xA3,1,0,0,192,0,0,42845.115066,-20.585954,57902.924716,55527.225137,49701.020122,0.000000,0.000000,0.000000
1.288493,10uVrms10Hz_ch2pga1.bin,250,322,26730,1,0xA3,1,0,0,192,0,0,42847.506702,-20.451844,57905.964553,55530.175567,49703.076482,0.000000,0.000000,0.000000
1.292496,10uVrms10Hz_ch2pga1.bin,250,323,26731,1,0xA3,1,0,0,192,0,0,42849.898338,-20.317733,57908.803225,55533.103645,49705.065787,0.000000,0.000000,0.000000
1.296497,10uVrms10Hz_ch2pga1.bin,250,324,26732,1,0xA3,1,0,0,192,0,0,42852.111161,-20.273030,57911.530137,55535.763502,49706.943333,0.000000,0.000000,0.000000
1.300501,10uVrms10Hz_ch2pga1.bin,250,325,26733,1,0xA3,1,0,0,192,0,0,42854.413390,-20.273030,57914.458215,55538.669229,49708.954990,0.000000,0.000000,0.000000
1.304502,10uVrms10Hz_ch2pga1.bin,250,326,26734,1,0xA3,1,0,0,192,0,0,42856.849730,-20.183623,57917.408645,55541.642010,49710.921943,0.000000,0.000000,0.000000
1.308502,10uVrms10Hz_ch2pga1.bin,250,327,26735,1,0xA3,1,0,0,192,0,0,42859.107256,-20.138919,57920.224965,55544.503033,49712.754786,0.000000,0.000000,0.000000
1.312505,10uVrms10Hz_ch2pga1.bin,250,328,26736,1,0xA3,1,0,0,192,0,0,42861.387134,-20.071864,57923.085988,55547.185242,49714.632332,0.000000,0.000000,0.000000
1.316505,10uVrms10Hz_ch2pga1.bin,250,329,26737,1,0xA3,1,0,0,192,0,0,42863.778770,-20.071864,57925.947011,55550.135672,49716.643989,0.000000,0.000000,0.000000
1.320506,10uVrms10Hz_ch2pga1.bin,250,330,26738,1,0xA3,1,0,0,192,0,0,42866.036296,-20.071864,57928.740978,55553.019047,49718.633294,0.000000,0.000000,0.000000
1.324510,10uVrms10Hz_ch2pga1.bin,250,331,26739,1,0xA3,1,0,0,192,0,0,42868.316174,-20.027161,57931.624353,55555.880070,49720.644951,0.000000,0.000000,0.000000
1.328510,10uVrms10Hz_ch2pga1.bin,250,332,26740,1,0xA3,1,0,0,192,0,0,42870.663106,-20.049512,57934.507728,55558.606982,49722.522497,0.000000,0.000000,0.000000
1.332514,10uVrms10Hz_ch2pga1.bin,250,333,26741,1,0xA3,1,0,0,192,0,0,42872.898281,-20.094216,57937.279344,55561.445653,49724.332988,0.000000,0.000000,0.000000
1.336513,10uVrms10Hz_ch2pga1.bin,250,334,26742,1,0xA3,1,0,0,192,0,0,42875.133455,-20.205975,57940.118015,55564.284325,49726.232886,0.000000,0.000000,0.000000
1.340516,10uVrms10Hz_ch2pga1.bin,250,335,26743,1,0xA3,1,0,0,192,0,0,42877.569795,-20.273030,57943.001390,55567.257106,49728.356302,0.000000,0.000000,0.000000
1.344516,10uVrms10Hz_ch2pga1.bin,250,336,26744,1,0xA3,1,0,0,192,0,0,42879.939079,-20.295382,57945.951819,55570.296943,49730.457366,0.000000,0.000000,0.000000
1.348519,10uVrms10Hz_ch2pga1.bin,250,337,26745,1,0xA3,1,0,0,192,0,0,42882.174253,-20.429492,57948.701084,55573.068559,49732.334912,0.000000,0.000000,0.000000
1.352520,10uVrms10Hz_ch2pga1.bin,250,338,26746,1,0xA3,1,0,0,192,0,0,42884.342372,-20.518899,57951.517403,55575.817823,49734.167755,0.000000,0.000000,0.000000
1.356520,10uVrms10Hz_ch2pga1.bin,250,339,26747,1,0xA3,1,0,0,192,0,0,42886.689305,-20.541251,57954.423130,55578.768253,49736.201763,0.000000,0.000000,0.000000
1.360524,10uVrms10Hz_ch2pga1.bin,250,340,26748,1,0xA3,1,0,0,192,0,0,42889.259756,-20.608306,57957.507670,55581.763387,49738.302827,0.000000,0.000000,0.000000
1.364523,10uVrms10Hz_ch2pga1.bin,250,341,26749,1,0xA3,1,0,0,192,0,0,42891.807854,-20.653009,57960.569859,55584.847927,49740.515649,0.000000,0.000000,0.000000
1.368527,10uVrms10Hz_ch2pga1.bin,250,342,26750,1,0xA3,1,0,0,192,0,0,42894.065380,-20.608306,57963.430882,55587.776005,49742.415547,0.000000,0.000000,0.000000
1.372526,10uVrms10Hz_ch2pga1.bin,250,343,26751,1,0xA3,1,0,0,192,0,0,42896.389961,-20.585954,57966.247201,55590.659380,49744.449556,0.000000,0.000000,0.000000
1.376528,10uVrms10Hz_ch2pga1.bin,250,344,26752,1,0xA3,1,0,0,192,0,0,42898.736894,-20.653009,57969.085872,55593.498051,49746.394157,0.000000,0.000000,0.000000
1.380531,10uVrms10Hz_ch2pga1.bin,250,345,26753,1,0xA3,1,0,0,192,0,0,42901.106179,-20.563602,57972.058654,55596.448481,49748.383462,0.000000,0.000000,0.000000
1.384530,10uVrms10Hz_ch2pga1.bin,250,346,26754,1,0xA3,1,0,0,192,0,0,42903.453112,-20.496547,57974.964380,55599.465966,49750.462174,0.000000,0.000000,0.000000
1.388532,10uVrms10Hz_ch2pga1.bin,250,347,26755,1,0xA3,1,0,0,192,0,0,42905.777693,-20.429492,57977.735996,55602.282286,49752.317369,0.000000,0.000000,0.000000
1.392536,10uVrms10Hz_ch2pga1.bin,250,348,26756,1,0xA3,1,0,0,192,0,0,42907.968163,-20.407140,57980.529964,55604.986846,49754.194915,0.000000,0.000000,0.000000
1.396535,10uVrms10Hz_ch2pga1.bin,250,349,26757,1,0xA3,1,0,0,192,0,0,42910.203338,-20.250678,57983.390987,55607.780814,49756.072462,0.000000,0.000000,0.000000
1.400539,10uVrms10Hz_ch2pga1.bin,250,350,26758,1,0xA3,1,0,0,192,0,0,42912.550271,-20.250678,57986.296713,55610.574782,49758.017063,0.000000,0.000000,0.000000
1.404539,10uVrms10Hz_ch2pga1.bin,250,351,26759,1,0xA3,1,0,0,192,0,0,42914.964259,-20.250678,57989.202440,55613.681674,49760.162830,0.000000,0.000000,0.000000
1.408542,10uVrms10Hz_ch2pga1.bin,250,352,26760,1,0xA3,1,0,0,192,0,0,42917.221785,-20.205975,57991.996408,55616.565049,49762.129784,0.000000,0.000000,0.000000
1.412541,10uVrms10Hz_ch2pga1.bin,250,353,26761,1,0xA3,1,0,0,192,0,0,42919.479311,-20.138919,57994.790375,55619.247258,49763.962626,0.000000,0.000000,0.000000
1.416544,10uVrms10Hz_ch2pga1.bin,250,354,26762,1,0xA3,1,0,0,192,0,0,42921.803892,-20.094216,57997.584343,55622.085929,49765.862525,0.000000,0.000000,0.000000
1.420544,10uVrms10Hz_ch2pga1.bin,250,355,26763,1,0xA3,1,0,0,192,0,0,42924.039066,-20.094216,58000.490069,55624.969304,49767.851830,0.000000,0.000000,0.000000
1.424548,10uVrms10Hz_ch2pga1.bin,250,356,26764,1,0xA3,1,0,0,192,0,0,42926.318944,-20.138919,58003.351092,55627.830327,49769.796431,0.000000,0.000000,0.000000
1.428548,10uVrms10Hz_ch2pga1.bin,250,357,26765,1,0xA3,1,0,0,192,0,0,42928.598821,-20.094216,58006.100357,55630.601943,49771.629274,0.000000,0.000000,0.000000
1.432551,10uVrms10Hz_ch2pga1.bin,250,358,26766,1,0xA3,1,0,0,192,0,0,42930.833995,-20.094216,58008.871973,55633.462965,49773.551524,0.000000,0.000000,0.000000
1.436551,10uVrms10Hz_ch2pga1.bin,250,359,26767,1,0xA3,1,0,0,192,0,0,42933.203280,-20.183623,58011.688292,55636.346340,49775.518477,0.000000,0.000000,0.000000
1.440551,10uVrms10Hz_ch2pga1.bin,250,360,26768,1,0xA3,1,0,0,192,0,0,42935.527861,-20.250678,58014.705777,55639.207363,49777.463078,0.000000,0.000000,0.000000
1.444555,10uVrms10Hz_ch2pga1.bin,250,361,26769,1,0xA3,1,0,0,192,0,0,42937.740684,-20.362437,58017.499745,55641.956627,49779.430032,0.000000,0.000000,0.000000
1.448554,10uVrms10Hz_ch2pga1.bin,250,362,26770,1,0xA3,1,0,0,192,0,0,42940.020561,-20.384789,58020.338416,55644.750595,49781.307578,0.000000,0.000000,0.000000
1.452558,10uVrms10Hz_ch2pga1.bin,250,363,26771,1,0xA3,1,0,0,192,0,0,42942.188680,-20.429492,58023.065329,55647.589266,49783.118069,0.000000,0.000000,0.000000
1.456558,10uVrms10Hz_ch2pga1.bin,250,364,26772,1,0xA3,1,0,0,192,0,0,42944.468558,-20.563602,58025.926352,55650.338531,49785.017967,0.000000,0.000000,0.000000
1.460561,10uVrms10Hz_ch2pga1.bin,250,365,26773,1,0xA3,1,0,0,192,0,0,42946.860194,-20.608306,58028.787374,55653.288960,49787.141383,0.000000,0.000000,0.000000
1.464561,10uVrms10Hz_ch2pga1.bin,250,366,26774,1,0xA3,1,0,0,192,0,0,42949.296534,-20.675361,58031.715453,55656.261742,49789.242446,0.000000,0.000000,0.000000
1.468564,10uVrms10Hz_ch2pga1.bin,250,367,26775,1,0xA3,1,0,0,192,0,0,42951.643467,-20.653009,58034.598827,55659.100413,49791.142344,0.000000,0.000000,0.000000
1.472564,10uVrms10Hz_ch2pga1.bin,250,368,26776,1,0xA3,1,0,0,192,0,0,42953.856289,-20.653009,58037.370443,55661.849678,49792.997539,0.000000,0.000000,0.000000
1.476567,10uVrms10Hz_ch2pga1.bin,250,369,26777,1,0xA3,1,0,0,192,0,0,42956.091464,-20.653009,58040.186763,55664.822459,49795.009196,0.000000,0.000000,0.000000
1.480567,10uVrms10Hz_ch2pga1.bin,250,370,26778,1,0xA3,1,0,0,192,0,0,42958.505452,-20.563602,58043.159544,55667.750537,49796.909094,0.000000,0.000000,0.000000
1.484570,10uVrms10Hz_ch2pga1.bin,250,371,26779,1,0xA3,1,0,0,192,0,0,42960.964143,-20.563602,58046.065271,55670.611560,49799.077213,0.000000,0.000000,0.000000
1.488569,10uVrms10Hz_ch2pga1.bin,250,372,26780,1,0xA3,1,0,0,192,0,0,42963.311076,-20.474195,58048.903942,55673.450232,49801.044166,0.000000,0.000000,0.000000
1.492571,10uVrms10Hz_ch2pga1.bin,250,373,26781,1,0xA3,1,0,0,192,0,0,42965.479195,-20.407140,58051.764965,55676.311255,49802.966416,0.000000,0.000000,0.000000
1.496571,10uVrms10Hz_ch2pga1.bin,250,374,26782,1,0xA3,1,0,0,192,0,0,42967.870831,-20.362437,58054.693043,55679.261684,49804.978073,0.000000,0.000000,0.000000
1.500574,10uVrms10Hz_ch2pga1.bin,250,375,26783,1,0xA3,1,0,0,192,0,0,42970.173061,-20.273030,58057.576418,55682.078004,49806.967378,0.000000,0.000000,0.000000
1.504577,10uVrms10Hz_ch2pga1.bin,250,376,26784,1,0xA3,1,0,0,192,0,0,42972.408235,-20.161271,58060.303330,55684.849620,49808.777869,0.000000,0.000000,0.000000
1.508576,10uVrms10Hz_ch2pga1.bin,250,377,26785,1,0xA3,1,0,0,192,0,0,42974.576354,-20.138919,58063.074946,55687.598884,49810.610712,0.000000,0.000000,0.000000
1.512580,10uVrms10Hz_ch2pga1.bin,250,378,26786,1,0xA3,1,0,0,192,0,0,42976.722121,-20.138919,58065.824211,55690.325797,49812.465906,0.000000,0.000000,0.000000
1.516580,10uVrms10Hz_ch2pga1.bin,250,379,26787,1,0xA3,1,0,0,192,0,0,42979.024351,-20.094216,58068.528771,55693.075061,49814.343452,0.000000,0.000000,0.000000
1.520580,10uVrms10Hz_ch2pga1.bin,250,380,26788,1,0xA3,1,0,0,192,0,0,42981.304228,-20.027161,58071.367443,55695.913732,49816.243351,0.000000,0.000000,0.000000
1.524584,10uVrms10Hz_ch2pga1.bin,250,381,26789,1,0xA3,1,0,0,192,0,0,42983.651161,-20.094216,58074.273169,55698.953569,49818.098545,0.000000,0.000000,0.000000
1.528585,10uVrms10Hz_ch2pga1.bin,250,382,26790,1,0xA3,1,0,0,192,0,0,42985.975742,-20.094216,58077.290654,55701.971054,49820.221961,0.000000,0.000000,0.000000
1.532587,10uVrms10Hz_ch2pga1.bin,250,383,26791,1,0xA3,1,0,0,192,0,0,42988.345027,-20.138919,58080.062270,55704.765022,49822.255969,0.000000,0.000000,0.000000
1.536588,10uVrms10Hz_ch2pga1.bin,250,384,26792,1,0xA3,1,0,0,192,0,0,42990.714312,-20.094216,58082.945645,55707.670748,49824.222922,0.000000,0.000000,0.000000
1.540591,10uVrms10Hz_ch2pga1.bin,250,385,26793,1,0xA3,1,0,0,192,0,0,42992.994189,-20.138919,58085.851371,55710.576475,49826.145172,0.000000,0.000000,0.000000
1.544592,10uVrms10Hz_ch2pga1.bin,250,386,26794,1,0xA3,1,0,0,192,0,0,42995.229363,-20.317733,58088.667691,55713.392794,49828.134477,0.000000,0.000000,0.000000
1.548592,10uVrms10Hz_ch2pga1.bin,250,387,26795,1,0xA3,1,0,0,192,0,0,42997.576296,-20.451844,58091.484010,55716.209114,49830.012023,0.000000,0.000000,0.000000
1.552596,10uVrms10Hz_ch2pga1.bin,250,388,26796,1,0xA3,1,0,0,192,0,0,42999.900877,-20.518899,58094.322681,55719.070137,49831.956625,0.000000,0.000000,0.000000
1.556596,10uVrms10Hz_ch2pga1.bin,250,389,26797,1,0xA3,1,0,0,192,0,0,43002.270162,-20.585954,58097.228408,55721.953511,49833.945930,0.000000,0.000000,0.000000
1.560596,10uVrms10Hz_ch2pga1.bin,250,390,26798,1,0xA3,1,0,0,192,0,0,43004.661798,-20.608306,58100.089431,55724.926293,49835.979939,0.000000,0.000000,0.000000
1.564600,10uVrms10Hz_ch2pga1.bin,250,391,26799,1,0xA3,1,0,0,192,0,0,43006.964028,-20.653009,58103.039861,55727.742612,49837.969244,0.000000,0.000000,0.000000
1.568600,10uVrms10Hz_ch2pga1.bin,250,392,26800,1,0xA3,1,0,0,192,0,0,43009.266257,-20.697713,58105.744421,55730.625987,49839.824438,0.000000,0.000000,0.000000
1.572603,10uVrms10Hz_ch2pga1.bin,250,393,26801,1,0xA3,1,0,0,192,0,0,43011.546135,-20.653009,58108.583093,55733.509362,49841.791391,0.000000,0.000000,0.000000
1.576603,10uVrms10Hz_ch2pga1.bin,250,394,26802,1,0xA3,1,0,0,192,0,0,43013.870716,-20.585954,58111.399412,55736.303329,49843.713641,0.000000,0.000000,0.000000
1.580606,10uVrms10Hz_ch2pga1.bin,250,395,26803,1,0xA3,1,0,0,192,0,0,43016.128242,-20.541251,58114.349842,55739.164352,49845.702946,0.000000,0.000000,0.000000
1.584606,10uVrms10Hz_ch2pga1.bin,250,396,26804,1,0xA3,1,0,0,192,0,0,43018.609285,-20.496547,58117.277920,55742.137134,49847.804010,0.000000,0.000000,0.000000
1.588610,10uVrms10Hz_ch2pga1.bin,250,397,26805,1,0xA3,1,0,0,192,0,0,43021.000922,-20.429492,58120.205998,55745.042861,49849.882722,0.000000,0.000000,0.000000
1.592610,10uVrms10Hz_ch2pga1.bin,250,398,26806,1,0xA3,1,0,0,192,0,0,43023.280799,-20.407140,58122.977614,55747.881532,49851.760268,0.000000,0.000000,0.000000
1.596613,10uVrms10Hz_ch2pga1.bin,250,399,26807,1,0xA3,1,0,0,192,0,0,43025.493622,-20.362437,58125.704527,55750.608444,49853.570759,0.000000,0.000000,0.000000
1.600614,10uVrms10Hz_ch2pga1.bin,250,400,26808,1,0xA3,1,0,0,192,0,0,43027.862906,-20.340085,58128.722012,55753.603578,49855.627120,0.000000,0.000000,0.000000
1.604613,10uVrms10Hz_ch2pga1.bin,250,401,26809,1,0xA3,1,0,0,192,0,0,43030.254543,-20.273030,58131.650090,55756.486952,49857.705832,0.000000,0.000000,0.000000
1.608616,10uVrms10Hz_ch2pga1.bin,250,402,26810,1,0xA3,1,0,0,192,0,0,43032.556772,-20.094216,58134.466410,55759.370327,49859.605730,0.000000,0.000000,0.000000
1.612619,10uVrms10Hz_ch2pga1.bin,250,403,26811,1,0xA3,1,0,0,192,0,0,43034.769595,-20.094216,58137.282729,55762.097239,49861.460924,0.000000,0.000000,0.000000
1.616619,10uVrms10Hz_ch2pga1.bin,250,404,26812,1,0xA3,1,0,0,192,0,0,43037.138879,-20.161271,58140.188456,55765.114725,49863.494933,0.000000,0.000000,0.000000
1.620622,10uVrms10Hz_ch2pga1.bin,250,405,26813,1,0xA3,1,0,0,192,0,0,43039.597571,-20.094216,58143.228292,55768.020451,49865.573645,0.000000,0.000000,0.000000
1.624622,10uVrms10Hz_ch2pga1.bin,250,406,26814,1,0xA3,1,0,0,192,0,0,43041.944504,-20.049512,58145.999908,55770.859122,49867.607653,0.000000,0.000000,0.000000
1.628625,10uVrms10Hz_ch2pga1.bin,250,407,26815,1,0xA3,1,0,0,192,0,0,43044.134974,-20.094216,58148.704469,55773.675442,49869.485199,0.000000,0.000000,0.000000
1.632625,10uVrms10Hz_ch2pga1.bin,250,408,26816,1,0xA3,1,0,0,192,0,0,43046.280742,-20.094216,58151.431382,55776.402354,49871.295691,0.000000,0.000000,0.000000
1.636628,10uVrms10Hz_ch2pga1.bin,250,409,26817,1,0xA3,1,0,0,192,0,0,43048.605323,-20.228326,58154.292405,55779.285729,49873.128533,0.000000,0.000000,0.000000
1.640627,10uVrms10Hz_ch2pga1.bin,250,410,26818,1,0xA3,1,0,0,192,0,0,43051.041663,-20.317733,58157.287538,55782.169104,49875.184894,0.000000,0.000000,0.000000
1.644630,10uVrms10Hz_ch2pga1.bin,250,411,26819,1,0xA3,1,0,0,192,0,0,43053.433299,-20.317733,58160.305023,55785.141885,49877.330661,0.000000,0.000000,0.000000
1.648630,10uVrms10Hz_ch2pga1.bin,250,412,26820,1,0xA3,1,0,0,192,0,0,43055.690825,-20.429492,58163.098991,55788.002908,49879.185855,0.000000,0.000000,0.000000
1.652634,10uVrms10Hz_ch2pga1.bin,250,413,26821,1,0xA3,1,0,0,192,0,0,43057.903647,-20.451844,58165.803552,55790.729821,49881.018698,0.000000,0.000000,0.000000
1.656634,10uVrms10Hz_ch2pga1.bin,250,414,26822,1,0xA3,1,0,0,192,0,0,43060.138822,-20.541251,58168.597519,55793.501437,49883.008003,0.000000,0.000000,0.000000
1.660635,10uVrms10Hz_ch2pga1.bin,250,415,26823,1,0xA3,1,0,0,192,0,0,43062.485754,-20.653009,58171.436191,55796.451867,49884.974957,0.000000,0.000000,0.000000
1.664638,10uVrms10Hz_ch2pga1.bin,250,416,26824,1,0xA3,1,0,0,192,0,0,43064.944446,-20.630658,58174.364269,55799.469352,49887.031317,0.000000,0.000000,0.000000
1.668638,10uVrms10Hz_ch2pga1.bin,250,417,26825,1,0xA3,1,0,0,192,0,0,43067.179620,-20.697713,58177.202940,55802.263319,49888.908863,0.000000,0.000000,0.000000
1.672642,10uVrms10Hz_ch2pga1.bin,250,418,26826,1,0xA3,1,0,0,192,0,0,43069.437146,-20.653009,58179.929852,55804.990232,49890.831113,0.000000,0.000000,0.000000
1.676642,10uVrms10Hz_ch2pga1.bin,250,419,26827,1,0xA3,1,0,0,192,0,0,43071.806431,-20.608306,58182.857931,55807.895958,49892.909825,0.000000,0.000000,0.000000
1.680645,10uVrms10Hz_ch2pga1.bin,250,420,26828,1,0xA3,1,0,0,192,0,0,43074.287474,-20.630658,58185.830712,55810.913444,49895.033240,0.000000,0.000000,0.000000
1.684644,10uVrms10Hz_ch2pga1.bin,250,421,26829,1,0xA3,1,0,0,192,0,0,43076.589704,-20.541251,58188.647032,55813.774467,49897.000194,0.000000,0.000000,0.000000
1.688648,10uVrms10Hz_ch2pga1.bin,250,422,26830,1,0xA3,1,0,0,192,0,0,43078.780174,-20.518899,58191.441000,55816.501379,49898.743629,0.000000,0.000000,0.000000
1.692648,10uVrms10Hz_ch2pga1.bin,250,423,26831,1,0xA3,1,0,0,192,0,0,43081.015348,-20.429492,58194.167912,55819.094181,49900.643528,0.000000,0.000000,0.000000
1.696651,10uVrms10Hz_ch2pga1.bin,250,424,26832,1,0xA3,1,0,0,192,0,0,43083.161116,-20.340085,58196.939528,55821.977556,49902.476370,0.000000,0.000000,0.000000
1.700650,10uVrms10Hz_ch2pga1.bin,250,425,26833,1,0xA3,1,0,0,192,0,0,43085.485697,-20.273030,58199.867606,55824.771523,49904.443324,0.000000,0.000000,0.000000
1.704653,10uVrms10Hz_ch2pga1.bin,250,426,26834,1,0xA3,1,0,0,192,0,0,43087.944388,-20.295382,58202.706277,55827.699602,49906.432629,0.000000,0.000000,0.000000
1.708653,10uVrms10Hz_ch2pga1.bin,250,427,26835,1,0xA3,1,0,0,192,0,0,43090.268970,-20.094216,58205.634356,55830.717087,49908.511341,0.000000,0.000000,0.000000
1.712657,10uVrms10Hz_ch2pga1.bin,250,428,26836,1,0xA3,1,0,0,192,0,0,43092.615902,-20.049512,58208.540082,55833.667517,49910.455942,0.000000,0.000000,0.000000
1.716657,10uVrms10Hz_ch2pga1.bin,250,429,26837,1,0xA3,1,0,0,192,0,0,43094.918132,-20.071864,58211.311698,55836.394429,49912.400544,0.000000,0.000000,0.000000
1.720658,10uVrms10Hz_ch2pga1.bin,250,430,26838,1,0xA3,1,0,0,192,0,0,43097.086251,-20.138919,58214.016259,55839.076638,49914.300442,0.000000,0.000000,0.000000
1.724661,10uVrms10Hz_ch2pga1.bin,250,431,26839,1,0xA3,1,0,0,192,0,0,43099.276721,-20.071864,58216.698468,55841.870606,49916.088581,0.000000,0.000000,0.000000
1.728661,10uVrms10Hz_ch2pga1.bin,250,432,26840,1,0xA3,1,0,0,192,0,0,43101.444840,-20.094216,58219.447732,55844.597518,49917.921424,0.000000,0.000000,0.000000
1.732665,10uVrms10Hz_ch2pga1.bin,250,433,26841,1,0xA3,1,0,0,192,0,0,43103.612959,-20.161271,58222.219348,55847.279727,49919.843674,0.000000,0.000000,0.000000
1.736665,10uVrms10Hz_ch2pga1.bin,250,434,26842,1,0xA3,1,0,0,192,0,0,43105.892837,-20.205975,58224.923909,55850.073695,49921.676517,0.000000,0.000000,0.000000
1.740668,10uVrms10Hz_ch2pga1.bin,250,435,26843,1,0xA3,1,0,0,192,0,0,43108.217418,-20.295382,58227.829635,55852.934718,49923.643470,0.000000,0.000000,0.000000
1.744668,10uVrms10Hz_ch2pga1.bin,250,436,26844,1,0xA3,1,0,0,192,0,0,43110.541999,-20.474195,58230.735362,55855.818093,49925.543368,0.000000,0.000000,0.000000
1.748668,10uVrms10Hz_ch2pga1.bin,250,437,26845,1,0xA3,1,0,0,192,0,0,43112.844229,-20.496547,58233.462274,55858.656764,49927.510321,0.000000,0.000000,0.000000
1.752672,10uVrms10Hz_ch2pga1.bin,250,438,26846,1,0xA3,1,0,0,192,0,0,43115.012348,-20.451844,58236.256242,55861.495435,49929.454923,0.000000,0.000000,0.000000
1.756675,10uVrms10Hz_ch2pga1.bin,250,439,26847,1,0xA3,1,0,0,192,0,0,43117.336929,-20.496547,58239.139616,55864.222348,49931.466579,0.000000,0.000000,0.000000
1.760675,10uVrms10Hz_ch2pga1.bin,250,440,26848,1,0xA3,1,0,0,192,0,0,43119.661510,-20.630658,58242.067695,55867.128074,49933.366477,0.000000,0.000000,0.000000
1.764674,10uVrms10Hz_ch2pga1.bin,250,441,26849,1,0xA3,1,0,0,192,0,0,43122.142553,-20.608306,58244.951069,55870.167911,49935.422838,0.000000,0.000000,0.000000
1.768678,10uVrms10Hz_ch2pga1.bin,250,442,26850,1,0xA3,1,0,0,192,0,0,43124.467134,-20.630658,58247.879148,55873.006582,49937.434494,0.000000,0.000000,0.000000
1.772678,10uVrms10Hz_ch2pga1.bin,250,443,26851,1,0xA3,1,0,0,192,0,0,43126.702309,-20.720065,58250.717819,55875.889957,49939.312041,0.000000,0.000000,0.000000
1.776682,10uVrms10Hz_ch2pga1.bin,250,444,26852,1,0xA3,1,0,0,192,0,0,43128.982186,-20.585954,58253.467083,55878.706276,49941.234291,0.000000,0.000000,0.000000
1.780682,10uVrms10Hz_ch2pga1.bin,250,445,26853,1,0xA3,1,0,0,192,0,0,43131.239712,-20.541251,58256.283402,55881.455541,49943.290651,0.000000,0.000000,0.000000
1.784685,10uVrms10Hz_ch2pga1.bin,250,446,26854,1,0xA3,1,0,0,192,0,0,43133.519590,-20.608306,58259.166777,55884.249508,49945.168197,0.000000,0.000000,0.000000
1.788684,10uVrms10Hz_ch2pga1.bin,250,447,26855,1,0xA3,1,0,0,192,0,0,43135.799468,-20.496547,58261.916041,55887.043476,49946.956336,0.000000,0.000000,0.000000
1.792688,10uVrms10Hz_ch2pga1.bin,250,448,26856,1,0xA3,1,0,0,192,0,0,43138.034642,-20.429492,58264.620602,55889.770389,49948.856235,0.000000,0.000000,0.000000
1.796688,10uVrms10Hz_ch2pga1.bin,250,449,26857,1,0xA3,1,0,0,192,0,0,43140.314519,-20.384789,58267.526329,55892.720819,49950.800836,0.000000,0.000000,0.000000
1.800691,10uVrms10Hz_ch2pga1.bin,250,450,26858,1,0xA3,1,0,0,192,0,0,43142.683804,-20.273030,58270.409703,55895.738304,49952.991307,0.000000,0.000000,0.000000
1.804690,10uVrms10Hz_ch2pga1.bin,250,451,26859,1,0xA3,1,0,0,192,0,0,43145.120144,-20.228326,58273.360133,55898.621678,49955.002964,0.000000,0.000000,0.000000
1.808693,10uVrms10Hz_ch2pga1.bin,250,452,26860,1,0xA3,1,0,0,192,0,0,43147.444725,-20.094216,58276.176453,55901.348591,49956.858158,0.000000,0.000000,0.000000
1.812694,10uVrms10Hz_ch2pga1.bin,250,453,26861,1,0xA3,1,0,0,192,0,0,43149.724603,-20.071864,58278.948069,55904.254317,49958.713353,0.000000,0.000000,0.000000
1.816697,10uVrms10Hz_ch2pga1.bin,250,454,26862,1,0xA3,1,0,0,192,0,0,43151.915073,-20.071864,58281.742036,55907.048285,49960.613251,0.000000,0.000000,0.000000
1.820698,10uVrms10Hz_ch2pga1.bin,250,455,26863,1,0xA3,1,0,0,192,0,0,43154.262006,-20.094216,58284.580708,55909.886956,49962.691963,0.000000,0.000000,0.000000
1.824699,10uVrms10Hz_ch2pga1.bin,250,456,26864,1,0xA3,1,0,0,192,0,0,43156.653643,-20.094216,58287.553489,55912.792683,49964.591861,0.000000,0.000000,0.000000
1.828703,10uVrms10Hz_ch2pga1.bin,250,457,26865,1,0xA3,1,0,0,192,0,0,43159.000576,-20.049512,58290.459216,55915.810168,49966.670573,0.000000,0.000000,0.000000
1.832702,10uVrms10Hz_ch2pga1.bin,250,458,26866,1,0xA3,1,0,0,192,0,0,43161.459267,-20.161271,58293.342590,55918.760598,49968.637526,0.000000,0.000000,0.000000
1.836703,10uVrms10Hz_ch2pga1.bin,250,459,26867,1,0xA3,1,0,0,192,0,0,43163.739145,-20.228326,58296.225965,55921.599269,49970.559776,0.000000,0.000000,0.000000
1.840707,10uVrms10Hz_ch2pga1.bin,250,460,26868,1,0xA3,1,0,0,192,0,0,43166.063726,-20.317733,58299.086988,55924.393237,49972.549081,0.000000,0.000000,0.000000
1.844707,10uVrms10Hz_ch2pga1.bin,250,461,26869,1,0xA3,1,0,0,192,0,0,43168.343604,-20.317733,58301.948011,55927.164853,49974.426627,0.000000,0.000000,0.000000
1.848710,10uVrms10Hz_ch2pga1.bin,250,462,26870,1,0xA3,1,0,0,192,0,0,43170.534074,-20.451844,58304.585516,55929.936469,49976.214767,0.000000,0.000000,0.000000
1.852710,10uVrms10Hz_ch2pga1.bin,250,463,26871,1,0xA3,1,0,0,192,0,0,43172.791600,-20.541251,58307.468891,55932.752788,49978.092313,0.000000,0.000000,0.000000
1.856714,10uVrms10Hz_ch2pga1.bin,250,464,26872,1,0xA3,1,0,0,192,0,0,43175.116181,-20.541251,58310.307562,55935.613811,49980.126321,0.000000,0.000000,0.000000
1.860714,10uVrms10Hz_ch2pga1.bin,250,465,26873,1,0xA3,1,0,0,192,0,0,43177.440763,-20.585954,58313.056827,55938.430130,49982.093275,0.000000,0.000000,0.000000
1.864715,10uVrms10Hz_ch2pga1.bin,250,466,26874,1,0xA3,1,0,0,192,0,0,43179.765344,-20.585954,58315.850794,55941.335857,49984.037876,0.000000,0.000000,0.000000
1.868718,10uVrms10Hz_ch2pga1.bin,250,467,26875,1,0xA3,1,0,0,192,0,0,43181.978166,-20.563602,58318.689466,55944.129825,49986.004829,0.000000,0.000000,0.000000
1.872717,10uVrms10Hz_ch2pga1.bin,250,468,26876,1,0xA3,1,0,0,192,0,0,43184.146285,-20.585954,58321.416378,55946.789682,49987.860024,0.000000,0.000000,0.000000
1.876721,10uVrms10Hz_ch2pga1.bin,250,469,26877,1,0xA3,1,0,0,192,0,0,43186.403811,-20.630658,58324.210346,55949.606001,49989.692867,0.000000,0.000000,0.000000
1.880720,10uVrms10Hz_ch2pga1.bin,250,470,26878,1,0xA3,1,0,0,192,0,0,43188.661337,-20.653009,58327.004313,55952.489376,49991.615117,0.000000,0.000000,0.000000
1.884723,10uVrms10Hz_ch2pga1.bin,250,471,26879,1,0xA3,1,0,0,192,0,0,43191.008270,-20.608306,58329.887688,55955.328047,49993.559718,0.000000,0.000000,0.000000
1.888723,10uVrms10Hz_ch2pga1.bin,250,472,26880,1,0xA3,1,0,0,192,0,0,43193.198740,-20.474195,58332.659304,55958.077312,49995.437264,0.000000,0.000000,0.000000
1.892726,10uVrms10Hz_ch2pga1.bin,250,473,26881,1,0xA3,1,0,0,192,0,0,43195.255101,-20.384789,58335.319161,55960.737169,49997.113645,0.000000,0.000000,0.000000
1.896729,10uVrms10Hz_ch2pga1.bin,250,474,26882,1,0xA3,1,0,0,192,0,0,43197.602034,-20.384789,58338.113129,55963.531137,49998.991191,0.000000,0.000000,0.000000
1.900728,10uVrms10Hz_ch2pga1.bin,250,475,26883,1,0xA3,1,0,0,192,0,0,43199.881911,-20.295382,58340.817690,55966.414511,50000.935793,0.000000,0.000000,0.000000
1.904731,10uVrms10Hz_ch2pga1.bin,250,476,26884,1,0xA3,1,0,0,192,0,0,43202.206492,-20.205975,58343.701065,55969.275534,50002.947450,0.000000,0.000000,0.000000
1.908731,10uVrms10Hz_ch2pga1.bin,250,477,26885,1,0xA3,1,0,0,192,0,0,43204.486370,-20.138919,58346.562088,55972.091854,50004.824996,0.000000,0.000000,0.000000
1.912735,10uVrms10Hz_ch2pga1.bin,250,478,26886,1,0xA3,1,0,0,192,0,0,43206.788599,-20.094216,58349.356055,55974.908173,50006.747246,0.000000,0.000000,0.000000
1.916734,10uVrms10Hz_ch2pga1.bin,250,479,26887,1,0xA3,1,0,0,192,0,0,43209.157884,-20.094216,58352.284133,55977.880955,50008.848310,0.000000,0.000000,0.000000
1.920738,10uVrms10Hz_ch2pga1.bin,250,480,26888,1,0xA3,1,0,0,192,0,0,43211.683631,-20.094216,58355.212212,55980.920792,50010.994077,0.000000,0.000000,0.000000
1.924737,10uVrms10Hz_ch2pga1.bin,250,481,26889,1,0xA3,1,0,0,192,0,0,43213.985860,-20.049512,58358.117938,55983.826518,50012.983382,0.000000,0.000000,0.000000
1.928740,10uVrms10Hz_ch2pga1.bin,250,482,26890,1,0xA3,1,0,0,192,0,0,43216.265738,-20.027161,58360.911906,55986.553431,50014.793873,0.000000,0.000000,0.000000
1.932740,10uVrms10Hz_ch2pga1.bin,250,483,26891,1,0xA3,1,0,0,192,0,0,43218.523264,-20.027161,58363.683522,55989.302695,50016.693771,0.000000,0.000000,0.000000
1.936742,10uVrms10Hz_ch2pga1.bin,250,484,26892,1,0xA3,1,0,0,192,0,0,43220.803142,-20.071864,58366.522193,55992.141366,50018.683076,0.000000,0.000000,0.000000
1.940742,10uVrms10Hz_ch2pga1.bin,250,485,26893,1,0xA3,1,0,0,192,0,0,43223.127723,-20.250678,58369.450271,55995.069444,50020.605326,0.000000,0.000000,0.000000
1.944745,10uVrms10Hz_ch2pga1.bin,250,486,26894,1,0xA3,1,0,0,192,0,0,43225.452304,-20.429492,58372.378349,55997.952819,50022.616982,0.000000,0.000000,0.000000
1.948745,10uVrms10Hz_ch2pga1.bin,250,487,26895,1,0xA3,1,0,0,192,0,0,43227.978051,-20.407140,58375.261724,56000.858545,50024.673343,0.000000,0.000000,0.000000
1.952748,10uVrms10Hz_ch2pga1.bin,250,488,26896,1,0xA3,1,0,0,192,0,0,43230.302632,-20.429492,58378.100395,56003.652513,50026.640296,0.000000,0.000000,0.000000
1.956749,10uVrms10Hz_ch2pga1.bin,250,489,26897,1,0xA3,1,0,0,192,0,0,43232.470751,-20.474195,58380.827308,56006.379426,50028.517842,0.000000,0.000000,0.000000
1.960752,10uVrms10Hz_ch2pga1.bin,250,490,26898,1,0xA3,1,0,0,192,0,0,43234.772980,-20.541251,58383.710682,56009.307504,50030.462444,0.000000,0.000000,0.000000
1.964753,10uVrms10Hz_ch2pga1.bin,250,491,26899,1,0xA3,1,0,0,192,0,0,43237.008154,-20.630658,58386.459947,56012.190878,50032.317638,0.000000,0.000000,0.000000
1.968753,10uVrms10Hz_ch2pga1.bin,250,492,26900,1,0xA3,1,0,0,192,0,0,43239.220977,-20.675361,58389.186859,56014.873087,50034.172833,0.000000,0.000000,0.000000
1.972757,10uVrms10Hz_ch2pga1.bin,250,493,26901,1,0xA3,1,0,0,192,0,0,43241.433799,-20.608306,58391.936123,56017.644703,50036.005676,0.000000,0.000000,0.000000
1.976757,10uVrms10Hz_ch2pga1.bin,250,494,26902,1,0xA3,1,0,0,192,0,0,43243.780732,-20.585954,58394.819498,56020.461023,50037.994981,0.000000,0.000000,0.000000
1.980758,10uVrms10Hz_ch2pga1.bin,250,495,26903,1,0xA3,1,0,0,192,0,0,43245.993555,-20.585954,58397.546411,56023.210287,50039.805472,0.000000,0.000000,0.000000
1.984761,10uVrms10Hz_ch2pga1.bin,250,496,26904,1,0xA3,1,0,0,192,0,0,43248.295784,-20.563602,58400.362730,56026.048958,50041.817129,0.000000,0.000000,0.000000
1.988761,10uVrms10Hz_ch2pga1.bin,250,497,26905,1,0xA3,1,0,0,192,0,0,43250.486255,-20.496547,58403.134346,56028.842926,50043.672323,0.000000,0.000000,0.000000
1.992764,10uVrms10Hz_ch2pga1.bin,250,498,26906,1,0xA3,1,0,0,192,0,0,43252.721429,-20.451844,58405.838907,56031.569839,50045.438111,0.000000,0.000000,0.000000
1.996763,10uVrms10Hz_ch2pga1.bin,250,499,26907,1,0xA3,1,0,0,192,0,0,43255.068362,-20.362437,58408.677578,56034.363806,50047.427416,0.000000,0.000000,0.000000
2.000767,10uVrms10Hz_ch2pga1.bin,250,500,26908,1,0xA3,1,0,0,192,0,0,43257.459998,-20.205975,58411.538601,56037.247181,50049.439073,0.000000,0.000000,0.000000
2.004767,10uVrms10Hz_ch2pga1.bin,250,501,26909,1,0xA3,1,0,0,192,0,0,43259.717524,-20.161271,58414.332569,56040.085852,50051.428378,0.000000,0.000000,0.000000
2.008771,10uVrms10Hz_ch2pga1.bin,250,502,26910,1,0xA3,1,0,0,192,0,0,43261.907995,-20.049512,58417.148888,56042.879820,50053.350627,0.000000,0.000000,0.000000
2.012771,10uVrms10Hz_ch2pga1.bin,250,503,26911,1,0xA3,1,0,0,192,0,0,43264.187872,-20.027161,58419.920504,56045.629084,50055.116415,0.000000,0.000000,0.000000
2.016771,10uVrms10Hz_ch2pga1.bin,250,504,26912,1,0xA3,1,0,0,192,0,0,43266.445398,-20.138919,58422.714472,56048.355997,50056.926906,0.000000,0.000000,0.000000
2.020775,10uVrms10Hz_ch2pga1.bin,250,505,26913,1,0xA3,1,0,0,192,0,0,43268.725276,-20.094216,58425.486088,56051.284075,50058.938563,0.000000,0.000000,0.000000
2.024775,10uVrms10Hz_ch2pga1.bin,250,506,26914,1,0xA3,1,0,0,192,0,0,43270.938098,-20.138919,58428.190649,56054.122746,50060.883164,0.000000,0.000000,0.000000
2.028779,10uVrms10Hz_ch2pga1.bin,250,507,26915,1,0xA3,1,0,0,192,0,0,43273.039162,-20.071864,58430.895209,56056.760252,50062.671304,0.000000,0.000000,0.000000
2.032779,10uVrms10Hz_ch2pga1.bin,250,508,26916,1,0xA3,1,0,0,192,0,0,43275.296688,-20.094216,58433.666825,56059.509516,50064.526498,0.000000,0.000000,0.000000
2.036782,10uVrms10Hz_ch2pga1.bin,250,509,26917,1,0xA3,1,0,0,192,0,0,43277.733028,-20.228326,58436.617255,56062.415242,50066.582859,0.000000,0.000000,0.000000
2.040782,10uVrms10Hz_ch2pga1.bin,250,510,26918,1,0xA3,1,0,0,192,0,0,43280.214071,-20.273030,58439.567685,56065.410376,50068.728626,0.000000,0.000000,0.000000
2.044785,10uVrms10Hz_ch2pga1.bin,250,511,26919,1,0xA3,1,0,0,192,0,0,43282.605708,-20.340085,58442.473412,56068.405509,50070.606172,0.000000,0.000000,0.000000
2.048786,10uVrms10Hz_ch2pga1.bin,250,512,26920,1,0xA3,1,0,0,192,0,0,43284.885585,-20.407140,58445.312083,56071.244180,50072.573125,0.000000,0.000000,0.000000
2.052787,10uVrms10Hz_ch2pga1.bin,250,513,26921,1,0xA3,1,0,0,192,0,0,43287.232518,-20.474195,58448.106050,56074.082851,50074.540079,0.000000,0.000000,0.000000
2.056789,10uVrms10Hz_ch2pga1.bin,250,514,26922,1,0xA3,1,0,0,192,0,0,43289.557099,-20.563602,58450.944722,56076.988578,50076.484680,0.000000,0.000000,0.000000
2.060790,10uVrms10Hz_ch2pga1.bin,250,515,26923,1,0xA3,1,0,0,192,0,0,43291.971087,-20.653009,58453.917503,56079.916656,50078.563392,0.000000,0.000000,0.000000
2.064793,10uVrms10Hz_ch2pga1.bin,250,516,26924,1,0xA3,1,0,0,192,0,0,43294.429779,-20.585954,58456.912637,56082.934141,50080.686808,0.000000,0.000000,0.000000
2.068793,10uVrms10Hz_ch2pga1.bin,250,517,26925,1,0xA3,1,0,0,192,0,0,43296.866119,-20.585954,58459.751308,56085.862219,50082.676113,0.000000,0.000000,0.000000
2.072796,10uVrms10Hz_ch2pga1.bin,250,518,26926,1,0xA3,1,0,0,192,0,0,43299.078941,-20.630658,58462.500572,56088.633835,50084.508955,0.000000,0.000000,0.000000
2.076796,10uVrms10Hz_ch2pga1.bin,250,519,26927,1,0xA3,1,0,0,192,0,0,43301.112950,-20.697713,58465.138078,56091.248989,50086.319447,0.000000,0.000000,0.000000
2.080796,10uVrms10Hz_ch2pga1.bin,250,520,26928,1,0xA3,1,0,0,192,0,0,43303.392828,-20.675361,58467.887342,56093.953550,50088.196993,0.000000,0.000000,0.000000
2.084800,10uVrms10Hz_ch2pga1.bin,250,521,26929,1,0xA3,1,0,0,192,0,0,43305.672705,-20.585954,58470.726013,56096.792221,50090.074539,0.000000,0.000000,0.000000
2.088800,10uVrms10Hz_ch2pga1.bin,250,522,26930,1,0xA3,1,0,0,192,0,0,43308.041990,-20.518899,58473.564684,56099.563837,50092.130899,0.000000,0.000000,0.000000
2.092804,10uVrms10Hz_ch2pga1.bin,250,523,26931,1,0xA3,1,0,0,192,0,0,43310.232460,-20.384789,58476.515114,56102.447212,50093.986094,0.000000,0.000000,0.000000
2.096804,10uVrms10Hz_ch2pga1.bin,250,524,26932,1,0xA3,1,0,0,192,0,0,43312.534690,-20.407140,58479.286730,56105.285883,50095.863640,0.000000,0.000000,0.000000
2.100807,10uVrms10Hz_ch2pga1.bin,250,525,26933,1,0xA3,1,0,0,192,0,0,43314.881623,-20.340085,58482.035995,56108.102202,50097.852945,0.000000,0.000000,0.000000
2.104807,10uVrms10Hz_ch2pga1.bin,250,526,26934,1,0xA3,1,0,0,192,0,0,43317.094445,-20.116568,58484.762907,56110.940874,50099.685788,0.000000,0.000000,0.000000
2.108810,10uVrms10Hz_ch2pga1.bin,250,527,26935,1,0xA3,1,0,0,192,0,0,43319.351971,-20.071864,58487.445116,56113.667786,50101.675093,0.000000,0.000000,0.000000
2.112808,10uVrms10Hz_ch2pga1.bin,250,528,26936,1,0xA3,1,0,0,192,0,0,43321.654201,-20.094216,58490.395546,56116.484106,50103.552639,0.000000,0.000000,0.000000
2.116811,10uVrms10Hz_ch2pga1.bin,250,529,26937,1,0xA3,1,0,0,192,0,0,43323.934078,-20.027161,58493.278921,56119.389832,50105.519593,0.000000,0.000000,0.000000
2.120813,10uVrms10Hz_ch2pga1.bin,250,530,26938,1,0xA3,1,0,0,192,0,0,43326.281011,-20.004809,58495.983481,56122.206151,50107.464194,0.000000,0.000000,0.000000
2.124816,10uVrms10Hz_ch2pga1.bin,250,531,26939,1,0xA3,1,0,0,192,0,0,43328.672647,-20.049512,58498.889208,56125.089526,50109.453499,0.000000,0.000000,0.000000
2.128815,10uVrms10Hz_ch2pga1.bin,250,532,26940,1,0xA3,1,0,0,192,0,0,43330.997229,-20.138919,58501.794934,56127.972901,50111.353397,0.000000,0.000000,0.000000
2.132818,10uVrms10Hz_ch2pga1.bin,250,533,26941,1,0xA3,1,0,0,192,0,0,43333.210051,-20.116568,58504.477143,56130.722165,50113.141537,0.000000,0.000000,0.000000
2.136817,10uVrms10Hz_ch2pga1.bin,250,534,26942,1,0xA3,1,0,0,192,0,0,43335.333467,-20.205975,58507.315814,56133.471429,50115.019083,0.000000,0.000000,0.000000
2.140821,10uVrms10Hz_ch2pga1.bin,250,535,26943,1,0xA3,1,0,0,192,0,0,43337.590992,-20.362437,58510.065079,56136.265397,50117.008388,0.000000,0.000000,0.000000
2.144821,10uVrms10Hz_ch2pga1.bin,250,536,26944,1,0xA3,1,0,0,192,0,0,43339.937925,-20.429492,58512.926102,56139.171124,50118.997693,0.000000,0.000000,0.000000
2.148825,10uVrms10Hz_ch2pga1.bin,250,537,26945,1,0xA3,1,0,0,192,0,0,43342.329562,-20.384789,58515.787125,56142.009795,50120.964646,0.000000,0.000000,0.000000
2.152825,10uVrms10Hz_ch2pga1.bin,250,538,26946,1,0xA3,1,0,0,192,0,0,43344.542384,-20.541251,58518.625796,56144.803762,50122.842193,0.000000,0.000000,0.000000
2.156825,10uVrms10Hz_ch2pga1.bin,250,539,26947,1,0xA3,1,0,0,192,0,0,43346.844614,-20.585954,58521.531522,56147.754192,50124.831498,0.000000,0.000000,0.000000
2.160829,10uVrms10Hz_ch2pga1.bin,250,540,26948,1,0xA3,1,0,0,192,0,0,43349.191546,-20.518899,58524.325490,56150.615215,50126.820803,0.000000,0.000000,0.000000
2.164830,10uVrms10Hz_ch2pga1.bin,250,541,26949,1,0xA3,1,0,0,192,0,0,43351.493776,-20.608306,58527.097106,56153.409183,50128.765404,0.000000,0.000000,0.000000
2.168831,10uVrms10Hz_ch2pga1.bin,250,542,26950,1,0xA3,1,0,0,192,0,0,43353.617191,-20.675361,58529.846370,56156.113744,50130.620599,0.000000,0.000000,0.000000
2.172832,10uVrms10Hz_ch2pga1.bin,250,543,26951,1,0xA3,1,0,0,192,0,0,43355.874717,-20.653009,58532.573283,56158.952415,50132.431090,0.000000,0.000000,0.000000
2.176834,10uVrms10Hz_ch2pga1.bin,250,544,26952,1,0xA3,1,0,0,192,0,0,43358.065188,-20.608306,58535.255492,56161.679327,50134.330988,0.000000,0.000000,0.000000
2.180838,10uVrms10Hz_ch2pga1.bin,250,545,26953,1,0xA3,1,0,0,192,0,0,43360.345066,-20.630658,58538.161218,56164.517999,50136.208534,0.000000,0.000000,0.000000
2.184839,10uVrms10Hz_ch2pga1.bin,250,546,26954,1,0xA3,1,0,0,192,0,0,43362.647295,-20.585954,58540.977538,56167.423725,50138.153136,0.000000,0.000000,0.000000
2.188840,10uVrms10Hz_ch2pga1.bin,250,547,26955,1,0xA3,1,0,0,192,0,0,43364.927173,-20.429492,58543.726802,56170.217693,50140.097737,0.000000,0.000000,0.000000
2.192844,10uVrms10Hz_ch2pga1.bin,250,548,26956,1,0xA3,1,0,0,192,0,0,43367.095292,-20.362437,58546.453714,56172.810495,50141.841173,0.000000,0.000000,0.000000
2.196844,10uVrms10Hz_ch2pga1.bin,250,549,26957,1,0xA3,1,0,0,192,0,0,43369.285762,-20.317733,58549.247682,56175.582111,50143.718719,0.000000,0.000000,0.000000
2.200845,10uVrms10Hz_ch2pga1.bin,250,550,26958,1,0xA3,1,0,0,192,0,0,43371.476233,-20.250678,58552.041650,56178.376079,50145.618618,0.000000,0.000000,0.000000
2.204849,10uVrms10Hz_ch2pga1.bin,250,551,26959,1,0xA3,1,0,0,192,0,0,43373.778462,-20.228326,58554.835618,56181.259453,50147.563219,0.000000,0.000000,0.000000
2.208849,10uVrms10Hz_ch2pga1.bin,250,552,26960,1,0xA3,1,0,0,192,0,0,43376.147747,-20.138919,58557.629585,56184.120476,50149.396062,0.000000,0.000000,0.000000
2.212849,10uVrms10Hz_ch2pga1.bin,250,553,26961,1,0xA3,1,0,0,192,0,0,43378.539383,-20.094216,58560.468256,56186.936796,50151.452422,0.000000,0.000000,0.000000
2.216853,10uVrms10Hz_ch2pga1.bin,250,554,26962,1,0xA3,1,0,0,192,0,0,43380.841613,-20.094216,58563.262224,56189.820170,50153.307617,0.000000,0.000000,0.000000
2.220853,10uVrms10Hz_ch2pga1.bin,250,555,26963,1,0xA3,1,0,0,192,0,0,43383.032084,-20.094216,58566.100895,56192.681193,50155.162811,0.000000,0.000000,0.000000
2.224857,10uVrms10Hz_ch2pga1.bin,250,556,26964,1,0xA3,1,0,0,192,0,0,43385.244906,-20.094216,58568.917215,56195.475161,50157.062709,0.000000,0.000000,0.000000
2.228857,10uVrms10Hz_ch2pga1.bin,250,557,26965,1,0xA3,1,0,0,192,0,0,43387.547135,-20.071864,58571.666479,56198.291481,50158.984959,0.000000,0.000000,0.000000
2.232859,10uVrms10Hz_ch2pga1.bin,250,558,26966,1,0xA3,1,0,0,192,0,0,43389.782310,-20.138919,58574.415743,56200.973690,50160.840154,0.000000,0.000000,0.000000
2.236860,10uVrms10Hz_ch2pga1.bin,250,559,26967,1,0xA3,1,0,0,192,0,0,43391.972780,-20.250678,58577.165008,56203.767657,50162.650645,0.000000,0.000000,0.000000
2.240864,10uVrms10Hz_ch2pga1.bin,250,560,26968,1,0xA3,1,0,0,192,0,0,43394.275010,-20.273030,58580.003679,56206.606328,50164.684653,0.000000,0.000000,0.000000
2.244864,10uVrms10Hz_ch2pga1.bin,250,561,26969,1,0xA3,1,0,0,192,0,0,43396.711349,-20.340085,58582.819998,56209.445000,50166.673958,0.000000,0.000000,0.000000
2.248864,10uVrms10Hz_ch2pga1.bin,250,562,26970,1,0xA3,1,0,0,192,0,0,43398.924172,-20.317733,58585.613966,56212.283671,50168.484449,0.000000,0.000000,0.000000
2.252867,10uVrms10Hz_ch2pga1.bin,250,563,26971,1,0xA3,1,0,0,192,0,0,43401.069939,-20.474195,58588.385582,56215.032935,50170.317292,0.000000,0.000000,0.000000
2.256867,10uVrms10Hz_ch2pga1.bin,250,564,26972,1,0xA3,1,0,0,192,0,0,43403.439224,-20.496547,58591.134846,56217.849255,50172.261894,0.000000,0.000000,0.000000
2.260870,10uVrms10Hz_ch2pga1.bin,250,565,26973,1,0xA3,1,0,0,192,0,0,43405.741453,-20.518899,58594.018221,56220.732629,50174.318254,0.000000,0.000000,0.000000
2.264871,10uVrms10Hz_ch2pga1.bin,250,566,26974,1,0xA3,1,0,0,192,0,0,43407.976627,-20.608306,58596.834540,56223.616004,50176.240504,0.000000,0.000000,0.000000
2.268872,10uVrms10Hz_ch2pga1.bin,250,567,26975,1,0xA3,1,0,0,192,0,0,43410.234153,-20.697713,58599.628508,56226.477027,50178.118050,0.000000,0.000000,0.000000
2.272876,10uVrms10Hz_ch2pga1.bin,250,568,26976,1,0xA3,1,0,0,192,0,0,43412.514031,-20.675361,58602.400124,56229.181588,50179.973245,0.000000,0.000000,0.000000
2.276876,10uVrms10Hz_ch2pga1.bin,250,569,26977,1,0xA3,1,0,0,192,0,0,43414.749205,-20.653009,58605.216444,56231.975555,50181.761384,0.000000,0.000000,0.000000
2.280879,10uVrms10Hz_ch2pga1.bin,250,570,26978,1,0xA3,1,0,0,192,0,0,43417.073786,-20.541251,58608.010411,56234.791875,50183.773041,0.000000,0.000000,0.000000
2.284879,10uVrms10Hz_ch2pga1.bin,250,571,26979,1,0xA3,1,0,0,192,0,0,43419.443071,-20.541251,58610.826731,56237.652898,50185.762346,0.000000,0.000000,0.000000
2.288880,10uVrms10Hz_ch2pga1.bin,250,572,26980,1,0xA3,1,0,0,192,0,0,43421.745300,-20.563602,58613.710105,56240.536273,50187.662244,0.000000,0.000000,0.000000
2.292884,10uVrms10Hz_ch2pga1.bin,250,573,26981,1,0xA3,1,0,0,192,0,0,43424.069881,-20.541251,58616.571128,56243.441999,50189.629197,0.000000,0.000000,0.000000
2.296884,10uVrms10Hz_ch2pga1.bin,250,574,26982,1,0xA3,1,0,0,192,0,0,43426.282704,-20.429492,58619.387448,56246.235967,50191.529095,0.000000,0.000000,0.000000
2.300885,10uVrms10Hz_ch2pga1.bin,250,575,26983,1,0xA3,1,0,0,192,0,0,43428.473175,-20.317733,58622.136712,56249.007583,50193.451345,0.000000,0.000000,0.000000
2.304888,10uVrms10Hz_ch2pga1.bin,250,576,26984,1,0xA3,1,0,0,192,0,0,43430.708349,-20.228326,58624.841273,56251.779199,50195.328891,0.000000,0.000000,0.000000
2.308888,10uVrms10Hz_ch2pga1.bin,250,577,26985,1,0xA3,1,0,0,192,0,0,43432.943523,-20.138919,58627.746999,56254.573166,50197.161734,0.000000,0.000000,0.000000
2.312890,10uVrms10Hz_ch2pga1.bin,250,578,26986,1,0xA3,1,0,0,192,0,0,43435.178697,-20.205975,58630.540967,56257.344782,50199.128687,0.000000,0.000000,0.000000
2.316892,10uVrms10Hz_ch2pga1.bin,250,579,26987,1,0xA3,1,0,0,192,0,0,43437.525630,-20.228326,58633.379638,56260.205805,50201.028585,0.000000,0.000000,0.000000
2.320894,10uVrms10Hz_ch2pga1.bin,250,580,26988,1,0xA3,1,0,0,192,0,0,43440.006673,-20.138919,58636.285365,56263.089180,50203.040242,0.000000,0.000000,0.000000
2.324893,10uVrms10Hz_ch2pga1.bin,250,581,26989,1,0xA3,1,0,0,192,0,0,43442.264199,-20.138919,58639.146388,56265.994906,50205.074251,0.000000,0.000000,0.000000
2.328895,10uVrms10Hz_ch2pga1.bin,250,582,26990,1,0xA3,1,0,0,192,0,0,43444.387615,-20.116568,58641.895652,56268.744171,50206.907094,0.000000,0.000000,0.000000
2.332899,10uVrms10Hz_ch2pga1.bin,250,583,26991,1,0xA3,1,0,0,192,0,0,43446.511030,-20.161271,58644.466102,56271.359324,50208.628178,0.000000,0.000000,0.000000
2.336902,10uVrms10Hz_ch2pga1.bin,250,584,26992,1,0xA3,1,0,0,192,0,0,43448.723853,-20.205975,58647.148311,56274.019182,50210.438669,0.000000,0.000000,0.000000
2.340902,10uVrms10Hz_ch2pga1.bin,250,585,26993,1,0xA3,1,0,0,192,0,0,43450.959027,-20.273030,58649.964631,56276.835501,50212.316215,0.000000,0.000000,0.000000
2.344905,10uVrms10Hz_ch2pga1.bin,250,586,26994,1,0xA3,1,0,0,192,0,0,43453.216553,-20.362437,58652.870357,56279.696524,50214.327872,0.000000,0.000000,0.000000
2.348904,10uVrms10Hz_ch2pga1.bin,250,587,26995,1,0xA3,1,0,0,192,0,0,43455.451727,-20.451844,58655.619621,56282.490492,50216.227770,0.000000,0.000000,0.000000
2.352906,10uVrms10Hz_ch2pga1.bin,250,588,26996,1,0xA3,1,0,0,192,0,0,43457.843363,-20.451844,58658.391237,56285.351515,50218.194723,0.000000,0.000000,0.000000
2.356906,10uVrms10Hz_ch2pga1.bin,250,589,26997,1,0xA3,1,0,0,192,0,0,43460.145593,-20.541251,58661.252260,56288.234890,50220.094621,0.000000,0.000000,0.000000
2.360906,10uVrms10Hz_ch2pga1.bin,250,590,26998,1,0xA3,1,0,0,192,0,0,43462.425470,-20.653009,58664.090931,56291.095912,50222.106278,0.000000,0.000000,0.000000
2.364906,10uVrms10Hz_ch2pga1.bin,250,591,26999,1,0xA3,1,0,0,192,0,0,43464.772403,-20.585954,58666.840196,56293.934584,50224.006176,0.000000,0.000000,0.000000
2.368908,10uVrms10Hz_ch2pga1.bin,250,592,27000,1,0xA3,1,0,0,192,0,0,43467.052281,-20.720065,58669.567108,56296.683848,50225.883722,0.000000,0.000000,0.000000
2.372909,10uVrms10Hz_ch2pga1.bin,250,593,27001,1,0xA3,1,0,0,192,0,0,43469.242752,-20.675361,58672.294021,56299.321353,50227.738917,0.000000,0.000000,0.000000
2.376910,10uVrms10Hz_ch2pga1.bin,250,594,27002,1,0xA3,1,0,0,192,0,0,43471.433222,-20.608306,58675.087988,56302.115321,50229.638815,0.000000,0.000000,0.000000
2.380914,10uVrms10Hz_ch2pga1.bin,250,595,27003,1,0xA3,1,0,0,192,0,0,43473.824859,-20.563602,58678.083122,56305.132806,50231.717527,0.000000,0.000000,0.000000
2.384915,10uVrms10Hz_ch2pga1.bin,250,596,27004,1,0xA3,1,0,0,192,0,0,43476.261199,-20.496547,58681.033552,56308.127940,50233.662128,0.000000,0.000000,0.000000
2.388915,10uVrms10Hz_ch2pga1.bin,250,597,27005,1,0xA3,1,0,0,192,0,0,43478.518724,-20.496547,58683.715761,56310.877204,50235.517323,0.000000,0.000000,0.000000
2.392919,10uVrms10Hz_ch2pga1.bin,250,598,27006,1,0xA3,1,0,0,192,0,0,43480.776250,-20.362437,58686.487377,56313.559413,50237.394869,0.000000,0.000000,0.000000
2.396920,10uVrms10Hz_ch2pga1.bin,250,599,27007,1,0xA3,1,0,0,192,0,0,43482.944369,-20.317733,58689.281344,56316.398084,50239.250064,0.000000,0.000000,0.000000
2.400921,10uVrms10Hz_ch2pga1.bin,250,600,27008,1,0xA3,1,0,0,192,0,0,43485.201895,-20.362437,58692.075312,56319.214404,50241.149962,0.000000,0.000000,0.000000
2.404925,10uVrms10Hz_ch2pga1.bin,250,601,27009,1,0xA3,1,0,0,192,0,0,43487.459421,-20.273030,58694.824576,56322.008371,50243.005157,0.000000,0.000000,0.000000
2.408926,10uVrms10Hz_ch2pga1.bin,250,602,27010,1,0xA3,1,0,0,192,0,0,43489.761651,-20.161271,58697.663248,56324.891746,50245.039165,0.000000,0.000000,0.000000
2.412927,10uVrms10Hz_ch2pga1.bin,250,603,27011,1,0xA3,1,0,0,192,0,0,43492.041528,-20.071864,58700.479567,56327.618659,50246.872008,0.000000,0.000000,0.000000
2.416927,10uVrms10Hz_ch2pga1.bin,250,604,27012,1,0xA3,1,0,0,192,0,0,43494.388461,-20.138919,58703.228831,56330.479681,50248.794258,0.000000,0.000000,0.000000
2.420931,10uVrms10Hz_ch2pga1.bin,250,605,27013,1,0xA3,1,0,0,192,0,0,43496.668339,-20.049512,58706.089854,56333.385408,50250.694156,0.000000,0.000000,0.000000
2.424931,10uVrms10Hz_ch2pga1.bin,250,606,27014,1,0xA3,1,0,0,192,0,0,43498.992920,-20.049512,58708.973229,56336.224079,50252.661109,0.000000,0.000000,0.000000
2.428932,10uVrms10Hz_ch2pga1.bin,250,607,27015,1,0xA3,1,0,0,192,0,0,43501.250446,-20.138919,58711.744845,56339.085102,50254.628062,0.000000,0.000000,0.000000
2.432936,10uVrms10Hz_ch2pga1.bin,250,608,27016,1,0xA3,1,0,0,192,0,0,43503.485620,-20.161271,58714.538813,56341.834366,50256.438553,0.000000,0.000000,0.000000
2.436937,10uVrms10Hz_ch2pga1.bin,250,609,27017,1,0xA3,1,0,0,192,0,0,43505.854905,-20.205975,58717.377484,56344.628334,50258.383155,0.000000,0.000000,0.000000
2.440937,10uVrms10Hz_ch2pga1.bin,250,610,27018,1,0xA3,1,0,0,192,0,0,43508.224189,-20.273030,58720.238507,56347.601116,50260.506570,0.000000,0.000000,0.000000
2.444941,10uVrms10Hz_ch2pga1.bin,250,611,27019,1,0xA3,1,0,0,192,0,0,43510.548770,-20.317733,58723.032475,56350.462139,50262.495875,0.000000,0.000000,0.000000
2.448941,10uVrms10Hz_ch2pga1.bin,250,612,27020,1,0xA3,1,0,0,192,0,0,43512.694538,-20.362437,58725.759387,56353.211403,50264.261663,0.000000,0.000000,0.000000
2.452942,10uVrms10Hz_ch2pga1.bin,250,613,27021,1,0xA3,1,0,0,192,0,0,43514.862657,-20.429492,58728.396893,56355.848908,50265.938044,0.000000,0.000000,0.000000
2.456946,10uVrms10Hz_ch2pga1.bin,250,614,27022,1,0xA3,1,0,0,192,0,0,43517.075479,-20.541251,58731.146157,56358.620524,50267.793238,0.000000,0.000000,0.000000
2.460947,10uVrms10Hz_ch2pga1.bin,250,615,27023,1,0xA3,1,0,0,192,0,0,43519.467115,-20.541251,58734.096587,56361.570954,50269.916654,0.000000,0.000000,0.000000
2.464946,10uVrms10Hz_ch2pga1.bin,250,616,27024,1,0xA3,1,0,0,192,0,0,43522.015214,-20.675361,58737.091720,56364.633143,50271.950662,0.000000,0.000000,0.000000
2.468950,10uVrms10Hz_ch2pga1.bin,250,617,27025,1,0xA3,1,0,0,192,0,0,43524.473906,-20.630658,58740.019798,56367.538869,50274.074078,0.000000,0.000000,0.000000
2.472950,10uVrms10Hz_ch2pga1.bin,250,618,27026,1,0xA3,1,0,0,192,0,0,43526.753783,-20.675361,58742.970228,56370.355189,50275.929272,0.000000,0.000000,0.000000
2.476954,10uVrms10Hz_ch2pga1.bin,250,619,27027,1,0xA3,1,0,0,192,0,0,43528.966606,-20.608306,58745.674789,56373.082101,50277.784467,0.000000,0.000000,0.000000
2.480954,10uVrms10Hz_ch2pga1.bin,250,620,27028,1,0xA3,1,0,0,192,0,0,43531.201780,-20.608306,58748.424053,56375.965476,50279.796124,0.000000,0.000000,0.000000
2.484957,10uVrms10Hz_ch2pga1.bin,250,621,27029,1,0xA3,1,0,0,192,0,0,43533.548713,-20.518899,58751.285076,56378.871202,50281.696022,0.000000,0.000000,0.000000
2.488957,10uVrms10Hz_ch2pga1.bin,250,622,27030,1,0xA3,1,0,0,192,0,0,43535.806239,-20.496547,58754.034340,56381.642818,50283.573568,0.000000,0.000000,0.000000
2.492960,10uVrms10Hz_ch2pga1.bin,250,623,27031,1,0xA3,1,0,0,192,0,0,43538.063765,-20.451844,58756.828308,56384.459138,50285.540521,0.000000,0.000000,0.000000
2.496961,10uVrms10Hz_ch2pga1.bin,250,624,27032,1,0xA3,1,0,0,192,0,0,43540.433049,-20.362437,58759.666979,56387.364864,50287.462771,0.000000,0.000000,0.000000
2.500961,10uVrms10Hz_ch2pga1.bin,250,625,27033,1,0xA3,1,0,0,192,0,0,43542.847037,-20.250678,58762.572706,56390.292943,50289.474428,0.000000,0.000000,0.000000
2.504964,10uVrms10Hz_ch2pga1.bin,250,626,27034,1,0xA3,1,0,0,192,0,0,43545.149267,-20.116568,58765.478432,56393.086910,50291.396677,0.000000,0.000000,0.000000
2.508965,10uVrms10Hz_ch2pga1.bin,250,627,27035,1,0xA3,1,0,0,192,0,0,43547.295034,-20.138919,58768.227696,56395.769119,50293.363631,0.000000,0.000000,0.000000
2.512968,10uVrms10Hz_ch2pga1.bin,250,628,27036,1,0xA3,1,0,0,192,0,0,43549.530208,-20.071864,58770.909905,56398.473680,50295.174122,0.000000,0.000000,0.000000
2.516968,10uVrms10Hz_ch2pga1.bin,250,629,27037,1,0xA3,1,0,0,192,0,0,43551.832438,-20.116568,58773.703873,56401.334703,50297.096372,0.000000,0.000000,0.000000
2.520970,10uVrms10Hz_ch2pga1.bin,250,630,27038,1,0xA3,1,0,0,192,0,0,43554.134667,-20.094216,58776.609600,56404.195726,50299.040973,0.000000,0.000000,0.000000
2.524972,10uVrms10Hz_ch2pga1.bin,250,631,27039,1,0xA3,1,0,0,192,0,0,43556.571007,-20.138919,58779.515326,56407.146156,50301.119685,0.000000,0.000000,0.000000
2.528971,10uVrms10Hz_ch2pga1.bin,250,632,27040,1,0xA3,1,0,0,192,0,0,43558.895588,-20.138919,58782.465756,56410.051882,50303.131342,0.000000,0.000000,0.000000
2.532974,10uVrms10Hz_ch2pga1.bin,250,633,27041,1,0xA3,1,0,0,192,0,0,43561.153114,-20.183623,58785.326779,56412.957609,50305.075943,0.000000,0.000000,0.000000
2.536973,10uVrms10Hz_ch2pga1.bin,250,634,27042,1,0xA3,1,0,0,192,0,0,43563.455343,-20.250678,58788.143098,56415.662169,50306.953490,0.000000,0.000000,0.000000
2.540976,10uVrms10Hz_ch2pga1.bin,250,635,27043,1,0xA3,1,0,0,192,0,0,43565.735221,-20.317733,58790.870011,56418.500841,50308.763981,0.000000,0.000000,0.000000
2.544979,10uVrms10Hz_ch2pga1.bin,250,636,27044,1,0xA3,1,0,0,192,0,0,43567.903340,-20.317733,58793.596923,56421.294808,50310.619175,0.000000,0.000000,0.000000
2.548978,10uVrms10Hz_ch2pga1.bin,250,637,27045,1,0xA3,1,0,0,192,0,0,43570.160866,-20.384789,58796.346188,56424.088776,50312.519073,0.000000,0.000000,0.000000
2.552981,10uVrms10Hz_ch2pga1.bin,250,638,27046,1,0xA3,1,0,0,192,0,0,43572.328985,-20.496547,58799.073100,56426.748633,50314.351916,0.000000,0.000000,0.000000
2.556980,10uVrms10Hz_ch2pga1.bin,250,639,27047,1,0xA3,1,0,0,192,0,0,43574.519455,-20.608306,58801.867068,56429.564953,50316.296518,0.000000,0.000000,0.000000
2.560983,10uVrms10Hz_ch2pga1.bin,250,640,27048,1,0xA3,1,0,0,192,0,0,43577.089906,-20.630658,58804.795146,56432.537735,50318.330526,0.000000,0.000000,0.000000
2.564986,10uVrms10Hz_ch2pga1.bin,250,641,27049,1,0xA3,1,0,0,192,0,0,43579.481542,-20.608306,58807.700872,56435.443461,50320.386887,0.000000,0.000000,0.000000
2.568985,10uVrms10Hz_ch2pga1.bin,250,642,27050,1,0xA3,1,0,0,192,0,0,43581.806123,-20.608306,58810.628951,56438.393891,50322.309136,0.000000,0.000000,0.000000
2.572988,10uVrms10Hz_ch2pga1.bin,250,643,27051,1,0xA3,1,0,0,192,0,0,43583.951890,-20.653009,58813.445270,56441.120803,50324.164331,0.000000,0.000000,0.000000
2.576988,10uVrms10Hz_ch2pga1.bin,250,644,27052,1,0xA3,1,0,0,192,0,0,43586.075306,-20.630658,58816.060424,56443.870068,50325.997174,0.000000,0.000000,0.000000
2.580991,10uVrms10Hz_ch2pga1.bin,250,645,27053,1,0xA3,1,0,0,192,0,0,43588.399887,-20.608306,58818.832040,56446.596980,50327.986479,0.000000,0.000000,0.000000
2.584993,10uVrms10Hz_ch2pga1.bin,250,646,27054,1,0xA3,1,0,0,192,0,0,43590.679765,-20.585954,58821.693063,56449.301541,50329.841673,0.000000,0.000000,0.000000
2.588992,10uVrms10Hz_ch2pga1.bin,250,647,27055,1,0xA3,1,0,0,192,0,0,43592.870235,-20.541251,58824.397624,56452.028453,50331.585109,0.000000,0.000000,0.000000
2.592994,10uVrms10Hz_ch2pga1.bin,250,648,27056,1,0xA3,1,0,0,192,0,0,43594.993651,-20.474195,58827.146888,56454.844773,50333.552063,0.000000,0.000000,0.000000
2.596997,10uVrms10Hz_ch2pga1.bin,250,649,27057,1,0xA3,1,0,0,192,0,0,43597.429991,-20.384789,58830.030262,56457.705796,50335.541368,0.000000,0.000000,0.000000
2.600997,10uVrms10Hz_ch2pga1.bin,250,650,27058,1,0xA3,1,0,0,192,0,0,43599.754572,-20.205975,58832.935989,56460.633874,50337.485969,0.000000,0.000000,0.000000
2.605000,10uVrms10Hz_ch2pga1.bin,250,651,27059,1,0xA3,1,0,0,192,0,0,43602.079153,-20.205975,58835.752308,56463.450193,50339.430571,0.000000,0.000000,0.000000
2.608999,10uVrms10Hz_ch2pga1.bin,250,652,27060,1,0xA3,1,0,0,192,0,0,43604.247272,-20.161271,58838.479221,56466.221809,50341.241062,0.000000,0.000000,0.000000
2.613002,10uVrms10Hz_ch2pga1.bin,250,653,27061,1,0xA3,1,0,0,192,0,0,43606.393039,-20.049512,58841.228485,56468.904018,50343.163311,0.000000,0.000000,0.000000
2.617002,10uVrms10Hz_ch2pga1.bin,250,654,27062,1,0xA3,1,0,0,192,0,0,43608.672917,-20.027161,58843.955398,56471.608579,50344.973803,0.000000,0.000000,0.000000
2.621005,10uVrms10Hz_ch2pga1.bin,250,655,27063,1,0xA3,1,0,0,192,0,0,43610.908091,-20.094216,58846.727014,56474.603713,50346.985459,0.000000,0.000000,0.000000
2.625005,10uVrms10Hz_ch2pga1.bin,250,656,27064,1,0xA3,1,0,0,192,0,0,43613.255024,-20.094216,58849.543333,56477.420032,50348.930061,0.000000,0.000000,0.000000
2.629009,10uVrms10Hz_ch2pga1.bin,250,657,27065,1,0xA3,1,0,0,192,0,0,43615.691364,-20.071864,58852.449059,56480.258703,50350.874662,0.000000,0.000000,0.000000
2.633008,10uVrms10Hz_ch2pga1.bin,250,658,27066,1,0xA3,1,0,0,192,0,0,43618.015945,-20.049512,58855.310082,56483.119726,50352.863967,0.000000,0.000000,0.000000
2.637011,10uVrms10Hz_ch2pga1.bin,250,659,27067,1,0xA3,1,0,0,192,0,0,43620.251119,-20.161271,58858.148754,56486.003101,50354.763865,0.000000,0.000000,0.000000
2.641012,10uVrms10Hz_ch2pga1.bin,250,660,27068,1,0xA3,1,0,0,192,0,0,43622.530997,-20.250678,58860.898018,56488.797069,50356.663764,0.000000,0.000000,0.000000
2.645016,10uVrms10Hz_ch2pga1.bin,250,661,27069,1,0xA3,1,0,0,192,0,0,43624.810874,-20.273030,58863.669634,56491.523981,50358.608365,0.000000,0.000000,0.000000
2.649015,10uVrms10Hz_ch2pga1.bin,250,662,27070,1,0xA3,1,0,0,192,0,0,43627.046049,-20.384789,58866.441250,56494.273245,50360.463560,0.000000,0.000000,0.000000
2.653016,10uVrms10Hz_ch2pga1.bin,250,663,27071,1,0xA3,1,0,0,192,0,0,43629.303575,-20.429492,58869.190514,56497.000158,50362.341106,0.000000,0.000000,0.000000
2.657019,10uVrms10Hz_ch2pga1.bin,250,664,27072,1,0xA3,1,0,0,192,0,0,43631.583452,-20.541251,58871.939778,56499.883533,50364.308059,0.000000,0.000000,0.000000
2.661019,10uVrms10Hz_ch2pga1.bin,250,665,27073,1,0xA3,1,0,0,192,0,0,43634.064496,-20.585954,58874.957263,56502.878666,50366.431475,0.000000,0.000000,0.000000
2.665022,10uVrms10Hz_ch2pga1.bin,250,666,27074,1,0xA3,1,0,0,192,0,0,43636.433780,-20.585954,58877.862990,56505.873799,50368.443131,0.000000,0.000000,0.000000
2.669021,10uVrms10Hz_ch2pga1.bin,250,667,27075,1,0xA3,1,0,0,192,0,0,43638.668954,-20.608306,58880.701661,56508.690119,50370.298326,0.000000,0.000000,0.000000
2.673024,10uVrms10Hz_ch2pga1.bin,250,668,27076,1,0xA3,1,0,0,192,0,0,43640.904129,-20.653009,58883.406222,56511.305273,50372.086465,0.000000,0.000000,0.000000
2.677027,10uVrms10Hz_ch2pga1.bin,250,669,27077,1,0xA3,1,0,0,192,0,0,43643.116951,-20.608306,58886.133134,56514.166296,50373.986363,0.000000,0.000000,0.000000
2.681026,10uVrms10Hz_ch2pga1.bin,250,670,27078,1,0xA3,1,0,0,192,0,0,43645.441532,-20.563602,58888.994157,56516.937912,50375.930965,0.000000,0.000000,0.000000
2.685029,10uVrms10Hz_ch2pga1.bin,250,671,27079,1,0xA3,1,0,0,192,0,0,43647.676706,-20.496547,58891.765773,56519.798934,50377.897918,0.000000,0.000000,0.000000
2.689031,10uVrms10Hz_ch2pga1.bin,250,672,27080,1,0xA3,1,0,0,192,0,0,43650.068343,-20.407140,58894.671500,56522.659957,50379.797816,0.000000,0.000000,0.000000
2.693031,10uVrms10Hz_ch2pga1.bin,250,673,27081,1,0xA3,1,0,0,192,0,0,43652.370572,-20.384789,58897.465467,56525.520980,50381.787121,0.000000,0.000000,0.000000
2.697034,10uVrms10Hz_ch2pga1.bin,250,674,27082,1,0xA3,1,0,0,192,0,0,43654.695153,-20.362437,58900.281787,56528.404355,50383.642316,0.000000,0.000000,0.000000
2.701033,10uVrms10Hz_ch2pga1.bin,250,675,27083,1,0xA3,1,0,0,192,0,0,43657.109141,-20.250678,58903.209865,56531.265378,50385.765731,0.000000,0.000000,0.000000
2.705035,10uVrms10Hz_ch2pga1.bin,250,676,27084,1,0xA3,1,0,0,192,0,0,43659.389019,-20.250678,58906.093240,56534.193456,50387.732685,0.000000,0.000000,0.000000
2.709037,10uVrms10Hz_ch2pga1.bin,250,677,27085,1,0xA3,1,0,0,192,0,0,43661.646545,-20.161271,58908.842504,56536.965072,50389.632583,0.000000,0.000000,0.000000
2.713039,10uVrms10Hz_ch2pga1.bin,250,678,27086,1,0xA3,1,0,0,192,0,0,43663.904071,-20.049512,58911.636472,56539.803743,50391.621888,0.000000,0.000000,0.000000
2.717037,10uVrms10Hz_ch2pga1.bin,250,679,27087,1,0xA3,1,0,0,192,0,0,43666.206300,-20.116568,58914.452791,56542.597711,50393.566489,0.000000,0.000000,0.000000
2.721040,10uVrms10Hz_ch2pga1.bin,250,680,27088,1,0xA3,1,0,0,192,0,0,43668.463826,-20.094216,58917.179704,56545.458734,50395.444036,0.000000,0.000000,0.000000
2.725043,10uVrms10Hz_ch2pga1.bin,250,681,27089,1,0xA3,1,0,0,192,0,0,43670.810759,-20.116568,58920.063078,56548.364460,50397.433341,0.000000,0.000000,0.000000
2.729043,10uVrms10Hz_ch2pga1.bin,250,682,27090,1,0xA3,1,0,0,192,0,0,43673.180044,-20.138919,58922.901750,56551.158428,50399.266183,0.000000,0.000000,0.000000
2.733046,10uVrms10Hz_ch2pga1.bin,250,683,27091,1,0xA3,1,0,0,192,0,0,43675.392866,-20.094216,58925.539255,56553.840637,50401.143730,0.000000,0.000000,0.000000
2.737047,10uVrms10Hz_ch2pga1.bin,250,684,27092,1,0xA3,1,0,0,192,0,0,43677.650392,-20.161271,58928.355575,56556.701660,50403.065979,0.000000,0.000000,0.000000
2.741047,10uVrms10Hz_ch2pga1.bin,250,685,27093,1,0xA3,1,0,0,192,0,0,43680.019677,-20.273030,58931.306005,56559.674442,50405.010581,0.000000,0.000000,0.000000
2.745050,10uVrms10Hz_ch2pga1.bin,250,686,27094,1,0xA3,1,0,0,192,0,0,43682.411313,-20.295382,58934.256434,56562.602520,50407.066941,0.000000,0.000000,0.000000
2.749051,10uVrms10Hz_ch2pga1.bin,250,687,27095,1,0xA3,1,0,0,192,0,0,43684.668839,-20.362437,58937.072754,56565.351784,50408.944488,0.000000,0.000000,0.000000
2.753055,10uVrms10Hz_ch2pga1.bin,250,688,27096,1,0xA3,1,0,0,192,0,0,43686.881661,-20.362437,58939.866722,56568.190455,50410.844386,0.000000,0.000000,0.000000
2.757054,10uVrms10Hz_ch2pga1.bin,250,689,27097,1,0xA3,1,0,0,192,0,0,43689.161539,-20.541251,58942.683041,56571.006775,50412.811339,0.000000,0.000000,0.000000
2.761054,10uVrms10Hz_ch2pga1.bin,250,690,27098,1,0xA3,1,0,0,192,0,0,43691.597879,-20.608306,58945.544064,56573.957205,50414.800644,0.000000,0.000000,0.000000
2.765058,10uVrms10Hz_ch2pga1.bin,250,691,27099,1,0xA3,1,0,0,192,0,0,43693.989515,-20.630658,58948.472142,56576.907635,50416.789949,0.000000,0.000000,0.000000
2.769058,10uVrms10Hz_ch2pga1.bin,250,692,27100,1,0xA3,1,0,0,192,0,0,43696.336448,-20.653009,58951.221406,56579.701602,50418.689847,0.000000,0.000000,0.000000
2.773062,10uVrms10Hz_ch2pga1.bin,250,693,27101,1,0xA3,1,0,0,192,0,0,43698.459864,-20.630658,58953.903615,56582.383811,50420.477986,0.000000,0.000000,0.000000
2.777062,10uVrms10Hz_ch2pga1.bin,250,694,27102,1,0xA3,1,0,0,192,0,0,43700.717390,-20.630658,58956.719935,56585.133076,50422.422588,0.000000,0.000000,0.000000
2.781066,10uVrms10Hz_ch2pga1.bin,250,695,27103,1,0xA3,1,0,0,192,0,0,43702.974916,-20.653009,58959.580958,56588.038802,50424.389541,0.000000,0.000000,0.000000
2.785065,10uVrms10Hz_ch2pga1.bin,250,696,27104,1,0xA3,1,0,0,192,0,0,43705.277145,-20.608306,58962.307870,56590.810418,50426.289439,0.000000,0.000000,0.000000
2.789066,10uVrms10Hz_ch2pga1.bin,250,697,27105,1,0xA3,1,0,0,192,0,0,43707.512319,-20.541251,58965.079486,56593.649089,50428.211689,0.000000,0.000000,0.000000
2.793069,10uVrms10Hz_ch2pga1.bin,250,698,27106,1,0xA3,1,0,0,192,0,0,43709.859252,-20.429492,58967.962861,56596.510112,50430.178642,0.000000,0.000000,0.000000
2.797069,10uVrms10Hz_ch2pga1.bin,250,699,27107,1,0xA3,1,0,0,192,0,0,43712.139130,-20.407140,58970.801532,56599.371135,50432.056189,0.000000,0.000000,0.000000
2.801072,10uVrms10Hz_ch2pga1.bin,250,700,27108,1,0xA3,1,0,0,192,0,0,43714.463711,-20.250678,58973.528445,56602.098048,50434.023142,0.000000,0.000000,0.000000
2.805071,10uVrms10Hz_ch2pga1.bin,250,701,27109,1,0xA3,1,0,0,192,0,0,43716.587126,-20.205975,58976.277709,56604.914367,50435.945392,0.000000,0.000000,0.000000
2.809075,10uVrms10Hz_ch2pga1.bin,250,702,27110,1,0xA3,1,0,0,192,0,0,43718.755245,-20.228326,58978.959918,56607.708335,50437.778234,0.000000,0.000000,0.000000
2.813076,10uVrms10Hz_ch2pga1.bin,250,703,27111,1,0xA3,1,0,0,192,0,0,43721.035123,-20.161271,58981.776237,56610.412896,50439.611077,0.000000,0.000000,0.000000
2.817079,10uVrms10Hz_ch2pga1.bin,250,704,27112,1,0xA3,1,0,0,192,0,0,43723.292649,-20.027161,58984.592557,56613.206863,50441.488624,0.000000,0.000000,0.000000
2.821079,10uVrms10Hz_ch2pga1.bin,250,705,27113,1,0xA3,1,0,0,192,0,0,43725.684285,-20.049512,58987.498283,56616.201997,50443.612039,0.000000,0.000000,0.000000
2.825079,10uVrms10Hz_ch2pga1.bin,250,706,27114,1,0xA3,1,0,0,192,0,0,43727.964163,-20.161271,58990.359306,56618.995965,50445.578992,0.000000,0.000000,0.000000
2.829084,10uVrms10Hz_ch2pga1.bin,250,707,27115,1,0xA3,1,0,0,192,0,0,43730.244040,-20.071864,58993.130922,56621.722877,50447.456539,0.000000,0.000000,0.000000
2.833084,10uVrms10Hz_ch2pga1.bin,250,708,27116,1,0xA3,1,0,0,192,0,0,43732.479215,-20.094216,58995.924890,56624.516845,50449.311733,0.000000,0.000000,0.000000
2.837085,10uVrms10Hz_ch2pga1.bin,250,709,27117,1,0xA3,1,0,0,192,0,0,43734.781444,-20.205975,58998.763561,56627.377868,50451.323390,0.000000,0.000000,0.000000
2.841088,10uVrms10Hz_ch2pga1.bin,250,710,27118,1,0xA3,1,0,0,192,0,0,43737.173080,-20.250678,59001.624584,56630.283594,50453.312695,0.000000,0.000000,0.000000
2.845088,10uVrms10Hz_ch2pga1.bin,250,711,27119,1,0xA3,1,0,0,192,0,0,43739.520013,-20.317733,59004.463255,56633.189321,50455.279648,0.000000,0.000000,0.000000
2.849092,10uVrms10Hz_ch2pga1.bin,250,712,27120,1,0xA3,1,0,0,192,0,0,43741.866946,-20.407140,59007.257223,56636.027992,50457.291305,0.000000,0.000000,0.000000
2.853092,10uVrms10Hz_ch2pga1.bin,250,713,27121,1,0xA3,1,0,0,192,0,0,43744.057417,-20.518899,59010.028839,56638.777256,50459.191203,0.000000,0.000000,0.000000
2.857092,10uVrms10Hz_ch2pga1.bin,250,714,27122,1,0xA3,1,0,0,192,0,0,43746.337295,-20.518899,59012.711048,56641.504169,50460.979342,0.000000,0.000000,0.000000
2.861096,10uVrms10Hz_ch2pga1.bin,250,715,27123,1,0xA3,1,0,0,192,0,0,43748.617172,-20.541251,59015.505016,56644.320488,50462.856889,0.000000,0.000000,0.000000
2.865096,10uVrms10Hz_ch2pga1.bin,250,716,27124,1,0xA3,1,0,0,192,0,0,43750.897050,-20.630658,59018.410742,56647.159159,50464.801490,0.000000,0.000000,0.000000
2.869100,10uVrms10Hz_ch2pga1.bin,250,717,27125,1,0xA3,1,0,0,192,0,0,43753.087521,-20.585954,59021.137655,56650.020182,50466.723740,0.000000,0.000000,0.000000
2.873100,10uVrms10Hz_ch2pga1.bin,250,718,27126,1,0xA3,1,0,0,192,0,0,43755.456805,-20.608306,59024.088085,56652.903557,50468.735397,0.000000,0.000000,0.000000
2.877104,10uVrms10Hz_ch2pga1.bin,250,719,27127,1,0xA3,1,0,0,192,0,0,43757.982552,-20.675361,59027.105570,56655.876338,50470.858812,0.000000,0.000000,0.000000
2.881104,10uVrms10Hz_ch2pga1.bin,250,720,27128,1,0xA3,1,0,0,192,0,0,43760.441244,-20.653009,59029.921889,56658.849120,50472.892821,0.000000,0.000000,0.000000
2.885107,10uVrms10Hz_ch2pga1.bin,250,721,27129,1,0xA3,1,0,0,192,0,0,43762.654066,-20.541251,59032.782912,56661.732495,50474.837422,0.000000,0.000000,0.000000
2.889107,10uVrms10Hz_ch2pga1.bin,250,722,27130,1,0xA3,1,0,0,192,0,0,43764.911592,-20.474195,59035.509825,56664.481759,50476.714969,0.000000,0.000000,0.000000
2.893106,10uVrms10Hz_ch2pga1.bin,250,723,27131,1,0xA3,1,0,0,192,0,0,43767.236173,-20.429492,59038.303792,56667.298079,50478.547812,0.000000,0.000000,0.000000
2.897110,10uVrms10Hz_ch2pga1.bin,250,724,27132,1,0xA3,1,0,0,192,0,0,43769.583106,-20.317733,59041.187167,56670.092046,50480.537117,0.000000,0.000000,0.000000
2.901112,10uVrms10Hz_ch2pga1.bin,250,725,27133,1,0xA3,1,0,0,192,0,0,43771.885335,-20.250678,59044.003487,56673.020124,50482.526422,0.000000,0.000000,0.000000
2.905112,10uVrms10Hz_ch2pga1.bin,250,726,27134,1,0xA3,1,0,0,192,0,0,43774.232268,-20.205975,59046.886861,56675.814092,50484.471023,0.000000,0.000000,0.000000
2.909115,10uVrms10Hz_ch2pga1.bin,250,727,27135,1,0xA3,1,0,0,192,0,0,43776.556849,-20.138919,59049.591422,56678.675115,50486.415625,0.000000,0.000000,0.000000
2.913115,10uVrms10Hz_ch2pga1.bin,250,728,27136,1,0xA3,1,0,0,192,0,0,43778.769672,-20.138919,59052.497149,56681.536138,50488.382578,0.000000,0.000000,0.000000
2.917118,10uVrms10Hz_ch2pga1.bin,250,729,27137,1,0xA3,1,0,0,192,0,0,43780.982494,-20.049512,59055.358171,56684.307754,50490.237772,0.000000,0.000000,0.000000
2.921118,10uVrms10Hz_ch2pga1.bin,250,730,27138,1,0xA3,1,0,0,192,0,0,43783.172965,-20.094216,59057.973325,56687.101722,50492.115319,0.000000,0.000000,0.000000
2.925119,10uVrms10Hz_ch2pga1.bin,250,731,27139,1,0xA3,1,0,0,192,0,0,43785.408139,-20.071864,59060.767293,56689.850986,50493.948162,0.000000,0.000000,0.000000
2.929122,10uVrms10Hz_ch2pga1.bin,250,732,27140,1,0xA3,1,0,0,192,0,0,43787.553906,-20.071864,59063.494205,56692.577899,50495.758653,0.000000,0.000000,0.000000
2.933122,10uVrms10Hz_ch2pga1.bin,250,733,27141,1,0xA3,1,0,0,192,0,0,43789.766729,-20.138919,59066.288173,56695.282459,50497.680902,0.000000,0.000000,0.000000
2.937126,10uVrms10Hz_ch2pga1.bin,250,734,27142,1,0xA3,1,0,0,192,0,0,43792.180717,-20.250678,59069.193900,56698.232889,50499.692559,0.000000,0.000000,0.000000
2.941126,10uVrms10Hz_ch2pga1.bin,250,735,27143,1,0xA3,1,0,0,192,0,0,43794.661760,-20.273030,59072.144330,56701.138616,50501.883030,0.000000,0.000000,0.000000
2.945129,10uVrms10Hz_ch2pga1.bin,250,736,27144,1,0xA3,1,0,0,192,0,0,43796.986341,-20.273030,59075.027704,56704.066694,50503.894687,0.000000,0.000000,0.000000
2.949130,10uVrms10Hz_ch2pga1.bin,250,737,27145,1,0xA3,1,0,0,192,0,0,43799.132109,-20.362437,59077.687562,56706.726551,50505.638123,0.000000,0.000000,0.000000
2.953130,10uVrms10Hz_ch2pga1.bin,250,738,27146,1,0xA3,1,0,0,192,0,0,43801.233172,-20.496547,59080.302715,56709.475815,50507.403910,0.000000,0.000000,0.000000
2.957133,10uVrms10Hz_ch2pga1.bin,250,739,27147,1,0xA3,1,0,0,192,0,0,43803.445995,-20.585954,59083.029628,56712.202728,50509.169698,0.000000,0.000000,0.000000
2.961136,10uVrms10Hz_ch2pga1.bin,250,740,27148,1,0xA3,1,0,0,192,0,0,43805.792928,-20.585954,59085.845947,56715.063751,50511.114299,0.000000,0.000000,0.000000
2.965135,10uVrms10Hz_ch2pga1.bin,250,741,27149,1,0xA3,1,0,0,192,0,0,43808.117509,-20.608306,59088.751674,56717.902422,50513.170660,0.000000,0.000000,0.000000
2.969138,10uVrms10Hz_ch2pga1.bin,250,742,27150,1,0xA3,1,0,0,192,0,0,43810.442090,-20.630658,59091.545641,56720.741093,50515.137613,0.000000,0.000000,0.000000
2.973138,10uVrms10Hz_ch2pga1.bin,250,743,27151,1,0xA3,1,0,0,192,0,0,43812.677264,-20.675361,59094.317257,56723.602116,50516.992807,0.000000,0.000000,0.000000
2.977140,10uVrms10Hz_ch2pga1.bin,250,744,27152,1,0xA3,1,0,0,192,0,0,43814.934790,-20.608306,59097.133577,56726.396084,50518.915057,0.000000,0.000000,0.000000
2.981140,10uVrms10Hz_ch2pga1.bin,250,745,27153,1,0xA3,1,0,0,192,0,0,43817.259371,-20.541251,59099.994600,56729.257107,50520.837307,0.000000,0.000000,0.000000
2.985142,10uVrms10Hz_ch2pga1.bin,250,746,27154,1,0xA3,1,0,0,192,0,0,43819.516897,-20.541251,59102.766216,56732.073426,50522.826612,0.000000,0.000000,0.000000
2.989145,10uVrms10Hz_ch2pga1.bin,250,747,27155,1,0xA3,1,0,0,192,0,0,43821.819127,-20.474195,59105.560184,56734.956801,50524.748862,0.000000,0.000000,0.000000
2.993145,10uVrms10Hz_ch2pga1.bin,250,748,27156,1,0xA3,1,0,0,192,0,0,43824.076653,-20.384789,59108.421206,56737.795472,50526.715815,0.000000,0.000000,0.000000
2.997147,10uVrms10Hz_ch2pga1.bin,250,749,27157,1,0xA3,1,0,0,192,0,0,43826.557696,-20.317733,59111.416340,56740.701199,50528.816879,0.000000,0.000000,0.000000
3.001147,10uVrms10Hz_ch2pga1.bin,250,750,27158,1,0xA3,1,0,0,192,0,0,43828.926980,-20.273030,59114.277363,56743.673980,50530.806184,0.000000,0.000000,0.000000
3.005151,10uVrms10Hz_ch2pga1.bin,250,751,27159,1,0xA3,1,0,0,192,0,0,43831.229210,-20.273030,59117.138386,56746.467948,50532.773137,0.000000,0.000000,0.000000
3.009151,10uVrms10Hz_ch2pga1.bin,250,752,27160,1,0xA3,1,0,0,192,0,0,43833.509088,-20.138919,59119.977057,56749.328971,50534.740090,0.000000,0.000000,0.000000
3.013153,10uVrms10Hz_ch2pga1.bin,250,753,27161,1,0xA3,1,0,0,192,0,0,43835.900724,-20.004809,59122.815728,56752.212346,50536.684692,0.000000,0.000000,0.000000
3.017155,10uVrms10Hz_ch2pga1.bin,250,754,27162,1,0xA3,1,0,0,192,0,0,43838.292360,-19.982457,59125.654399,56755.073369,50538.763404,0.000000,0.000000,0.000000
3.021155,10uVrms10Hz_ch2pga1.bin,250,755,27163,1,0xA3,1,0,0,192,0,0,43840.549886,-20.049512,59128.426015,56757.867336,50540.730357,0.000000,0.000000,0.000000
3.025156,10uVrms10Hz_ch2pga1.bin,250,756,27164,1,0xA3,1,0,0,192,0,0,43842.829764,-20.071864,59131.219983,56760.706007,50542.563200,0.000000,0.000000,0.000000
3.029159,10uVrms10Hz_ch2pga1.bin,250,757,27165,1,0xA3,1,0,0,192,0,0,43845.288455,-20.094216,59134.125710,56763.678789,50544.619560,0.000000,0.000000,0.000000
3.033159,10uVrms10Hz_ch2pga1.bin,250,758,27166,1,0xA3,1,0,0,192,0,0,43847.724795,-20.183623,59136.986732,56766.562164,50546.698272,0.000000,0.000000,0.000000
3.037163,10uVrms10Hz_ch2pga1.bin,250,759,27167,1,0xA3,1,0,0,192,0,0,43849.937618,-20.228326,59139.870107,56769.356132,50548.620522,0.000000,0.000000,0.000000
3.041163,10uVrms10Hz_ch2pga1.bin,250,760,27168,1,0xA3,1,0,0,192,0,0,43852.172792,-20.205975,59142.686427,56772.239506,50550.542772,0.000000,0.000000,0.000000
3.045163,10uVrms10Hz_ch2pga1.bin,250,761,27169,1,0xA3,1,0,0,192,0,0,43854.542077,-20.317733,59145.458043,56775.055826,50552.509725,0.000000,0.000000,0.000000
3.049167,10uVrms10Hz_ch2pga1.bin,250,762,27170,1,0xA3,1,0,0,192,0,0,43856.889009,-20.429492,59148.319066,56777.849793,50554.476678,0.000000,0.000000,0.000000
3.053169,10uVrms10Hz_ch2pga1.bin,250,763,27171,1,0xA3,1,0,0,192,0,0,43859.079480,-20.451844,59151.157737,56780.710816,50556.354225,0.000000,0.000000,0.000000
3.057170,10uVrms10Hz_ch2pga1.bin,250,764,27172,1,0xA3,1,0,0,192,0,0,43861.404061,-20.541251,59153.929353,56783.504784,50558.187068,0.000000,0.000000,0.000000
3.061173,10uVrms10Hz_ch2pga1.bin,250,765,27173,1,0xA3,1,0,0,192,0,0,43863.639235,-20.653009,59156.700969,56786.298752,50560.042262,0.000000,0.000000,0.000000
3.065174,10uVrms10Hz_ch2pga1.bin,250,766,27174,1,0xA3,1,0,0,192,0,0,43865.829706,-20.608306,59159.360826,56789.092720,50562.009215,0.000000,0.000000,0.000000
3.069174,10uVrms10Hz_ch2pga1.bin,250,767,27175,1,0xA3,1,0,0,192,0,0,43868.064880,-20.653009,59162.221849,56791.841984,50563.864410,0.000000,0.000000,0.000000
3.073178,10uVrms10Hz_ch2pga1.bin,250,768,27176,1,0xA3,1,0,0,192,0,0,43870.188296,-20.653009,59164.926410,56794.613600,50565.674901,0.000000,0.000000,0.000000
3.077177,10uVrms10Hz_ch2pga1.bin,250,769,27177,1,0xA3,1,0,0,192,0,0,43872.535229,-20.585954,59167.809784,56797.474623,50567.753613,0.000000,0.000000,0.000000
3.081181,10uVrms10Hz_ch2pga1.bin,250,770,27178,1,0xA3,1,0,0,192,0,0,43874.882162,-20.563602,59170.603752,56800.402701,50569.787621,0.000000,0.000000,0.000000
3.085181,10uVrms10Hz_ch2pga1.bin,250,771,27179,1,0xA3,1,0,0,192,0,0,43877.318501,-20.541251,59173.487127,56803.263724,50571.776927,0.000000,0.000000,0.000000
3.089185,10uVrms10Hz_ch2pga1.bin,250,772,27180,1,0xA3,1,0,0,192,0,0,43879.553676,-20.496547,59176.303446,56806.102395,50573.676825,0.000000,0.000000,0.000000
3.093184,10uVrms10Hz_ch2pga1.bin,250,773,27181,1,0xA3,1,0,0,192,0,0,43881.811202,-20.474195,59179.052711,56808.918715,50575.554371,0.000000,0.000000,0.000000
3.097185,10uVrms10Hz_ch2pga1.bin,250,774,27182,1,0xA3,1,0,0,192,0,0,43884.068727,-20.362437,59181.891382,56811.690331,50577.364862,0.000000,0.000000,0.000000
3.101189,10uVrms10Hz_ch2pga1.bin,250,775,27183,1,0xA3,1,0,0,192,0,0,43886.505067,-20.273030,59184.707701,56814.461946,50579.331815,0.000000,0.000000,0.000000
3.105191,10uVrms10Hz_ch2pga1.bin,250,776,27184,1,0xA3,1,0,0,192,0,0,43888.740242,-20.138919,59187.524021,56817.255914,50581.209362,0.000000,0.000000,0.000000
3.109191,10uVrms10Hz_ch2pga1.bin,250,777,27185,1,0xA3,1,0,0,192,0,0,43890.953064,-20.071864,59190.228581,56820.049882,50583.042204,0.000000,0.000000,0.000000
3.113192,10uVrms10Hz_ch2pga1.bin,250,778,27186,1,0xA3,1,0,0,192,0,0,43893.322349,-20.027161,59193.089604,56822.888553,50584.986806,0.000000,0.000000,0.000000
3.117196,10uVrms10Hz_ch2pga1.bin,250,779,27187,1,0xA3,1,0,0,192,0,0,43895.557523,-20.094216,59195.883572,56825.704873,50586.976111,0.000000,0.000000,0.000000
3.121197,10uVrms10Hz_ch2pga1.bin,250,780,27188,1,0xA3,1,0,0,192,0,0,43897.993863,-20.094216,59198.789299,56828.700006,50589.099526,0.000000,0.000000,0.000000
3.125197,10uVrms10Hz_ch2pga1.bin,250,781,27189,1,0xA3,1,0,0,192,0,0,43900.385499,-20.094216,59201.605618,56831.605732,50591.066480,0.000000,0.000000,0.000000
3.129201,10uVrms10Hz_ch2pga1.bin,250,782,27190,1,0xA3,1,0,0,192,0,0,43902.508914,-20.138919,59204.332530,56834.399700,50592.899323,0.000000,0.000000,0.000000
3.133201,10uVrms10Hz_ch2pga1.bin,250,783,27191,1,0xA3,1,0,0,192,0,0,43904.654682,-20.161271,59207.171202,56837.104261,50594.732165,0.000000,0.000000,0.000000
3.137205,10uVrms10Hz_ch2pga1.bin,250,784,27192,1,0xA3,1,0,0,192,0,0,43907.135725,-20.161271,59210.054576,56839.965284,50596.766174,0.000000,0.000000,0.000000
3.141205,10uVrms10Hz_ch2pga1.bin,250,785,27193,1,0xA3,1,0,0,192,0,0,43909.527361,-20.228326,59212.915599,56842.893362,50598.800182,0.000000,0.000000,0.000000
3.145205,10uVrms10Hz_ch2pga1.bin,250,786,27194,1,0xA3,1,0,0,192,0,0,43911.963701,-20.273030,59215.843678,56845.888495,50600.811839,0.000000,0.000000,0.000000
3.149209,10uVrms10Hz_ch2pga1.bin,250,787,27195,1,0xA3,1,0,0,192,0,0,43914.176524,-20.362437,59218.637645,56848.749518,50602.756441,0.000000,0.000000,0.000000
3.153208,10uVrms10Hz_ch2pga1.bin,250,788,27196,1,0xA3,1,0,0,192,0,0,43916.411698,-20.474195,59221.364558,56851.454079,50604.589283,0.000000,0.000000,0.000000
3.157211,10uVrms10Hz_ch2pga1.bin,250,789,27197,1,0xA3,1,0,0,192,0,0,43918.780982,-20.541251,59224.158525,56854.292750,50606.511533,0.000000,0.000000,0.000000
3.161211,10uVrms10Hz_ch2pga1.bin,250,790,27198,1,0xA3,1,0,0,192,0,0,43921.127915,-20.563602,59226.952493,56857.198477,50608.612597,0.000000,0.000000,0.000000
3.165214,10uVrms10Hz_ch2pga1.bin,250,791,27199,1,0xA3,1,0,0,192,0,0,43923.497200,-20.630658,59229.947627,56860.104203,50610.557199,0.000000,0.000000,0.000000
3.169214,10uVrms10Hz_ch2pga1.bin,250,792,27200,1,0xA3,1,0,0,192,0,0,43925.732374,-20.720065,59232.853353,56862.965226,50612.591207,0.000000,0.000000,0.000000
3.173218,10uVrms10Hz_ch2pga1.bin,250,793,27201,1,0xA3,1,0,0,192,0,0,43928.056955,-20.720065,59235.714376,56865.759194,50614.491105,0.000000,0.000000,0.000000
3.177218,10uVrms10Hz_ch2pga1.bin,250,794,27202,1,0xA3,1,0,0,192,0,0,43930.336833,-20.653009,59238.463640,56868.620217,50616.368651,0.000000,0.000000,0.000000
3.181221,10uVrms10Hz_ch2pga1.bin,250,795,27203,1,0xA3,1,0,0,192,0,0,43932.549655,-20.563602,59241.235256,56871.458888,50618.201494,0.000000,0.000000,0.000000
3.185222,10uVrms10Hz_ch2pga1.bin,250,796,27204,1,0xA3,1,0,0,192,0,0,43934.784830,-20.496547,59244.051576,56874.185801,50620.146096,0.000000,0.000000,0.000000
3.189223,10uVrms10Hz_ch2pga1.bin,250,797,27205,1,0xA3,1,0,0,192,0,0,43937.109411,-20.541251,59246.823192,56877.069175,50622.090697,0.000000,0.000000,0.000000
3.193226,10uVrms10Hz_ch2pga1.bin,250,798,27206,1,0xA3,1,0,0,192,0,0,43939.523399,-20.429492,59249.728918,56880.019605,50624.102354,0.000000,0.000000,0.000000
3.197226,10uVrms10Hz_ch2pga1.bin,250,799,27207,1,0xA3,1,0,0,192,0,0,43941.870332,-20.362437,59252.656996,56882.902980,50626.158714,0.000000,0.000000,0.000000
3.201227,10uVrms10Hz_ch2pga1.bin,250,800,27208,1,0xA3,1,0,0,192,0,0,43944.284320,-20.317733,59255.540371,56885.719299,50628.237426,0.000000,0.000000,0.000000
3.205230,10uVrms10Hz_ch2pga1.bin,250,801,27209,1,0xA3,1,0,0,192,0,0,43946.631253,-20.250678,59258.267283,56888.557971,50630.182028,0.000000,0.000000,0.000000
3.209230,10uVrms10Hz_ch2pga1.bin,250,802,27210,1,0xA3,1,0,0,192,0,0,43948.754668,-20.183623,59260.904789,56891.284883,50631.903112,0.000000,0.000000,0.000000
3.213234,10uVrms10Hz_ch2pga1.bin,250,803,27211,1,0xA3,1,0,0,192,0,0,43950.878084,-20.071864,59263.586998,56893.900037,50633.691251,0.000000,0.000000,0.000000
3.217235,10uVrms10Hz_ch2pga1.bin,250,804,27212,1,0xA3,1,0,0,192,0,0,43953.090906,-20.049512,59266.470373,56896.783412,50635.591149,0.000000,0.000000,0.000000
3.221235,10uVrms10Hz_ch2pga1.bin,250,805,27213,1,0xA3,1,0,0,192,0,0,43955.504894,-20.071864,59269.398451,56899.733841,50637.580454,0.000000,0.000000,0.000000
3.225238,10uVrms10Hz_ch2pga1.bin,250,806,27214,1,0xA3,1,0,0,192,0,0,43957.985938,-20.094216,59272.281826,56902.684271,50639.569759,0.000000,0.000000,0.000000
3.229238,10uVrms10Hz_ch2pga1.bin,250,807,27215,1,0xA3,1,0,0,192,0,0,43960.422277,-20.071864,59275.187552,56905.567646,50641.626120,0.000000,0.000000,0.000000
3.233241,10uVrms10Hz_ch2pga1.bin,250,808,27216,1,0xA3,1,0,0,192,0,0,43962.657452,-20.094216,59278.048575,56908.294559,50643.503666,0.000000,0.000000,0.000000
3.237241,10uVrms10Hz_ch2pga1.bin,250,809,27217,1,0xA3,1,0,0,192,0,0,43964.780867,-20.161271,59280.753136,56911.043823,50645.336509,0.000000,0.000000,0.000000
3.241244,10uVrms10Hz_ch2pga1.bin,250,810,27218,1,0xA3,1,0,0,192,0,0,43966.948986,-20.205975,59283.480048,56913.971901,50647.281110,0.000000,0.000000,0.000000
3.245245,10uVrms10Hz_ch2pga1.bin,250,811,27219,1,0xA3,1,0,0,192,0,0,43969.318271,-20.340085,59286.274016,56916.810572,50649.270415,0.000000,0.000000,0.000000
3.249248,10uVrms10Hz_ch2pga1.bin,250,812,27220,1,0xA3,1,0,0,192,0,0,43971.709907,-20.518899,59289.202094,56919.671595,50651.192665,0.000000,0.000000,0.000000
3.253248,10uVrms10Hz_ch2pga1.bin,250,813,27221,1,0xA3,1,0,0,192,0,0,43974.034488,-20.474195,59292.107821,56922.510266,50653.181970,0.000000,0.000000,0.000000
3.257249,10uVrms10Hz_ch2pga1.bin,250,814,27222,1,0xA3,1,0,0,192,0,0,43976.314366,-20.585954,59294.901788,56925.393641,50655.037165,0.000000,0.000000,0.000000
3.261251,10uVrms10Hz_ch2pga1.bin,250,815,27223,1,0xA3,1,0,0,192,0,0,43978.638947,-20.608306,59297.673404,56928.277016,50656.981766,0.000000,0.000000,0.000000
3.265254,10uVrms10Hz_ch2pga1.bin,250,816,27224,1,0xA3,1,0,0,192,0,0,43980.985880,-20.653009,59300.489724,56931.160390,50658.971071,0.000000,0.000000,0.000000
3.269254,10uVrms10Hz_ch2pga1.bin,250,817,27225,1,0xA3,1,0,0,192,0,0,43983.288109,-20.653009,59303.350747,56934.043765,50660.960376,0.000000,0.000000,0.000000
3.273257,10uVrms10Hz_ch2pga1.bin,250,818,27226,1,0xA3,1,0,0,192,0,0,43985.612690,-20.675361,59306.234121,56936.815381,50662.949681,0.000000,0.000000,0.000000
3.277257,10uVrms10Hz_ch2pga1.bin,250,819,27227,1,0xA3,1,0,0,192,0,0,43987.914920,-20.630658,59309.005737,56939.654052,50664.760172,0.000000,0.000000,0.000000
3.281260,10uVrms10Hz_ch2pga1.bin,250,820,27228,1,0xA3,1,0,0,192,0,0,43990.261853,-20.585954,59311.911464,56942.559779,50666.727126,0.000000,0.000000,0.000000
3.285259,10uVrms10Hz_ch2pga1.bin,250,821,27229,1,0xA3,1,0,0,192,0,0,43992.675841,-20.541251,59314.750135,56945.510209,50668.805838,0.000000,0.000000,0.000000
3.289262,10uVrms10Hz_ch2pga1.bin,250,822,27230,1,0xA3,1,0,0,192,0,0,43994.955719,-20.496547,59317.611158,56948.348880,50670.795143,0.000000,0.000000,0.000000
3.293262,10uVrms10Hz_ch2pga1.bin,250,823,27231,1,0xA3,1,0,0,192,0,0,43997.235596,-20.518899,59320.472181,56951.187551,50672.851503,0.000000,0.000000,0.000000
3.297266,10uVrms10Hz_ch2pga1.bin,250,824,27232,1,0xA3,1,0,0,192,0,0,43999.470770,-20.429492,59323.288500,56953.959167,50674.706697,0.000000,0.000000,0.000000
3.301266,10uVrms10Hz_ch2pga1.bin,250,825,27233,1,0xA3,1,0,0,192,0,0,44001.773000,-20.317733,59326.171875,56956.797838,50676.539540,0.000000,0.000000,0.000000
3.305266,10uVrms10Hz_ch2pga1.bin,250,826,27234,1,0xA3,1,0,0,192,0,0,44004.119933,-20.205975,59329.010546,56959.703565,50678.618252,0.000000,0.000000,0.000000
3.309269,10uVrms10Hz_ch2pga1.bin,250,827,27235,1,0xA3,1,0,0,192,0,0,44006.489217,-20.161271,59331.782162,56962.497532,50680.518150,0.000000,0.000000,0.000000
3.313272,10uVrms10Hz_ch2pga1.bin,250,828,27236,1,0xA3,1,0,0,192,0,0,44008.746743,-20.138919,59334.531426,56965.291500,50682.418048,0.000000,0.000000,0.000000
3.317273,10uVrms10Hz_ch2pga1.bin,250,829,27237,1,0xA3,1,0,0,192,0,0,44010.892510,-20.094216,59337.370098,56968.152523,50684.273243,0.000000,0.000000,0.000000
3.321273,10uVrms10Hz_ch2pga1.bin,250,830,27238,1,0xA3,1,0,0,192,0,0,44013.239443,-20.049512,59340.253472,56970.879436,50686.240196,0.000000,0.000000,0.000000
3.325277,10uVrms10Hz_ch2pga1.bin,250,831,27239,1,0xA3,1,0,0,192,0,0,44015.564024,-20.027161,59343.069792,56973.762810,50688.184798,0.000000,0.000000,0.000000
3.329277,10uVrms10Hz_ch2pga1.bin,250,832,27240,1,0xA3,1,0,0,192,0,0,44017.910957,-20.049512,59345.841408,56976.623833,50690.084696,0.000000,0.000000,0.000000
3.333277,10uVrms10Hz_ch2pga1.bin,250,833,27241,1,0xA3,1,0,0,192,0,0,44020.101428,-20.071864,59348.657727,56979.373097,50691.917539,0.000000,0.000000,0.000000
3.337281,10uVrms10Hz_ch2pga1.bin,250,834,27242,1,0xA3,1,0,0,192,0,0,44022.426009,-20.205975,59351.496398,56982.278824,50693.996251,0.000000,0.000000,0.000000
3.341281,10uVrms10Hz_ch2pga1.bin,250,835,27243,1,0xA3,1,0,0,192,0,0,44024.817646,-20.273030,59354.402125,56985.184550,50696.052611,0.000000,0.000000,0.000000
3.345285,10uVrms10Hz_ch2pga1.bin,250,836,27244,1,0xA3,1,0,0,192,0,0,44027.142227,-20.384789,59357.240796,56988.112628,50698.019564,0.000000,0.000000,0.000000
3.349285,10uVrms10Hz_ch2pga1.bin,250,837,27245,1,0xA3,1,0,0,192,0,0,44029.399753,-20.451844,59359.990060,56990.884244,50699.807703,0.000000,0.000000,0.000000
3.353288,10uVrms10Hz_ch2pga1.bin,250,838,27246,1,0xA3,1,0,0,192,0,0,44031.545520,-20.563602,59362.716973,56993.611157,50701.551139,0.000000,0.000000,0.000000
3.357289,10uVrms10Hz_ch2pga1.bin,250,839,27247,1,0xA3,1,0,0,192,0,0,44033.870101,-20.630658,59365.466237,56996.405125,50703.540444,0.000000,0.000000,0.000000
3.361291,10uVrms10Hz_ch2pga1.bin,250,840,27248,1,0xA3,1,0,0,192,0,0,44036.261737,-20.675361,59368.439019,56999.310851,50705.574453,0.000000,0.000000,0.000000
3.365291,10uVrms10Hz_ch2pga1.bin,250,841,27249,1,0xA3,1,0,0,192,0,0,44038.675725,-20.697713,59371.367097,57002.395391,50707.697868,0.000000,0.000000,0.000000
3.369294,10uVrms10Hz_ch2pga1.bin,250,842,27250,1,0xA3,1,0,0,192,0,0,44041.000307,-20.541251,59374.183416,57005.189359,50709.664822,0.000000,0.000000,0.000000
3.373294,10uVrms10Hz_ch2pga1.bin,250,843,27251,1,0xA3,1,0,0,192,0,0,44043.235481,-20.653009,59376.910329,57007.960975,50711.497664,0.000000,0.000000,0.000000
3.377298,10uVrms10Hz_ch2pga1.bin,250,844,27252,1,0xA3,1,0,0,192,0,0,44045.515358,-20.630658,59379.659593,57010.754943,50713.397563,0.000000,0.000000,0.000000
3.381298,10uVrms10Hz_ch2pga1.bin,250,845,27253,1,0xA3,1,0,0,192,0,0,44047.839940,-20.585954,59382.498264,57013.548911,50715.364516,0.000000,0.000000,0.000000
3.385297,10uVrms10Hz_ch2pga1.bin,250,846,27254,1,0xA3,1,0,0,192,0,0,44050.119817,-20.585954,59385.269880,57016.365230,50717.309117,0.000000,0.000000,0.000000
3.389301,10uVrms10Hz_ch2pga1.bin,250,847,27255,1,0xA3,1,0,0,192,0,0,44052.332640,-20.518899,59388.130903,57019.203901,50719.209015,0.000000,0.000000,0.000000
3.393301,10uVrms10Hz_ch2pga1.bin,250,848,27256,1,0xA3,1,0,0,192,0,0,44054.634869,-20.429492,59391.058981,57021.997869,50721.086562,0.000000,0.000000,0.000000
3.397304,10uVrms10Hz_ch2pga1.bin,250,849,27257,1,0xA3,1,0,0,192,0,0,44056.937099,-20.362437,59393.830597,57024.858892,50723.031163,0.000000,0.000000,0.000000
3.401304,10uVrms10Hz_ch2pga1.bin,250,850,27258,1,0xA3,1,0,0,192,0,0,44059.261680,-20.295382,59396.624565,57027.742267,50725.109875,0.000000,0.000000,0.000000
3.405307,10uVrms10Hz_ch2pga1.bin,250,851,27259,1,0xA3,1,0,0,192,0,0,44061.608613,-20.205975,59399.507940,57030.647993,50727.032125,0.000000,0.000000,0.000000
3.409309,10uVrms10Hz_ch2pga1.bin,250,852,27260,1,0xA3,1,0,0,192,0,0,44063.910842,-20.183623,59402.346611,57033.509016,50728.954375,0.000000,0.000000,0.000000
3.413308,10uVrms10Hz_ch2pga1.bin,250,853,27261,1,0xA3,1,0,0,192,0,0,44066.101313,-20.138919,59405.073524,57036.146522,50730.787218,0.000000,0.000000,0.000000
3.417311,10uVrms10Hz_ch2pga1.bin,250,854,27262,1,0xA3,1,0,0,192,0,0,44068.247080,-20.094216,59407.867491,57038.940489,50732.620060,0.000000,0.000000,0.000000
3.421313,10uVrms10Hz_ch2pga1.bin,250,855,27263,1,0xA3,1,0,0,192,0,0,44070.594013,-20.138919,59410.728514,57041.890919,50734.609365,0.000000,0.000000,0.000000
3.425313,10uVrms10Hz_ch2pga1.bin,250,856,27264,1,0xA3,1,0,0,192,0,0,44073.075056,-20.049512,59413.634241,57044.863701,50736.732781,0.000000,0.000000,0.000000
3.429316,10uVrms10Hz_ch2pga1.bin,250,857,27265,1,0xA3,1,0,0,192,0,0,44075.421989,-20.138919,59416.428208,57047.657669,50738.587976,0.000000,0.000000,0.000000
3.433315,10uVrms10Hz_ch2pga1.bin,250,858,27266,1,0xA3,1,0,0,192,0,0,44077.634811,-20.161271,59419.177473,57050.451636,50740.487874,0.000000,0.000000,0.000000
3.437319,10uVrms10Hz_ch2pga1.bin,250,859,27267,1,0xA3,1,0,0,192,0,0,44079.937041,-20.116568,59421.949089,57053.223252,50742.387772,0.000000,0.000000,0.000000
3.441318,10uVrms10Hz_ch2pga1.bin,250,860,27268,1,0xA3,1,0,0,192,0,0,44082.351029,-20.250678,59425.033629,57056.240737,50744.511187,0.000000,0.000000,0.000000
3.445322,10uVrms10Hz_ch2pga1.bin,250,861,27269,1,0xA3,1,0,0,192,0,0,44084.653258,-20.340085,59427.782893,57059.057057,50746.478140,0.000000,0.000000,0.000000
3.449322,10uVrms10Hz_ch2pga1.bin,250,862,27270,1,0xA3,1,0,0,192,0,0,44086.843729,-20.429492,59430.442750,57061.761618,50748.221576,0.000000,0.000000,0.000000
3.453322,10uVrms10Hz_ch2pga1.bin,250,863,27271,1,0xA3,1,0,0,192,0,0,44089.078903,-20.496547,59433.303773,57064.510882,50750.166178,0.000000,0.000000,0.000000
3.457325,10uVrms10Hz_ch2pga1.bin,250,864,27272,1,0xA3,1,0,0,192,0,0,44091.403484,-20.563602,59436.142445,57067.416608,50752.222538,0.000000,0.000000,0.000000
3.461326,10uVrms10Hz_ch2pga1.bin,250,865,27273,1,0xA3,1,0,0,192,0,0,44093.772769,-20.541251,59438.958764,57070.344687,50754.167140,0.000000,0.000000,0.000000
3.465329,10uVrms10Hz_ch2pga1.bin,250,866,27274,1,0xA3,1,0,0,192,0,0,44096.052647,-20.630658,59441.864491,57073.161006,50756.067038,0.000000,0.000000,0.000000
3.469330,10uVrms10Hz_ch2pga1.bin,250,867,27275,1,0xA3,1,0,0,192,0,0,44098.287821,-20.608306,59444.591403,57075.865567,50757.855177,0.000000,0.000000,0.000000
3.473334,10uVrms10Hz_ch2pga1.bin,250,868,27276,1,0xA3,1,0,0,192,0,0,44100.612402,-20.608306,59447.318316,57078.726590,50759.822130,0.000000,0.000000,0.000000
3.477334,10uVrms10Hz_ch2pga1.bin,250,869,27277,1,0xA3,1,0,0,192,0,0,44102.959335,-20.653009,59450.291097,57081.632316,50761.789083,0.000000,0.000000,0.000000
3.481334,10uVrms10Hz_ch2pga1.bin,250,870,27278,1,0xA3,1,0,0,192,0,0,44105.418026,-20.630658,59453.174472,57084.649801,50763.979554,0.000000,0.000000,0.000000
3.485339,10uVrms10Hz_ch2pga1.bin,250,871,27279,1,0xA3,1,0,0,192,0,0,44107.832015,-20.541251,59456.102550,57087.555528,50765.968859,0.000000,0.000000,0.000000
3.489338,10uVrms10Hz_ch2pga1.bin,250,872,27280,1,0xA3,1,0,0,192,0,0,44110.022485,-20.474195,59458.896518,57090.327144,50767.801702,0.000000,0.000000,0.000000
3.493338,10uVrms10Hz_ch2pga1.bin,250,873,27281,1,0xA3,1,0,0,192,0,0,44112.235308,-20.384789,59461.645782,57093.054056,50769.656897,0.000000,0.000000,0.000000
3.497342,10uVrms10Hz_ch2pga1.bin,250,874,27282,1,0xA3,1,0,0,192,0,0,44114.492834,-20.317733,59464.372694,57095.803320,50771.556795,0.000000,0.000000,0.000000
3.501343,10uVrms10Hz_ch2pga1.bin,250,875,27283,1,0xA3,1,0,0,192,0,0,44116.772711,-20.250678,59467.211366,57098.731399,50773.501396,0.000000,0.000000,0.000000
3.505343,10uVrms10Hz_ch2pga1.bin,250,876,27284,1,0xA3,1,0,0,192,0,0,44118.963182,-20.205975,59470.050037,57101.592422,50775.378942,0.000000,0.000000,0.000000
3.509347,10uVrms10Hz_ch2pga1.bin,250,877,27285,1,0xA3,1,0,0,192,0,0,44121.287763,-20.161271,59472.911060,57104.542851,50777.368248,0.000000,0.000000,0.000000
3.513348,10uVrms10Hz_ch2pga1.bin,250,878,27286,1,0xA3,1,0,0,192,0,0,44123.679399,-20.138919,59475.816786,57107.269764,50779.290497,0.000000,0.000000,0.000000
3.517351,10uVrms10Hz_ch2pga1.bin,250,879,27287,1,0xA3,1,0,0,192,0,0,44125.959277,-20.049512,59478.610754,57110.086083,50781.190395,0.000000,0.000000,0.000000
3.521352,10uVrms10Hz_ch2pga1.bin,250,880,27288,1,0xA3,1,0,0,192,0,0,44128.194451,-20.071864,59481.360018,57113.014162,50783.179700,0.000000,0.000000,0.000000
3.525352,10uVrms10Hz_ch2pga1.bin,250,881,27289,1,0xA3,1,0,0,192,0,0,44130.429626,-20.049512,59484.153986,57115.785778,50785.079598,0.000000,0.000000,0.000000
3.529356,10uVrms10Hz_ch2pga1.bin,250,882,27290,1,0xA3,1,0,0,192,0,0,44132.821262,-20.027161,59486.970305,57118.579745,50786.979496,0.000000,0.000000,0.000000
3.533356,10uVrms10Hz_ch2pga1.bin,250,883,27291,1,0xA3,1,0,0,192,0,0,44135.212898,-20.183623,59489.898384,57121.530175,50788.968801,0.000000,0.000000,0.000000
3.537359,10uVrms10Hz_ch2pga1.bin,250,884,27292,1,0xA3,1,0,0,192,0,0,44137.649238,-20.273030,59492.826462,57124.547660,50791.069865,0.000000,0.000000,0.000000
3.541359,10uVrms10Hz_ch2pga1.bin,250,885,27293,1,0xA3,1,0,0,192,0,0,44140.063226,-20.273030,59495.642781,57127.565145,50793.103874,0.000000,0.000000,0.000000
3.545362,10uVrms10Hz_ch2pga1.bin,250,886,27294,1,0xA3,1,0,0,192,0,0,44142.298400,-20.317733,59498.481452,57130.336761,50795.070827,0.000000,0.000000,0.000000
3.549362,10uVrms10Hz_ch2pga1.bin,250,887,27295,1,0xA3,1,0,0,192,0,0,44144.578278,-20.429492,59501.208365,57133.108377,50796.948373,0.000000,0.000000,0.000000
3.553365,10uVrms10Hz_ch2pga1.bin,250,888,27296,1,0xA3,1,0,0,192,0,0,44146.724045,-20.541251,59504.047036,57135.812938,50798.870623,0.000000,0.000000,0.000000
3.557364,10uVrms10Hz_ch2pga1.bin,250,889,27297,1,0xA3,1,0,0,192,0,0,44148.892164,-20.541251,59506.796300,57138.606906,50800.614059,0.000000,0.000000,0.000000
3.561365,10uVrms10Hz_ch2pga1.bin,250,890,27298,1,0xA3,1,0,0,192,0,0,44151.149690,-20.608306,59509.567916,57141.490281,50802.469254,0.000000,0.000000,0.000000
3.565369,10uVrms10Hz_ch2pga1.bin,250,891,27299,1,0xA3,1,0,0,192,0,0,44153.563678,-20.653009,59512.384236,57144.373655,50804.525614,0.000000,0.000000,0.000000
3.569369,10uVrms10Hz_ch2pga1.bin,250,892,27300,1,0xA3,1,0,0,192,0,0,44155.955315,-20.653009,59515.267611,57147.301733,50806.470215,0.000000,0.000000,0.000000
3.573372,10uVrms10Hz_ch2pga1.bin,250,893,27301,1,0xA3,1,0,0,192,0,0,44158.235192,-20.653009,59518.128633,57150.073349,50808.437169,0.000000,0.000000,0.000000
3.577372,10uVrms10Hz_ch2pga1.bin,250,894,27302,1,0xA3,1,0,0,192,0,0,44160.515070,-20.675361,59521.034360,57152.979076,50810.359418,0.000000,0.000000,0.000000
3.581375,10uVrms10Hz_ch2pga1.bin,250,895,27303,1,0xA3,1,0,0,192,0,0,44162.929058,-20.653009,59523.940086,57155.862451,50812.371075,0.000000,0.000000,0.000000
3.585375,10uVrms10Hz_ch2pga1.bin,250,896,27304,1,0xA3,1,0,0,192,0,0,44165.320694,-20.608306,59526.845813,57158.790529,50814.516842,0.000000,0.000000,0.000000
3.589379,10uVrms10Hz_ch2pga1.bin,250,897,27305,1,0xA3,1,0,0,192,0,0,44167.600572,-20.496547,59529.684484,57161.606848,50816.349685,0.000000,0.000000,0.000000
3.593379,10uVrms10Hz_ch2pga1.bin,250,898,27306,1,0xA3,1,0,0,192,0,0,44169.791043,-20.384789,59532.299638,57164.266706,50818.227232,0.000000,0.000000,0.000000
3.597380,10uVrms10Hz_ch2pga1.bin,250,899,27307,1,0xA3,1,0,0,192,0,0,44172.137976,-20.317733,59535.138309,57167.172432,50820.238888,0.000000,0.000000,0.000000
3.601384,10uVrms10Hz_ch2pga1.bin,250,900,27308,1,0xA3,1,0,0,192,0,0,44174.663723,-20.295382,59538.289905,57170.301676,50822.451711,0.000000,0.000000,0.000000
3.605384,10uVrms10Hz_ch2pga1.bin,250,901,27309,1,0xA3,1,0,0,192,0,0,44177.077711,-20.250678,59541.217983,57173.252106,50824.463367,0.000000,0.000000,0.000000
3.609385,10uVrms10Hz_ch2pga1.bin,250,902,27310,1,0xA3,1,0,0,192,0,0,44179.290533,-20.161271,59543.989599,57176.001370,50826.318562,0.000000,0.000000,0.000000
3.613387,10uVrms10Hz_ch2pga1.bin,250,903,27311,1,0xA3,1,0,0,192,0,0,44181.570411,-20.116568,59546.694160,57178.795338,50828.173757,0.000000,0.000000,0.000000
3.617389,10uVrms10Hz_ch2pga1.bin,250,904,27312,1,0xA3,1,0,0,192,0,0,44183.827937,-20.094216,59549.465775,57181.589305,50830.118358,0.000000,0.000000,0.000000
3.621392,10uVrms10Hz_ch2pga1.bin,250,905,27313,1,0xA3,1,0,0,192,0,0,44186.219573,-20.071864,59552.371502,57184.517384,50832.241774,0.000000,0.000000,0.000000
3.625391,10uVrms10Hz_ch2pga1.bin,250,906,27314,1,0xA3,1,0,0,192,0,0,44188.678265,-20.071864,59555.366635,57187.423110,50834.387541,0.000000,0.000000,0.000000
3.629395,10uVrms10Hz_ch2pga1.bin,250,907,27315,1,0xA3,1,0,0,192,0,0,44191.002846,-20.138919,59558.294713,57190.261781,50836.376846,0.000000,0.000000,0.000000
3.633394,10uVrms10Hz_ch2pga1.bin,250,908,27316,1,0xA3,1,0,0,192,0,0,44193.349779,-20.161271,59561.155736,57193.100452,50838.232040,0.000000,0.000000,0.000000
3.637397,10uVrms10Hz_ch2pga1.bin,250,909,27317,1,0xA3,1,0,0,192,0,0,44195.607305,-20.205975,59563.905001,57195.894420,50840.109587,0.000000,0.000000,0.000000
3.641397,10uVrms10Hz_ch2pga1.bin,250,910,27318,1,0xA3,1,0,0,192,0,0,44197.909534,-20.273030,59566.766024,57198.844850,50842.031837,0.000000,0.000000,0.000000
3.645401,10uVrms10Hz_ch2pga1.bin,250,911,27319,1,0xA3,1,0,0,192,0,0,44200.435281,-20.451844,59569.649398,57201.817632,50844.155252,0.000000,0.000000,0.000000
3.649401,10uVrms10Hz_ch2pga1.bin,250,912,27320,1,0xA3,1,0,0,192,0,0,44202.648103,-20.451844,59572.331607,57204.566896,50846.032798,0.000000,0.000000,0.000000
3.653401,10uVrms10Hz_ch2pga1.bin,250,913,27321,1,0xA3,1,0,0,192,0,0,44204.793870,-20.407140,59575.125575,57207.293808,50847.843289,0.000000,0.000000,0.000000
3.657404,10uVrms10Hz_ch2pga1.bin,250,914,27322,1,0xA3,1,0,0,192,0,0,44207.140803,-20.563602,59578.008950,57210.154831,50849.810243,0.000000,0.000000,0.000000
3.661404,10uVrms10Hz_ch2pga1.bin,250,915,27323,1,0xA3,1,0,0,192,0,0,44209.532440,-20.630658,59580.892324,57213.038206,50851.844251,0.000000,0.000000,0.000000
3.665408,10uVrms10Hz_ch2pga1.bin,250,916,27324,1,0xA3,1,0,0,192,0,0,44211.767614,-20.653009,59583.686292,57215.787470,50853.766501,0.000000,0.000000,0.000000
3.669408,10uVrms10Hz_ch2pga1.bin,250,917,27325,1,0xA3,1,0,0,192,0,0,44213.846326,-20.675361,59586.279094,57218.469679,50855.532289,0.000000,0.000000,0.000000
3.673411,10uVrms10Hz_ch2pga1.bin,250,918,27326,1,0xA3,1,0,0,192,0,0,44216.126204,-20.720065,59588.983655,57221.285999,50857.454538,0.000000,0.000000,0.000000
3.677410,10uVrms10Hz_ch2pga1.bin,250,919,27327,1,0xA3,1,0,0,192,0,0,44218.428433,-20.608306,59591.822326,57224.102318,50859.354436,0.000000,0.000000,0.000000
3.681413,10uVrms10Hz_ch2pga1.bin,250,920,27328,1,0xA3,1,0,0,192,0,0,44220.753014,-20.563602,59594.616294,57226.896286,50861.321390,0.000000,0.000000,0.000000
3.685413,10uVrms10Hz_ch2pga1.bin,250,921,27329,1,0xA3,1,0,0,192,0,0,44222.988188,-20.608306,59597.477317,57229.690254,50863.243639,0.000000,0.000000,0.000000
3.689417,10uVrms10Hz_ch2pga1.bin,250,922,27330,1,0xA3,1,0,0,192,0,0,44225.379825,-20.518899,59600.315988,57232.595980,50865.143538,0.000000,0.000000,0.000000
3.693415,10uVrms10Hz_ch2pga1.bin,250,923,27331,1,0xA3,1,0,0,192,0,0,44227.503240,-20.474195,59603.020549,57235.345244,50867.043436,0.000000,0.000000,0.000000
3.697418,10uVrms10Hz_ch2pga1.bin,250,924,27332,1,0xA3,1,0,0,192,0,0,44229.805470,-20.429492,59605.859220,57238.139212,50868.943334,0.000000,0.000000,0.000000
3.701420,10uVrms10Hz_ch2pga1.bin,250,925,27333,1,0xA3,1,0,0,192,0,0,44232.107699,-20.317733,59608.608484,57241.000235,50870.865583,0.000000,0.000000,0.000000
3.705422,10uVrms10Hz_ch2pga1.bin,250,926,27334,1,0xA3,1,0,0,192,0,0,44234.275818,-20.138919,59611.313045,57243.704796,50872.698426,0.000000,0.000000,0.000000
3.709421,10uVrms10Hz_ch2pga1.bin,250,927,27335,1,0xA3,1,0,0,192,0,0,44236.466289,-20.094216,59614.062309,57246.454060,50874.486566,0.000000,0.000000,0.000000
3.713424,10uVrms10Hz_ch2pga1.bin,250,928,27336,1,0xA3,1,0,0,192,0,0,44238.656759,-20.049512,59616.856277,57249.158621,50876.364112,0.000000,0.000000,0.000000
3.717427,10uVrms10Hz_ch2pga1.bin,250,929,27337,1,0xA3,1,0,0,192,0,0,44241.115451,-20.071864,59619.717300,57252.064347,50878.398120,0.000000,0.000000,0.000000
3.721425,10uVrms10Hz_ch2pga1.bin,250,930,27338,1,0xA3,1,0,0,192,0,0,44243.663549,-20.138919,59622.712433,57255.193591,50880.655646,0.000000,0.000000,0.000000
3.725427,10uVrms10Hz_ch2pga1.bin,250,931,27339,1,0xA3,1,0,0,192,0,0,44246.077538,-20.138919,59625.685215,57258.211076,50882.712007,0.000000,0.000000,0.000000
3.729430,10uVrms10Hz_ch2pga1.bin,250,932,27340,1,0xA3,1,0,0,192,0,0,44248.357415,-20.161271,59628.434479,57260.982692,50884.589553,0.000000,0.000000,0.000000
3.733429,10uVrms10Hz_ch2pga1.bin,250,933,27341,1,0xA3,1,0,0,192,0,0,44250.592589,-20.183623,59631.273150,57263.821363,50886.489451,0.000000,0.000000,0.000000
3.737431,10uVrms10Hz_ch2pga1.bin,250,934,27342,1,0xA3,1,0,0,192,0,0,44252.961874,-20.273030,59634.156525,57266.704738,50888.456404,0.000000,0.000000,0.000000
3.741434,10uVrms10Hz_ch2pga1.bin,250,935,27343,1,0xA3,1,0,0,192,0,0,44255.241752,-20.407140,59636.972845,57269.543409,50890.401006,0.000000,0.000000,0.000000
3.745433,10uVrms10Hz_ch2pga1.bin,250,936,27344,1,0xA3,1,0,0,192,0,0,44257.409871,-20.429492,59639.789164,57272.247970,50892.189145,0.000000,0.000000,0.000000
3.749436,10uVrms10Hz_ch2pga1.bin,250,937,27345,1,0xA3,1,0,0,192,0,0,44259.645045,-20.451844,59642.493725,57275.019586,50894.111395,0.000000,0.000000,0.000000
3.753438,10uVrms10Hz_ch2pga1.bin,250,938,27346,1,0xA3,1,0,0,192,0,0,44261.947274,-20.541251,59645.265341,57277.813554,50896.055996,0.000000,0.000000,0.000000
3.757440,10uVrms10Hz_ch2pga1.bin,250,939,27347,1,0xA3,1,0,0,192,0,0,44264.182448,-20.585954,59648.126364,57280.607522,50898.000598,0.000000,0.000000,0.000000
3.761438,10uVrms10Hz_ch2pga1.bin,250,940,27348,1,0xA3,1,0,0,192,0,0,44266.730547,-20.608306,59651.166201,57283.714414,50900.146365,0.000000,0.000000,0.000000
3.765440,10uVrms10Hz_ch2pga1.bin,250,941,27349,1,0xA3,1,0,0,192,0,0,44269.256294,-20.653009,59654.094279,57286.754251,50902.202725,0.000000,0.000000,0.000000
3.769441,10uVrms10Hz_ch2pga1.bin,250,942,27350,1,0xA3,1,0,0,192,0,0,44271.580875,-20.720065,59656.977654,57289.570570,50904.214382,0.000000,0.000000,0.000000
3.773443,10uVrms10Hz_ch2pga1.bin,250,943,27351,1,0xA3,1,0,0,192,0,0,44273.793697,-20.630658,59659.726918,57292.386889,50906.226039,0.000000,0.000000,0.000000
3.777445,10uVrms10Hz_ch2pga1.bin,250,944,27352,1,0xA3,1,0,0,192,0,0,44276.073575,-20.653009,59662.587941,57295.136154,50908.081234,0.000000,0.000000,0.000000
3.781443,10uVrms10Hz_ch2pga1.bin,250,945,27353,1,0xA3,1,0,0,192,0,0,44278.398156,-20.697713,59665.448964,57298.086584,50910.070539,0.000000,0.000000,0.000000
3.785446,10uVrms10Hz_ch2pga1.bin,250,946,27354,1,0xA3,1,0,0,192,0,0,44280.722737,-20.541251,59668.175876,57300.880551,50912.037492,0.000000,0.000000,0.000000
3.789450,10uVrms10Hz_ch2pga1.bin,250,947,27355,1,0xA3,1,0,0,192,0,0,44282.846153,-20.496547,59670.835733,57303.518057,50913.758576,0.000000,0.000000,0.000000
3.793449,10uVrms10Hz_ch2pga1.bin,250,948,27356,1,0xA3,1,0,0,192,0,0,44284.880161,-20.451844,59673.406184,57306.155562,50915.457308,0.000000,0.000000,0.000000
3.797460,10uVrms10Hz_ch2pga1.bin,250,949,27357,1,0xA3,1,0,0,192,0,0,44287.160039,-20.317733,59676.244855,57309.016585,50917.424262,0.000000,0.000000,0.000000
3.801460,10uVrms10Hz_ch2pga1.bin,250,950,27358,1,0xA3,1,0,0,192,0,0,44289.596379,-20.228326,59679.195285,57311.967015,50919.458270,0.000000,0.000000,0.000000
3.805462,10uVrms10Hz_ch2pga1.bin,250,951,27359,1,0xA3,1,0,0,192,0,0,44291.876256,-20.161271,59682.123363,57314.917445,50921.581686,0.000000,0.000000,0.000000
3.809462,10uVrms10Hz_ch2pga1.bin,250,952,27360,1,0xA3,1,0,0,192,0,0,44294.133782,-20.183623,59684.805572,57317.599654,50923.392177,0.000000,0.000000,0.000000
3.813464,10uVrms10Hz_ch2pga1.bin,250,953,27361,1,0xA3,1,0,0,192,0,0,44296.436012,-20.094216,59687.666595,57320.371270,50925.292075,0.000000,0.000000,0.000000
3.817464,10uVrms10Hz_ch2pga1.bin,250,954,27362,1,0xA3,1,0,0,192,0,0,44298.760593,-20.138919,59690.572321,57323.254645,50927.281380,0.000000,0.000000,0.000000
3.821463,10uVrms10Hz_ch2pga1.bin,250,955,27363,1,0xA3,1,0,0,192,0,0,44301.085174,-20.094216,59693.366289,57326.205075,50929.293036,0.000000,0.000000,0.000000
3.825466,10uVrms10Hz_ch2pga1.bin,250,956,27364,1,0xA3,1,0,0,192,0,0,44303.365052,-20.049512,59696.227312,57329.043746,50931.259990,0.000000,0.000000,0.000000
3.829467,10uVrms10Hz_ch2pga1.bin,250,957,27365,1,0xA3,1,0,0,192,0,0,44305.689633,-20.071864,59699.110687,57331.837714,50933.115184,0.000000,0.000000,0.000000
3.833470,10uVrms10Hz_ch2pga1.bin,250,958,27366,1,0xA3,1,0,0,192,0,0,44307.924807,-20.116568,59701.815248,57334.542274,50935.015082,0.000000,0.000000,0.000000
3.837470,10uVrms10Hz_ch2pga1.bin,250,959,27367,1,0xA3,1,0,0,192,0,0,44310.115278,-20.250678,59704.497457,57337.269187,50936.847925,0.000000,0.000000,0.000000
3.841472,10uVrms10Hz_ch2pga1.bin,250,960,27368,1,0xA3,1,0,0,192,0,0,44312.350452,-20.340085,59707.224369,57340.063155,50938.680768,0.000000,0.000000,0.000000
3.845474,10uVrms10Hz_ch2pga1.bin,250,961,27369,1,0xA3,1,0,0,192,0,0,44314.630330,-20.429492,59710.018337,57342.879474,50940.580666,0.000000,0.000000,0.000000
3.849473,10uVrms10Hz_ch2pga1.bin,250,962,27370,1,0xA3,1,0,0,192,0,0,44316.887856,-20.496547,59712.789953,57345.673442,50942.480564,0.000000,0.000000,0.000000
3.853476,10uVrms10Hz_ch2pga1.bin,250,963,27371,1,0xA3,1,0,0,192,0,0,44319.123030,-20.541251,59715.427458,57348.378003,50944.380462,0.000000,0.000000,0.000000
3.857478,10uVrms10Hz_ch2pga1.bin,250,964,27372,1,0xA3,1,0,0,192,0,0,44321.425259,-20.541251,59718.333185,57351.283729,50946.392119,0.000000,0.000000,0.000000
3.861477,10uVrms10Hz_ch2pga1.bin,250,965,27373,1,0xA3,1,0,0,192,0,0,44323.973358,-20.541251,59721.373022,57354.301214,50948.537886,0.000000,0.000000,0.000000
3.865480,10uVrms10Hz_ch2pga1.bin,250,966,27374,1,0xA3,1,0,0,192,0,0,44326.342642,-20.675361,59724.278748,57357.273996,50950.549543,0.000000,0.000000,0.000000
3.869482,10uVrms10Hz_ch2pga1.bin,250,967,27375,1,0xA3,1,0,0,192,0,0,44328.711927,-20.653009,59727.184474,57360.157371,50952.561200,0.000000,0.000000,0.000000
3.873481,10uVrms10Hz_ch2pga1.bin,250,968,27376,1,0xA3,1,0,0,192,0,0,44331.058860,-20.697713,59730.023146,57362.928987,50954.528153,0.000000,0.000000,0.000000
3.877483,10uVrms10Hz_ch2pga1.bin,250,969,27377,1,0xA3,1,0,0,192,0,0,44333.405793,-20.653009,59732.861817,57365.745306,50956.450403,0.000000,0.000000,0.000000
3.881484,10uVrms10Hz_ch2pga1.bin,250,970,27378,1,0xA3,1,0,0,192,0,0,44335.708022,-20.585954,59735.678136,57368.718088,50958.529115,0.000000,0.000000,0.000000
3.885487,10uVrms10Hz_ch2pga1.bin,250,971,27379,1,0xA3,1,0,0,192,0,0,44338.077307,-20.429492,59738.561511,57371.534407,50960.563123,0.000000,0.000000,0.000000
3.889487,10uVrms10Hz_ch2pga1.bin,250,972,27380,1,0xA3,1,0,0,192,0,0,44340.468943,-20.451844,59741.422534,57374.440134,50962.507725,0.000000,0.000000,0.000000
3.893491,10uVrms10Hz_ch2pga1.bin,250,973,27381,1,0xA3,1,0,0,192,0,0,44342.793524,-20.474195,59744.328260,57377.345860,50964.564085,0.000000,0.000000,0.000000
3.897491,10uVrms10Hz_ch2pga1.bin,250,974,27382,1,0xA3,1,0,0,192,0,0,44345.162809,-20.384789,59747.189283,57380.296290,50966.598094,0.000000,0.000000,0.000000
3.901491,10uVrms10Hz_ch2pga1.bin,250,975,27383,1,0xA3,1,0,0,192,0,0,44347.576797,-20.273030,59750.139713,57383.090258,50968.542695,0.000000,0.000000,0.000000
3.905496,10uVrms10Hz_ch2pga1.bin,250,976,27384,1,0xA3,1,0,0,192,0,0,44349.901378,-20.161271,59752.911329,57385.995984,50970.509648,0.000000,0.000000,0.000000
3.909496,10uVrms10Hz_ch2pga1.bin,250,977,27385,1,0xA3,1,0,0,192,0,0,44352.158904,-20.138919,59755.682945,57388.834655,50972.431898,0.000000,0.000000,0.000000
3.913499,10uVrms10Hz_ch2pga1.bin,250,978,27386,1,0xA3,1,0,0,192,0,0,44354.483485,-20.138919,59758.588672,57391.628623,50974.398851,0.000000,0.000000,0.000000
3.917499,10uVrms10Hz_ch2pga1.bin,250,979,27387,1,0xA3,1,0,0,192,0,0,44356.852770,-20.138919,59761.382639,57394.489646,50976.343453,0.000000,0.000000,0.000000
3.921502,10uVrms10Hz_ch2pga1.bin,250,980,27388,1,0xA3,1,0,0,192,0,0,44359.266758,-20.071864,59764.444828,57397.507131,50978.466868,0.000000,0.000000,0.000000
3.925503,10uVrms10Hz_ch2pga1.bin,250,981,27389,1,0xA3,1,0,0,192,0,0,44361.680746,-20.049512,59767.328203,57400.412858,50980.523229,0.000000,0.000000,0.000000
3.929503,10uVrms10Hz_ch2pga1.bin,250,982,27390,1,0xA3,1,0,0,192,0,0,44363.982975,-20.138919,59769.988060,57403.251529,50982.490182,0.000000,0.000000,0.000000
3.933506,10uVrms10Hz_ch2pga1.bin,250,983,27391,1,0xA3,1,0,0,192,0,0,44366.039336,-20.094216,59772.647917,57405.821979,50984.188914,0.000000,0.000000,0.000000
3.937507,10uVrms10Hz_ch2pga1.bin,250,984,27392,1,0xA3,1,0,0,192,0,0,44368.229806,-20.138919,59775.352478,57408.459485,50986.044109,0.000000,0.000000,0.000000
3.941510,10uVrms10Hz_ch2pga1.bin,250,985,27393,1,0xA3,1,0,0,192,0,0,44370.509684,-20.295382,59778.235853,57411.342859,50987.921655,0.000000,0.000000,0.000000
3.945510,10uVrms10Hz_ch2pga1.bin,250,986,27394,1,0xA3,1,0,0,192,0,0,44372.811913,-20.317733,59781.096876,57414.293289,50990.000367,0.000000,0.000000,0.000000
3.949510,10uVrms10Hz_ch2pga1.bin,250,987,27395,1,0xA3,1,0,0,192,0,0,44375.114143,-20.451844,59783.935547,57417.131960,50991.944969,0.000000,0.000000,0.000000
3.953514,10uVrms10Hz_ch2pga1.bin,250,988,27396,1,0xA3,1,0,0,192,0,0,44377.438724,-20.518899,59786.796570,57419.992983,50993.822515,0.000000,0.000000,0.000000
3.957514,10uVrms10Hz_ch2pga1.bin,250,989,27397,1,0xA3,1,0,0,192,0,0,44379.830360,-20.518899,59789.657593,57422.876358,50995.811820,0.000000,0.000000,0.000000
3.961518,10uVrms10Hz_ch2pga1.bin,250,990,27398,1,0xA3,1,0,0,192,0,0,44382.154942,-20.630658,59792.451560,57425.759733,50997.845829,0.000000,0.000000,0.000000
3.965517,10uVrms10Hz_ch2pga1.bin,250,991,27399,1,0xA3,1,0,0,192,0,0,44384.367764,-20.675361,59795.178473,57428.508997,50999.701023,0.000000,0.000000,0.000000
3.969521,10uVrms10Hz_ch2pga1.bin,250,992,27400,1,0xA3,1,0,0,192,0,0,44386.647642,-20.653009,59797.927737,57431.235909,51001.533866,0.000000,0.000000,0.000000
3.973521,10uVrms10Hz_ch2pga1.bin,250,993,27401,1,0xA3,1,0,0,192,0,0,44388.860464,-20.653009,59800.654650,57434.029877,51003.389060,0.000000,0.000000,0.000000
3.977524,10uVrms10Hz_ch2pga1.bin,250,994,27402,1,0xA3,1,0,0,192,0,0,44391.095638,-20.653009,59803.403914,57436.868548,51005.311310,0.000000,0.000000,0.000000
3.981523,10uVrms10Hz_ch2pga1.bin,250,995,27403,1,0xA3,1,0,0,192,0,0,44393.487275,-20.608306,59806.354344,57439.707220,51007.412374,0.000000,0.000000,0.000000
3.985527,10uVrms10Hz_ch2pga1.bin,250,996,27404,1,0xA3,1,0,0,192,0,0,44395.901263,-20.541251,59809.282422,57442.590594,51009.446383,0.000000,0.000000,0.000000
3.989527,10uVrms10Hz_ch2pga1.bin,250,997,27405,1,0xA3,1,0,0,192,0,0,44398.136437,-20.429492,59812.098742,57445.362210,51011.279225,0.000000,0.000000,0.000000
3.993530,10uVrms10Hz_ch2pga1.bin,250,998,27406,1,0xA3,1,0,0,192,0,0,44400.304556,-20.384789,59814.848006,57448.178530,51013.179123,0.000000,0.000000,0.000000
3.997530,10uVrms10Hz_ch2pga1.bin,250,999,27407,1,0xA3,1,0,0,192,0,0,44402.539730,-20.317733,59817.507863,57450.994849,51015.123725,0.000000,0.000000,0.000000
4.001533,10uVrms10Hz_ch2pga1.bin,250,1000,27408,1,0xA3,1,0,0,192,0,0,44404.886663,-20.273030,59820.324183,57453.788817,51017.090678,0.000000,0.000000,0.000000
4.005533,10uVrms10Hz_ch2pga1.bin,250,1001,27409,1,0xA3,1,0,0,192,0,0,44407.188892,-20.183623,59823.162854,57456.649840,51019.012928,0.000000,0.000000,0.000000
4.009536,10uVrms10Hz_ch2pga1.bin,250,1002,27410,1,0xA3,1,0,0,192,0,0,44409.491122,-20.094216,59825.956821,57459.488511,51020.935178,0.000000,0.000000,0.000000
4.013536,10uVrms10Hz_ch2pga1.bin,250,1003,27411,1,0xA3,1,0,0,192,0,0,44411.882758,-20.049512,59828.795493,57462.327182,51022.902131,0.000000,0.000000,0.000000
4.017538,10uVrms10Hz_ch2pga1.bin,250,1004,27412,1,0xA3,1,0,0,192,0,0,44414.117932,-20.027161,59831.701219,57465.188205,51024.913788,0.000000,0.000000,0.000000
4.021538,10uVrms10Hz_ch2pga1.bin,250,1005,27413,1,0xA3,1,0,0,192,0,0,44416.397810,-20.071864,59834.517539,57468.093932,51026.947796,0.000000,0.000000,0.000000
4.025542,10uVrms10Hz_ch2pga1.bin,250,1006,27414,1,0xA3,1,0,0,192,0,0,44418.655336,-20.116568,59837.356210,57470.843196,51028.870046,0.000000,0.000000,0.000000
4.029540,10uVrms10Hz_ch2pga1.bin,250,1007,27415,1,0xA3,1,0,0,192,0,0,44420.845807,-20.071864,59840.083122,57473.570108,51030.702889,0.000000,0.000000,0.000000
4.033543,10uVrms10Hz_ch2pga1.bin,250,1008,27416,1,0xA3,1,0,0,192,0,0,44423.058629,-20.138919,59842.720628,57476.274669,51032.446325,0.000000,0.000000,0.000000
4.037546,10uVrms10Hz_ch2pga1.bin,250,1009,27417,1,0xA3,1,0,0,192,0,0,44425.360858,-20.273030,59845.581651,57479.090989,51034.346223,0.000000,0.000000,0.000000
4.041545,10uVrms10Hz_ch2pga1.bin,250,1010,27418,1,0xA3,1,0,0,192,0,0,44427.685440,-20.273030,59848.375618,57482.041419,51036.313176,0.000000,0.000000,0.000000
4.045548,10uVrms10Hz_ch2pga1.bin,250,1011,27419,1,0xA3,1,0,0,192,0,0,44429.942966,-20.362437,59851.169586,57484.969497,51038.324833,0.000000,0.000000,0.000000
4.049548,10uVrms10Hz_ch2pga1.bin,250,1012,27420,1,0xA3,1,0,0,192,0,0,44432.178140,-20.451844,59854.030609,57487.741113,51040.291786,0.000000,0.000000,0.000000
4.053552,10uVrms10Hz_ch2pga1.bin,250,1013,27421,1,0xA3,1,0,0,192,0,0,44434.525073,-20.518899,59856.913984,57490.535080,51042.191684,0.000000,0.000000,0.000000
4.057552,10uVrms10Hz_ch2pga1.bin,250,1014,27422,1,0xA3,1,0,0,192,0,0,44436.849654,-20.496547,59859.707952,57493.396103,51044.136286,0.000000,0.000000,0.000000
4.061556,10uVrms10Hz_ch2pga1.bin,250,1015,27423,1,0xA3,1,0,0,192,0,0,44439.017773,-20.563602,59862.412512,57496.100664,51045.946777,0.000000,0.000000,0.000000
4.065556,10uVrms10Hz_ch2pga1.bin,250,1016,27424,1,0xA3,1,0,0,192,0,0,44441.320002,-20.653009,59865.251184,57498.961687,51047.801971,0.000000,0.000000,0.000000
4.069556,10uVrms10Hz_ch2pga1.bin,250,1017,27425,1,0xA3,1,0,0,192,0,0,44443.599880,-20.697713,59868.089855,57501.800358,51049.724221,0.000000,0.000000,0.000000
4.073559,10uVrms10Hz_ch2pga1.bin,250,1018,27426,1,0xA3,1,0,0,192,0,0,44445.857406,-20.608306,59870.772064,57504.527271,51051.579416,0.000000,0.000000,0.000000
4.077559,10uVrms10Hz_ch2pga1.bin,250,1019,27427,1,0xA3,1,0,0,192,0,0,44448.137283,-20.541251,59873.521328,57507.365942,51053.591073,0.000000,0.000000,0.000000
4.081563,10uVrms10Hz_ch2pga1.bin,250,1020,27428,1,0xA3,1,0,0,192,0,0,44450.484216,-20.541251,59876.494110,57510.316372,51055.692136,0.000000,0.000000,0.000000
4.085563,10uVrms10Hz_ch2pga1.bin,250,1021,27429,1,0xA3,1,0,0,192,0,0,44452.875853,-20.541251,59879.399836,57513.199747,51057.770848,0.000000,0.000000,0.000000
4.089565,10uVrms10Hz_ch2pga1.bin,250,1022,27430,1,0xA3,1,0,0,192,0,0,44455.111027,-20.474195,59882.104397,57515.926659,51059.536636,0.000000,0.000000,0.000000
4.093565,10uVrms10Hz_ch2pga1.bin,250,1023,27431,1,0xA3,1,0,0,192,0,0,44457.256794,-20.429492,59884.831309,57518.541813,51061.302423,0.000000,0.000000,0.000000
4.097568,10uVrms10Hz_ch2pga1.bin,250,1024,27432,1,0xA3,1,0,0,192,0,0,44459.491968,-20.362437,59887.647629,57521.335781,51063.269377,0.000000,0.000000,0.000000
4.101568,10uVrms10Hz_ch2pga1.bin,250,1025,27433,1,0xA3,1,0,0,192,0,0,44461.794198,-20.317733,59890.508652,57524.286211,51065.258682,0.000000,0.000000,0.000000
4.105572,10uVrms10Hz_ch2pga1.bin,250,1026,27434,1,0xA3,1,0,0,192,0,0,44464.208186,-20.250678,59893.369675,57527.214289,51067.270339,0.000000,0.000000,0.000000
4.109572,10uVrms10Hz_ch2pga1.bin,250,1027,27435,1,0xA3,1,0,0,192,0,0,44466.510415,-20.161271,59896.096587,57530.052960,51069.103181,0.000000,0.000000,0.000000
4.113573,10uVrms10Hz_ch2pga1.bin,250,1028,27436,1,0xA3,1,0,0,192,0,0,44468.767941,-20.094216,59898.845851,57532.891631,51071.070135,0.000000,0.000000,0.000000
4.117576,10uVrms10Hz_ch2pga1.bin,250,1029,27437,1,0xA3,1,0,0,192,0,0,44471.092522,-20.094216,59901.684523,57535.685599,51073.037088,0.000000,0.000000,0.000000
4.121579,10uVrms10Hz_ch2pga1.bin,250,1030,27438,1,0xA3,1,0,0,192,0,0,44473.327696,-20.049512,59904.523194,57538.390160,51074.959338,0.000000,0.000000,0.000000
4.125578,10uVrms10Hz_ch2pga1.bin,250,1031,27439,1,0xA3,1,0,0,192,0,0,44475.473464,-20.004809,59907.317162,57541.206479,51076.836884,0.000000,0.000000,0.000000
4.129578,10uVrms10Hz_ch2pga1.bin,250,1032,27440,1,0xA3,1,0,0,192,0,0,44477.753341,-20.049512,59910.088778,57544.067502,51078.692079,0.000000,0.000000,0.000000
4.133582,10uVrms10Hz_ch2pga1.bin,250,1033,27441,1,0xA3,1,0,0,192,0,0,44480.100274,-20.161271,59912.815690,57546.772063,51080.659032,0.000000,0.000000,0.000000
4.137582,10uVrms10Hz_ch2pga1.bin,250,1034,27442,1,0xA3,1,0,0,192,0,0,44482.380152,-20.295382,59915.587306,57549.633086,51082.536578,0.000000,0.000000,0.000000
4.141585,10uVrms10Hz_ch2pga1.bin,250,1035,27443,1,0xA3,1,0,0,192,0,0,44484.682381,-20.340085,59918.515384,57552.583516,51084.548235,0.000000,0.000000,0.000000
4.145585,10uVrms10Hz_ch2pga1.bin,250,1036,27444,1,0xA3,1,0,0,192,0,0,44487.029314,-20.384789,59921.398759,57555.422187,51086.604595,0.000000,0.000000,0.000000
4.149588,10uVrms10Hz_ch2pga1.bin,250,1037,27445,1,0xA3,1,0,0,192,0,0,44489.331543,-20.451844,59924.237430,57558.216155,51088.437438,0.000000,0.000000,0.000000
4.153588,10uVrms10Hz_ch2pga1.bin,250,1038,27446,1,0xA3,1,0,0,192,0,0,44491.499662,-20.563602,59926.986694,57561.032474,51090.359688,0.000000,0.000000,0.000000
4.157592,10uVrms10Hz_ch2pga1.bin,250,1039,27447,1,0xA3,1,0,0,192,0,0,44493.846595,-20.585954,59929.691255,57563.871145,51092.304289,0.000000,0.000000,0.000000
4.161591,10uVrms10Hz_ch2pga1.bin,250,1040,27448,1,0xA3,1,0,0,192,0,0,44496.171176,-20.541251,59932.529926,57566.776872,51094.204187,0.000000,0.000000,0.000000
4.165595,10uVrms10Hz_ch2pga1.bin,250,1041,27449,1,0xA3,1,0,0,192,0,0,44498.473406,-20.608306,59935.390949,57569.704950,51096.193492,0.000000,0.000000,0.000000
4.169595,10uVrms10Hz_ch2pga1.bin,250,1042,27450,1,0xA3,1,0,0,192,0,0,44500.775635,-20.608306,59938.184917,57572.454214,51098.093390,0.000000,0.000000,0.000000
4.173595,10uVrms10Hz_ch2pga1.bin,250,1043,27451,1,0xA3,1,0,0,192,0,0,44503.144920,-20.653009,59941.001236,57575.225830,51100.015640,0.000000,0.000000,0.000000
4.177599,10uVrms10Hz_ch2pga1.bin,250,1044,27452,1,0xA3,1,0,0,192,0,0,44505.514205,-20.653009,59943.884611,57578.176260,51102.161407,0.000000,0.000000,0.000000
4.181600,10uVrms10Hz_ch2pga1.bin,250,1045,27453,1,0xA3,1,0,0,192,0,0,44507.816434,-20.541251,59946.767986,57581.059635,51104.150712,0.000000,0.000000,0.000000
4.185603,10uVrms10Hz_ch2pga1.bin,250,1046,27454,1,0xA3,1,0,0,192,0,0,44510.051608,-20.384789,59949.629009,57583.898306,51106.072962,0.000000,0.000000,0.000000
4.189603,10uVrms10Hz_ch2pga1.bin,250,1047,27455,1,0xA3,1,0,0,192,0,0,44512.286782,-20.384789,59952.422976,57586.647570,51107.838750,0.000000,0.000000,0.000000
4.193605,10uVrms10Hz_ch2pga1.bin,250,1048,27456,1,0xA3,1,0,0,192,0,0,44514.656067,-20.496547,59955.261648,57589.553297,51109.850407,0.000000,0.000000,0.000000
4.197605,10uVrms10Hz_ch2pga1.bin,250,1049,27457,1,0xA3,1,0,0,192,0,0,44516.958296,-20.384789,59958.055615,57592.414320,51111.884415,0.000000,0.000000,0.000000
4.201607,10uVrms10Hz_ch2pga1.bin,250,1050,27458,1,0xA3,1,0,0,192,0,0,44519.416988,-20.205975,59961.073101,57595.387101,51113.985479,0.000000,0.000000,0.000000
4.205610,10uVrms10Hz_ch2pga1.bin,250,1051,27459,1,0xA3,1,0,0,192,0,0,44521.786273,-20.161271,59963.978827,57598.270476,51115.974784,0.000000,0.000000,0.000000
4.209610,10uVrms10Hz_ch2pga1.bin,250,1052,27460,1,0xA3,1,0,0,192,0,0,44524.021447,-20.049512,59966.683388,57601.131499,51117.852330,0.000000,0.000000,0.000000
4.213613,10uVrms10Hz_ch2pga1.bin,250,1053,27461,1,0xA3,1,0,0,192,0,0,44526.435435,-19.982457,59969.566762,57604.014874,51119.796932,0.000000,0.000000,0.000000
4.217613,10uVrms10Hz_ch2pga1.bin,250,1054,27462,1,0xA3,1,0,0,192,0,0,44528.827071,-19.982457,59972.494841,57606.875896,51121.808589,0.000000,0.000000,0.000000
4.221615,10uVrms10Hz_ch2pga1.bin,250,1055,27463,1,0xA3,1,0,0,192,0,0,44531.106949,-20.049512,59975.311160,57609.781623,51123.820245,0.000000,0.000000,0.000000
4.225615,10uVrms10Hz_ch2pga1.bin,250,1056,27464,1,0xA3,1,0,0,192,0,0,44533.409178,-20.094216,59978.172183,57612.709701,51125.764847,0.000000,0.000000,0.000000
4.229617,10uVrms10Hz_ch2pga1.bin,250,1057,27465,1,0xA3,1,0,0,192,0,0,44535.756111,-20.161271,59980.988503,57615.481317,51127.687097,0.000000,0.000000,0.000000
4.233620,10uVrms10Hz_ch2pga1.bin,250,1058,27466,1,0xA3,1,0,0,192,0,0,44538.103044,-20.228326,59983.849525,57618.297637,51129.676402,0.000000,0.000000,0.000000
4.237620,10uVrms10Hz_ch2pga1.bin,250,1059,27467,1,0xA3,1,0,0,192,0,0,44540.494680,-20.205975,59986.889362,57621.337473,51131.822169,0.000000,0.000000,0.000000
4.241623,10uVrms10Hz_ch2pga1.bin,250,1060,27468,1,0xA3,1,0,0,192,0,0,44542.796910,-20.205975,59989.683330,57624.332607,51133.789122,0.000000,0.000000,0.000000
4.245622,10uVrms10Hz_ch2pga1.bin,250,1061,27469,1,0xA3,1,0,0,192,0,0,44545.143843,-20.317733,59992.544353,57627.126575,51135.778427,0.000000,0.000000,0.000000
4.249626,10uVrms10Hz_ch2pga1.bin,250,1062,27470,1,0xA3,1,0,0,192,0,0,44547.379017,-20.451844,59995.271266,57629.808784,51137.655973,0.000000,0.000000,0.000000
4.253626,10uVrms10Hz_ch2pga1.bin,250,1063,27471,1,0xA3,1,0,0,192,0,0,44549.502432,-20.429492,59997.975826,57632.513344,51139.421761,0.000000,0.000000,0.000000
4.257629,10uVrms10Hz_ch2pga1.bin,250,1064,27472,1,0xA3,1,0,0,192,0,0,44551.849365,-20.541251,60000.814497,57635.486126,51141.433418,0.000000,0.000000,0.000000
4.261630,10uVrms10Hz_ch2pga1.bin,250,1065,27473,1,0xA3,1,0,0,192,0,0,44554.241002,-20.585954,60003.764927,57638.414204,51143.489778,0.000000,0.000000,0.000000
4.265633,10uVrms10Hz_ch2pga1.bin,250,1066,27474,1,0xA3,1,0,0,192,0,0,44556.699693,-20.653009,60006.648302,57641.364634,51145.434380,0.000000,0.000000,0.000000
4.269632,10uVrms10Hz_ch2pga1.bin,250,1067,27475,1,0xA3,1,0,0,192,0,0,44559.001923,-20.585954,60009.464622,57644.158602,51147.289574,0.000000,0.000000,0.000000
4.273636,10uVrms10Hz_ch2pga1.bin,250,1068,27476,1,0xA3,1,0,0,192,0,0,44561.304152,-20.653009,60012.258589,57646.997273,51149.278879,0.000000,0.000000,0.000000
4.277636,10uVrms10Hz_ch2pga1.bin,250,1069,27477,1,0xA3,1,0,0,192,0,0,44563.628733,-20.630658,60015.164316,57649.925351,51151.245832,0.000000,0.000000,0.000000
4.281639,10uVrms10Hz_ch2pga1.bin,250,1070,27478,1,0xA3,1,0,0,192,0,0,44565.863907,-20.585954,60017.891228,57652.741671,51153.168082,0.000000,0.000000,0.000000
4.285638,10uVrms10Hz_ch2pga1.bin,250,1071,27479,1,0xA3,1,0,0,192,0,0,44568.076730,-20.608306,60020.752251,57655.602694,51155.090332,0.000000,0.000000,0.000000
4.289642,10uVrms10Hz_ch2pga1.bin,250,1072,27480,1,0xA3,1,0,0,192,0,0,44570.356607,-20.496547,60023.613274,57658.396661,51157.124341,0.000000,0.000000,0.000000
4.293642,10uVrms10Hz_ch2pga1.bin,250,1073,27481,1,0xA3,1,0,0,192,0,0,44572.681189,-20.362437,60026.541352,57661.190629,51159.068942,0.000000,0.000000,0.000000
4.297643,10uVrms10Hz_ch2pga1.bin,250,1074,27482,1,0xA3,1,0,0,192,0,0,44575.184584,-20.273030,60029.335320,57664.096355,51161.102951,0.000000,0.000000,0.000000
4.301646,10uVrms10Hz_ch2pga1.bin,250,1075,27483,1,0xA3,1,0,0,192,0,0,44577.576220,-20.273030,60032.151639,57666.957378,51163.181663,0.000000,0.000000,0.000000
4.305646,10uVrms10Hz_ch2pga1.bin,250,1076,27484,1,0xA3,1,0,0,192,0,0,44579.856098,-20.273030,60034.945607,57669.885457,51165.059209,0.000000,0.000000,0.000000
4.309649,10uVrms10Hz_ch2pga1.bin,250,1077,27485,1,0xA3,1,0,0,192,0,0,44582.068920,-20.138919,60037.717223,57672.724128,51166.936755,0.000000,0.000000,0.000000
4.313649,10uVrms10Hz_ch2pga1.bin,250,1078,27486,1,0xA3,1,0,0,192,0,0,44584.393501,-20.138919,60040.645301,57675.562799,51168.926060,0.000000,0.000000,0.000000
4.317652,10uVrms10Hz_ch2pga1.bin,250,1079,27487,1,0xA3,1,0,0,192,0,0,44586.651027,-20.138919,60043.461621,57678.356767,51170.825958,0.000000,0.000000,0.000000
4.321652,10uVrms10Hz_ch2pga1.bin,250,1080,27488,1,0xA3,1,0,0,192,0,0,44588.908553,-20.071864,60046.344995,57681.150734,51172.815263,0.000000,0.000000,0.000000
4.325653,10uVrms10Hz_ch2pga1.bin,250,1081,27489,1,0xA3,1,0,0,192,0,0,44591.277838,-20.094216,60049.183667,57684.101164,51174.871624,0.000000,0.000000,0.000000
4.329656,10uVrms10Hz_ch2pga1.bin,250,1082,27490,1,0xA3,1,0,0,192,0,0,44593.647122,-20.205975,60051.977634,57686.939836,51176.860929,0.000000,0.000000,0.000000
4.333655,10uVrms10Hz_ch2pga1.bin,250,1083,27491,1,0xA3,1,0,0,192,0,0,44595.904648,-20.205975,60054.861009,57689.711452,51178.649068,0.000000,0.000000,0.000000
4.337659,10uVrms10Hz_ch2pga1.bin,250,1084,27492,1,0xA3,1,0,0,192,0,0,44598.184526,-20.205975,60057.587922,57692.505419,51180.593669,0.000000,0.000000,0.000000
4.341658,10uVrms10Hz_ch2pga1.bin,250,1085,27493,1,0xA3,1,0,0,192,0,0,44600.553811,-20.295382,60060.426593,57695.455849,51182.605326,0.000000,0.000000,0.000000
4.345662,10uVrms10Hz_ch2pga1.bin,250,1086,27494,1,0xA3,1,0,0,192,0,0,44602.766633,-20.362437,60063.198209,57698.316872,51184.438169,0.000000,0.000000,0.000000
4.349665,10uVrms10Hz_ch2pga1.bin,250,1087,27495,1,0xA3,1,0,0,192,0,0,44605.091214,-20.429492,60066.014528,57701.021433,51186.360419,0.000000,0.000000,0.000000
4.353664,10uVrms10Hz_ch2pga1.bin,250,1088,27496,1,0xA3,1,0,0,192,0,0,44607.236981,-20.474195,60068.763793,57703.882456,51188.237965,0.000000,0.000000,0.000000
4.357667,10uVrms10Hz_ch2pga1.bin,250,1089,27497,1,0xA3,1,0,0,192,0,0,44609.673321,-20.608306,60071.647167,57706.810534,51190.204918,0.000000,0.000000,0.000000
4.361666,10uVrms10Hz_ch2pga1.bin,250,1090,27498,1,0xA3,1,0,0,192,0,0,44612.132013,-20.697713,60074.619949,57709.716260,51192.305982,0.000000,0.000000,0.000000
4.365668,10uVrms10Hz_ch2pga1.bin,250,1091,27499,1,0xA3,1,0,0,192,0,0,44614.434242,-20.697713,60077.480972,57712.554932,51194.272935,0.000000,0.000000,0.000000
4.369671,10uVrms10Hz_ch2pga1.bin,250,1092,27500,1,0xA3,1,0,0,192,0,0,44616.647065,-20.630658,60080.185533,57715.348899,51196.172833,0.000000,0.000000,0.000000
4.373670,10uVrms10Hz_ch2pga1.bin,250,1093,27501,1,0xA3,1,0,0,192,0,0,44618.792832,-20.653009,60082.890093,57718.120515,51197.871566,0.000000,0.000000,0.000000
4.377673,10uVrms10Hz_ch2pga1.bin,250,1094,27502,1,0xA3,1,0,0,192,0,0,44621.139765,-20.608306,60085.751116,57720.959187,51199.905574,0.000000,0.000000,0.000000
4.381673,10uVrms10Hz_ch2pga1.bin,250,1095,27503,1,0xA3,1,0,0,192,0,0,44623.464346,-20.630658,60088.701546,57723.954320,51202.006638,0.000000,0.000000,0.000000
4.385676,10uVrms10Hz_ch2pga1.bin,250,1096,27504,1,0xA3,1,0,0,192,0,0,44625.833631,-20.496547,60091.517866,57726.927102,51204.018295,0.000000,0.000000,0.000000
4.389676,10uVrms10Hz_ch2pga1.bin,250,1097,27505,1,0xA3,1,0,0,192,0,0,44628.269970,-20.474195,60094.401240,57729.810476,51206.007600,0.000000,0.000000,0.000000
4.393679,10uVrms10Hz_ch2pga1.bin,250,1098,27506,1,0xA3,1,0,0,192,0,0,44630.639255,-20.384789,60097.351670,57732.649148,51207.929850,0.000000,0.000000,0.000000
4.397679,10uVrms10Hz_ch2pga1.bin,250,1099,27507,1,0xA3,1,0,0,192,0,0,44633.053243,-20.362437,60100.212693,57735.644281,51210.030913,0.000000,0.000000,0.000000
4.401682,10uVrms10Hz_ch2pga1.bin,250,1100,27508,1,0xA3,1,0,0,192,0,0,44635.444880,-20.295382,60103.118420,57738.527656,51212.154329,0.000000,0.000000,0.000000
4.405681,10uVrms10Hz_ch2pga1.bin,250,1101,27509,1,0xA3,1,0,0,192,0,0,44637.814164,-20.183623,60106.024146,57741.433382,51214.143634,0.000000,0.000000,0.000000
4.409685,10uVrms10Hz_ch2pga1.bin,250,1102,27510,1,0xA3,1,0,0,192,0,0,44640.026987,-20.138919,60108.840466,57744.227350,51216.021180,0.000000,0.000000,0.000000
4.413685,10uVrms10Hz_ch2pga1.bin,250,1103,27511,1,0xA3,1,0,0,192,0,0,44642.306864,-20.049512,60111.500323,57746.998966,51217.965782,0.000000,0.000000,0.000000
4.417688,10uVrms10Hz_ch2pga1.bin,250,1104,27512,1,0xA3,1,0,0,192,0,0,44644.676149,-20.049512,60114.338994,57749.859989,51219.932735,0.000000,0.000000,0.000000
4.421688,10uVrms10Hz_ch2pga1.bin,250,1105,27513,1,0xA3,1,0,0,192,0,0,44647.067785,-20.071864,60117.222369,57752.810419,51221.944392,0.000000,0.000000,0.000000
4.425691,10uVrms10Hz_ch2pga1.bin,250,1106,27514,1,0xA3,1,0,0,192,0,0,44649.414718,-20.116568,60120.195150,57755.783200,51223.956048,0.000000,0.000000,0.000000
4.429691,10uVrms10Hz_ch2pga1.bin,250,1107,27515,1,0xA3,1,0,0,192,0,0,44651.784003,-20.094216,60123.100877,57758.666575,51225.967705,0.000000,0.000000,0.000000
4.433694,10uVrms10Hz_ch2pga1.bin,250,1108,27516,1,0xA3,1,0,0,192,0,0,44654.019177,-20.205975,60125.872493,57761.549950,51227.934659,0.000000,0.000000,0.000000
4.437696,10uVrms10Hz_ch2pga1.bin,250,1109,27517,1,0xA3,1,0,0,192,0,0,44656.299055,-20.250678,60128.621757,57764.366269,51229.722798,0.000000,0.000000,0.000000
4.441697,10uVrms10Hz_ch2pga1.bin,250,1110,27518,1,0xA3,1,0,0,192,0,0,44658.511877,-20.317733,60131.393373,57767.137885,51231.600344,0.000000,0.000000,0.000000
4.445696,10uVrms10Hz_ch2pga1.bin,250,1111,27519,1,0xA3,1,0,0,192,0,0,44660.769403,-20.362437,60134.142637,57769.931853,51233.567297,0.000000,0.000000,0.000000
4.449700,10uVrms10Hz_ch2pga1.bin,250,1112,27520,1,0xA3,1,0,0,192,0,0,44663.093984,-20.384789,60137.048364,57772.725821,51235.556602,0.000000,0.000000,0.000000
4.453700,10uVrms10Hz_ch2pga1.bin,250,1113,27521,1,0xA3,1,0,0,192,0,0,44665.396214,-20.384789,60139.931738,57775.475085,51237.478852,0.000000,0.000000,0.000000
4.457703,10uVrms10Hz_ch2pga1.bin,250,1114,27522,1,0xA3,1,0,0,192,0,0,44667.854905,-20.496547,60142.859817,57778.537273,51239.490509,0.000000,0.000000,0.000000
4.461706,10uVrms10Hz_ch2pga1.bin,250,1115,27523,1,0xA3,1,0,0,192,0,0,44670.291245,-20.630658,60145.765543,57781.577110,51241.457462,0.000000,0.000000,0.000000
4.465706,10uVrms10Hz_ch2pga1.bin,250,1116,27524,1,0xA3,1,0,0,192,0,0,44672.615826,-20.630658,60148.581862,57784.415781,51243.469119,0.000000,0.000000,0.000000
4.469706,10uVrms10Hz_ch2pga1.bin,250,1117,27525,1,0xA3,1,0,0,192,0,0,44674.828649,-20.585954,60151.398182,57787.097991,51245.391369,0.000000,0.000000,0.000000
4.473708,10uVrms10Hz_ch2pga1.bin,250,1118,27526,1,0xA3,1,0,0,192,0,0,44676.974416,-20.608306,60154.013336,57789.869606,51247.246563,0.000000,0.000000,0.000000
4.477710,10uVrms10Hz_ch2pga1.bin,250,1119,27527,1,0xA3,1,0,0,192,0,0,44679.254293,-20.675361,60156.784952,57792.685926,51249.146461,0.000000,0.000000,0.000000
4.481710,10uVrms10Hz_ch2pga1.bin,250,1120,27528,1,0xA3,1,0,0,192,0,0,44681.601226,-20.541251,60159.735382,57795.591652,51251.180470,0.000000,0.000000,0.000000
4.485712,10uVrms10Hz_ch2pga1.bin,250,1121,27529,1,0xA3,1,0,0,192,0,0,44683.881104,-20.541251,60162.618756,57798.407972,51253.080368,0.000000,0.000000,0.000000
4.489715,10uVrms10Hz_ch2pga1.bin,250,1122,27530,1,0xA3,1,0,0,192,0,0,44686.138630,-20.563602,60165.368021,57801.268995,51254.980266,0.000000,0.000000,0.000000
4.493715,10uVrms10Hz_ch2pga1.bin,250,1123,27531,1,0xA3,1,0,0,192,0,0,44688.507915,-20.407140,60168.184340,57804.174721,51256.969571,0.000000,0.000000,0.000000
4.497717,10uVrms10Hz_ch2pga1.bin,250,1124,27532,1,0xA3,1,0,0,192,0,0,44690.832496,-20.317733,60171.157122,57807.013392,51258.891821,0.000000,0.000000,0.000000
4.501717,10uVrms10Hz_ch2pga1.bin,250,1125,27533,1,0xA3,1,0,0,192,0,0,44693.067670,-20.250678,60173.816979,57809.762657,51260.881126,0.000000,0.000000,0.000000
4.505720,10uVrms10Hz_ch2pga1.bin,250,1126,27534,1,0xA3,1,0,0,192,0,0,44695.191085,-20.205975,60176.454484,57812.534273,51262.691617,0.000000,0.000000,0.000000
4.509723,10uVrms10Hz_ch2pga1.bin,250,1127,27535,1,0xA3,1,0,0,192,0,0,44697.403908,-20.138919,60179.226100,57815.372944,51264.502108,0.000000,0.000000,0.000000
4.513722,10uVrms10Hz_ch2pga1.bin,250,1128,27536,1,0xA3,1,0,0,192,0,0,44699.728489,-20.071864,60181.975365,57818.099856,51266.379654,0.000000,0.000000,0.000000
4.517725,10uVrms10Hz_ch2pga1.bin,250,1129,27537,1,0xA3,1,0,0,192,0,0,44701.963663,-20.161271,60184.836388,57820.849121,51268.279552,0.000000,0.000000,0.000000
4.521725,10uVrms10Hz_ch2pga1.bin,250,1130,27538,1,0xA3,1,0,0,192,0,0,44704.355299,-20.138919,60187.831521,57823.866606,51270.447671,0.000000,0.000000,0.000000
4.525728,10uVrms10Hz_ch2pga1.bin,250,1131,27539,1,0xA3,1,0,0,192,0,0,44706.791639,-20.027161,60190.781951,57826.884091,51272.459328,0.000000,0.000000,0.000000
4.529728,10uVrms10Hz_ch2pga1.bin,250,1132,27540,1,0xA3,1,0,0,192,0,0,44709.093869,-20.094216,60193.598270,57829.611003,51274.314523,0.000000,0.000000,0.000000
4.533731,10uVrms10Hz_ch2pga1.bin,250,1133,27541,1,0xA3,1,0,0,192,0,0,44711.329043,-20.138919,60196.369886,57832.472026,51276.259124,0.000000,0.000000,0.000000
4.537730,10uVrms10Hz_ch2pga1.bin,250,1134,27542,1,0xA3,1,0,0,192,0,0,44713.675976,-20.205975,60199.208558,57835.310698,51278.159022,0.000000,0.000000,0.000000
4.541734,10uVrms10Hz_ch2pga1.bin,250,1135,27543,1,0xA3,1,0,0,192,0,0,44716.089964,-20.317733,60202.203691,57838.283479,51280.237734,0.000000,0.000000,0.000000
4.545734,10uVrms10Hz_ch2pga1.bin,250,1136,27544,1,0xA3,1,0,0,192,0,0,44718.436897,-20.384789,60205.020010,57841.233909,51282.383502,0.000000,0.000000,0.000000
4.549736,10uVrms10Hz_ch2pga1.bin,250,1137,27545,1,0xA3,1,0,0,192,0,0,44720.873237,-20.429492,60207.925737,57844.184339,51284.328103,0.000000,0.000000,0.000000
4.553735,10uVrms10Hz_ch2pga1.bin,250,1138,27546,1,0xA3,1,0,0,192,0,0,44723.331928,-20.518899,60210.786760,57847.112417,51286.339760,0.000000,0.000000,0.000000
4.557739,10uVrms10Hz_ch2pga1.bin,250,1139,27547,1,0xA3,1,0,0,192,0,0,44725.745916,-20.563602,60213.826597,57850.085199,51288.552582,0.000000,0.000000,0.000000
4.561739,10uVrms10Hz_ch2pga1.bin,250,1140,27548,1,0xA3,1,0,0,192,0,0,44728.048146,-20.541251,60216.687620,57852.968574,51290.497184,0.000000,0.000000,0.000000
4.565742,10uVrms10Hz_ch2pga1.bin,250,1141,27549,1,0xA3,1,0,0,192,0,0,44730.305672,-20.608306,60219.459236,57855.807245,51292.397082,0.000000,0.000000,0.000000
4.569742,10uVrms10Hz_ch2pga1.bin,250,1142,27550,1,0xA3,1,0,0,192,0,0,44732.563198,-20.630658,60222.275555,57858.578861,51294.229925,0.000000,0.000000,0.000000
4.573746,10uVrms10Hz_ch2pga1.bin,250,1143,27551,1,0xA3,1,0,0,192,0,0,44734.753668,-20.653009,60225.069523,57861.305773,51296.129823,0.000000,0.000000,0.000000
4.577745,10uVrms10Hz_ch2pga1.bin,250,1144,27552,1,0xA3,1,0,0,192,0,0,44737.100601,-20.697713,60227.975249,57864.144444,51298.096776,0.000000,0.000000,0.000000
4.581748,10uVrms10Hz_ch2pga1.bin,250,1145,27553,1,0xA3,1,0,0,192,0,0,44739.425182,-20.630658,60230.880976,57867.117226,51300.220191,0.000000,0.000000,0.000000
4.585748,10uVrms10Hz_ch2pga1.bin,250,1146,27554,1,0xA3,1,0,0,192,0,0,44741.839170,-20.518899,60233.786702,57870.045304,51302.231848,0.000000,0.000000,0.000000
4.589751,10uVrms10Hz_ch2pga1.bin,250,1147,27555,1,0xA3,1,0,0,192,0,0,44744.119048,-20.451844,60236.558318,57872.928679,51304.176450,0.000000,0.000000,0.000000
4.593750,10uVrms10Hz_ch2pga1.bin,250,1148,27556,1,0xA3,1,0,0,192,0,0,44746.398926,-20.451844,60239.374638,57875.744998,51306.143403,0.000000,0.000000,0.000000
4.597754,10uVrms10Hz_ch2pga1.bin,250,1149,27557,1,0xA3,1,0,0,192,0,0,44748.812914,-20.362437,60242.302716,57878.628373,51308.110356,0.000000,0.000000,0.000000
4.601756,10uVrms10Hz_ch2pga1.bin,250,1150,27558,1,0xA3,1,0,0,192,0,0,44751.115143,-20.205975,60245.230794,57881.534100,51310.077310,0.000000,0.000000,0.000000
4.605756,10uVrms10Hz_ch2pga1.bin,250,1151,27559,1,0xA3,1,0,0,192,0,0,44753.350317,-20.205975,60247.913003,57884.328067,51311.954856,0.000000,0.000000,0.000000
4.609756,10uVrms10Hz_ch2pga1.bin,250,1152,27560,1,0xA3,1,0,0,192,0,0,44755.630195,-20.161271,60250.706971,57887.099683,51313.854754,0.000000,0.000000,0.000000
4.613759,10uVrms10Hz_ch2pga1.bin,250,1153,27561,1,0xA3,1,0,0,192,0,0,44757.865369,-20.049512,60253.500938,57889.871299,51315.732300,0.000000,0.000000,0.000000
4.617759,10uVrms10Hz_ch2pga1.bin,250,1154,27562,1,0xA3,1,0,0,192,0,0,44760.301709,-20.027161,60256.406665,57892.844081,51317.811012,0.000000,0.000000,0.000000
4.621763,10uVrms10Hz_ch2pga1.bin,250,1155,27563,1,0xA3,1,0,0,192,0,0,44762.738049,-20.049512,60259.379447,57895.794511,51319.912076,0.000000,0.000000,0.000000
4.625765,10uVrms10Hz_ch2pga1.bin,250,1156,27564,1,0xA3,1,0,0,192,0,0,44765.129685,-20.094216,60262.262821,57898.700237,51321.879029,0.000000,0.000000,0.000000
4.629765,10uVrms10Hz_ch2pga1.bin,250,1157,27565,1,0xA3,1,0,0,192,0,0,44767.387211,-20.161271,60265.034437,57901.427150,51323.756576,0.000000,0.000000,0.000000
4.633768,10uVrms10Hz_ch2pga1.bin,250,1158,27566,1,0xA3,1,0,0,192,0,0,44769.622386,-20.161271,60267.828405,57904.221117,51325.723529,0.000000,0.000000,0.000000
4.637768,10uVrms10Hz_ch2pga1.bin,250,1159,27567,1,0xA3,1,0,0,192,0,0,44771.946967,-20.273030,60270.622373,57907.171547,51327.712834,0.000000,0.000000,0.000000
4.641771,10uVrms10Hz_ch2pga1.bin,250,1160,27568,1,0xA3,1,0,0,192,0,0,44774.204493,-20.273030,60273.438692,57910.077274,51329.657435,0.000000,0.000000,0.000000
4.645771,10uVrms10Hz_ch2pga1.bin,250,1161,27569,1,0xA3,1,0,0,192,0,0,44776.596129,-20.362437,60276.389122,57912.983000,51331.669092,0.000000,0.000000,0.000000
4.649775,10uVrms10Hz_ch2pga1.bin,250,1162,27570,1,0xA3,1,0,0,192,0,0,44779.054821,-20.451844,60279.361904,57915.888727,51333.680749,0.000000,0.000000,0.000000
4.653774,10uVrms10Hz_ch2pga1.bin,250,1163,27571,1,0xA3,1,0,0,192,0,0,44781.379402,-20.563602,60282.178223,57918.794453,51335.692406,0.000000,0.000000,0.000000
4.657774,10uVrms10Hz_ch2pga1.bin,250,1164,27572,1,0xA3,1,0,0,192,0,0,44783.659279,-20.675361,60284.927487,57921.610773,51337.681711,0.000000,0.000000,0.000000
4.661778,10uVrms10Hz_ch2pga1.bin,250,1165,27573,1,0xA3,1,0,0,192,0,0,44786.006212,-20.697713,60287.788510,57924.516499,51339.671016,0.000000,0.000000,0.000000
4.665778,10uVrms10Hz_ch2pga1.bin,250,1166,27574,1,0xA3,1,0,0,192,0,0,44788.420200,-20.653009,60290.761292,57927.444577,51341.682673,0.000000,0.000000,0.000000
4.669781,10uVrms10Hz_ch2pga1.bin,250,1167,27575,1,0xA3,1,0,0,192,0,0,44790.789485,-20.675361,60293.599963,57930.350304,51343.739033,0.000000,0.000000,0.000000
4.673781,10uVrms10Hz_ch2pga1.bin,250,1168,27576,1,0xA3,1,0,0,192,0,0,44793.091714,-20.697713,60296.371579,57933.211327,51345.616579,0.000000,0.000000,0.000000
4.677784,10uVrms10Hz_ch2pga1.bin,250,1169,27577,1,0xA3,1,0,0,192,0,0,44795.416296,-20.608306,60299.277306,57936.027646,51347.695291,0.000000,0.000000,0.000000
4.681784,10uVrms10Hz_ch2pga1.bin,250,1170,27578,1,0xA3,1,0,0,192,0,0,44797.942042,-20.608306,60302.272439,57939.022779,51349.818707,0.000000,0.000000,0.000000
4.685787,10uVrms10Hz_ch2pga1.bin,250,1171,27579,1,0xA3,1,0,0,192,0,0,44800.177217,-20.541251,60305.111110,57941.928506,51351.696253,0.000000,0.000000,0.000000
4.689787,10uVrms10Hz_ch2pga1.bin,250,1172,27580,1,0xA3,1,0,0,192,0,0,44802.345335,-20.496547,60307.770967,57944.677770,51353.506744,0.000000,0.000000,0.000000
4.693790,10uVrms10Hz_ch2pga1.bin,250,1173,27581,1,0xA3,1,0,0,192,0,0,44804.692268,-20.474195,60310.631990,57947.471738,51355.451345,0.000000,0.000000,0.000000
4.697790,10uVrms10Hz_ch2pga1.bin,250,1174,27582,1,0xA3,1,0,0,192,0,0,44807.106256,-20.384789,60313.515365,57950.332761,51357.463002,0.000000,0.000000,0.000000
4.701792,10uVrms10Hz_ch2pga1.bin,250,1175,27583,1,0xA3,1,0,0,192,0,0,44809.408486,-20.295382,60316.421092,57953.126729,51359.474659,0.000000,0.000000,0.000000
4.705795,10uVrms10Hz_ch2pga1.bin,250,1176,27584,1,0xA3,1,0,0,192,0,0,44811.733067,-20.138919,60319.282115,57956.077158,51361.419261,0.000000,0.000000,0.000000
4.709795,10uVrms10Hz_ch2pga1.bin,250,1177,27585,1,0xA3,1,0,0,192,0,0,44813.968241,-20.205975,60322.031379,57958.915830,51363.386214,0.000000,0.000000,0.000000
4.713798,10uVrms10Hz_ch2pga1.bin,250,1178,27586,1,0xA3,1,0,0,192,0,0,44816.203415,-20.116568,60324.870050,57961.821556,51365.330815,0.000000,0.000000,0.000000
4.717798,10uVrms10Hz_ch2pga1.bin,250,1179,27587,1,0xA3,1,0,0,192,0,0,44818.595052,-20.094216,60327.708721,57964.615524,51367.275417,0.000000,0.000000,0.000000
4.721799,10uVrms10Hz_ch2pga1.bin,250,1180,27588,1,0xA3,1,0,0,192,0,0,44820.941985,-20.094216,60330.569744,57967.387140,51369.309425,0.000000,0.000000,0.000000
4.725802,10uVrms10Hz_ch2pga1.bin,250,1181,27589,1,0xA3,1,0,0,192,0,0,44823.132455,-20.138919,60333.274305,57970.091701,51371.186972,0.000000,0.000000,0.000000
4.729802,10uVrms10Hz_ch2pga1.bin,250,1182,27590,1,0xA3,1,0,0,192,0,0,44825.367630,-20.138919,60335.978866,57972.997427,51373.109221,0.000000,0.000000,0.000000
4.733807,10uVrms10Hz_ch2pga1.bin,250,1183,27591,1,0xA3,1,0,0,192,0,0,44827.647507,-20.205975,60338.772833,57975.701988,51374.986768,0.000000,0.000000,0.000000
4.737807,10uVrms10Hz_ch2pga1.bin,250,1184,27592,1,0xA3,1,0,0,192,0,0,44829.949737,-20.205975,60341.678560,57978.563011,51376.909018,0.000000,0.000000,0.000000
4.741808,10uVrms10Hz_ch2pga1.bin,250,1185,27593,1,0xA3,1,0,0,192,0,0,44832.341373,-20.250678,60344.584286,57981.446385,51378.920674,0.000000,0.000000,0.000000
4.745811,10uVrms10Hz_ch2pga1.bin,250,1186,27594,1,0xA3,1,0,0,192,0,0,44834.688306,-20.317733,60347.422957,57984.329760,51380.887628,0.000000,0.000000,0.000000
4.749812,10uVrms10Hz_ch2pga1.bin,250,1187,27595,1,0xA3,1,0,0,192,0,0,44836.856425,-20.429492,60350.172222,57987.079024,51382.809877,0.000000,0.000000,0.000000
4.753812,10uVrms10Hz_ch2pga1.bin,250,1188,27596,1,0xA3,1,0,0,192,0,0,44839.136302,-20.496547,60352.899134,57989.917696,51384.732127,0.000000,0.000000,0.000000
4.757816,10uVrms10Hz_ch2pga1.bin,250,1189,27597,1,0xA3,1,0,0,192,0,0,44841.460884,-20.563602,60355.715454,57992.689312,51386.632025,0.000000,0.000000,0.000000
4.761815,10uVrms10Hz_ch2pga1.bin,250,1190,27598,1,0xA3,1,0,0,192,0,0,44843.830168,-20.585954,60358.554125,57995.550334,51388.666034,0.000000,0.000000,0.000000
4.765820,10uVrms10Hz_ch2pga1.bin,250,1191,27599,1,0xA3,1,0,0,192,0,0,44846.110046,-20.697713,60361.392796,57998.433709,51390.588284,0.000000,0.000000,0.000000
4.769820,10uVrms10Hz_ch2pga1.bin,250,1192,27600,1,0xA3,1,0,0,192,0,0,44848.367572,-20.720065,60364.186764,58001.272380,51392.532885,0.000000,0.000000,0.000000
4.773819,10uVrms10Hz_ch2pga1.bin,250,1193,27601,1,0xA3,1,0,0,192,0,0,44850.692153,-20.720065,60367.047787,58004.178107,51394.522190,0.000000,0.000000,0.000000
4.777823,10uVrms10Hz_ch2pga1.bin,250,1194,27602,1,0xA3,1,0,0,192,0,0,44853.039086,-20.653009,60369.886458,58007.083833,51396.444440,0.000000,0.000000,0.000000
4.781824,10uVrms10Hz_ch2pga1.bin,250,1195,27603,1,0xA3,1,0,0,192,0,0,44855.408370,-20.585954,60372.702777,58009.922504,51398.366690,0.000000,0.000000,0.000000
4.785828,10uVrms10Hz_ch2pga1.bin,250,1196,27604,1,0xA3,1,0,0,192,0,0,44857.621193,-20.608306,60375.496745,58012.738824,51400.266588,0.000000,0.000000,0.000000
4.789828,10uVrms10Hz_ch2pga1.bin,250,1197,27605,1,0xA3,1,0,0,192,0,0,44859.677553,-20.496547,60378.201306,58015.353978,51402.010024,0.000000,0.000000,0.000000
4.793828,10uVrms10Hz_ch2pga1.bin,250,1198,27606,1,0xA3,1,0,0,192,0,0,44861.912727,-20.496547,60380.861163,58017.969131,51403.842866,0.000000,0.000000,0.000000
4.797833,10uVrms10Hz_ch2pga1.bin,250,1199,27607,1,0xA3,1,0,0,192,0,0,44864.282012,-20.384789,60383.677483,58020.941913,51405.854523,0.000000,0.000000,0.000000
4.801833,10uVrms10Hz_ch2pga1.bin,250,1200,27608,1,0xA3,1,0,0,192,0,0,44866.673648,-20.161271,60386.605561,58023.892343,51407.866180,0.000000,0.000000,0.000000
4.805834,10uVrms10Hz_ch2pga1.bin,250,1201,27609,1,0xA3,1,0,0,192,0,0,44868.953526,-20.071864,60389.466584,58026.820421,51409.877837,0.000000,0.000000,0.000000
4.809838,10uVrms10Hz_ch2pga1.bin,250,1202,27610,1,0xA3,1,0,0,192,0,0,44871.233404,-20.116568,60392.282903,58029.502630,51411.822438,0.000000,0.000000,0.000000
4.813837,10uVrms10Hz_ch2pga1.bin,250,1203,27611,1,0xA3,1,0,0,192,0,0,44873.535633,-20.094216,60395.032167,58032.251894,51413.677633,0.000000,0.000000,0.000000
4.817840,10uVrms10Hz_ch2pga1.bin,250,1204,27612,1,0xA3,1,0,0,192,0,0,44875.793159,-20.161271,60397.848487,58035.045862,51415.644586,0.000000,0.000000,0.000000
4.821840,10uVrms10Hz_ch2pga1.bin,250,1205,27613,1,0xA3,1,0,0,192,0,0,44878.117740,-20.094216,60400.620103,58037.951589,51417.589188,0.000000,0.000000,0.000000
4.825844,10uVrms10Hz_ch2pga1.bin,250,1206,27614,1,0xA3,1,0,0,192,0,0,44880.330563,-20.049512,60403.279960,58040.745556,51419.511437,0.000000,0.000000,0.000000
4.829843,10uVrms10Hz_ch2pga1.bin,250,1207,27615,1,0xA3,1,0,0,192,0,0,44882.610440,-20.049512,60406.252742,58043.651283,51421.456039,0.000000,0.000000,0.000000
4.833846,10uVrms10Hz_ch2pga1.bin,250,1208,27616,1,0xA3,1,0,0,192,0,0,44884.957373,-20.094216,60409.024358,58046.467602,51423.378289,0.000000,0.000000,0.000000
4.837845,10uVrms10Hz_ch2pga1.bin,250,1209,27617,1,0xA3,1,0,0,192,0,0,44887.237251,-20.161271,60411.818326,58049.328625,51425.389946,0.000000,0.000000,0.000000
4.841848,10uVrms10Hz_ch2pga1.bin,250,1210,27618,1,0xA3,1,0,0,192,0,0,44889.517128,-20.228326,60414.656997,58052.144945,51427.312195,0.000000,0.000000,0.000000
4.845849,10uVrms10Hz_ch2pga1.bin,250,1211,27619,1,0xA3,1,0,0,192,0,0,44891.819358,-20.407140,60417.540371,58055.005968,51429.368556,0.000000,0.000000,0.000000
4.849851,10uVrms10Hz_ch2pga1.bin,250,1212,27620,1,0xA3,1,0,0,192,0,0,44894.255698,-20.451844,60420.311987,58057.844639,51431.246102,0.000000,0.000000,0.000000
4.853852,10uVrms10Hz_ch2pga1.bin,250,1213,27621,1,0xA3,1,0,0,192,0,0,44896.423817,-20.474195,60423.061252,58060.593903,51433.078945,0.000000,0.000000,0.000000
4.857854,10uVrms10Hz_ch2pga1.bin,250,1214,27622,1,0xA3,1,0,0,192,0,0,44898.681343,-20.585954,60425.877571,58063.499629,51435.023546,0.000000,0.000000,0.000000
4.861854,10uVrms10Hz_ch2pga1.bin,250,1215,27623,1,0xA3,1,0,0,192,0,0,44901.050627,-20.585954,60428.805649,58066.338301,51437.079906,0.000000,0.000000,0.000000
4.865858,10uVrms10Hz_ch2pga1.bin,250,1216,27624,1,0xA3,1,0,0,192,0,0,44903.375208,-20.585954,60431.621969,58069.154620,51439.002156,0.000000,0.000000,0.000000
4.869858,10uVrms10Hz_ch2pga1.bin,250,1217,27625,1,0xA3,1,0,0,192,0,0,44905.543327,-20.653009,60434.326530,58071.859181,51440.924406,0.000000,0.000000,0.000000
4.873861,10uVrms10Hz_ch2pga1.bin,250,1218,27626,1,0xA3,1,0,0,192,0,0,44907.711446,-20.653009,60437.008739,58074.586093,51442.734897,0.000000,0.000000,0.000000
4.877861,10uVrms10Hz_ch2pga1.bin,250,1219,27627,1,0xA3,1,0,0,192,0,0,44910.036027,-20.653009,60439.847410,58077.491820,51444.590092,0.000000,0.000000,0.000000
4.881863,10uVrms10Hz_ch2pga1.bin,250,1220,27628,1,0xA3,1,0,0,192,0,0,44912.382960,-20.653009,60442.797840,58080.285788,51446.646452,0.000000,0.000000,0.000000
4.885863,10uVrms10Hz_ch2pga1.bin,250,1221,27629,1,0xA3,1,0,0,192,0,0,44914.729893,-20.608306,60445.591807,58083.102107,51448.635757,0.000000,0.000000,0.000000
4.889865,10uVrms10Hz_ch2pga1.bin,250,1222,27630,1,0xA3,1,0,0,192,0,0,44917.054474,-20.518899,60448.430479,58086.074889,51450.647414,0.000000,0.000000,0.000000
4.893868,10uVrms10Hz_ch2pga1.bin,250,1223,27631,1,0xA3,1,0,0,192,0,0,44919.446111,-20.384789,60451.269150,58088.980615,51452.614367,0.000000,0.000000,0.000000
4.897867,10uVrms10Hz_ch2pga1.bin,250,1224,27632,1,0xA3,1,0,0,192,0,0,44921.703637,-20.340085,60453.996062,58091.752231,51454.581320,0.000000,0.000000,0.000000
4.901870,10uVrms10Hz_ch2pga1.bin,250,1225,27633,1,0xA3,1,0,0,192,0,0,44923.938811,-20.295382,60456.812382,58094.590902,51456.525922,0.000000,0.000000,0.000000
4.905872,10uVrms10Hz_ch2pga1.bin,250,1226,27634,1,0xA3,1,0,0,192,0,0,44926.241040,-20.183623,60459.583998,58097.362518,51458.403468,0.000000,0.000000,0.000000
4.909872,10uVrms10Hz_ch2pga1.bin,250,1227,27635,1,0xA3,1,0,0,192,0,0,44928.476214,-20.094216,60462.377965,58100.134134,51460.258663,0.000000,0.000000,0.000000
4.913876,10uVrms10Hz_ch2pga1.bin,250,1228,27636,1,0xA3,1,0,0,192,0,0,44930.689037,-20.049512,60465.216637,58102.972806,51462.270319,0.000000,0.000000,0.000000
4.917876,10uVrms10Hz_ch2pga1.bin,250,1229,27637,1,0xA3,1,0,0,192,0,0,44932.991266,-20.049512,60467.965901,58105.811477,51464.170218,0.000000,0.000000,0.000000
4.921876,10uVrms10Hz_ch2pga1.bin,250,1230,27638,1,0xA3,1,0,0,192,0,0,44935.405254,-20.049512,60470.759869,58108.672500,51466.137171,0.000000,0.000000,0.000000
4.925880,10uVrms10Hz_ch2pga1.bin,250,1231,27639,1,0xA3,1,0,0,192,0,0,44937.819242,-20.049512,60473.732650,58111.600578,51468.193531,0.000000,0.000000,0.000000
4.929880,10uVrms10Hz_ch2pga1.bin,250,1232,27640,1,0xA3,1,0,0,192,0,0,44940.143824,-20.049512,60476.548970,58114.595711,51470.205188,0.000000,0.000000,0.000000
4.933883,10uVrms10Hz_ch2pga1.bin,250,1233,27641,1,0xA3,1,0,0,192,0,0,44942.289591,-20.094216,60479.275882,58117.255569,51471.993327,0.000000,0.000000,0.000000
4.937883,10uVrms10Hz_ch2pga1.bin,250,1234,27642,1,0xA3,1,0,0,192,0,0,44944.502413,-20.116568,60482.092202,58119.960129,51473.848522,0.000000,0.000000,0.000000
4.941886,10uVrms10Hz_ch2pga1.bin,250,1235,27643,1,0xA3,1,0,0,192,0,0,44946.804643,-20.250678,60484.774411,58122.798800,51475.860178,0.000000,0.000000,0.000000
4.945885,10uVrms10Hz_ch2pga1.bin,250,1236,27644,1,0xA3,1,0,0,192,0,0,44949.106872,-20.384789,60487.523675,58125.570416,51477.670670,0.000000,0.000000,0.000000
4.949889,10uVrms10Hz_ch2pga1.bin,250,1237,27645,1,0xA3,1,0,0,192,0,0,44951.319695,-20.474195,60490.362346,58128.386736,51479.570568,0.000000,0.000000,0.000000
4.953889,10uVrms10Hz_ch2pga1.bin,250,1238,27646,1,0xA3,1,0,0,192,0,0,44953.733683,-20.518899,60493.290424,58131.314814,51481.604576,0.000000,0.000000,0.000000
4.957892,10uVrms10Hz_ch2pga1.bin,250,1239,27647,1,0xA3,1,0,0,192,0,0,44956.214726,-20.608306,60496.196151,58134.287596,51483.683288,0.000000,0.000000,0.000000
4.961892,10uVrms10Hz_ch2pga1.bin,250,1240,27648,1,0xA3,1,0,0,192,0,0,44958.539307,-20.653009,60499.012470,58137.215674,51485.784352,0.000000,0.000000,0.000000
4.965896,10uVrms10Hz_ch2pga1.bin,250,1241,27649,1,0xA3,1,0,0,192,0,0,44960.819185,-20.675361,60501.828790,58139.964938,51487.751305,0.000000,0.000000,0.000000
4.969896,10uVrms10Hz_ch2pga1.bin,250,1242,27650,1,0xA3,1,0,0,192,0,0,44963.009655,-20.653009,60504.488647,58142.647147,51489.494741,0.000000,0.000000,0.000000
4.973899,10uVrms10Hz_ch2pga1.bin,250,1243,27651,1,0xA3,1,0,0,192,0,0,44965.244830,-20.697713,60507.282615,58145.351708,51491.327584,0.000000,0.000000,0.000000
4.977901,10uVrms10Hz_ch2pga1.bin,250,1244,27652,1,0xA3,1,0,0,192,0,0,44967.591763,-20.675361,60510.076582,58148.235083,51493.227482,0.000000,0.000000,0.000000
4.981904,10uVrms10Hz_ch2pga1.bin,250,1245,27653,1,0xA3,1,0,0,192,0,0,44969.849288,-20.608306,60512.937605,58151.029050,51495.239139,0.000000,0.000000,0.000000
4.985904,10uVrms10Hz_ch2pga1.bin,250,1246,27654,1,0xA3,1,0,0,192,0,0,44972.240925,-20.585954,60515.955091,58154.024184,51497.295499,0.000000,0.000000,0.000000
4.989906,10uVrms10Hz_ch2pga1.bin,250,1247,27655,1,0xA3,1,0,0,192,0,0,44974.610209,-20.496547,60518.682003,58156.907558,51499.217749,0.000000,0.000000,0.000000
4.993906,10uVrms10Hz_ch2pga1.bin,250,1248,27656,1,0xA3,1,0,0,192,0,0,44976.867735,-20.362437,60521.386564,58159.723878,51501.117647,0.000000,0.000000,0.000000
4.997906,10uVrms10Hz_ch2pga1.bin,250,1249,27657,1,0xA3,1,0,0,192,0,0,44979.169965,-20.273030,60524.202883,58162.517846,51502.995193,0.000000,0.000000,0.000000
5.001906,10uVrms10Hz_ch2pga1.bin,250,1250,27658,1,0xA3,1,0,0,192,0,0,44981.405139,-20.317733,60527.086258,58165.289462,51504.917443,0.000000,0.000000,0.000000
5.005907,10uVrms10Hz_ch2pga1.bin,250,1251,27659,1,0xA3,1,0,0,192,0,0,44983.617961,-20.228326,60529.835522,58168.083429,51506.951451,0.000000,0.000000,0.000000
5.009907,10uVrms10Hz_ch2pga1.bin,250,1252,27660,1,0xA3,1,0,0,192,0,0,44985.808432,-20.205975,60532.562435,58170.810342,51508.851349,0.000000,0.000000,0.000000
5.013910,10uVrms10Hz_ch2pga1.bin,250,1253,27661,1,0xA3,1,0,0,192,0,0,44988.088310,-20.138919,60535.356402,58173.537254,51510.706544,0.000000,0.000000,0.000000
5.017911,10uVrms10Hz_ch2pga1.bin,250,1254,27662,1,0xA3,1,0,0,192,0,0,44990.457594,-20.049512,60538.262129,58176.554739,51512.673497,0.000000,0.000000,0.000000
5.021913,10uVrms10Hz_ch2pga1.bin,250,1255,27663,1,0xA3,1,0,0,192,0,0,44992.782176,-20.071864,60541.145504,58179.505169,51514.685154,0.000000,0.000000,0.000000
5.025913,10uVrms10Hz_ch2pga1.bin,250,1256,27664,1,0xA3,1,0,0,192,0,0,44995.106757,-20.094216,60543.894768,58182.232082,51516.585052,0.000000,0.000000,0.000000
5.029916,10uVrms10Hz_ch2pga1.bin,250,1257,27665,1,0xA3,1,0,0,192,0,0,44997.364283,-20.161271,60546.599329,58184.914291,51518.484950,0.000000,0.000000,0.000000
5.033916,10uVrms10Hz_ch2pga1.bin,250,1258,27666,1,0xA3,1,0,0,192,0,0,44999.577105,-20.205975,60549.281538,58187.641203,51520.317793,0.000000,0.000000,0.000000
5.037919,10uVrms10Hz_ch2pga1.bin,250,1259,27667,1,0xA3,1,0,0,192,0,0,45001.789927,-20.250678,60552.097857,58190.457523,51522.217691,0.000000,0.000000,0.000000
5.041918,10uVrms10Hz_ch2pga1.bin,250,1260,27668,1,0xA3,1,0,0,192,0,0,45004.092157,-20.273030,60554.914176,58193.363249,51524.184644,0.000000,0.000000,0.000000
5.045922,10uVrms10Hz_ch2pga1.bin,250,1261,27669,1,0xA3,1,0,0,192,0,0,45006.416738,-20.407140,60557.663441,58196.224272,51526.151597,0.000000,0.000000,0.000000
5.049922,10uVrms10Hz_ch2pga1.bin,250,1262,27670,1,0xA3,1,0,0,192,0,0,45008.853078,-20.608306,60560.524464,58199.107647,51528.207958,0.000000,0.000000,0.000000
5.053925,10uVrms10Hz_ch2pga1.bin,250,1263,27671,1,0xA3,1,0,0,192,0,0,45011.222363,-20.563602,60563.452542,58201.991022,51530.174911,0.000000,0.000000,0.000000
5.057925,10uVrms10Hz_ch2pga1.bin,250,1264,27672,1,0xA3,1,0,0,192,0,0,45013.591647,-20.541251,60566.313565,58204.919100,51532.052457,0.000000,0.000000,0.000000
5.061929,10uVrms10Hz_ch2pga1.bin,250,1265,27673,1,0xA3,1,0,0,192,0,0,45015.938580,-20.585954,60569.152236,58207.802474,51534.041762,0.000000,0.000000,0.000000
5.065929,10uVrms10Hz_ch2pga1.bin,250,1266,27674,1,0xA3,1,0,0,192,0,0,45018.218458,-20.608306,60571.923852,58210.596442,51535.986364,0.000000,0.000000,0.000000
5.069930,10uVrms10Hz_ch2pga1.bin,250,1267,27675,1,0xA3,1,0,0,192,0,0,45020.386577,-20.608306,60574.583709,58213.323355,51537.819207,0.000000,0.000000,0.000000
5.073934,10uVrms10Hz_ch2pga1.bin,250,1268,27676,1,0xA3,1,0,0,192,0,0,45022.577047,-20.653009,60577.332973,58216.139674,51539.696753,0.000000,0.000000,0.000000
5.077934,10uVrms10Hz_ch2pga1.bin,250,1269,27677,1,0xA3,1,0,0,192,0,0,45024.923980,-20.697713,60580.216348,58219.000697,51541.753113,0.000000,0.000000,0.000000
5.081934,10uVrms10Hz_ch2pga1.bin,250,1270,27678,1,0xA3,1,0,0,192,0,0,45027.293265,-20.630658,60583.077371,58221.817017,51543.720067,0.000000,0.000000,0.000000
5.085937,10uVrms10Hz_ch2pga1.bin,250,1271,27679,1,0xA3,1,0,0,192,0,0,45029.528439,-20.563602,60585.804284,58224.700391,51545.619965,0.000000,0.000000,0.000000
5.089937,10uVrms10Hz_ch2pga1.bin,250,1272,27680,1,0xA3,1,0,0,192,0,0,45031.674206,-20.474195,60588.397086,58227.360249,51547.318697,0.000000,0.000000,0.000000
5.093940,10uVrms10Hz_ch2pga1.bin,250,1273,27681,1,0xA3,1,0,0,192,0,0,45033.797622,-20.384789,60591.123998,58229.953051,51549.084485,0.000000,0.000000,0.000000
5.097940,10uVrms10Hz_ch2pga1.bin,250,1274,27682,1,0xA3,1,0,0,192,0,0,45036.055148,-20.317733,60593.917966,58232.769370,51551.006734,0.000000,0.000000,0.000000
5.101944,10uVrms10Hz_ch2pga1.bin,250,1275,27683,1,0xA3,1,0,0,192,0,0,45038.335025,-20.183623,60596.778989,58235.675097,51553.040743,0.000000,0.000000,0.000000
5.105944,10uVrms10Hz_ch2pga1.bin,250,1276,27684,1,0xA3,1,0,0,192,0,0,45040.681958,-20.116568,60599.662364,58238.603175,51554.985344,0.000000,0.000000,0.000000
5.109947,10uVrms10Hz_ch2pga1.bin,250,1277,27685,1,0xA3,1,0,0,192,0,0,45043.095946,-20.138919,60602.411628,58241.419494,51557.064056,0.000000,0.000000,0.000000
5.113947,10uVrms10Hz_ch2pga1.bin,250,1278,27686,1,0xA3,1,0,0,192,0,0,45045.375824,-20.116568,60605.272651,58244.191110,51558.941603,0.000000,0.000000,0.000000
5.117948,10uVrms10Hz_ch2pga1.bin,250,1279,27687,1,0xA3,1,0,0,192,0,0,45047.767460,-20.094216,60608.111322,58247.096837,51560.975611,0.000000,0.000000,0.000000
5.121951,10uVrms10Hz_ch2pga1.bin,250,1280,27688,1,0xA3,1,0,0,192,0,0,45050.092041,-20.004809,60610.882938,58249.957860,51562.987268,0.000000,0.000000,0.000000
5.125951,10uVrms10Hz_ch2pga1.bin,250,1281,27689,1,0xA3,1,0,0,192,0,0,45052.349567,-20.004809,60613.766313,58252.841234,51564.954221,0.000000,0.000000,0.000000
5.129955,10uVrms10Hz_ch2pga1.bin,250,1282,27690,1,0xA3,1,0,0,192,0,0,45054.607093,-20.138919,60616.649687,58255.612850,51566.809416,0.000000,0.000000,0.000000
5.133955,10uVrms10Hz_ch2pga1.bin,250,1283,27691,1,0xA3,1,0,0,192,0,0,45056.864619,-20.161271,60619.443655,58258.451521,51568.754017,0.000000,0.000000,0.000000
5.137959,10uVrms10Hz_ch2pga1.bin,250,1284,27692,1,0xA3,1,0,0,192,0,0,45059.166849,-20.273030,60622.259974,58261.379600,51570.676267,0.000000,0.000000,0.000000
5.141959,10uVrms10Hz_ch2pga1.bin,250,1285,27693,1,0xA3,1,0,0,192,0,0,45061.446726,-20.407140,60625.098646,58264.240623,51572.643220,0.000000,0.000000,0.000000
5.145959,10uVrms10Hz_ch2pga1.bin,250,1286,27694,1,0xA3,1,0,0,192,0,0,45063.704252,-20.407140,60627.847910,58266.967535,51574.520767,0.000000,0.000000,0.000000
5.149963,10uVrms10Hz_ch2pga1.bin,250,1287,27695,1,0xA3,1,0,0,192,0,0,45065.917075,-20.429492,60630.485415,58269.649744,51576.331258,0.000000,0.000000,0.000000
5.153963,10uVrms10Hz_ch2pga1.bin,250,1288,27696,1,0xA3,1,0,0,192,0,0,45068.219304,-20.474195,60633.324087,58272.488415,51578.275859,0.000000,0.000000,0.000000
5.157967,10uVrms10Hz_ch2pga1.bin,250,1289,27697,1,0xA3,1,0,0,192,0,0,45070.521533,-20.563602,60636.229813,58275.371790,51580.265164,0.000000,0.000000,0.000000
5.161967,10uVrms10Hz_ch2pga1.bin,250,1290,27698,1,0xA3,1,0,0,192,0,0,45072.801411,-20.630658,60639.001429,58278.232813,51582.142711,0.000000,0.000000,0.000000
5.165967,10uVrms10Hz_ch2pga1.bin,250,1291,27699,1,0xA3,1,0,0,192,0,0,45075.148344,-20.653009,60641.750693,58281.049132,51584.087312,0.000000,0.000000,0.000000
5.169970,10uVrms10Hz_ch2pga1.bin,250,1292,27700,1,0xA3,1,0,0,192,0,0,45077.383518,-20.608306,60644.544661,58283.798397,51586.009562,0.000000,0.000000,0.000000
5.173970,10uVrms10Hz_ch2pga1.bin,250,1293,27701,1,0xA3,1,0,0,192,0,0,45079.641044,-20.630658,60647.338629,58286.614716,51587.954164,0.000000,0.000000,0.000000
5.177973,10uVrms10Hz_ch2pga1.bin,250,1294,27702,1,0xA3,1,0,0,192,0,0,45081.809163,-20.585954,60650.065541,58289.408684,51589.854062,0.000000,0.000000,0.000000
5.181976,10uVrms10Hz_ch2pga1.bin,250,1295,27703,1,0xA3,1,0,0,192,0,0,45083.999634,-20.496547,60652.770102,58292.135596,51591.709256,0.000000,0.000000,0.000000
5.185976,10uVrms10Hz_ch2pga1.bin,250,1296,27704,1,0xA3,1,0,0,192,0,0,45086.279511,-20.496547,60655.564070,58294.929564,51593.564451,0.000000,0.000000,0.000000
5.189976,10uVrms10Hz_ch2pga1.bin,250,1297,27705,1,0xA3,1,0,0,192,0,0,45088.514686,-20.474195,60658.335686,58297.723532,51595.374942,0.000000,0.000000,0.000000
5.193979,10uVrms10Hz_ch2pga1.bin,250,1298,27706,1,0xA3,1,0,0,192,0,0,45090.861619,-20.384789,60661.152005,58300.629258,51597.364247,0.000000,0.000000,0.000000
5.197980,10uVrms10Hz_ch2pga1.bin,250,1299,27707,1,0xA3,1,0,0,192,0,0,45093.275607,-20.362437,60664.057732,58303.512633,51599.331200,0.000000,0.000000,0.000000
5.201984,10uVrms10Hz_ch2pga1.bin,250,1300,27708,1,0xA3,1,0,0,192,0,0,45095.555484,-20.317733,60666.896403,58306.373656,51601.387560,0.000000,0.000000,0.000000
5.205984,10uVrms10Hz_ch2pga1.bin,250,1301,27709,1,0xA3,1,0,0,192,0,0,45097.902417,-20.250678,60669.690371,58309.167624,51603.265107,0.000000,0.000000,0.000000
5.209985,10uVrms10Hz_ch2pga1.bin,250,1302,27710,1,0xA3,1,0,0,192,0,0,45099.981129,-20.116568,60672.461987,58311.872184,51605.097950,0.000000,0.000000,0.000000
5.213989,10uVrms10Hz_ch2pga1.bin,250,1303,27711,1,0xA3,1,0,0,192,0,0,45102.171600,-20.116568,60675.121844,58314.599097,51606.997848,0.000000,0.000000,0.000000
5.217989,10uVrms10Hz_ch2pga1.bin,250,1304,27712,1,0xA3,1,0,0,192,0,0,45104.540884,-20.071864,60677.893460,58317.437768,51608.875394,0.000000,0.000000,0.000000
5.221992,10uVrms10Hz_ch2pga1.bin,250,1305,27713,1,0xA3,1,0,0,192,0,0,45106.843114,-20.049512,60680.799186,58320.298791,51610.819995,0.000000,0.000000,0.000000
5.225992,10uVrms10Hz_ch2pga1.bin,250,1306,27714,1,0xA3,1,0,0,192,0,0,45109.167695,-20.071864,60683.593154,58323.092759,51612.809300,0.000000,0.000000,0.000000
5.229995,10uVrms10Hz_ch2pga1.bin,250,1307,27715,1,0xA3,1,0,0,192,0,0,45111.335814,-20.094216,60686.431825,58325.976133,51614.619792,0.000000,0.000000,0.000000
5.233995,10uVrms10Hz_ch2pga1.bin,250,1308,27716,1,0xA3,1,0,0,192,0,0,45113.503933,-20.138919,60689.203441,58328.658342,51616.497338,0.000000,0.000000,0.000000
5.237996,10uVrms10Hz_ch2pga1.bin,250,1309,27717,1,0xA3,1,0,0,192,0,0,45115.783811,-20.161271,60691.863298,58331.407607,51618.352532,0.000000,0.000000,0.000000
5.241999,10uVrms10Hz_ch2pga1.bin,250,1310,27718,1,0xA3,1,0,0,192,0,0,45118.108392,-20.295382,60694.679618,58334.290981,51620.297134,0.000000,0.000000,0.000000
5.245999,10uVrms10Hz_ch2pga1.bin,250,1311,27719,1,0xA3,1,0,0,192,0,0,45120.298862,-20.340085,60697.518289,58337.017894,51622.085273,0.000000,0.000000,0.000000
5.250003,10uVrms10Hz_ch2pga1.bin,250,1312,27720,1,0xA3,1,0,0,192,0,0,45122.511685,-20.384789,60700.245202,58339.834213,51624.029875,0.000000,0.000000,0.000000
5.254003,10uVrms10Hz_ch2pga1.bin,250,1313,27721,1,0xA3,1,0,0,192,0,0,45124.880970,-20.541251,60703.039169,58342.650533,51626.019180,0.000000,0.000000,0.000000
5.258003,10uVrms10Hz_ch2pga1.bin,250,1314,27722,1,0xA3,1,0,0,192,0,0,45127.183199,-20.585954,60705.900192,58345.511556,51628.030837,0.000000,0.000000,0.000000
5.262006,10uVrms10Hz_ch2pga1.bin,250,1315,27723,1,0xA3,1,0,0,192,0,0,45129.485428,-20.518899,60708.716512,58348.372579,51630.020142,0.000000,0.000000,0.000000
5.266006,10uVrms10Hz_ch2pga1.bin,250,1316,27724,1,0xA3,1,0,0,192,0,0,45131.720603,-20.585954,60711.488128,58351.144195,51631.875336,0.000000,0.000000,0.000000
5.270009,10uVrms10Hz_ch2pga1.bin,250,1317,27725,1,0xA3,1,0,0,192,0,0,45133.955777,-20.697713,60714.237392,58353.871107,51633.708179,0.000000,0.000000,0.000000
5.274009,10uVrms10Hz_ch2pga1.bin,250,1318,27726,1,0xA3,1,0,0,192,0,0,45136.280358,-20.653009,60717.053711,58356.665075,51635.608077,0.000000,0.000000,0.000000
5.278012,10uVrms10Hz_ch2pga1.bin,250,1319,27727,1,0xA3,1,0,0,192,0,0,45138.537884,-20.653009,60719.758272,58359.503746,51637.507975,0.000000,0.000000,0.000000
5.282012,10uVrms10Hz_ch2pga1.bin,250,1320,27728,1,0xA3,1,0,0,192,0,0,45140.884817,-20.630658,60722.619295,58362.431824,51639.497280,0.000000,0.000000,0.000000
5.286015,10uVrms10Hz_ch2pga1.bin,250,1321,27729,1,0xA3,1,0,0,192,0,0,45143.231750,-20.563602,60725.614429,58365.315199,51641.486585,0.000000,0.000000,0.000000
5.290016,10uVrms10Hz_ch2pga1.bin,250,1322,27730,1,0xA3,1,0,0,192,0,0,45145.556331,-20.541251,60728.520155,58368.176222,51643.475890,0.000000,0.000000,0.000000
5.294020,10uVrms10Hz_ch2pga1.bin,250,1323,27731,1,0xA3,1,0,0,192,0,0,45147.858560,-20.451844,60731.202364,58371.014893,51645.509899,0.000000,0.000000,0.000000
5.298020,10uVrms10Hz_ch2pga1.bin,250,1324,27732,1,0xA3,1,0,0,192,0,0,45150.093734,-20.340085,60733.973980,58373.786509,51647.342741,0.000000,0.000000,0.000000
5.302021,10uVrms10Hz_ch2pga1.bin,250,1325,27733,1,0xA3,1,0,0,192,0,0,45152.328908,-20.250678,60736.812651,58376.602829,51649.264991,0.000000,0.000000,0.000000
5.306024,10uVrms10Hz_ch2pga1.bin,250,1326,27734,1,0xA3,1,0,0,192,0,0,45154.653490,-20.205975,60739.628971,58379.419148,51651.164889,0.000000,0.000000,0.000000
5.310024,10uVrms10Hz_ch2pga1.bin,250,1327,27735,1,0xA3,1,0,0,192,0,0,45156.911016,-20.161271,60742.467642,58382.302523,51652.997732,0.000000,0.000000,0.000000
5.314025,10uVrms10Hz_ch2pga1.bin,250,1328,27736,1,0xA3,1,0,0,192,0,0,45159.213245,-20.094216,60745.239258,58385.185897,51655.009389,0.000000,0.000000,0.000000
5.318029,10uVrms10Hz_ch2pga1.bin,250,1329,27737,1,0xA3,1,0,0,192,0,0,45161.627233,-20.138919,60748.055577,58388.002217,51657.132804,0.000000,0.000000,0.000000
5.322029,10uVrms10Hz_ch2pga1.bin,250,1330,27738,1,0xA3,1,0,0,192,0,0,45163.907111,-20.094216,60750.894248,58390.818536,51659.032702,0.000000,0.000000,0.000000
5.326032,10uVrms10Hz_ch2pga1.bin,250,1331,27739,1,0xA3,1,0,0,192,0,0,45166.142285,-20.071864,60753.576458,58393.567801,51660.887897,0.000000,0.000000,0.000000
5.330033,10uVrms10Hz_ch2pga1.bin,250,1332,27740,1,0xA3,1,0,0,192,0,0,45168.444514,-20.094216,60756.348073,58396.406472,51662.877202,0.000000,0.000000,0.000000
5.334036,10uVrms10Hz_ch2pga1.bin,250,1333,27741,1,0xA3,1,0,0,192,0,0,45170.769095,-20.116568,60759.074986,58399.222791,51664.866507,0.000000,0.000000,0.000000
5.338035,10uVrms10Hz_ch2pga1.bin,250,1334,27742,1,0xA3,1,0,0,192,0,0,45172.914863,-20.183623,60761.958361,58402.083814,51666.788757,0.000000,0.000000,0.000000
5.342038,10uVrms10Hz_ch2pga1.bin,250,1335,27743,1,0xA3,1,0,0,192,0,0,45175.373554,-20.250678,60764.908791,58404.989541,51668.711007,0.000000,0.000000,0.000000
5.346038,10uVrms10Hz_ch2pga1.bin,250,1336,27744,1,0xA3,1,0,0,192,0,0,45177.742839,-20.317733,60767.747462,58407.872915,51670.767367,0.000000,0.000000,0.000000
5.350041,10uVrms10Hz_ch2pga1.bin,250,1337,27745,1,0xA3,1,0,0,192,0,0,45179.933310,-20.429492,60770.519078,58410.644531,51672.533154,0.000000,0.000000,0.000000
5.354041,10uVrms10Hz_ch2pga1.bin,250,1338,27746,1,0xA3,1,0,0,192,0,0,45182.146132,-20.518899,60773.223639,58413.349092,51674.388349,0.000000,0.000000,0.000000
5.358044,10uVrms10Hz_ch2pga1.bin,250,1339,27747,1,0xA3,1,0,0,192,0,0,45184.470713,-20.496547,60776.129365,58416.277170,51676.400006,0.000000,0.000000,0.000000
5.362044,10uVrms10Hz_ch2pga1.bin,250,1340,27748,1,0xA3,1,0,0,192,0,0,45186.817646,-20.630658,60778.968036,58419.093490,51678.434014,0.000000,0.000000,0.000000
5.366047,10uVrms10Hz_ch2pga1.bin,250,1341,27749,1,0xA3,1,0,0,192,0,0,45189.142227,-20.720065,60781.762004,58421.932161,51680.333912,0.000000,0.000000,0.000000
5.370047,10uVrms10Hz_ch2pga1.bin,250,1342,27750,1,0xA3,1,0,0,192,0,0,45191.355050,-20.675361,60784.444213,58424.614370,51682.122052,0.000000,0.000000,0.000000
5.374050,10uVrms10Hz_ch2pga1.bin,250,1343,27751,1,0xA3,1,0,0,192,0,0,45193.567872,-20.720065,60787.238181,58427.385986,51684.066653,0.000000,0.000000,0.000000
5.378050,10uVrms10Hz_ch2pga1.bin,250,1344,27752,1,0xA3,1,0,0,192,0,0,45195.825398,-20.675361,60790.099204,58430.179954,51685.966551,0.000000,0.000000,0.000000
5.382053,10uVrms10Hz_ch2pga1.bin,250,1345,27753,1,0xA3,1,0,0,192,0,0,45198.105276,-20.653009,60792.960227,58433.108032,51687.955856,0.000000,0.000000,0.000000
5.386052,10uVrms10Hz_ch2pga1.bin,250,1346,27754,1,0xA3,1,0,0,192,0,0,45200.429857,-20.541251,60795.597732,58435.901999,51689.878106,0.000000,0.000000,0.000000
5.390055,10uVrms10Hz_ch2pga1.bin,250,1347,27755,1,0xA3,1,0,0,192,0,0,45202.642679,-20.518899,60798.302293,58438.673615,51691.778004,0.000000,0.000000,0.000000
5.394055,10uVrms10Hz_ch2pga1.bin,250,1348,27756,1,0xA3,1,0,0,192,0,0,45205.011964,-20.429492,60801.163316,58441.422880,51693.744957,0.000000,0.000000,0.000000
5.398059,10uVrms10Hz_ch2pga1.bin,250,1349,27757,1,0xA3,1,0,0,192,0,0,45207.381248,-20.362437,60804.136097,58444.418013,51695.734262,0.000000,0.000000,0.000000
5.402058,10uVrms10Hz_ch2pga1.bin,250,1350,27758,1,0xA3,1,0,0,192,0,0,45209.661126,-20.317733,60806.930065,58447.234333,51697.611809,0.000000,0.000000,0.000000
5.406062,10uVrms10Hz_ch2pga1.bin,250,1351,27759,1,0xA3,1,0,0,192,0,0,45211.985707,-20.228326,60809.724033,58450.095356,51699.489355,0.000000,0.000000,0.000000
5.410062,10uVrms10Hz_ch2pga1.bin,250,1352,27760,1,0xA3,1,0,0,192,0,0,45214.086771,-20.138919,60812.406242,58452.844620,51701.389253,0.000000,0.000000,0.000000
5.414066,10uVrms10Hz_ch2pga1.bin,250,1353,27761,1,0xA3,1,0,0,192,0,0,45216.344297,-20.094216,60815.088451,58455.504477,51703.289151,0.000000,0.000000,0.000000
5.418065,10uVrms10Hz_ch2pga1.bin,250,1354,27762,1,0xA3,1,0,0,192,0,0,45218.646526,-20.094216,60817.949474,58458.320796,51705.256104,0.000000,0.000000,0.000000
5.422069,10uVrms10Hz_ch2pga1.bin,250,1355,27763,1,0xA3,1,0,0,192,0,0,45220.948756,-20.094216,60820.788145,58461.137116,51707.200706,0.000000,0.000000,0.000000
5.426069,10uVrms10Hz_ch2pga1.bin,250,1356,27764,1,0xA3,1,0,0,192,0,0,45223.206282,-20.094216,60823.515058,58463.975787,51709.122956,0.000000,0.000000,0.000000
5.430069,10uVrms10Hz_ch2pga1.bin,250,1357,27765,1,0xA3,1,0,0,192,0,0,45225.463808,-20.094216,60826.264322,58466.836810,51710.955799,0.000000,0.000000,0.000000
5.434072,10uVrms10Hz_ch2pga1.bin,250,1358,27766,1,0xA3,1,0,0,192,0,0,45227.766037,-20.161271,60829.125345,58469.653130,51712.833345,0.000000,0.000000,0.000000
5.438072,10uVrms10Hz_ch2pga1.bin,250,1359,27767,1,0xA3,1,0,0,192,0,0,45230.001211,-20.205975,60831.896961,58472.402394,51714.710891,0.000000,0.000000,0.000000
5.442076,10uVrms10Hz_ch2pga1.bin,250,1360,27768,1,0xA3,1,0,0,192,0,0,45232.169330,-20.273030,60834.646225,58475.263417,51716.677845,0.000000,0.000000,0.000000
5.446076,10uVrms10Hz_ch2pga1.bin,250,1361,27769,1,0xA3,1,0,0,192,0,0,45234.449208,-20.407140,60837.373137,58478.079736,51718.644798,0.000000,0.000000,0.000000
5.450079,10uVrms10Hz_ch2pga1.bin,250,1362,27770,1,0xA3,1,0,0,192,0,0,45236.751437,-20.474195,60840.234160,58480.739594,51720.499992,0.000000,0.000000,0.000000
5.454079,10uVrms10Hz_ch2pga1.bin,250,1363,27771,1,0xA3,1,0,0,192,0,0,45238.941908,-20.496547,60842.983425,58483.511209,51722.288132,0.000000,0.000000,0.000000
5.458083,10uVrms10Hz_ch2pga1.bin,250,1364,27772,1,0xA3,1,0,0,192,0,0,45241.244137,-20.585954,60845.687985,58486.439288,51724.255085,0.000000,0.000000,0.000000
5.462082,10uVrms10Hz_ch2pga1.bin,250,1365,27773,1,0xA3,1,0,0,192,0,0,45243.680477,-20.653009,60848.571360,58489.389718,51726.311445,0.000000,0.000000,0.000000
5.466082,10uVrms10Hz_ch2pga1.bin,250,1366,27774,1,0xA3,1,0,0,192,0,0,45246.049762,-20.653009,60851.477087,58492.250741,51728.256047,0.000000,0.000000,0.000000
5.470086,10uVrms10Hz_ch2pga1.bin,250,1367,27775,1,0xA3,1,0,0,192,0,0,45248.262584,-20.697713,60854.360461,58495.201170,51730.267704,0.000000,0.000000,0.000000
5.474086,10uVrms10Hz_ch2pga1.bin,250,1368,27776,1,0xA3,1,0,0,192,0,0,45250.564814,-20.697713,60857.154429,58497.905731,51732.167602,0.000000,0.000000,0.000000
5.478089,10uVrms10Hz_ch2pga1.bin,250,1369,27777,1,0xA3,1,0,0,192,0,0,45252.911747,-20.630658,60859.970748,58500.744402,51734.246314,0.000000,0.000000,0.000000
5.482089,10uVrms10Hz_ch2pga1.bin,250,1370,27778,1,0xA3,1,0,0,192,0,0,45255.191624,-20.608306,60862.854123,58503.761888,51736.190915,0.000000,0.000000,0.000000
5.486092,10uVrms10Hz_ch2pga1.bin,250,1371,27779,1,0xA3,1,0,0,192,0,0,45257.605612,-20.608306,60865.782201,58506.689966,51738.068461,0.000000,0.000000,0.000000
5.490095,10uVrms10Hz_ch2pga1.bin,250,1372,27780,1,0xA3,1,0,0,192,0,0,45260.019600,-20.496547,60868.665576,58509.550989,51740.124822,0.000000,0.000000,0.000000
5.494094,10uVrms10Hz_ch2pga1.bin,250,1373,27781,1,0xA3,1,0,0,192,0,0,45262.254775,-20.384789,60871.481895,58512.367308,51742.114127,0.000000,0.000000,0.000000
5.498096,10uVrms10Hz_ch2pga1.bin,250,1374,27782,1,0xA3,1,0,0,192,0,0,45264.534652,-20.362437,60874.365270,58515.183628,51744.103432,0.000000,0.000000,0.000000
5.502096,10uVrms10Hz_ch2pga1.bin,250,1375,27783,1,0xA3,1,0,0,192,0,0,45266.859233,-20.273030,60877.159238,58517.955244,51746.048033,0.000000,0.000000,0.000000
5.506100,10uVrms10Hz_ch2pga1.bin,250,1376,27784,1,0xA3,1,0,0,192,0,0,45269.116759,-20.250678,60879.997909,58520.793915,51748.014987,0.000000,0.000000,0.000000
5.510099,10uVrms10Hz_ch2pga1.bin,250,1377,27785,1,0xA3,1,0,0,192,0,0,45271.418989,-20.250678,60882.747173,58523.632586,51749.937236,0.000000,0.000000,0.000000
5.514102,10uVrms10Hz_ch2pga1.bin,250,1378,27786,1,0xA3,1,0,0,192,0,0,45273.631811,-20.161271,60885.585845,58526.448905,51751.747727,0.000000,0.000000,0.000000
5.518102,10uVrms10Hz_ch2pga1.bin,250,1379,27787,1,0xA3,1,0,0,192,0,0,45275.911689,-20.094216,60888.335109,58529.309928,51753.759384,0.000000,0.000000,0.000000
5.522107,10uVrms10Hz_ch2pga1.bin,250,1380,27788,1,0xA3,1,0,0,192,0,0,45278.213918,-20.071864,60891.062021,58532.103896,51755.659282,0.000000,0.000000,0.000000
5.526107,10uVrms10Hz_ch2pga1.bin,250,1381,27789,1,0xA3,1,0,0,192,0,0,45280.560851,-20.049512,60893.833637,58534.920216,51757.536829,0.000000,0.000000,0.000000
5.530107,10uVrms10Hz_ch2pga1.bin,250,1382,27790,1,0xA3,1,0,0,192,0,0,45282.706618,-20.094216,60896.605253,58537.736535,51759.392023,0.000000,0.000000,0.000000
5.534111,10uVrms10Hz_ch2pga1.bin,250,1383,27791,1,0xA3,1,0,0,192,0,0,45284.919441,-20.205975,60899.399221,58540.418744,51761.269569,0.000000,0.000000,0.000000
5.538112,10uVrms10Hz_ch2pga1.bin,250,1384,27792,1,0xA3,1,0,0,192,0,0,45287.199318,-20.295382,60902.126133,58543.190360,51763.080060,0.000000,0.000000,0.000000
5.542112,10uVrms10Hz_ch2pga1.bin,250,1385,27793,1,0xA3,1,0,0,192,0,0,45289.367437,-20.295382,60904.830694,58545.939624,51765.069366,0.000000,0.000000,0.000000
5.546116,10uVrms10Hz_ch2pga1.bin,250,1386,27794,1,0xA3,1,0,0,192,0,0,45291.647315,-20.317733,60907.691717,58548.890054,51767.036319,0.000000,0.000000,0.000000
5.550116,10uVrms10Hz_ch2pga1.bin,250,1387,27795,1,0xA3,1,0,0,192,0,0,45294.128358,-20.474195,60910.686851,58551.885188,51769.137383,0.000000,0.000000,0.000000
5.554120,10uVrms10Hz_ch2pga1.bin,250,1388,27796,1,0xA3,1,0,0,192,0,0,45296.609402,-20.585954,60913.614929,58554.880321,51771.104336,0.000000,0.000000,0.000000
5.558119,10uVrms10Hz_ch2pga1.bin,250,1389,27797,1,0xA3,1,0,0,192,0,0,45299.023390,-20.585954,60916.498303,58557.808399,51773.205400,0.000000,0.000000,0.000000
5.562122,10uVrms10Hz_ch2pga1.bin,250,1390,27798,1,0xA3,1,0,0,192,0,0,45301.347971,-20.653009,60919.336975,58560.647070,51775.150001,0.000000,0.000000,0.000000
5.566122,10uVrms10Hz_ch2pga1.bin,250,1391,27799,1,0xA3,1,0,0,192,0,0,45303.560793,-20.764768,60922.108591,58563.530445,51776.982844,0.000000,0.000000,0.000000
5.570125,10uVrms10Hz_ch2pga1.bin,250,1392,27800,1,0xA3,1,0,0,192,0,0,45305.840671,-20.720065,60924.857855,58566.235006,51778.905094,0.000000,0.000000,0.000000
5.574125,10uVrms10Hz_ch2pga1.bin,250,1393,27801,1,0xA3,1,0,0,192,0,0,45308.053493,-20.675361,60927.607119,58568.917215,51780.827343,0.000000,0.000000,0.000000
5.578127,10uVrms10Hz_ch2pga1.bin,250,1394,27802,1,0xA3,1,0,0,192,0,0,45310.355723,-20.653009,60930.423439,58571.755886,51782.839000,0.000000,0.000000,0.000000
5.582127,10uVrms10Hz_ch2pga1.bin,250,1395,27803,1,0xA3,1,0,0,192,0,0,45312.657952,-20.585954,60933.284461,58574.728668,51784.850657,0.000000,0.000000,0.000000
5.586131,10uVrms10Hz_ch2pga1.bin,250,1396,27804,1,0xA3,1,0,0,192,0,0,45315.094292,-20.585954,60936.145484,58577.612042,51786.839962,0.000000,0.000000,0.000000
5.590131,10uVrms10Hz_ch2pga1.bin,250,1397,27805,1,0xA3,1,0,0,192,0,0,45317.463577,-20.518899,60939.028859,58580.473065,51788.784564,0.000000,0.000000,0.000000
5.594134,10uVrms10Hz_ch2pga1.bin,250,1398,27806,1,0xA3,1,0,0,192,0,0,45319.855213,-20.429492,60941.845179,58583.334088,51790.773869,0.000000,0.000000,0.000000
5.598134,10uVrms10Hz_ch2pga1.bin,250,1399,27807,1,0xA3,1,0,0,192,0,0,45322.157443,-20.362437,60944.683850,58586.284518,51792.718470,0.000000,0.000000,0.000000
5.602138,10uVrms10Hz_ch2pga1.bin,250,1400,27808,1,0xA3,1,0,0,192,0,0,45324.370265,-20.295382,60947.455466,58589.056134,51794.596016,0.000000,0.000000,0.000000
5.606138,10uVrms10Hz_ch2pga1.bin,250,1401,27809,1,0xA3,1,0,0,192,0,0,45326.493680,-20.205975,60950.137675,58591.760695,51796.495914,0.000000,0.000000,0.000000
5.610138,10uVrms10Hz_ch2pga1.bin,250,1402,27810,1,0xA3,1,0,0,192,0,0,45328.751206,-20.205975,60952.909291,58594.465256,51798.418164,0.000000,0.000000,0.000000
5.614141,10uVrms10Hz_ch2pga1.bin,250,1403,27811,1,0xA3,1,0,0,192,0,0,45331.098139,-20.183623,60955.569148,58597.348630,51800.295711,0.000000,0.000000,0.000000
5.618142,10uVrms10Hz_ch2pga1.bin,250,1404,27812,1,0xA3,1,0,0,192,0,0,45333.489776,-20.161271,60958.474874,58600.254357,51802.374423,0.000000,0.000000,0.000000
5.622145,10uVrms10Hz_ch2pga1.bin,250,1405,27813,1,0xA3,1,0,0,192,0,0,45335.792005,-20.094216,60961.425304,58603.048325,51804.386079,0.000000,0.000000,0.000000
5.626145,10uVrms10Hz_ch2pga1.bin,250,1406,27814,1,0xA3,1,0,0,192,0,0,45338.049531,-20.094216,60964.241624,58605.931699,51806.263626,0.000000,0.000000,0.000000
5.630148,10uVrms10Hz_ch2pga1.bin,250,1407,27815,1,0xA3,1,0,0,192,0,0,45340.351760,-20.161271,60966.968536,58608.658612,51808.074117,0.000000,0.000000,0.000000
5.634148,10uVrms10Hz_ch2pga1.bin,250,1408,27816,1,0xA3,1,0,0,192,0,0,45342.609286,-20.205975,60969.695449,58611.474931,51810.018718,0.000000,0.000000,0.000000
5.638151,10uVrms10Hz_ch2pga1.bin,250,1409,27817,1,0xA3,1,0,0,192,0,0,45344.933867,-20.250678,60972.623527,58614.403009,51812.097430,0.000000,0.000000,0.000000
5.642149,10uVrms10Hz_ch2pga1.bin,250,1410,27818,1,0xA3,1,0,0,192,0,0,45347.414911,-20.317733,60975.529253,58617.353439,51814.153790,0.000000,0.000000,0.000000
5.646152,10uVrms10Hz_ch2pga1.bin,250,1411,27819,1,0xA3,1,0,0,192,0,0,45349.739492,-20.362437,60978.367925,58620.169759,51816.098392,0.000000,0.000000,0.000000
5.650156,10uVrms10Hz_ch2pga1.bin,250,1412,27820,1,0xA3,1,0,0,192,0,0,45352.019370,-20.407140,60981.161892,58622.986078,51817.975938,0.000000,0.000000,0.000000
5.654155,10uVrms10Hz_ch2pga1.bin,250,1413,27821,1,0xA3,1,0,0,192,0,0,45354.433358,-20.474195,60983.933508,58625.802398,51820.032299,0.000000,0.000000,0.000000
5.658158,10uVrms10Hz_ch2pga1.bin,250,1414,27822,1,0xA3,1,0,0,192,0,0,45356.623828,-20.563602,60986.861587,58628.641069,51821.999252,0.000000,0.000000,0.000000
5.662158,10uVrms10Hz_ch2pga1.bin,250,1415,27823,1,0xA3,1,0,0,192,0,0,45358.814299,-20.653009,60989.722610,58631.591499,51823.966205,0.000000,0.000000,0.000000
5.666160,10uVrms10Hz_ch2pga1.bin,250,1416,27824,1,0xA3,1,0,0,192,0,0,45361.094177,-20.697713,60992.449522,58634.452522,51825.888455,0.000000,0.000000,0.000000
5.670160,10uVrms10Hz_ch2pga1.bin,250,1417,27825,1,0xA3,1,0,0,192,0,0,45363.463461,-20.697713,60995.288193,58637.134731,51827.743649,0.000000,0.000000,0.000000
5.674161,10uVrms10Hz_ch2pga1.bin,250,1418,27826,1,0xA3,1,0,0,192,0,0,45365.676284,-20.720065,60998.037457,58639.883995,51829.576492,0.000000,0.000000,0.000000
5.678165,10uVrms10Hz_ch2pga1.bin,250,1419,27827,1,0xA3,1,0,0,192,0,0,45368.000865,-20.653009,61000.809073,58642.655611,51831.588149,0.000000,0.000000,0.000000
5.682165,10uVrms10Hz_ch2pga1.bin,250,1420,27828,1,0xA3,1,0,0,192,0,0,45370.303094,-20.585954,61003.603041,58645.494282,51833.555102,0.000000,0.000000,0.000000
5.686166,10uVrms10Hz_ch2pga1.bin,250,1421,27829,1,0xA3,1,0,0,192,0,0,45372.694731,-20.496547,61006.508768,58648.467064,51835.611463,0.000000,0.000000,0.000000
5.690169,10uVrms10Hz_ch2pga1.bin,250,1422,27830,1,0xA3,1,0,0,192,0,0,45374.996960,-20.518899,61009.347439,58651.372790,51837.533712,0.000000,0.000000,0.000000
5.694169,10uVrms10Hz_ch2pga1.bin,250,1423,27831,1,0xA3,1,0,0,192,0,0,45377.254486,-20.496547,61012.163758,58654.233813,51839.411259,0.000000,0.000000,0.000000
5.698173,10uVrms10Hz_ch2pga1.bin,250,1424,27832,1,0xA3,1,0,0,192,0,0,45379.556715,-20.340085,61014.980078,58656.938374,51841.355860,0.000000,0.000000,0.000000
5.702172,10uVrms10Hz_ch2pga1.bin,250,1425,27833,1,0xA3,1,0,0,192,0,0,45381.858945,-20.295382,61017.818749,58659.754694,51843.255758,0.000000,0.000000,0.000000
5.706175,10uVrms10Hz_ch2pga1.bin,250,1426,27834,1,0xA3,1,0,0,192,0,0,45384.183526,-20.273030,61020.568013,58662.638068,51845.200360,0.000000,0.000000,0.000000
5.710175,10uVrms10Hz_ch2pga1.bin,250,1427,27835,1,0xA3,1,0,0,192,0,0,45386.373997,-20.094216,61023.205519,58665.342629,51847.167313,0.000000,0.000000,0.000000
5.714178,10uVrms10Hz_ch2pga1.bin,250,1428,27836,1,0xA3,1,0,0,192,0,0,45388.676226,-20.094216,61026.021838,58668.136597,51849.067211,0.000000,0.000000,0.000000
5.718178,10uVrms10Hz_ch2pga1.bin,250,1429,27837,1,0xA3,1,0,0,192,0,0,45390.978456,-20.138919,61028.905213,58671.042323,51851.078868,0.000000,0.000000,0.000000
5.722182,10uVrms10Hz_ch2pga1.bin,250,1430,27838,1,0xA3,1,0,0,192,0,0,45393.213630,-20.161271,61031.676829,58673.903346,51853.001118,0.000000,0.000000,0.000000
5.726181,10uVrms10Hz_ch2pga1.bin,250,1431,27839,1,0xA3,1,0,0,192,0,0,45395.515859,-20.116568,61034.537852,58676.719666,51854.901016,0.000000,0.000000,0.000000
5.730185,10uVrms10Hz_ch2pga1.bin,250,1432,27840,1,0xA3,1,0,0,192,0,0,45397.751033,-20.205975,61037.197709,58679.379523,51856.800914,0.000000,0.000000,0.000000
5.734185,10uVrms10Hz_ch2pga1.bin,250,1433,27841,1,0xA3,1,0,0,192,0,0,45399.963856,-20.161271,61039.790511,58682.061732,51858.633757,0.000000,0.000000,0.000000
5.738189,10uVrms10Hz_ch2pga1.bin,250,1434,27842,1,0xA3,1,0,0,192,0,0,45402.243733,-20.273030,61042.606831,58684.855700,51860.600710,0.000000,0.000000,0.000000
5.742188,10uVrms10Hz_ch2pga1.bin,250,1435,27843,1,0xA3,1,0,0,192,0,0,45404.613018,-20.384789,61045.601964,58687.828481,51862.590015,0.000000,0.000000,0.000000
5.746191,10uVrms10Hz_ch2pga1.bin,250,1436,27844,1,0xA3,1,0,0,192,0,0,45407.094061,-20.362437,61048.619449,58690.890670,51864.646375,0.000000,0.000000,0.000000
5.750191,10uVrms10Hz_ch2pga1.bin,250,1437,27845,1,0xA3,1,0,0,192,0,0,45409.552753,-20.407140,61051.502824,58693.885803,51866.658032,0.000000,0.000000,0.000000
5.754194,10uVrms10Hz_ch2pga1.bin,250,1438,27846,1,0xA3,1,0,0,192,0,0,45411.720872,-20.541251,61054.207385,58696.635067,51868.580282,0.000000,0.000000,0.000000
5.758194,10uVrms10Hz_ch2pga1.bin,250,1439,27847,1,0xA3,1,0,0,192,0,0,45413.911343,-20.608306,61056.979001,58699.361980,51870.591938,0.000000,0.000000,0.000000
5.762197,10uVrms10Hz_ch2pga1.bin,250,1440,27848,1,0xA3,1,0,0,192,0,0,45416.191220,-20.630658,61059.728265,58702.267706,51872.447133,0.000000,0.000000,0.000000
5.766197,10uVrms10Hz_ch2pga1.bin,250,1441,27849,1,0xA3,1,0,0,192,0,0,45418.493450,-20.675361,61062.589288,58704.994619,51874.369383,0.000000,0.000000,0.000000
5.770200,10uVrms10Hz_ch2pga1.bin,250,1442,27850,1,0xA3,1,0,0,192,0,0,45420.661569,-20.742416,61065.316200,58707.833290,51876.224577,0.000000,0.000000,0.000000
5.774201,10uVrms10Hz_ch2pga1.bin,250,1443,27851,1,0xA3,1,0,0,192,0,0,45422.963798,-20.764768,61068.132520,58710.649610,51878.124475,0.000000,0.000000,0.000000
5.778201,10uVrms10Hz_ch2pga1.bin,250,1444,27852,1,0xA3,1,0,0,192,0,0,45425.333083,-20.697713,61071.015894,58713.510633,51880.158484,0.000000,0.000000,0.000000
5.782204,10uVrms10Hz_ch2pga1.bin,250,1445,27853,1,0xA3,1,0,0,192,0,0,45427.657664,-20.608306,61073.854566,58716.416359,51882.170141,0.000000,0.000000,0.000000
5.786205,10uVrms10Hz_ch2pga1.bin,250,1446,27854,1,0xA3,1,0,0,192,0,0,45430.004597,-20.563602,61076.782644,58719.344437,51884.204149,0.000000,0.000000,0.000000
5.790209,10uVrms10Hz_ch2pga1.bin,250,1447,27855,1,0xA3,1,0,0,192,0,0,45432.262123,-20.496547,61079.464853,58722.071350,51886.081696,0.000000,0.000000,0.000000
5.794209,10uVrms10Hz_ch2pga1.bin,250,1448,27856,1,0xA3,1,0,0,192,0,0,45434.564352,-20.451844,61082.236469,58724.798262,51887.869835,0.000000,0.000000,0.000000
5.798210,10uVrms10Hz_ch2pga1.bin,250,1449,27857,1,0xA3,1,0,0,192,0,0,45436.844230,-20.340085,61085.097492,58727.636933,51889.769733,0.000000,0.000000,0.000000
5.802213,10uVrms10Hz_ch2pga1.bin,250,1450,27858,1,0xA3,1,0,0,192,0,0,45439.101756,-20.273030,61087.891459,58730.542660,51891.870797,0.000000,0.000000,0.000000
5.806212,10uVrms10Hz_ch2pga1.bin,250,1451,27859,1,0xA3,1,0,0,192,0,0,45441.560447,-20.205975,61090.841889,58733.470738,51893.971860,0.000000,0.000000,0.000000
5.810216,10uVrms10Hz_ch2pga1.bin,250,1452,27860,1,0xA3,1,0,0,192,0,0,45443.929732,-20.161271,61093.591154,58736.264706,51895.894110,0.000000,0.000000,0.000000
5.814215,10uVrms10Hz_ch2pga1.bin,250,1453,27861,1,0xA3,1,0,0,192,0,0,45446.075499,-20.116568,61096.228659,58738.879859,51897.726953,0.000000,0.000000,0.000000
5.818219,10uVrms10Hz_ch2pga1.bin,250,1454,27862,1,0xA3,1,0,0,192,0,0,45448.265970,-20.049512,61099.022627,58741.740882,51899.604499,0.000000,0.000000,0.000000
5.822218,10uVrms10Hz_ch2pga1.bin,250,1455,27863,1,0xA3,1,0,0,192,0,0,45450.545847,-20.027161,61101.816595,58744.646609,51901.437342,0.000000,0.000000,0.000000
5.826221,10uVrms10Hz_ch2pga1.bin,250,1456,27864,1,0xA3,1,0,0,192,0,0,45452.848077,-20.094216,61104.610562,58747.351170,51903.381944,0.000000,0.000000,0.000000
5.830221,10uVrms10Hz_ch2pga1.bin,250,1457,27865,1,0xA3,1,0,0,192,0,0,45455.083251,-20.116568,61107.404530,58750.167489,51905.371249,0.000000,0.000000,0.000000
5.834224,10uVrms10Hz_ch2pga1.bin,250,1458,27866,1,0xA3,1,0,0,192,0,0,45457.474887,-20.183623,61110.265553,58753.028512,51907.338202,0.000000,0.000000,0.000000
5.838226,10uVrms10Hz_ch2pga1.bin,250,1459,27867,1,0xA3,1,0,0,192,0,0,45459.821820,-20.183623,61113.104224,58755.934238,51909.372211,0.000000,0.000000,0.000000
5.842225,10uVrms10Hz_ch2pga1.bin,250,1460,27868,1,0xA3,1,0,0,192,0,0,45462.101698,-20.228326,61115.875840,58758.772910,51911.205053,0.000000,0.000000,0.000000
5.846228,10uVrms10Hz_ch2pga1.bin,250,1461,27869,1,0xA3,1,0,0,192,0,0,45464.359224,-20.317733,61118.669808,58761.611581,51913.172007,0.000000,0.000000,0.000000
5.850231,10uVrms10Hz_ch2pga1.bin,250,1462,27870,1,0xA3,1,0,0,192,0,0,45466.572046,-20.474195,61121.329665,58764.316142,51915.071905,0.000000,0.000000,0.000000
5.854230,10uVrms10Hz_ch2pga1.bin,250,1463,27871,1,0xA3,1,0,0,192,0,0,45468.762517,-20.608306,61124.078929,58767.065406,51916.904747,0.000000,0.000000,0.000000
5.858232,10uVrms10Hz_ch2pga1.bin,250,1464,27872,1,0xA3,1,0,0,192,0,0,45471.131802,-20.630658,61127.051711,58769.971132,51918.916404,0.000000,0.000000,0.000000
5.862234,10uVrms10Hz_ch2pga1.bin,250,1465,27873,1,0xA3,1,0,0,192,0,0,45473.478734,-20.541251,61129.868031,58772.809803,51920.861006,0.000000,0.000000,0.000000
5.866234,10uVrms10Hz_ch2pga1.bin,250,1466,27874,1,0xA3,1,0,0,192,0,0,45475.780964,-20.541251,61132.594943,58775.670826,51922.805607,0.000000,0.000000,0.000000
5.870237,10uVrms10Hz_ch2pga1.bin,250,1467,27875,1,0xA3,1,0,0,192,0,0,45478.105545,-20.653009,61135.433614,58778.487146,51924.705505,0.000000,0.000000,0.000000
5.874237,10uVrms10Hz_ch2pga1.bin,250,1468,27876,1,0xA3,1,0,0,192,0,0,45480.407774,-20.653009,61138.294637,58781.325817,51926.694810,0.000000,0.000000,0.000000
5.878240,10uVrms10Hz_ch2pga1.bin,250,1469,27877,1,0xA3,1,0,0,192,0,0,45482.754707,-20.653009,61141.088605,58784.209192,51928.661764,0.000000,0.000000,0.000000
5.882240,10uVrms10Hz_ch2pga1.bin,250,1470,27878,1,0xA3,1,0,0,192,0,0,45485.056937,-20.563602,61143.748462,58787.025511,51930.516958,0.000000,0.000000,0.000000
5.886243,10uVrms10Hz_ch2pga1.bin,250,1471,27879,1,0xA3,1,0,0,192,0,0,45487.202704,-20.563602,61146.475375,58789.752424,51932.327449,0.000000,0.000000,0.000000
5.890242,10uVrms10Hz_ch2pga1.bin,250,1472,27880,1,0xA3,1,0,0,192,0,0,45489.393175,-20.496547,61149.202287,58792.456985,51934.316754,0.000000,0.000000,0.000000
5.894245,10uVrms10Hz_ch2pga1.bin,250,1473,27881,1,0xA3,1,0,0,192,0,0,45491.740108,-20.384789,61152.040958,58795.273304,51936.194301,0.000000,0.000000,0.000000
5.898248,10uVrms10Hz_ch2pga1.bin,250,1474,27882,1,0xA3,1,0,0,192,0,0,45494.131744,-20.317733,61154.991388,58798.201382,51938.228309,0.000000,0.000000,0.000000
5.902247,10uVrms10Hz_ch2pga1.bin,250,1475,27883,1,0xA3,1,0,0,192,0,0,45496.545732,-20.295382,61157.852411,58801.129460,51940.396428,0.000000,0.000000,0.000000
5.906250,10uVrms10Hz_ch2pga1.bin,250,1476,27884,1,0xA3,1,0,0,192,0,0,45498.870313,-20.250678,61160.691082,58804.012835,51942.341030,0.000000,0.000000,0.000000
5.910250,10uVrms10Hz_ch2pga1.bin,250,1477,27885,1,0xA3,1,0,0,192,0,0,45501.060784,-20.161271,61163.373291,58806.695044,51944.151521,0.000000,0.000000,0.000000
5.914252,10uVrms10Hz_ch2pga1.bin,250,1478,27886,1,0xA3,1,0,0,192,0,0,45503.251255,-20.161271,61166.189611,58809.421957,51946.006715,0.000000,0.000000,0.000000
5.918254,10uVrms10Hz_ch2pga1.bin,250,1479,27887,1,0xA3,1,0,0,192,0,0,45505.553484,-20.138919,61168.961227,58812.305331,51947.861910,0.000000,0.000000,0.000000
5.922253,10uVrms10Hz_ch2pga1.bin,250,1480,27888,1,0xA3,1,0,0,192,0,0,45507.833362,-20.049512,61171.755195,58815.032244,51949.739456,0.000000,0.000000,0.000000
5.926256,10uVrms10Hz_ch2pga1.bin,250,1481,27889,1,0xA3,1,0,0,192,0,0,45510.113239,-20.138919,61174.504459,58817.826211,51951.728761,0.000000,0.000000,0.000000
5.930258,10uVrms10Hz_ch2pga1.bin,250,1482,27890,1,0xA3,1,0,0,192,0,0,45512.348413,-20.094216,61177.253723,58820.575476,51953.628659,0.000000,0.000000,0.000000
5.934257,10uVrms10Hz_ch2pga1.bin,250,1483,27891,1,0xA3,1,0,0,192,0,0,45514.807105,-20.116568,61180.271208,58823.481202,51955.685019,0.000000,0.000000,0.000000
5.938260,10uVrms10Hz_ch2pga1.bin,250,1484,27892,1,0xA3,1,0,0,192,0,0,45517.109334,-20.228326,61183.065176,58826.342225,51957.651973,0.000000,0.000000,0.000000
5.942262,10uVrms10Hz_ch2pga1.bin,250,1485,27893,1,0xA3,1,0,0,192,0,0,45519.344509,-20.340085,61185.814440,58829.203248,51959.529519,0.000000,0.000000,0.000000
5.946261,10uVrms10Hz_ch2pga1.bin,250,1486,27894,1,0xA3,1,0,0,192,0,0,45521.534979,-20.474195,61188.563704,58831.930161,51961.429417,0.000000,0.000000,0.000000
5.950263,10uVrms10Hz_ch2pga1.bin,250,1487,27895,1,0xA3,1,0,0,192,0,0,45523.814857,-20.474195,61191.312969,58834.768832,51963.374019,0.000000,0.000000,0.000000
5.954265,10uVrms10Hz_ch2pga1.bin,250,1488,27896,1,0xA3,1,0,0,192,0,0,45526.117086,-20.496547,61194.129288,58837.518096,51965.251565,0.000000,0.000000,0.000000
5.958267,10uVrms10Hz_ch2pga1.bin,250,1489,27897,1,0xA3,1,0,0,192,0,0,45528.486371,-20.563602,61197.079718,58840.446174,51967.307925,0.000000,0.000000,0.000000
5.962266,10uVrms10Hz_ch2pga1.bin,250,1490,27898,1,0xA3,1,0,0,192,0,0,45530.743897,-20.630658,61199.828982,58843.307197,51969.319582,0.000000,0.000000,0.000000
5.966267,10uVrms10Hz_ch2pga1.bin,250,1491,27899,1,0xA3,1,0,0,192,0,0,45533.135533,-20.585954,61202.667654,58846.168220,51971.241832,0.000000,0.000000,0.000000
5.970269,10uVrms10Hz_ch2pga1.bin,250,1492,27900,1,0xA3,1,0,0,192,0,0,45535.370708,-20.630658,61205.394566,58848.962188,51973.164082,0.000000,0.000000,0.000000
5.974272,10uVrms10Hz_ch2pga1.bin,250,1493,27901,1,0xA3,1,0,0,192,0,0,45537.605882,-20.653009,61208.143830,58851.778507,51975.019276,0.000000,0.000000,0.000000
5.978272,10uVrms10Hz_ch2pga1.bin,250,1494,27902,1,0xA3,1,0,0,192,0,0,45539.952815,-20.653009,61210.937798,58854.527771,51977.075636,0.000000,0.000000,0.000000
5.982275,10uVrms10Hz_ch2pga1.bin,250,1495,27903,1,0xA3,1,0,0,192,0,0,45542.322099,-20.585954,61213.932931,58857.478201,51979.109645,0.000000,0.000000,0.000000
5.986274,10uVrms10Hz_ch2pga1.bin,250,1496,27904,1,0xA3,1,0,0,192,0,0,45544.669032,-20.585954,61216.838658,58860.450983,51981.121302,0.000000,0.000000,0.000000
5.990277,10uVrms10Hz_ch2pga1.bin,250,1497,27905,1,0xA3,1,0,0,192,0,0,45546.926558,-20.451844,61219.587922,58863.177896,51983.088255,0.000000,0.000000,0.000000
5.994276,10uVrms10Hz_ch2pga1.bin,250,1498,27906,1,0xA3,1,0,0,192,0,0,45549.295843,-20.451844,61222.292483,58866.016567,51984.898746,0.000000,0.000000,0.000000
5.998279,10uVrms10Hz_ch2pga1.bin,250,1499,27907,1,0xA3,1,0,0,192,0,0,45551.642776,-20.384789,61225.131154,58868.922293,51986.910403,0.000000,0.000000,0.000000
6.002283,10uVrms10Hz_ch2pga1.bin,250,1500,27908,1,0xA3,1,0,0,192,0,0,45554.034412,-20.295382,61228.103936,58871.828020,51989.033818,0.000000,0.000000,0.000000
6.006283,10uVrms10Hz_ch2pga1.bin,250,1501,27909,1,0xA3,1,0,0,192,0,0,45556.381345,-20.228326,61230.942607,58874.756098,51990.956068,0.000000,0.000000,0.000000
6.010283,10uVrms10Hz_ch2pga1.bin,250,1502,27910,1,0xA3,1,0,0,192,0,0,45558.683574,-20.205975,61233.669519,58877.594769,51992.855966,0.000000,0.000000,0.000000
6.014286,10uVrms10Hz_ch2pga1.bin,250,1503,27911,1,0xA3,1,0,0,192,0,0,45560.963452,-20.161271,61236.552894,58880.388737,51994.800568,0.000000,0.000000,0.000000
6.018286,10uVrms10Hz_ch2pga1.bin,250,1504,27912,1,0xA3,1,0,0,192,0,0,45563.310385,-20.094216,61239.391565,58883.227408,51996.767521,0.000000,0.000000,0.000000
6.022290,10uVrms10Hz_ch2pga1.bin,250,1505,27913,1,0xA3,1,0,0,192,0,0,45565.657318,-20.161271,61242.252588,58886.133134,51998.801529,0.000000,0.000000,0.000000
6.026290,10uVrms10Hz_ch2pga1.bin,250,1506,27914,1,0xA3,1,0,0,192,0,0,45568.138361,-20.094216,61245.135963,58889.038861,52000.835538,0.000000,0.000000,0.000000
6.030292,10uVrms10Hz_ch2pga1.bin,250,1507,27915,1,0xA3,1,0,0,192,0,0,45570.395887,-20.094216,61247.907579,58891.877532,52002.780139,0.000000,0.000000,0.000000
6.034292,10uVrms10Hz_ch2pga1.bin,250,1508,27916,1,0xA3,1,0,0,192,0,0,45572.698116,-20.250678,61250.790954,58894.760907,52004.769444,0.000000,0.000000,0.000000
6.038296,10uVrms10Hz_ch2pga1.bin,250,1509,27917,1,0xA3,1,0,0,192,0,0,45575.045049,-20.250678,61253.584921,58897.487819,52006.669343,0.000000,0.000000,0.000000
6.042296,10uVrms10Hz_ch2pga1.bin,250,1510,27918,1,0xA3,1,0,0,192,0,0,45577.391982,-20.384789,61256.468296,58900.393546,52008.658648,0.000000,0.000000,0.000000
6.046299,10uVrms10Hz_ch2pga1.bin,250,1511,27919,1,0xA3,1,0,0,192,0,0,45579.694211,-20.362437,61259.262264,58903.276920,52010.692656,0.000000,0.000000,0.000000
6.050299,10uVrms10Hz_ch2pga1.bin,250,1512,27920,1,0xA3,1,0,0,192,0,0,45582.063496,-20.384789,61262.078583,58906.182647,52012.659609,0.000000,0.000000,0.000000
6.054302,10uVrms10Hz_ch2pga1.bin,250,1513,27921,1,0xA3,1,0,0,192,0,0,45584.321022,-20.518899,61264.917254,58908.931911,52014.626563,0.000000,0.000000,0.000000
6.058302,10uVrms10Hz_ch2pga1.bin,250,1514,27922,1,0xA3,1,0,0,192,0,0,45586.757362,-20.653009,61267.822981,58911.837637,52016.660571,0.000000,0.000000,0.000000
6.062306,10uVrms10Hz_ch2pga1.bin,250,1515,27923,1,0xA3,1,0,0,192,0,0,45589.037240,-20.653009,61270.572245,58914.676309,52018.560469,0.000000,0.000000,0.000000
6.066305,10uVrms10Hz_ch2pga1.bin,250,1516,27924,1,0xA3,1,0,0,192,0,0,45591.272414,-20.608306,61273.299158,58917.514980,52020.438015,0.000000,0.000000,0.000000
6.070305,10uVrms10Hz_ch2pga1.bin,250,1517,27925,1,0xA3,1,0,0,192,0,0,45593.440533,-20.608306,61275.936663,58920.152485,52022.203803,0.000000,0.000000,0.000000
6.074309,10uVrms10Hz_ch2pga1.bin,250,1518,27926,1,0xA3,1,0,0,192,0,0,45595.675707,-20.653009,61278.730631,58922.834694,52024.036646,0.000000,0.000000,0.000000
6.078309,10uVrms10Hz_ch2pga1.bin,250,1519,27927,1,0xA3,1,0,0,192,0,0,45597.955585,-20.630658,61281.591654,58925.718069,52025.981247,0.000000,0.000000,0.000000
6.082313,10uVrms10Hz_ch2pga1.bin,250,1520,27928,1,0xA3,1,0,0,192,0,0,45600.213110,-20.541251,61284.385622,58928.601444,52027.992904,0.000000,0.000000,0.000000
6.086313,10uVrms10Hz_ch2pga1.bin,250,1521,27929,1,0xA3,1,0,0,192,0,0,45602.582395,-20.541251,61287.201941,58931.484818,52030.004561,0.000000,0.000000,0.000000
6.090316,10uVrms10Hz_ch2pga1.bin,250,1522,27930,1,0xA3,1,0,0,192,0,0,45604.951680,-20.474195,61289.951205,58934.301138,52031.904459,0.000000,0.000000,0.000000
6.094317,10uVrms10Hz_ch2pga1.bin,250,1523,27931,1,0xA3,1,0,0,192,0,0,45607.298613,-20.407140,61292.812228,58936.960995,52033.826709,0.000000,0.000000,0.000000
6.098317,10uVrms10Hz_ch2pga1.bin,250,1524,27932,1,0xA3,1,0,0,192,0,0,45609.466732,-20.407140,61295.606196,58939.822018,52035.771310,0.000000,0.000000,0.000000
6.102321,10uVrms10Hz_ch2pga1.bin,250,1525,27933,1,0xA3,1,0,0,192,0,0,45611.657202,-20.317733,61298.310757,58942.705393,52037.715912,0.000000,0.000000,0.000000
6.106321,10uVrms10Hz_ch2pga1.bin,250,1526,27934,1,0xA3,1,0,0,192,0,0,45613.825321,-20.161271,61301.082373,58945.477009,52039.571106,0.000000,0.000000,0.000000
6.110321,10uVrms10Hz_ch2pga1.bin,250,1527,27935,1,0xA3,1,0,0,192,0,0,45616.172254,-20.205975,61303.921044,58948.338032,52041.403949,0.000000,0.000000,0.000000
6.114325,10uVrms10Hz_ch2pga1.bin,250,1528,27936,1,0xA3,1,0,0,192,0,0,45618.452132,-20.228326,61306.647956,58951.109648,52043.303847,0.000000,0.000000,0.000000
6.118325,10uVrms10Hz_ch2pga1.bin,250,1529,27937,1,0xA3,1,0,0,192,0,0,45620.821416,-20.161271,61309.441924,58953.925967,52045.360208,0.000000,0.000000,0.000000
6.122329,10uVrms10Hz_ch2pga1.bin,250,1530,27938,1,0xA3,1,0,0,192,0,0,45623.168349,-20.071864,61312.347651,58956.876397,52047.349513,0.000000,0.000000,0.000000
6.126328,10uVrms10Hz_ch2pga1.bin,250,1531,27939,1,0xA3,1,0,0,192,0,0,45625.448227,-20.116568,61315.163970,58959.692717,52049.294114,0.000000,0.000000,0.000000
6.130331,10uVrms10Hz_ch2pga1.bin,250,1532,27940,1,0xA3,1,0,0,192,0,0,45627.638698,-20.161271,61317.913234,58962.307870,52051.104605,0.000000,0.000000,0.000000
6.134331,10uVrms10Hz_ch2pga1.bin,250,1533,27941,1,0xA3,1,0,0,192,0,0,45629.918575,-20.183623,61320.684850,58965.079486,52053.004503,0.000000,0.000000,0.000000
6.138334,10uVrms10Hz_ch2pga1.bin,250,1534,27942,1,0xA3,1,0,0,192,0,0,45632.265508,-20.273030,61323.545873,58968.007565,52055.060863,0.000000,0.000000,0.000000
6.142334,10uVrms10Hz_ch2pga1.bin,250,1535,27943,1,0xA3,1,0,0,192,0,0,45634.545386,-20.340085,61326.317489,58970.890939,52057.005465,0.000000,0.000000,0.000000
6.146338,10uVrms10Hz_ch2pga1.bin,250,1536,27944,1,0xA3,1,0,0,192,0,0,45636.869967,-20.362437,61329.156160,58973.684907,52058.950067,0.000000,0.000000,0.000000
6.150338,10uVrms10Hz_ch2pga1.bin,250,1537,27945,1,0xA3,1,0,0,192,0,0,45639.261603,-20.451844,61331.972480,58976.501226,52060.961723,0.000000,0.000000,0.000000
6.154339,10uVrms10Hz_ch2pga1.bin,250,1538,27946,1,0xA3,1,0,0,192,0,0,45641.496778,-20.608306,61334.699392,58979.339898,52062.861621,0.000000,0.000000,0.000000
6.158343,10uVrms10Hz_ch2pga1.bin,250,1539,27947,1,0xA3,1,0,0,192,0,0,45643.709600,-20.630658,61337.582767,58982.245624,52064.761519,0.000000,0.000000,0.000000
6.162342,10uVrms10Hz_ch2pga1.bin,250,1540,27948,1,0xA3,1,0,0,192,0,0,45646.145940,-20.585954,61340.533197,58985.307813,52066.884935,0.000000,0.000000,0.000000
6.166345,10uVrms10Hz_ch2pga1.bin,250,1541,27949,1,0xA3,1,0,0,192,0,0,45648.470521,-20.720065,61343.304813,58988.079429,52068.851888,0.000000,0.000000,0.000000
6.170346,10uVrms10Hz_ch2pga1.bin,250,1542,27950,1,0xA3,1,0,0,192,0,0,45650.593936,-20.720065,61345.942318,58990.694582,52070.572972,0.000000,0.000000,0.000000
6.174349,10uVrms10Hz_ch2pga1.bin,250,1543,27951,1,0xA3,1,0,0,192,0,0,45652.963221,-20.653009,61348.848045,58993.577957,52072.450519,0.000000,0.000000,0.000000
6.178348,10uVrms10Hz_ch2pga1.bin,250,1544,27952,1,0xA3,1,0,0,192,0,0,45655.287802,-20.653009,61351.619661,58996.394277,52074.372768,0.000000,0.000000,0.000000
6.182351,10uVrms10Hz_ch2pga1.bin,250,1545,27953,1,0xA3,1,0,0,192,0,0,45657.590032,-20.630658,61354.391277,58999.165893,52076.384425,0.000000,0.000000,0.000000
6.186351,10uVrms10Hz_ch2pga1.bin,250,1546,27954,1,0xA3,1,0,0,192,0,0,45659.780502,-20.630658,61357.185245,59002.049267,52078.351378,0.000000,0.000000,0.000000
6.190354,10uVrms10Hz_ch2pga1.bin,250,1547,27955,1,0xA3,1,0,0,192,0,0,45661.948621,-20.474195,61359.956861,59004.731476,52080.184221,0.000000,0.000000,0.000000
6.194355,10uVrms10Hz_ch2pga1.bin,250,1548,27956,1,0xA3,1,0,0,192,0,0,45664.183795,-20.407140,61362.639070,59007.503092,52081.972361,0.000000,0.000000,0.000000
6.198358,10uVrms10Hz_ch2pga1.bin,250,1549,27957,1,0xA3,1,0,0,192,0,0,45666.418970,-20.362437,61365.388334,59010.319412,52083.894610,0.000000,0.000000,0.000000
6.202357,10uVrms10Hz_ch2pga1.bin,250,1550,27958,1,0xA3,1,0,0,192,0,0,45668.810606,-20.250678,61368.227005,59013.225138,52085.950971,0.000000,0.000000,0.000000
6.206361,10uVrms10Hz_ch2pga1.bin,250,1551,27959,1,0xA3,1,0,0,192,0,0,45671.157539,-20.205975,61371.088028,59016.063809,52087.917924,0.000000,0.000000,0.000000
6.210360,10uVrms10Hz_ch2pga1.bin,250,1552,27960,1,0xA3,1,0,0,192,0,0,45673.415065,-20.161271,61373.949051,59018.835425,52089.795470,0.000000,0.000000,0.000000
6.214364,10uVrms10Hz_ch2pga1.bin,250,1553,27961,1,0xA3,1,0,0,192,0,0,45675.650239,-20.138919,61376.720667,59021.584690,52091.673017,0.000000,0.000000,0.000000
6.218363,10uVrms10Hz_ch2pga1.bin,250,1554,27962,1,0xA3,1,0,0,192,0,0,45677.930117,-20.094216,61379.492283,59024.423361,52093.684673,0.000000,0.000000,0.000000
6.222367,10uVrms10Hz_ch2pga1.bin,250,1555,27963,1,0xA3,1,0,0,192,0,0,45680.232346,-20.049512,61382.330954,59027.329087,52095.651627,0.000000,0.000000,0.000000
6.226367,10uVrms10Hz_ch2pga1.bin,250,1556,27964,1,0xA3,1,0,0,192,0,0,45682.534575,-20.071864,61385.124922,59030.123055,52097.506821,0.000000,0.000000,0.000000
6.230367,10uVrms10Hz_ch2pga1.bin,250,1557,27965,1,0xA3,1,0,0,192,0,0,45684.792101,-20.138919,61387.918890,59032.939374,52099.384367,0.000000,0.000000,0.000000
6.234371,10uVrms10Hz_ch2pga1.bin,250,1558,27966,1,0xA3,1,0,0,192,0,0,45687.027276,-20.205975,61390.757561,59035.778046,52101.306617,0.000000,0.000000,0.000000
6.238371,10uVrms10Hz_ch2pga1.bin,250,1559,27967,1,0xA3,1,0,0,192,0,0,45689.351857,-20.205975,61393.640935,59038.661420,52103.340626,0.000000,0.000000,0.000000
6.242374,10uVrms10Hz_ch2pga1.bin,250,1560,27968,1,0xA3,1,0,0,192,0,0,45691.654086,-20.317733,61396.323144,59041.455388,52105.218172,0.000000,0.000000,0.000000
6.246374,10uVrms10Hz_ch2pga1.bin,250,1561,27969,1,0xA3,1,0,0,192,0,0,45693.911612,-20.407140,61399.094760,59044.204652,52107.162774,0.000000,0.000000,0.000000
6.250378,10uVrms10Hz_ch2pga1.bin,250,1562,27970,1,0xA3,1,0,0,192,0,0,45696.236193,-20.474195,61401.955783,59047.065675,52109.129727,0.000000,0.000000,0.000000
6.254378,10uVrms10Hz_ch2pga1.bin,250,1563,27971,1,0xA3,1,0,0,192,0,0,45698.538423,-20.496547,61404.861510,59049.904346,52111.074328,0.000000,0.000000,0.000000
6.258381,10uVrms10Hz_ch2pga1.bin,250,1564,27972,1,0xA3,1,0,0,192,0,0,45700.885355,-20.541251,61407.677829,59052.810073,52113.108337,0.000000,0.000000,0.000000
6.262381,10uVrms10Hz_ch2pga1.bin,250,1565,27973,1,0xA3,1,0,0,192,0,0,45703.344047,-20.675361,61410.583556,59055.760503,52115.075290,0.000000,0.000000,0.000000
6.266384,10uVrms10Hz_ch2pga1.bin,250,1566,27974,1,0xA3,1,0,0,192,0,0,45705.713332,-20.742416,61413.422227,59058.621526,52117.176354,0.000000,0.000000,0.000000
6.270384,10uVrms10Hz_ch2pga1.bin,250,1567,27975,1,0xA3,1,0,0,192,0,0,45707.948506,-20.675361,61416.171491,59061.393142,52119.031549,0.000000,0.000000,0.000000
6.274388,10uVrms10Hz_ch2pga1.bin,250,1568,27976,1,0xA3,1,0,0,192,0,0,45710.161328,-20.653009,61418.965459,59064.231813,52120.931447,0.000000,0.000000,0.000000
6.278388,10uVrms10Hz_ch2pga1.bin,250,1569,27977,1,0xA3,1,0,0,192,0,0,45712.508261,-20.697713,61421.804130,59067.115188,52122.965455,0.000000,0.000000,0.000000
6.282388,10uVrms10Hz_ch2pga1.bin,250,1570,27978,1,0xA3,1,0,0,192,0,0,45714.765787,-20.653009,61424.531043,59069.864452,52124.753594,0.000000,0.000000,0.000000
6.286391,10uVrms10Hz_ch2pga1.bin,250,1571,27979,1,0xA3,1,0,0,192,0,0,45717.023313,-20.496547,61427.325010,59072.658420,52126.631141,0.000000,0.000000,0.000000
6.290394,10uVrms10Hz_ch2pga1.bin,250,1572,27980,1,0xA3,1,0,0,192,0,0,45719.459653,-20.496547,61430.208385,59075.564146,52128.642797,0.000000,0.000000,0.000000
6.294393,10uVrms10Hz_ch2pga1.bin,250,1573,27981,1,0xA3,1,0,0,192,0,0,45721.806586,-20.429492,61433.047056,59078.425169,52130.721509,0.000000,0.000000,0.000000
6.298397,10uVrms10Hz_ch2pga1.bin,250,1574,27982,1,0xA3,1,0,0,192,0,0,45724.086463,-20.362437,61435.930431,59081.308544,52132.621408,0.000000,0.000000,0.000000
6.302395,10uVrms10Hz_ch2pga1.bin,250,1575,27983,1,0xA3,1,0,0,192,0,0,45726.366341,-20.317733,61438.746750,59084.147215,52134.543657,0.000000,0.000000,0.000000
6.306396,10uVrms10Hz_ch2pga1.bin,250,1576,27984,1,0xA3,1,0,0,192,0,0,45728.668571,-20.317733,61441.563070,59087.008238,52136.510611,0.000000,0.000000,0.000000
6.310399,10uVrms10Hz_ch2pga1.bin,250,1577,27985,1,0xA3,1,0,0,192,0,0,45730.926096,-20.228326,61444.334686,59089.824557,52138.477564,0.000000,0.000000,0.000000
6.314399,10uVrms10Hz_ch2pga1.bin,250,1578,27986,1,0xA3,1,0,0,192,0,0,45733.183622,-20.094216,61447.151005,59092.618525,52140.310407,0.000000,0.000000,0.000000
6.318402,10uVrms10Hz_ch2pga1.bin,250,1579,27987,1,0xA3,1,0,0,192,0,0,45735.530555,-20.071864,61449.989676,59095.457196,52142.322063,0.000000,0.000000,0.000000
6.322404,10uVrms10Hz_ch2pga1.bin,250,1580,27988,1,0xA3,1,0,0,192,0,0,45737.877488,-20.138919,61452.850699,59098.474681,52144.445479,0.000000,0.000000,0.000000
6.326404,10uVrms10Hz_ch2pga1.bin,250,1581,27989,1,0xA3,1,0,0,192,0,0,45740.090311,-20.138919,61455.644667,59101.201594,52146.211267,0.000000,0.000000,0.000000
6.330406,10uVrms10Hz_ch2pga1.bin,250,1582,27990,1,0xA3,1,0,0,192,0,0,45742.414892,-20.138919,61458.416283,59103.950858,52148.044109,0.000000,0.000000,0.000000
6.334406,10uVrms10Hz_ch2pga1.bin,250,1583,27991,1,0xA3,1,0,0,192,0,0,45744.694769,-20.161271,61461.210251,59106.811881,52150.100470,0.000000,0.000000,0.000000
6.338409,10uVrms10Hz_ch2pga1.bin,250,1584,27992,1,0xA3,1,0,0,192,0,0,45747.041702,-20.205975,61464.071274,59109.650552,52152.201533,0.000000,0.000000,0.000000
6.342409,10uVrms10Hz_ch2pga1.bin,250,1585,27993,1,0xA3,1,0,0,192,0,0,45749.388635,-20.362437,61466.932297,59112.578630,52154.079080,0.000000,0.000000,0.000000
6.346413,10uVrms10Hz_ch2pga1.bin,250,1586,27994,1,0xA3,1,0,0,192,0,0,45751.623809,-20.451844,61469.770968,59115.417302,52155.978978,0.000000,0.000000,0.000000
6.350413,10uVrms10Hz_ch2pga1.bin,250,1587,27995,1,0xA3,1,0,0,192,0,0,45753.858984,-20.474195,61472.497880,59118.211269,52157.923579,0.000000,0.000000,0.000000
6.354414,10uVrms10Hz_ch2pga1.bin,250,1588,27996,1,0xA3,1,0,0,192,0,0,45756.272972,-20.518899,61475.336552,59121.049941,52159.890532,0.000000,0.000000,0.000000
6.358418,10uVrms10Hz_ch2pga1.bin,250,1589,27997,1,0xA3,1,0,0,192,0,0,45758.731663,-20.563602,61478.331685,59124.045074,52162.036300,0.000000,0.000000,0.000000
6.362418,10uVrms10Hz_ch2pga1.bin,250,1590,27998,1,0xA3,1,0,0,192,0,0,45761.145651,-20.630658,61481.215060,59127.062559,52164.047956,0.000000,0.000000,0.000000
6.366422,10uVrms10Hz_ch2pga1.bin,250,1591,27999,1,0xA3,1,0,0,192,0,0,45763.470232,-20.697713,61484.031379,59129.945934,52166.081965,0.000000,0.000000,0.000000
6.370422,10uVrms10Hz_ch2pga1.bin,250,1592,28000,1,0xA3,1,0,0,192,0,0,45765.772462,-20.697713,61486.870050,59132.695198,52167.981863,0.000000,0.000000,0.000000
6.374422,10uVrms10Hz_ch2pga1.bin,250,1593,28001,1,0xA3,1,0,0,192,0,0,45768.074691,-20.697713,61489.708722,59135.533869,52169.859409,0.000000,0.000000,0.000000
6.378427,10uVrms10Hz_ch2pga1.bin,250,1594,28002,1,0xA3,1,0,0,192,0,0,45770.533383,-20.653009,61492.636800,59138.529003,52171.960473,0.000000,0.000000,0.000000
6.382427,10uVrms10Hz_ch2pga1.bin,250,1595,28003,1,0xA3,1,0,0,192,0,0,45772.969723,-20.563602,61495.542526,59141.568840,52174.083889,0.000000,0.000000,0.000000
6.386427,10uVrms10Hz_ch2pga1.bin,250,1596,28004,1,0xA3,1,0,0,192,0,0,45775.204897,-20.518899,61498.403549,59144.295752,52176.006138,0.000000,0.000000,0.000000
6.390431,10uVrms10Hz_ch2pga1.bin,250,1597,28005,1,0xA3,1,0,0,192,0,0,45777.440071,-20.474195,61501.130462,59147.112072,52177.906036,0.000000,0.000000,0.000000
6.394431,10uVrms10Hz_ch2pga1.bin,250,1598,28006,1,0xA3,1,0,0,192,0,0,45779.675245,-20.384789,61503.924429,59149.950743,52179.738879,0.000000,0.000000,0.000000
6.398435,10uVrms10Hz_ch2pga1.bin,250,1599,28007,1,0xA3,1,0,0,192,0,0,45782.111585,-20.250678,61506.651342,59152.700007,52181.683481,0.000000,0.000000,0.000000
6.402435,10uVrms10Hz_ch2pga1.bin,250,1600,28008,1,0xA3,1,0,0,192,0,0,45784.480870,-20.205975,61509.534717,59155.605733,52183.695138,0.000000,0.000000,0.000000
6.406434,10uVrms10Hz_ch2pga1.bin,250,1601,28009,1,0xA3,1,0,0,192,0,0,45786.760747,-20.205975,61512.440443,59158.466756,52185.639739,0.000000,0.000000,0.000000
6.410438,10uVrms10Hz_ch2pga1.bin,250,1602,28010,1,0xA3,1,0,0,192,0,0,45789.018273,-20.116568,61515.212059,59161.350131,52187.539637,0.000000,0.000000,0.000000
6.414438,10uVrms10Hz_ch2pga1.bin,250,1603,28011,1,0xA3,1,0,0,192,0,0,45791.208744,-20.094216,61517.938972,59164.121747,52189.439535,0.000000,0.000000,0.000000
6.418442,10uVrms10Hz_ch2pga1.bin,250,1604,28012,1,0xA3,1,0,0,192,0,0,45793.488622,-20.071864,61520.799994,59167.027473,52191.406488,0.000000,0.000000,0.000000
6.422442,10uVrms10Hz_ch2pga1.bin,250,1605,28013,1,0xA3,1,0,0,192,0,0,45795.857906,-20.071864,61523.571610,59169.843793,52193.351090,0.000000,0.000000,0.000000
6.426446,10uVrms10Hz_ch2pga1.bin,250,1606,28014,1,0xA3,1,0,0,192,0,0,45798.070729,-20.094216,61526.253819,59172.503650,52195.250988,0.000000,0.000000,0.000000
6.430446,10uVrms10Hz_ch2pga1.bin,250,1607,28015,1,0xA3,1,0,0,192,0,0,45800.238848,-20.161271,61529.025435,59175.364673,52197.128534,0.000000,0.000000,0.000000
6.434448,10uVrms10Hz_ch2pga1.bin,250,1608,28016,1,0xA3,1,0,0,192,0,0,45802.652836,-20.250678,61531.998217,59178.315103,52199.140191,0.000000,0.000000,0.000000
6.438447,10uVrms10Hz_ch2pga1.bin,250,1609,28017,1,0xA3,1,0,0,192,0,0,45805.111527,-20.205975,61534.926295,59181.310236,52201.196551,0.000000,0.000000,0.000000
6.442450,10uVrms10Hz_ch2pga1.bin,250,1610,28018,1,0xA3,1,0,0,192,0,0,45807.301998,-20.250678,61537.697911,59184.081852,52203.118801,0.000000,0.000000,0.000000
6.446450,10uVrms10Hz_ch2pga1.bin,250,1611,28019,1,0xA3,1,0,0,192,0,0,45809.470117,-20.340085,61540.335417,59186.808765,52204.906940,0.000000,0.000000,0.000000
6.450459,10uVrms10Hz_ch2pga1.bin,250,1612,28020,1,0xA3,1,0,0,192,0,0,45811.638236,-20.474195,61543.017626,59189.513326,52206.717432,0.000000,0.000000,0.000000
6.454459,10uVrms10Hz_ch2pga1.bin,250,1613,28021,1,0xA3,1,0,0,192,0,0,45813.895762,-20.563602,61545.811594,59192.284942,52208.617330,0.000000,0.000000,0.000000
6.458462,10uVrms10Hz_ch2pga1.bin,250,1614,28022,1,0xA3,1,0,0,192,0,0,45816.242695,-20.697713,61548.672616,59195.168316,52210.628986,0.000000,0.000000,0.000000
6.462463,10uVrms10Hz_ch2pga1.bin,250,1615,28023,1,0xA3,1,0,0,192,0,0,45818.701386,-20.675361,61551.623046,59198.118746,52212.730050,0.000000,0.000000,0.000000
6.466462,10uVrms10Hz_ch2pga1.bin,250,1616,28024,1,0xA3,1,0,0,192,0,0,45820.981264,-20.653009,61554.439366,59201.002121,52214.652300,0.000000,0.000000,0.000000
6.470465,10uVrms10Hz_ch2pga1.bin,250,1617,28025,1,0xA3,1,0,0,192,0,0,45823.350549,-20.675361,61557.210982,59203.796089,52216.596901,0.000000,0.000000,0.000000
6.474464,10uVrms10Hz_ch2pga1.bin,250,1618,28026,1,0xA3,1,0,0,192,0,0,45825.630426,-20.653009,61560.027301,59206.590056,52218.563855,0.000000,0.000000,0.000000
6.478466,10uVrms10Hz_ch2pga1.bin,250,1619,28027,1,0xA3,1,0,0,192,0,0,45827.910304,-20.675361,61562.910676,59209.473431,52220.530808,0.000000,0.000000,0.000000
6.482469,10uVrms10Hz_ch2pga1.bin,250,1620,28028,1,0xA3,1,0,0,192,0,0,45830.212533,-20.608306,61565.682292,59212.356806,52222.475410,0.000000,0.000000,0.000000
6.486470,10uVrms10Hz_ch2pga1.bin,250,1621,28029,1,0xA3,1,0,0,192,0,0,45832.447708,-20.585954,61568.386853,59215.150774,52224.397659,0.000000,0.000000,0.000000
6.490470,10uVrms10Hz_ch2pga1.bin,250,1622,28030,1,0xA3,1,0,0,192,0,0,45834.571123,-20.496547,61571.113765,59217.832983,52226.141095,0.000000,0.000000,0.000000
6.494473,10uVrms10Hz_ch2pga1.bin,250,1623,28031,1,0xA3,1,0,0,192,0,0,45836.806297,-20.362437,61573.818326,59220.671654,52228.040993,0.000000,0.000000,0.000000
6.498474,10uVrms10Hz_ch2pga1.bin,250,1624,28032,1,0xA3,1,0,0,192,0,0,45839.130878,-20.362437,61576.724052,59223.599732,52229.985595,0.000000,0.000000,0.000000
6.502477,10uVrms10Hz_ch2pga1.bin,250,1625,28033,1,0xA3,1,0,0,192,0,0,45841.500163,-20.250678,61579.562724,59226.371348,52232.019603,0.000000,0.000000,0.000000
6.506477,10uVrms10Hz_ch2pga1.bin,250,1626,28034,1,0xA3,1,0,0,192,0,0,45843.668282,-20.161271,61582.334340,59229.165316,52233.919501,0.000000,0.000000,0.000000
6.510480,10uVrms10Hz_ch2pga1.bin,250,1627,28035,1,0xA3,1,0,0,192,0,0,45845.791698,-20.161271,61585.038900,59231.869876,52235.640585,0.000000,0.000000,0.000000
6.514480,10uVrms10Hz_ch2pga1.bin,250,1628,28036,1,0xA3,1,0,0,192,0,0,45847.982168,-20.094216,61587.743461,59234.596789,52237.562835,0.000000,0.000000,0.000000
6.518483,10uVrms10Hz_ch2pga1.bin,250,1629,28037,1,0xA3,1,0,0,192,0,0,45850.306749,-20.071864,61590.537429,59237.457812,52239.574492,0.000000,0.000000,0.000000
6.522482,10uVrms10Hz_ch2pga1.bin,250,1630,28038,1,0xA3,1,0,0,192,0,0,45852.676034,-20.071864,61593.376100,59240.363538,52241.541445,0.000000,0.000000,0.000000
6.526486,10uVrms10Hz_ch2pga1.bin,250,1631,28039,1,0xA3,1,0,0,192,0,0,45855.022967,-20.138919,61596.192420,59243.135154,52243.508399,0.000000,0.000000,0.000000
6.530485,10uVrms10Hz_ch2pga1.bin,250,1632,28040,1,0xA3,1,0,0,192,0,0,45857.325196,-20.116568,61598.986387,59245.951474,52245.453000,0.000000,0.000000,0.000000
6.534487,10uVrms10Hz_ch2pga1.bin,250,1633,28041,1,0xA3,1,0,0,192,0,0,45859.470963,-20.205975,61601.713300,59248.745441,52247.330546,0.000000,0.000000,0.000000
6.538490,10uVrms10Hz_ch2pga1.bin,250,1634,28042,1,0xA3,1,0,0,192,0,0,45861.728489,-20.317733,61604.551971,59251.606464,52249.230444,0.000000,0.000000,0.000000
6.542489,10uVrms10Hz_ch2pga1.bin,250,1635,28043,1,0xA3,1,0,0,192,0,0,45864.209533,-20.362437,61607.345939,59254.601598,52251.286805,0.000000,0.000000,0.000000
6.546493,10uVrms10Hz_ch2pga1.bin,250,1636,28044,1,0xA3,1,0,0,192,0,0,45866.534114,-20.474195,61610.139906,59257.350862,52253.298461,0.000000,0.000000,0.000000
6.550492,10uVrms10Hz_ch2pga1.bin,250,1637,28045,1,0xA3,1,0,0,192,0,0,45868.769288,-20.474195,61612.933874,59260.122478,52255.041897,0.000000,0.000000,0.000000
6.554496,10uVrms10Hz_ch2pga1.bin,250,1638,28046,1,0xA3,1,0,0,192,0,0,45871.093869,-20.541251,61615.772545,59263.028204,52257.008851,0.000000,0.000000,0.000000
6.558496,10uVrms10Hz_ch2pga1.bin,250,1639,28047,1,0xA3,1,0,0,192,0,0,45873.440802,-20.653009,61618.633568,59265.844524,52258.998156,0.000000,0.000000,0.000000
6.562500,10uVrms10Hz_ch2pga1.bin,250,1640,28048,1,0xA3,1,0,0,192,0,0,45875.810087,-20.720065,61621.472239,59268.750250,52261.032164,0.000000,0.000000,0.000000
6.566500,10uVrms10Hz_ch2pga1.bin,250,1641,28049,1,0xA3,1,0,0,192,0,0,45878.134668,-20.764768,61624.266207,59271.611273,52262.976766,0.000000,0.000000,0.000000
6.570500,10uVrms10Hz_ch2pga1.bin,250,1642,28050,1,0xA3,1,0,0,192,0,0,45880.347490,-20.720065,61627.015471,59274.338186,52264.943719,0.000000,0.000000,0.000000
6.574504,10uVrms10Hz_ch2pga1.bin,250,1643,28051,1,0xA3,1,0,0,192,0,0,45882.560313,-20.653009,61629.809439,59277.221560,52266.821265,0.000000,0.000000,0.000000
6.578504,10uVrms10Hz_ch2pga1.bin,250,1644,28052,1,0xA3,1,0,0,192,0,0,45884.907246,-20.653009,61632.715166,59280.015528,52268.810570,0.000000,0.000000,0.000000
6.582504,10uVrms10Hz_ch2pga1.bin,250,1645,28053,1,0xA3,1,0,0,192,0,0,45887.343585,-20.608306,61635.576189,59282.943606,52270.911634,0.000000,0.000000,0.000000
6.586507,10uVrms10Hz_ch2pga1.bin,250,1646,28054,1,0xA3,1,0,0,192,0,0,45889.712870,-20.518899,61638.459563,59285.849333,52272.900939,0.000000,0.000000,0.000000
6.590511,10uVrms10Hz_ch2pga1.bin,250,1647,28055,1,0xA3,1,0,0,192,0,0,45891.992748,-20.474195,61641.186476,59288.576245,52274.733782,0.000000,0.000000,0.000000
6.594511,10uVrms10Hz_ch2pga1.bin,250,1648,28056,1,0xA3,1,0,0,192,0,0,45894.250274,-20.496547,61643.935740,59291.392565,52276.566625,0.000000,0.000000,0.000000
6.598511,10uVrms10Hz_ch2pga1.bin,250,1649,28057,1,0xA3,1,0,0,192,0,0,45896.574855,-20.407140,61646.863818,59294.275939,52278.488874,0.000000,0.000000,0.000000
6.602515,10uVrms10Hz_ch2pga1.bin,250,1650,28058,1,0xA3,1,0,0,192,0,0,45898.988843,-20.273030,61649.702489,59297.159314,52280.545235,0.000000,0.000000,0.000000
6.606514,10uVrms10Hz_ch2pga1.bin,250,1651,28059,1,0xA3,1,0,0,192,0,0,45901.224017,-20.205975,61652.541161,59300.042689,52282.467484,0.000000,0.000000,0.000000
6.610518,10uVrms10Hz_ch2pga1.bin,250,1652,28060,1,0xA3,1,0,0,192,0,0,45903.638005,-20.183623,61655.402184,59302.881360,52284.501493,0.000000,0.000000,0.000000
6.614518,10uVrms10Hz_ch2pga1.bin,250,1653,28061,1,0xA3,1,0,0,192,0,0,45905.984938,-20.049512,61658.218503,59305.720031,52286.468446,0.000000,0.000000,0.000000
6.618521,10uVrms10Hz_ch2pga1.bin,250,1654,28062,1,0xA3,1,0,0,192,0,0,45908.197761,-20.094216,61660.923064,59308.581054,52288.278937,0.000000,0.000000,0.000000
6.622522,10uVrms10Hz_ch2pga1.bin,250,1655,28063,1,0xA3,1,0,0,192,0,0,45910.432935,-20.071864,61663.717031,59311.375022,52290.178835,0.000000,0.000000,0.000000
6.626523,10uVrms10Hz_ch2pga1.bin,250,1656,28064,1,0xA3,1,0,0,192,0,0,45912.645757,-20.049512,61666.510999,59314.124286,52292.168140,0.000000,0.000000,0.000000
6.630526,10uVrms10Hz_ch2pga1.bin,250,1657,28065,1,0xA3,1,0,0,192,0,0,45914.858580,-20.138919,61669.193208,59316.806495,52293.911576,0.000000,0.000000,0.000000
6.634527,10uVrms10Hz_ch2pga1.bin,250,1658,28066,1,0xA3,1,0,0,192,0,0,45917.160809,-20.161271,61671.942472,59319.622815,52295.856178,0.000000,0.000000,0.000000
6.638527,10uVrms10Hz_ch2pga1.bin,250,1659,28067,1,0xA3,1,0,0,192,0,0,45919.597149,-20.205975,61674.892902,59322.617948,52297.890186,0.000000,0.000000,0.000000
6.642531,10uVrms10Hz_ch2pga1.bin,250,1660,28068,1,0xA3,1,0,0,192,0,0,45921.854675,-20.295382,61677.753925,59325.434268,52299.857140,0.000000,0.000000,0.000000
6.646532,10uVrms10Hz_ch2pga1.bin,250,1661,28069,1,0xA3,1,0,0,192,0,0,45924.067497,-20.429492,61680.570245,59328.250587,52301.779389,0.000000,0.000000,0.000000
6.650532,10uVrms10Hz_ch2pga1.bin,250,1662,28070,1,0xA3,1,0,0,192,0,0,45926.369727,-20.429492,61683.297157,59331.089258,52303.701639,0.000000,0.000000,0.000000
6.654536,10uVrms10Hz_ch2pga1.bin,250,1663,28071,1,0xA3,1,0,0,192,0,0,45928.671956,-20.496547,61686.091125,59333.883226,52305.601537,0.000000,0.000000,0.000000
6.658536,10uVrms10Hz_ch2pga1.bin,250,1664,28072,1,0xA3,1,0,0,192,0,0,45931.018889,-20.608306,61688.885093,59336.699545,52307.613194,0.000000,0.000000,0.000000
6.662540,10uVrms10Hz_ch2pga1.bin,250,1665,28073,1,0xA3,1,0,0,192,0,0,45933.410525,-20.675361,61691.857874,59339.649975,52309.580147,0.000000,0.000000,0.000000
6.666540,10uVrms10Hz_ch2pga1.bin,250,1666,28074,1,0xA3,1,0,0,192,0,0,45935.645700,-20.608306,61694.651842,59342.533350,52311.569452,0.000000,0.000000,0.000000
6.670540,10uVrms10Hz_ch2pga1.bin,250,1667,28075,1,0xA3,1,0,0,192,0,0,45937.925577,-20.608306,61697.468162,59345.372021,52313.581109,0.000000,0.000000,0.000000
6.674543,10uVrms10Hz_ch2pga1.bin,250,1668,28076,1,0xA3,1,0,0,192,0,0,45940.250158,-20.608306,61700.150371,59348.076582,52315.413952,0.000000,0.000000,0.000000
6.678543,10uVrms10Hz_ch2pga1.bin,250,1669,28077,1,0xA3,1,0,0,192,0,0,45942.440629,-20.585954,61702.966690,59350.825846,52317.336202,0.000000,0.000000,0.000000
6.682547,10uVrms10Hz_ch2pga1.bin,250,1670,28078,1,0xA3,1,0,0,192,0,0,45944.742858,-20.585954,61705.738306,59353.686869,52319.236100,0.000000,0.000000,0.000000
6.686546,10uVrms10Hz_ch2pga1.bin,250,1671,28079,1,0xA3,1,0,0,192,0,0,45946.910977,-20.518899,61708.509922,59356.480837,52321.113646,0.000000,0.000000,0.000000
6.690549,10uVrms10Hz_ch2pga1.bin,250,1672,28080,1,0xA3,1,0,0,192,0,0,45949.235559,-20.474195,61711.370945,59359.274805,52323.080599,0.000000,0.000000,0.000000
6.694549,10uVrms10Hz_ch2pga1.bin,250,1673,28081,1,0xA3,1,0,0,192,0,0,45951.627195,-20.451844,61714.187264,59362.113476,52325.047553,0.000000,0.000000,0.000000
6.698553,10uVrms10Hz_ch2pga1.bin,250,1674,28082,1,0xA3,1,0,0,192,0,0,45953.929424,-20.384789,61717.003584,59364.974499,52326.947451,0.000000,0.000000,0.000000
6.702553,10uVrms10Hz_ch2pga1.bin,250,1675,28083,1,0xA3,1,0,0,192,0,0,45956.276357,-20.317733,61719.842255,59367.924929,52329.026163,0.000000,0.000000,0.000000
6.706557,10uVrms10Hz_ch2pga1.bin,250,1676,28084,1,0xA3,1,0,0,192,0,0,45958.511531,-20.317733,61722.658575,59370.763600,52330.926061,0.000000,0.000000,0.000000
6.710556,10uVrms10Hz_ch2pga1.bin,250,1677,28085,1,0xA3,1,0,0,192,0,0,45960.858464,-20.183623,61725.541949,59373.512864,52332.982421,0.000000,0.000000,0.000000
6.714556,10uVrms10Hz_ch2pga1.bin,250,1678,28086,1,0xA3,1,0,0,192,0,0,45963.183045,-20.138919,61728.358269,59376.306832,52334.949374,0.000000,0.000000,0.000000
6.718560,10uVrms10Hz_ch2pga1.bin,250,1679,28087,1,0xA3,1,0,0,192,0,0,45965.641737,-20.094216,61731.196940,59379.279613,52336.916327,0.000000,0.000000,0.000000
6.722560,10uVrms10Hz_ch2pga1.bin,250,1680,28088,1,0xA3,1,0,0,192,0,0,45968.011022,-20.094216,61734.125018,59382.207692,52338.972688,0.000000,0.000000,0.000000
6.726563,10uVrms10Hz_ch2pga1.bin,250,1681,28089,1,0xA3,1,0,0,192,0,0,45970.290899,-20.094216,61736.986041,59385.024011,52340.961993,0.000000,0.000000,0.000000
6.730563,10uVrms10Hz_ch2pga1.bin,250,1682,28090,1,0xA3,1,0,0,192,0,0,45972.570777,-20.071864,61739.712954,59387.862682,52342.884243,0.000000,0.000000,0.000000
6.734566,10uVrms10Hz_ch2pga1.bin,250,1683,28091,1,0xA3,1,0,0,192,0,0,45974.828303,-20.138919,61742.462218,59390.656650,52344.784141,0.000000,0.000000,0.000000
6.738566,10uVrms10Hz_ch2pga1.bin,250,1684,28092,1,0xA3,1,0,0,192,0,0,45977.175236,-20.273030,61745.367944,59393.540025,52346.795797,0.000000,0.000000,0.000000
6.742569,10uVrms10Hz_ch2pga1.bin,250,1685,28093,1,0xA3,1,0,0,192,0,0,45979.589224,-20.317733,61748.206615,59396.356344,52348.807454,0.000000,0.000000,0.000000
6.746570,10uVrms10Hz_ch2pga1.bin,250,1686,28094,1,0xA3,1,0,0,192,0,0,45981.913805,-20.362437,61751.067638,59399.284422,52350.819111,0.000000,0.000000,0.000000
6.750574,10uVrms10Hz_ch2pga1.bin,250,1687,28095,1,0xA3,1,0,0,192,0,0,45984.305441,-20.407140,61753.861606,59402.190149,52352.763712,0.000000,0.000000,0.000000
6.754574,10uVrms10Hz_ch2pga1.bin,250,1688,28096,1,0xA3,1,0,0,192,0,0,45986.607671,-20.585954,61756.722629,59405.028820,52354.842424,0.000000,0.000000,0.000000
6.758574,10uVrms10Hz_ch2pga1.bin,250,1689,28097,1,0xA3,1,0,0,192,0,0,45988.932252,-20.697713,61759.538949,59407.934546,52356.809378,0.000000,0.000000,0.000000
6.762578,10uVrms10Hz_ch2pga1.bin,250,1690,28098,1,0xA3,1,0,0,192,0,0,45991.346240,-20.697713,61762.444675,59410.884976,52358.709276,0.000000,0.000000,0.000000
6.766577,10uVrms10Hz_ch2pga1.bin,250,1691,28099,1,0xA3,1,0,0,192,0,0,45993.670821,-20.608306,61765.216291,59413.634241,52360.720932,0.000000,0.000000,0.000000
6.770580,10uVrms10Hz_ch2pga1.bin,250,1692,28100,1,0xA3,1,0,0,192,0,0,45995.950699,-20.630658,61768.010259,59416.405857,52362.598479,0.000000,0.000000,0.000000
6.774580,10uVrms10Hz_ch2pga1.bin,250,1693,28101,1,0xA3,1,0,0,192,0,0,45998.297632,-20.630658,61770.893633,59419.378638,52364.565432,0.000000,0.000000,0.000000
6.778583,10uVrms10Hz_ch2pga1.bin,250,1694,28102,1,0xA3,1,0,0,192,0,0,46000.711620,-20.585954,61773.754656,59422.194958,52366.644144,0.000000,0.000000,0.000000
6.782583,10uVrms10Hz_ch2pga1.bin,250,1695,28103,1,0xA3,1,0,0,192,0,0,46003.058553,-20.496547,61776.615679,59425.078332,52368.655801,0.000000,0.000000,0.000000
6.786586,10uVrms10Hz_ch2pga1.bin,250,1696,28104,1,0xA3,1,0,0,192,0,0,46005.338430,-20.541251,61779.409647,59427.894652,52370.600402,0.000000,0.000000,0.000000
6.790586,10uVrms10Hz_ch2pga1.bin,250,1697,28105,1,0xA3,1,0,0,192,0,0,46007.640660,-20.496547,61782.225966,59430.666268,52372.433245,0.000000,0.000000,0.000000
6.794590,10uVrms10Hz_ch2pga1.bin,250,1698,28106,1,0xA3,1,0,0,192,0,0,46009.942889,-20.384789,61785.109341,59433.437884,52374.377847,0.000000,0.000000,0.000000
6.798590,10uVrms10Hz_ch2pga1.bin,250,1699,28107,1,0xA3,1,0,0,192,0,0,46012.245119,-20.317733,61787.992716,59436.433017,52376.478910,0.000000,0.000000,0.000000
6.802594,10uVrms10Hz_ch2pga1.bin,250,1700,28108,1,0xA3,1,0,0,192,0,0,46014.659107,-20.273030,61790.853739,59439.495206,52378.579974,0.000000,0.000000,0.000000
6.806594,10uVrms10Hz_ch2pga1.bin,250,1701,28109,1,0xA3,1,0,0,192,0,0,46017.028391,-20.250678,61793.603003,59442.199767,52380.479872,0.000000,0.000000,0.000000
6.810594,10uVrms10Hz_ch2pga1.bin,250,1702,28110,1,0xA3,1,0,0,192,0,0,46019.196510,-20.094216,61796.396971,59444.971383,52382.290363,0.000000,0.000000,0.000000
6.814597,10uVrms10Hz_ch2pga1.bin,250,1703,28111,1,0xA3,1,0,0,192,0,0,46021.386981,-20.116568,61799.123883,59447.765350,52384.190261,0.000000,0.000000,0.000000
6.818597,10uVrms10Hz_ch2pga1.bin,250,1704,28112,1,0xA3,1,0,0,192,0,0,46023.711562,-20.094216,61801.940203,59450.581670,52386.134863,0.000000,0.000000,0.000000
6.822601,10uVrms10Hz_ch2pga1.bin,250,1705,28113,1,0xA3,1,0,0,192,0,0,46026.103199,-20.049512,61804.845929,59453.509748,52388.168871,0.000000,0.000000,0.000000
6.826601,10uVrms10Hz_ch2pga1.bin,250,1706,28114,1,0xA3,1,0,0,192,0,0,46028.405428,-20.094216,61807.639897,59456.370771,52390.135825,0.000000,0.000000,0.000000
6.830604,10uVrms10Hz_ch2pga1.bin,250,1707,28115,1,0xA3,1,0,0,192,0,0,46030.707657,-20.094216,61810.500920,59459.231794,52392.080426,0.000000,0.000000,0.000000
6.834603,10uVrms10Hz_ch2pga1.bin,250,1708,28116,1,0xA3,1,0,0,192,0,0,46033.054590,-20.161271,61813.272536,59462.025762,52394.002676,0.000000,0.000000,0.000000
6.838607,10uVrms10Hz_ch2pga1.bin,250,1709,28117,1,0xA3,1,0,0,192,0,0,46035.446227,-20.205975,61816.111207,59464.864433,52395.969629,0.000000,0.000000,0.000000
6.842606,10uVrms10Hz_ch2pga1.bin,250,1710,28118,1,0xA3,1,0,0,192,0,0,46037.815511,-20.273030,61818.927526,59467.680752,52397.914231,0.000000,0.000000,0.000000
6.846609,10uVrms10Hz_ch2pga1.bin,250,1711,28119,1,0xA3,1,0,0,192,0,0,46039.983630,-20.384789,61821.654439,59470.586479,52399.814129,0.000000,0.000000,0.000000
6.850609,10uVrms10Hz_ch2pga1.bin,250,1712,28120,1,0xA3,1,0,0,192,0,0,46042.285860,-20.518899,61824.359000,59473.335743,52401.646972,0.000000,0.000000,0.000000
6.854612,10uVrms10Hz_ch2pga1.bin,250,1713,28121,1,0xA3,1,0,0,192,0,0,46044.610441,-20.541251,61827.152967,59476.107359,52403.636277,0.000000,0.000000,0.000000
6.858613,10uVrms10Hz_ch2pga1.bin,250,1714,28122,1,0xA3,1,0,0,192,0,0,46047.024429,-20.608306,61830.081046,59479.169548,52405.714989,0.000000,0.000000,0.000000
6.862616,10uVrms10Hz_ch2pga1.bin,250,1715,28123,1,0xA3,1,0,0,192,0,0,46049.416065,-20.585954,61833.053827,59482.030571,52407.771349,0.000000,0.000000,0.000000
6.866616,10uVrms10Hz_ch2pga1.bin,250,1716,28124,1,0xA3,1,0,0,192,0,0,46051.695943,-20.675361,61835.847795,59484.802186,52409.715950,0.000000,0.000000,0.000000
6.870619,10uVrms10Hz_ch2pga1.bin,250,1717,28125,1,0xA3,1,0,0,192,0,0,46053.886414,-20.720065,61838.462949,59487.484396,52411.548793,0.000000,0.000000,0.000000
6.874620,10uVrms10Hz_ch2pga1.bin,250,1718,28126,1,0xA3,1,0,0,192,0,0,46056.099236,-20.720065,61841.301620,59490.390122,52413.471043,0.000000,0.000000,0.000000
6.878620,10uVrms10Hz_ch2pga1.bin,250,1719,28127,1,0xA3,1,0,0,192,0,0,46058.401465,-20.697713,61844.117939,59493.206441,52415.415645,0.000000,0.000000,0.000000
6.882624,10uVrms10Hz_ch2pga1.bin,250,1720,28128,1,0xA3,1,0,0,192,0,0,46060.793102,-20.675361,61846.800148,59496.067464,52417.449653,0.000000,0.000000,0.000000
6.886624,10uVrms10Hz_ch2pga1.bin,250,1721,28129,1,0xA3,1,0,0,192,0,0,46063.140035,-20.608306,61849.705875,59498.973191,52419.394255,0.000000,0.000000,0.000000
6.890627,10uVrms10Hz_ch2pga1.bin,250,1722,28130,1,0xA3,1,0,0,192,0,0,46065.442264,-20.541251,61852.589250,59501.856565,52421.450615,0.000000,0.000000,0.000000
6.894627,10uVrms10Hz_ch2pga1.bin,250,1723,28131,1,0xA3,1,0,0,192,0,0,46067.744493,-20.451844,61855.405569,59504.695237,52423.395216,0.000000,0.000000,0.000000
6.898631,10uVrms10Hz_ch2pga1.bin,250,1724,28132,1,0xA3,1,0,0,192,0,0,46070.158482,-20.429492,61858.311296,59507.623315,52425.362170,0.000000,0.000000,0.000000
6.902631,10uVrms10Hz_ch2pga1.bin,250,1725,28133,1,0xA3,1,0,0,192,0,0,46072.483063,-20.250678,61860.993505,59510.417283,52427.284420,0.000000,0.000000,0.000000
6.906631,10uVrms10Hz_ch2pga1.bin,250,1726,28134,1,0xA3,1,0,0,192,0,0,46074.584126,-20.205975,61863.765121,59513.188899,52429.094911,0.000000,0.000000,0.000000
6.910635,10uVrms10Hz_ch2pga1.bin,250,1727,28135,1,0xA3,1,0,0,192,0,0,46076.841652,-20.205975,61866.492033,59515.915811,52431.039512,0.000000,0.000000,0.000000
6.914635,10uVrms10Hz_ch2pga1.bin,250,1728,28136,1,0xA3,1,0,0,192,0,0,46079.210937,-20.116568,61869.353056,59518.843889,52433.051169,0.000000,0.000000,0.000000
6.918639,10uVrms10Hz_ch2pga1.bin,250,1729,28137,1,0xA3,1,0,0,192,0,0,46081.557870,-20.049512,61872.169375,59521.704912,52435.040474,0.000000,0.000000,0.000000
6.922639,10uVrms10Hz_ch2pga1.bin,250,1730,28138,1,0xA3,1,0,0,192,0,0,46083.837748,-20.138919,61874.940991,59524.521232,52436.985075,0.000000,0.000000,0.000000
6.926639,10uVrms10Hz_ch2pga1.bin,250,1731,28139,1,0xA3,1,0,0,192,0,0,46086.117625,-20.116568,61877.734959,59527.315199,52438.884974,0.000000,0.000000,0.000000
6.930642,10uVrms10Hz_ch2pga1.bin,250,1732,28140,1,0xA3,1,0,0,192,0,0,46088.263392,-20.161271,61880.394816,59529.975057,52440.628409,0.000000,0.000000,0.000000
6.934643,10uVrms10Hz_ch2pga1.bin,250,1733,28141,1,0xA3,1,0,0,192,0,0,46090.453863,-20.205975,61883.188784,59532.769024,52442.550659,0.000000,0.000000,0.000000
6.938647,10uVrms10Hz_ch2pga1.bin,250,1734,28142,1,0xA3,1,0,0,192,0,0,46092.845500,-20.273030,61886.027455,59535.585344,52444.495261,0.000000,0.000000,0.000000
6.942647,10uVrms10Hz_ch2pga1.bin,250,1735,28143,1,0xA3,1,0,0,192,0,0,46095.281839,-20.273030,61888.977885,59538.513422,52446.573973,0.000000,0.000000,0.000000
6.946647,10uVrms10Hz_ch2pga1.bin,250,1736,28144,1,0xA3,1,0,0,192,0,0,46097.651124,-20.362437,61891.771853,59541.352093,52448.652685,0.000000,0.000000,0.000000
6.950651,10uVrms10Hz_ch2pga1.bin,250,1737,28145,1,0xA3,1,0,0,192,0,0,46099.841595,-20.451844,61894.498765,59544.101357,52450.507879,0.000000,0.000000,0.000000
6.954651,10uVrms10Hz_ch2pga1.bin,250,1738,28146,1,0xA3,1,0,0,192,0,0,46102.032065,-20.518899,61897.248030,59546.895325,52452.407777,0.000000,0.000000,0.000000
6.958654,10uVrms10Hz_ch2pga1.bin,250,1739,28147,1,0xA3,1,0,0,192,0,0,46104.334295,-20.563602,61899.974942,59549.756348,52454.307675,0.000000,0.000000,0.000000
6.962655,10uVrms10Hz_ch2pga1.bin,250,1740,28148,1,0xA3,1,0,0,192,0,0,46106.502414,-20.653009,61902.679503,59552.527964,52456.207573,0.000000,0.000000,0.000000
6.966655,10uVrms10Hz_ch2pga1.bin,250,1741,28149,1,0xA3,1,0,0,192,0,0,46108.916402,-20.675361,61905.518174,59555.478394,52458.219230,0.000000,0.000000,0.000000
6.970658,10uVrms10Hz_ch2pga1.bin,250,1742,28150,1,0xA3,1,0,0,192,0,0,46111.330390,-20.675361,61908.468604,59558.339417,52460.275590,0.000000,0.000000,0.000000
6.974658,10uVrms10Hz_ch2pga1.bin,250,1743,28151,1,0xA3,1,0,0,192,0,0,46113.632619,-20.653009,61911.396682,59561.088681,52462.242544,0.000000,0.000000,0.000000
6.978661,10uVrms10Hz_ch2pga1.bin,250,1744,28152,1,0xA3,1,0,0,192,0,0,46115.778387,-20.585954,61914.078891,59563.882649,52464.120090,0.000000,0.000000,0.000000
6.982661,10uVrms10Hz_ch2pga1.bin,250,1745,28153,1,0xA3,1,0,0,192,0,0,46118.102968,-20.608306,61916.783452,59566.654265,52466.064692,0.000000,0.000000,0.000000
6.986665,10uVrms10Hz_ch2pga1.bin,250,1746,28154,1,0xA3,1,0,0,192,0,0,46120.360494,-20.496547,61919.532716,59569.425881,52467.919886,0.000000,0.000000,0.000000
6.990664,10uVrms10Hz_ch2pga1.bin,250,1747,28155,1,0xA3,1,0,0,192,0,0,46122.573316,-20.451844,61922.147870,59572.175145,52469.730377,0.000000,0.000000,0.000000
6.994667,10uVrms10Hz_ch2pga1.bin,250,1748,28156,1,0xA3,1,0,0,192,0,0,46124.674380,-20.384789,61924.807727,59574.835002,52471.563220,0.000000,0.000000,0.000000
6.998667,10uVrms10Hz_ch2pga1.bin,250,1749,28157,1,0xA3,1,0,0,192,0,0,46126.998961,-20.362437,61927.713454,59577.740729,52473.507822,0.000000,0.000000,0.000000
7.002671,10uVrms10Hz_ch2pga1.bin,250,1750,28158,1,0xA3,1,0,0,192,0,0,46129.301190,-20.250678,61930.485070,59580.601752,52475.452423,0.000000,0.000000,0.000000
7.006671,10uVrms10Hz_ch2pga1.bin,250,1751,28159,1,0xA3,1,0,0,192,0,0,46131.558716,-20.228326,61933.167279,59583.328664,52477.374673,0.000000,0.000000,0.000000
7.010674,10uVrms10Hz_ch2pga1.bin,250,1752,28160,1,0xA3,1,0,0,192,0,0,46133.860946,-20.183623,61936.028302,59586.144984,52479.229867,0.000000,0.000000,0.000000
7.014674,10uVrms10Hz_ch2pga1.bin,250,1753,28161,1,0xA3,1,0,0,192,0,0,46136.207879,-20.049512,61938.889325,59588.938951,52481.174469,0.000000,0.000000,0.000000
7.018676,10uVrms10Hz_ch2pga1.bin,250,1754,28162,1,0xA3,1,0,0,192,0,0,46138.443053,-20.161271,61941.638589,59591.621161,52483.096719,0.000000,0.000000,0.000000
7.022676,10uVrms10Hz_ch2pga1.bin,250,1755,28163,1,0xA3,1,0,0,192,0,0,46140.722930,-20.138919,61944.365501,59594.504535,52485.108376,0.000000,0.000000,0.000000
7.026677,10uVrms10Hz_ch2pga1.bin,250,1756,28164,1,0xA3,1,0,0,192,0,0,46143.092215,-20.116568,61947.226524,59597.432613,52487.142384,0.000000,0.000000,0.000000
7.030679,10uVrms10Hz_ch2pga1.bin,250,1757,28165,1,0xA3,1,0,0,192,0,0,46145.349741,-20.161271,61949.953437,59600.226581,52488.952875,0.000000,0.000000,0.000000
7.034680,10uVrms10Hz_ch2pga1.bin,250,1758,28166,1,0xA3,1,0,0,192,0,0,46147.584915,-20.161271,61952.814460,59602.998197,52490.852773,0.000000,0.000000,0.000000
7.038682,10uVrms10Hz_ch2pga1.bin,250,1759,28167,1,0xA3,1,0,0,192,0,0,46149.887145,-20.205975,61955.630779,59605.859220,52492.819726,0.000000,0.000000,0.000000
7.042682,10uVrms10Hz_ch2pga1.bin,250,1760,28168,1,0xA3,1,0,0,192,0,0,46152.167022,-20.228326,61958.335340,59608.541429,52494.719625,0.000000,0.000000,0.000000
7.046684,10uVrms10Hz_ch2pga1.bin,250,1761,28169,1,0xA3,1,0,0,192,0,0,46154.312789,-20.384789,61961.017549,59611.290693,52496.530116,0.000000,0.000000,0.000000
7.050688,10uVrms10Hz_ch2pga1.bin,250,1762,28170,1,0xA3,1,0,0,192,0,0,46156.480908,-20.496547,61963.744462,59613.995254,52498.340607,0.000000,0.000000,0.000000
7.054687,10uVrms10Hz_ch2pga1.bin,250,1763,28171,1,0xA3,1,0,0,192,0,0,46158.716083,-20.518899,61966.583133,59616.766870,52500.285208,0.000000,0.000000,0.000000
7.058690,10uVrms10Hz_ch2pga1.bin,250,1764,28172,1,0xA3,1,0,0,192,0,0,46161.152422,-20.608306,61969.399452,59619.762003,52502.341568,0.000000,0.000000,0.000000
7.062689,10uVrms10Hz_ch2pga1.bin,250,1765,28173,1,0xA3,1,0,0,192,0,0,46163.477004,-20.653009,61972.215772,59622.645378,52504.375577,0.000000,0.000000,0.000000
7.066691,10uVrms10Hz_ch2pga1.bin,250,1766,28174,1,0xA3,1,0,0,192,0,0,46165.801585,-20.697713,61975.032091,59625.394642,52506.342530,0.000000,0.000000,0.000000
7.070694,10uVrms10Hz_ch2pga1.bin,250,1767,28175,1,0xA3,1,0,0,192,0,0,46167.969704,-20.697713,61977.691948,59628.255665,52508.153021,0.000000,0.000000,0.000000
7.074693,10uVrms10Hz_ch2pga1.bin,250,1768,28176,1,0xA3,1,0,0,192,0,0,46170.249581,-20.675361,61980.463564,59631.049633,52510.008216,0.000000,0.000000,0.000000
7.078696,10uVrms10Hz_ch2pga1.bin,250,1769,28177,1,0xA3,1,0,0,192,0,0,46172.574162,-20.608306,61983.302236,59633.821249,52512.042224,0.000000,0.000000,0.000000
7.082696,10uVrms10Hz_ch2pga1.bin,250,1770,28178,1,0xA3,1,0,0,192,0,0,46174.831688,-20.563602,61986.140907,59636.615217,52513.986826,0.000000,0.000000,0.000000
7.086699,10uVrms10Hz_ch2pga1.bin,250,1771,28179,1,0xA3,1,0,0,192,0,0,46177.156270,-20.541251,61989.001930,59639.565647,52516.065538,0.000000,0.000000,0.000000
7.090699,10uVrms10Hz_ch2pga1.bin,250,1772,28180,1,0xA3,1,0,0,192,0,0,46179.503202,-20.496547,61991.795897,59642.381966,52517.965436,0.000000,0.000000,0.000000
7.094702,10uVrms10Hz_ch2pga1.bin,250,1773,28181,1,0xA3,1,0,0,192,0,0,46181.783080,-20.496547,61994.567513,59645.153582,52519.798279,0.000000,0.000000,0.000000
7.098705,10uVrms10Hz_ch2pga1.bin,250,1774,28182,1,0xA3,1,0,0,192,0,0,46184.040606,-20.384789,61997.316778,59648.036957,52521.809936,0.000000,0.000000,0.000000
7.102704,10uVrms10Hz_ch2pga1.bin,250,1775,28183,1,0xA3,1,0,0,192,0,0,46186.320484,-20.295382,62000.088394,59650.786221,52523.754537,0.000000,0.000000,0.000000
7.106706,10uVrms10Hz_ch2pga1.bin,250,1776,28184,1,0xA3,1,0,0,192,0,0,46188.510954,-20.183623,62002.748251,59653.513134,52525.565028,0.000000,0.000000,0.000000
7.110706,10uVrms10Hz_ch2pga1.bin,250,1777,28185,1,0xA3,1,0,0,192,0,0,46190.679073,-20.094216,62005.475163,59656.195343,52527.353168,0.000000,0.000000,0.000000
7.114708,10uVrms10Hz_ch2pga1.bin,250,1778,28186,1,0xA3,1,0,0,192,0,0,46193.003654,-20.071864,62008.224428,59659.056365,52529.297769,0.000000,0.000000,0.000000
7.118710,10uVrms10Hz_ch2pga1.bin,250,1779,28187,1,0xA3,1,0,0,192,0,0,46195.507050,-20.138919,62011.219561,59662.029147,52531.376481,0.000000,0.000000,0.000000
7.122713,10uVrms10Hz_ch2pga1.bin,250,1780,28188,1,0xA3,1,0,0,192,0,0,46197.921038,-20.094216,62014.192343,59664.979577,52533.432841,0.000000,0.000000,0.000000
7.126712,10uVrms10Hz_ch2pga1.bin,250,1781,28189,1,0xA3,1,0,0,192,0,0,46200.156212,-20.094216,62016.941607,59667.751193,52535.377443,0.000000,0.000000,0.000000
7.130714,10uVrms10Hz_ch2pga1.bin,250,1782,28190,1,0xA3,1,0,0,192,0,0,46202.369034,-20.116568,62019.668519,59670.589864,52537.254989,0.000000,0.000000,0.000000
7.134717,10uVrms10Hz_ch2pga1.bin,250,1783,28191,1,0xA3,1,0,0,192,0,0,46204.604208,-20.205975,62022.373080,59673.316777,52539.221942,0.000000,0.000000,0.000000
7.138715,10uVrms10Hz_ch2pga1.bin,250,1784,28192,1,0xA3,1,0,0,192,0,0,46206.928790,-20.317733,62025.189400,59676.177800,52541.099489,0.000000,0.000000,0.000000
7.142717,10uVrms10Hz_ch2pga1.bin,250,1785,28193,1,0xA3,1,0,0,192,0,0,46209.275723,-20.317733,62028.005719,59679.083526,52543.111145,0.000000,0.000000,0.000000
7.146721,10uVrms10Hz_ch2pga1.bin,250,1786,28194,1,0xA3,1,0,0,192,0,0,46211.577952,-20.362437,62030.866742,59681.877494,52545.122802,0.000000,0.000000,0.000000
7.150720,10uVrms10Hz_ch2pga1.bin,250,1787,28195,1,0xA3,1,0,0,192,0,0,46214.014292,-20.474195,62033.772469,59684.827924,52547.156811,0.000000,0.000000,0.000000
7.154723,10uVrms10Hz_ch2pga1.bin,250,1788,28196,1,0xA3,1,0,0,192,0,0,46216.338873,-20.541251,62036.633492,59687.800705,52549.213171,0.000000,0.000000,0.000000
7.158723,10uVrms10Hz_ch2pga1.bin,250,1789,28197,1,0xA3,1,0,0,192,0,0,46218.618751,-20.563602,62039.427459,59690.617025,52551.157773,0.000000,0.000000,0.000000
7.162723,10uVrms10Hz_ch2pga1.bin,250,1790,28198,1,0xA3,1,0,0,192,0,0,46220.876276,-20.630658,62042.132020,59693.299234,52553.057671,0.000000,0.000000,0.000000
7.166726,10uVrms10Hz_ch2pga1.bin,250,1791,28199,1,0xA3,1,0,0,192,0,0,46223.178506,-20.720065,62044.925988,59696.137905,52554.957569,0.000000,0.000000,0.000000
7.170726,10uVrms10Hz_ch2pga1.bin,250,1792,28200,1,0xA3,1,0,0,192,0,0,46225.391328,-20.697713,62047.652900,59698.909521,52556.745708,0.000000,0.000000,0.000000
7.174730,10uVrms10Hz_ch2pga1.bin,250,1793,28201,1,0xA3,1,0,0,192,0,0,46227.581799,-20.653009,62050.357461,59701.681137,52558.623254,0.000000,0.000000,0.000000
7.178730,10uVrms10Hz_ch2pga1.bin,250,1794,28202,1,0xA3,1,0,0,192,0,0,46229.951084,-20.608306,62053.240836,59704.609215,52560.612559,0.000000,0.000000,0.000000
7.182733,10uVrms10Hz_ch2pga1.bin,250,1795,28203,1,0xA3,1,0,0,192,0,0,46232.365072,-20.541251,62056.057155,59707.537293,52562.646568,0.000000,0.000000,0.000000
7.186735,10uVrms10Hz_ch2pga1.bin,250,1796,28204,1,0xA3,1,0,0,192,0,0,46234.577894,-20.541251,62058.761716,59710.308909,52564.591169,0.000000,0.000000,0.000000
7.190735,10uVrms10Hz_ch2pga1.bin,250,1797,28205,1,0xA3,1,0,0,192,0,0,46236.723661,-20.541251,62061.533332,59713.058174,52566.446364,0.000000,0.000000,0.000000
7.194738,10uVrms10Hz_ch2pga1.bin,250,1798,28206,1,0xA3,1,0,0,192,0,0,46239.003539,-20.407140,62064.372003,59715.762734,52568.301558,0.000000,0.000000,0.000000
7.198738,10uVrms10Hz_ch2pga1.bin,250,1799,28207,1,0xA3,1,0,0,192,0,0,46241.305768,-20.295382,62067.121267,59718.534350,52570.201457,0.000000,0.000000,0.000000
7.202741,10uVrms10Hz_ch2pga1.bin,250,1800,28208,1,0xA3,1,0,0,192,0,0,46243.630350,-20.250678,62069.937587,59721.417725,52572.190762,0.000000,0.000000,0.000000
7.206740,10uVrms10Hz_ch2pga1.bin,250,1801,28209,1,0xA3,1,0,0,192,0,0,46245.932579,-20.161271,62072.843313,59724.256396,52574.113011,0.000000,0.000000,0.000000
7.210743,10uVrms10Hz_ch2pga1.bin,250,1802,28210,1,0xA3,1,0,0,192,0,0,46248.078346,-20.138919,62075.570226,59727.005661,52575.968206,0.000000,0.000000,0.000000
7.214744,10uVrms10Hz_ch2pga1.bin,250,1803,28211,1,0xA3,1,0,0,192,0,0,46250.246465,-20.138919,62078.252435,59729.866683,52577.868104,0.000000,0.000000,0.000000
7.218747,10uVrms10Hz_ch2pga1.bin,250,1804,28212,1,0xA3,1,0,0,192,0,0,46252.593398,-20.071864,62081.091106,59732.750058,52579.812706,0.000000,0.000000,0.000000
7.222747,10uVrms10Hz_ch2pga1.bin,250,1805,28213,1,0xA3,1,0,0,192,0,0,46254.940331,-20.071864,62083.929777,59735.476971,52581.757307,0.000000,0.000000,0.000000
7.226750,10uVrms10Hz_ch2pga1.bin,250,1806,28214,1,0xA3,1,0,0,192,0,0,46257.220209,-20.138919,62086.656690,59738.181531,52583.612502,0.000000,0.000000,0.000000
7.230749,10uVrms10Hz_ch2pga1.bin,250,1807,28215,1,0xA3,1,0,0,192,0,0,46259.455383,-20.205975,62089.338899,59741.020203,52585.490048,0.000000,0.000000,0.000000
7.234753,10uVrms10Hz_ch2pga1.bin,250,1808,28216,1,0xA3,1,0,0,192,0,0,46261.847019,-20.183623,62092.356384,59743.948281,52587.591112,0.000000,0.000000,0.000000
7.238752,10uVrms10Hz_ch2pga1.bin,250,1809,28217,1,0xA3,1,0,0,192,0,0,46264.328063,-20.205975,62095.239758,59746.965766,52589.692175,0.000000,0.000000,0.000000
7.242755,10uVrms10Hz_ch2pga1.bin,250,1810,28218,1,0xA3,1,0,0,192,0,0,46266.630292,-20.295382,62098.011374,59749.849141,52591.614425,0.000000,0.000000,0.000000
7.246755,10uVrms10Hz_ch2pga1.bin,250,1811,28219,1,0xA3,1,0,0,192,0,0,46268.910170,-20.384789,62100.894749,59752.620757,52593.514323,0.000000,0.000000,0.000000
7.250759,10uVrms10Hz_ch2pga1.bin,250,1812,28220,1,0xA3,1,0,0,192,0,0,46271.100640,-20.474195,62103.621662,59755.280614,52595.414221,0.000000,0.000000,0.000000
7.254758,10uVrms10Hz_ch2pga1.bin,250,1813,28221,1,0xA3,1,0,0,192,0,0,46273.380518,-20.518899,62106.415629,59758.074582,52597.425878,0.000000,0.000000,0.000000
7.258762,10uVrms10Hz_ch2pga1.bin,250,1814,28222,1,0xA3,1,0,0,192,0,0,46275.772154,-20.541251,62109.343708,59761.025012,52599.370480,0.000000,0.000000,0.000000
7.262761,10uVrms10Hz_ch2pga1.bin,250,1815,28223,1,0xA3,1,0,0,192,0,0,46278.096735,-20.697713,62112.160027,59763.930738,52601.337433,0.000000,0.000000,0.000000
7.266764,10uVrms10Hz_ch2pga1.bin,250,1816,28224,1,0xA3,1,0,0,192,0,0,46280.376613,-20.720065,62114.909291,59766.836464,52603.237331,0.000000,0.000000,0.000000
7.270764,10uVrms10Hz_ch2pga1.bin,250,1817,28225,1,0xA3,1,0,0,192,0,0,46282.567084,-20.653009,62117.636204,59769.563377,52605.137229,0.000000,0.000000,0.000000
7.274767,10uVrms10Hz_ch2pga1.bin,250,1818,28226,1,0xA3,1,0,0,192,0,0,46284.936368,-20.697713,62120.363116,59772.424400,52607.081831,0.000000,0.000000,0.000000
7.278767,10uVrms10Hz_ch2pga1.bin,250,1819,28227,1,0xA3,1,0,0,192,0,0,46287.305653,-20.608306,62123.268843,59775.240719,52609.138191,0.000000,0.000000,0.000000
7.282771,10uVrms10Hz_ch2pga1.bin,250,1820,28228,1,0xA3,1,0,0,192,0,0,46289.652586,-20.653009,62126.174569,59778.146446,52611.127496,0.000000,0.000000,0.000000
7.286770,10uVrms10Hz_ch2pga1.bin,250,1821,28229,1,0xA3,1,0,0,192,0,0,46291.932464,-20.563602,62129.035592,59780.962765,52613.094449,0.000000,0.000000,0.000000
7.290774,10uVrms10Hz_ch2pga1.bin,250,1822,28230,1,0xA3,1,0,0,192,0,0,46294.122934,-20.496547,62131.807208,59783.846140,52614.971995,0.000000,0.000000,0.000000
7.294773,10uVrms10Hz_ch2pga1.bin,250,1823,28231,1,0xA3,1,0,0,192,0,0,46296.559274,-20.429492,62134.690583,59786.796570,52616.983652,0.000000,0.000000,0.000000
7.298777,10uVrms10Hz_ch2pga1.bin,250,1824,28232,1,0xA3,1,0,0,192,0,0,46299.085021,-20.429492,62137.708068,59789.791703,52619.084716,0.000000,0.000000,0.000000
7.302776,10uVrms10Hz_ch2pga1.bin,250,1825,28233,1,0xA3,1,0,0,192,0,0,46301.521361,-20.273030,62140.613794,59792.786837,52621.230483,0.000000,0.000000,0.000000
7.306779,10uVrms10Hz_ch2pga1.bin,250,1826,28234,1,0xA3,1,0,0,192,0,0,46303.823590,-20.205975,62143.385410,59795.603156,52623.152733,0.000000,0.000000,0.000000
7.310779,10uVrms10Hz_ch2pga1.bin,250,1827,28235,1,0xA3,1,0,0,192,0,0,46306.058764,-20.161271,62146.067619,59798.240662,52625.007927,0.000000,0.000000,0.000000
7.314783,10uVrms10Hz_ch2pga1.bin,250,1828,28236,1,0xA3,1,0,0,192,0,0,46308.137476,-20.138919,62148.727477,59801.012278,52626.863122,0.000000,0.000000,0.000000
7.318783,10uVrms10Hz_ch2pga1.bin,250,1829,28237,1,0xA3,1,0,0,192,0,0,46310.462058,-20.138919,62151.521444,59803.918004,52628.807724,0.000000,0.000000,0.000000
7.322786,10uVrms10Hz_ch2pga1.bin,250,1830,28238,1,0xA3,1,0,0,192,0,0,46312.876046,-20.094216,62154.360116,59806.734324,52630.797029,0.000000,0.000000,0.000000
7.326786,10uVrms10Hz_ch2pga1.bin,250,1831,28239,1,0xA3,1,0,0,192,0,0,46315.200627,-20.094216,62157.265842,59809.595346,52632.741630,0.000000,0.000000,0.000000
7.330790,10uVrms10Hz_ch2pga1.bin,250,1832,28240,1,0xA3,1,0,0,192,0,0,46317.435801,-20.071864,62160.037458,59812.411666,52634.641528,0.000000,0.000000,0.000000
7.334790,10uVrms10Hz_ch2pga1.bin,250,1833,28241,1,0xA3,1,0,0,192,0,0,46319.603920,-20.161271,62162.786722,59815.183282,52636.519074,0.000000,0.000000,0.000000
7.338790,10uVrms10Hz_ch2pga1.bin,250,1834,28242,1,0xA3,1,0,0,192,0,0,46321.950853,-20.250678,62165.714800,59817.954898,52638.486028,0.000000,0.000000,0.000000
7.342794,10uVrms10Hz_ch2pga1.bin,250,1835,28243,1,0xA3,1,0,0,192,0,0,46324.275434,-20.317733,62168.553472,59820.882976,52640.542388,0.000000,0.000000,0.000000
7.346794,10uVrms10Hz_ch2pga1.bin,250,1836,28244,1,0xA3,1,0,0,192,0,0,46326.532960,-20.407140,62171.325088,59823.721647,52642.352879,0.000000,0.000000,0.000000
7.350797,10uVrms10Hz_ch2pga1.bin,250,1837,28245,1,0xA3,1,0,0,192,0,0,46328.812838,-20.451844,62174.096704,59826.470912,52644.208074,0.000000,0.000000,0.000000
7.354797,10uVrms10Hz_ch2pga1.bin,250,1838,28246,1,0xA3,1,0,0,192,0,0,46331.226826,-20.585954,62177.002430,59829.354286,52646.286786,0.000000,0.000000,0.000000
7.358801,10uVrms10Hz_ch2pga1.bin,250,1839,28247,1,0xA3,1,0,0,192,0,0,46333.640814,-20.697713,62179.930508,59832.327068,52648.365498,0.000000,0.000000,0.000000
7.362801,10uVrms10Hz_ch2pga1.bin,250,1840,28248,1,0xA3,1,0,0,192,0,0,46336.010098,-20.608306,62182.791531,59835.232794,52650.354803,0.000000,0.000000,0.000000
7.366801,10uVrms10Hz_ch2pga1.bin,250,1841,28249,1,0xA3,1,0,0,192,0,0,46338.312328,-20.653009,62185.518444,59838.093817,52652.299404,0.000000,0.000000,0.000000
7.370804,10uVrms10Hz_ch2pga1.bin,250,1842,28250,1,0xA3,1,0,0,192,0,0,46340.435743,-20.697713,62188.267708,59840.843081,52654.199302,0.000000,0.000000,0.000000
7.374804,10uVrms10Hz_ch2pga1.bin,250,1843,28251,1,0xA3,1,0,0,192,0,0,46342.715621,-20.720065,62190.994620,59843.569994,52656.054497,0.000000,0.000000,0.000000
7.378808,10uVrms10Hz_ch2pga1.bin,250,1844,28252,1,0xA3,1,0,0,192,0,0,46345.017850,-20.653009,62193.810940,59846.408665,52657.976747,0.000000,0.000000,0.000000
7.382807,10uVrms10Hz_ch2pga1.bin,250,1845,28253,1,0xA3,1,0,0,192,0,0,46347.364783,-20.608306,62196.739018,59849.359095,52660.010755,0.000000,0.000000,0.000000
7.386811,10uVrms10Hz_ch2pga1.bin,250,1846,28254,1,0xA3,1,0,0,192,0,0,46349.689364,-20.585954,62199.600041,59852.242470,52662.067115,0.000000,0.000000,0.000000
7.390811,10uVrms10Hz_ch2pga1.bin,250,1847,28255,1,0xA3,1,0,0,192,0,0,46352.081001,-20.451844,62202.394009,59855.014086,52664.011717,0.000000,0.000000,0.000000
7.394814,10uVrms10Hz_ch2pga1.bin,250,1848,28256,1,0xA3,1,0,0,192,0,0,46354.338527,-20.429492,62205.120921,59857.852757,52665.911615,0.000000,0.000000,0.000000
7.398814,10uVrms10Hz_ch2pga1.bin,250,1849,28257,1,0xA3,1,0,0,192,0,0,46356.528997,-20.384789,62207.959592,59860.713780,52667.900920,0.000000,0.000000,0.000000
7.402818,10uVrms10Hz_ch2pga1.bin,250,1850,28258,1,0xA3,1,0,0,192,0,0,46358.987689,-20.273030,62210.842967,59863.574803,52669.890225,0.000000,0.000000,0.000000
7.406818,10uVrms10Hz_ch2pga1.bin,250,1851,28259,1,0xA3,1,0,0,192,0,0,46361.267567,-20.183623,62213.569880,59866.346419,52671.700716,0.000000,0.000000,0.000000
7.410818,10uVrms10Hz_ch2pga1.bin,250,1852,28260,1,0xA3,1,0,0,192,0,0,46363.502741,-20.205975,62216.363847,59869.095683,52673.622966,0.000000,0.000000,0.000000
7.414821,10uVrms10Hz_ch2pga1.bin,250,1853,28261,1,0xA3,1,0,0,192,0,0,46365.804970,-20.161271,62219.180167,59871.912003,52675.634623,0.000000,0.000000,0.000000
7.418821,10uVrms10Hz_ch2pga1.bin,250,1854,28262,1,0xA3,1,0,0,192,0,0,46368.174255,-20.116568,62221.951783,59874.795377,52677.579224,0.000000,0.000000,0.000000
7.422824,10uVrms10Hz_ch2pga1.bin,250,1855,28263,1,0xA3,1,0,0,192,0,0,46370.431781,-20.049512,62224.701047,59877.656400,52679.568529,0.000000,0.000000,0.000000
7.426824,10uVrms10Hz_ch2pga1.bin,250,1856,28264,1,0xA3,1,0,0,192,0,0,46372.622252,-20.071864,62227.427959,59880.383313,52681.468427,0.000000,0.000000,0.000000
7.430827,10uVrms10Hz_ch2pga1.bin,250,1857,28265,1,0xA3,1,0,0,192,0,0,46374.790370,-20.161271,62230.266631,59883.110225,52683.301270,0.000000,0.000000,0.000000
7.434827,10uVrms10Hz_ch2pga1.bin,250,1858,28266,1,0xA3,1,0,0,192,0,0,46377.114952,-20.273030,62232.993543,59885.881841,52685.268223,0.000000,0.000000,0.000000
7.438830,10uVrms10Hz_ch2pga1.bin,250,1859,28267,1,0xA3,1,0,0,192,0,0,46379.506588,-20.295382,62235.876918,59888.854623,52687.279880,0.000000,0.000000,0.000000
7.442830,10uVrms10Hz_ch2pga1.bin,250,1860,28268,1,0xA3,1,0,0,192,0,0,46381.898224,-20.317733,62238.715589,59891.827404,52689.269185,0.000000,0.000000,0.000000
7.446833,10uVrms10Hz_ch2pga1.bin,250,1861,28269,1,0xA3,1,0,0,192,0,0,46384.200454,-20.317733,62241.554260,59894.666076,52691.146731,0.000000,0.000000,0.000000
7.450836,10uVrms10Hz_ch2pga1.bin,250,1862,28270,1,0xA3,1,0,0,192,0,0,46386.502683,-20.384789,62244.191766,59897.437692,52693.113685,0.000000,0.000000,0.000000
7.454835,10uVrms10Hz_ch2pga1.bin,250,1863,28271,1,0xA3,1,0,0,192,0,0,46388.804913,-20.429492,62247.052789,59900.209308,52694.968879,0.000000,0.000000,0.000000
7.458839,10uVrms10Hz_ch2pga1.bin,250,1864,28272,1,0xA3,1,0,0,192,0,0,46391.017735,-20.563602,62249.869108,59902.980924,52696.891129,0.000000,0.000000,0.000000
7.462839,10uVrms10Hz_ch2pga1.bin,250,1865,28273,1,0xA3,1,0,0,192,0,0,46393.297613,-20.630658,62252.618372,59905.797243,52698.835731,0.000000,0.000000,0.000000
7.466839,10uVrms10Hz_ch2pga1.bin,250,1866,28274,1,0xA3,1,0,0,192,0,0,46395.510435,-20.675361,62255.255878,59908.658266,52700.690925,0.000000,0.000000,0.000000
7.470842,10uVrms10Hz_ch2pga1.bin,250,1867,28275,1,0xA3,1,0,0,192,0,0,46397.790313,-20.697713,62257.982790,59911.429882,52702.501416,0.000000,0.000000,0.000000
7.474841,10uVrms10Hz_ch2pga1.bin,250,1868,28276,1,0xA3,1,0,0,192,0,0,46400.092542,-20.697713,62260.910869,59914.290905,52704.602480,0.000000,0.000000,0.000000
7.478845,10uVrms10Hz_ch2pga1.bin,250,1869,28277,1,0xA3,1,0,0,192,0,0,46402.417123,-20.608306,62263.861299,59917.263687,52706.614137,0.000000,0.000000,0.000000
7.482845,10uVrms10Hz_ch2pga1.bin,250,1870,28278,1,0xA3,1,0,0,192,0,0,46404.808760,-20.608306,62266.632915,59920.124710,52708.670497,0.000000,0.000000,0.000000
7.486849,10uVrms10Hz_ch2pga1.bin,250,1871,28279,1,0xA3,1,0,0,192,0,0,46407.066286,-20.496547,62269.516289,59922.873974,52710.570395,0.000000,0.000000,0.000000
7.490848,10uVrms10Hz_ch2pga1.bin,250,1872,28280,1,0xA3,1,0,0,192,0,0,46409.413218,-20.496547,62272.310257,59925.623238,52712.403238,0.000000,0.000000,0.000000
7.494852,10uVrms10Hz_ch2pga1.bin,250,1873,28281,1,0xA3,1,0,0,192,0,0,46411.804855,-20.429492,62274.947762,59928.461909,52714.370191,0.000000,0.000000,0.000000
7.498852,10uVrms10Hz_ch2pga1.bin,250,1874,28282,1,0xA3,1,0,0,192,0,0,46413.972974,-20.317733,62277.719378,59931.233525,52716.381848,0.000000,0.000000,0.000000
7.502855,10uVrms10Hz_ch2pga1.bin,250,1875,28283,1,0xA3,1,0,0,192,0,0,46416.230500,-20.362437,62280.625105,59934.139252,52718.348801,0.000000,0.000000,0.000000
7.506855,10uVrms10Hz_ch2pga1.bin,250,1876,28284,1,0xA3,1,0,0,192,0,0,46418.577433,-20.250678,62283.352017,59936.977923,52720.315754,0.000000,0.000000,0.000000
7.510858,10uVrms10Hz_ch2pga1.bin,250,1877,28285,1,0xA3,1,0,0,192,0,0,46420.857310,-20.183623,62286.056578,59939.704835,52722.103894,0.000000,0.000000,0.000000
7.514857,10uVrms10Hz_ch2pga1.bin,250,1878,28286,1,0xA3,1,0,0,192,0,0,46423.137188,-20.138919,62288.828194,59942.543507,52724.026144,0.000000,0.000000,0.000000
7.518861,10uVrms10Hz_ch2pga1.bin,250,1879,28287,1,0xA3,1,0,0,192,0,0,46425.461769,-20.138919,62291.599810,59945.382178,52726.104856,0.000000,0.000000,0.000000
7.522861,10uVrms10Hz_ch2pga1.bin,250,1880,28288,1,0xA3,1,0,0,192,0,0,46427.719295,-20.183623,62294.505537,59948.198497,52728.027105,0.000000,0.000000,0.000000
7.526865,10uVrms10Hz_ch2pga1.bin,250,1881,28289,1,0xA3,1,0,0,192,0,0,46430.066228,-20.161271,62297.277153,59950.947762,52729.927003,0.000000,0.000000,0.000000
7.530864,10uVrms10Hz_ch2pga1.bin,250,1882,28290,1,0xA3,1,0,0,192,0,0,46432.301402,-20.116568,62300.071120,59953.741729,52731.871605,0.000000,0.000000,0.000000
7.534865,10uVrms10Hz_ch2pga1.bin,250,1883,28291,1,0xA3,1,0,0,192,0,0,46434.715390,-20.161271,62302.954495,59956.692159,52733.950317,0.000000,0.000000,0.000000
7.538867,10uVrms10Hz_ch2pga1.bin,250,1884,28292,1,0xA3,1,0,0,192,0,0,46437.151730,-20.295382,62305.882573,59959.642589,52735.939622,0.000000,0.000000,0.000000
7.542868,10uVrms10Hz_ch2pga1.bin,250,1885,28293,1,0xA3,1,0,0,192,0,0,46439.364552,-20.317733,62308.631837,59962.481260,52737.817168,0.000000,0.000000,0.000000
7.546872,10uVrms10Hz_ch2pga1.bin,250,1886,28294,1,0xA3,1,0,0,192,0,0,46441.465616,-20.340085,62311.314046,59965.141118,52739.582956,0.000000,0.000000,0.000000
7.550872,10uVrms10Hz_ch2pga1.bin,250,1887,28295,1,0xA3,1,0,0,192,0,0,46443.790197,-20.429492,62314.018607,59967.845678,52741.393447,0.000000,0.000000,0.000000
7.554872,10uVrms10Hz_ch2pga1.bin,250,1888,28296,1,0xA3,1,0,0,192,0,0,46446.159482,-20.474195,62316.745520,59970.684350,52743.338048,0.000000,0.000000,0.000000
7.558876,10uVrms10Hz_ch2pga1.bin,250,1889,28297,1,0xA3,1,0,0,192,0,0,46448.327601,-20.541251,62319.472432,59973.500669,52745.282650,0.000000,0.000000,0.000000
7.562876,10uVrms10Hz_ch2pga1.bin,250,1890,28298,1,0xA3,1,0,0,192,0,0,46450.696886,-20.653009,62322.400510,59976.384044,52747.294307,0.000000,0.000000,0.000000
7.566880,10uVrms10Hz_ch2pga1.bin,250,1891,28299,1,0xA3,1,0,0,192,0,0,46453.021467,-20.697713,62325.216830,59979.289770,52749.283612,0.000000,0.000000,0.000000
7.570880,10uVrms10Hz_ch2pga1.bin,250,1892,28300,1,0xA3,1,0,0,192,0,0,46455.256641,-20.675361,62328.033149,59982.083738,52751.183510,0.000000,0.000000,0.000000
7.574880,10uVrms10Hz_ch2pga1.bin,250,1893,28301,1,0xA3,1,0,0,192,0,0,46457.514167,-20.742416,62330.760062,59984.922409,52753.105760,0.000000,0.000000,0.000000
7.578884,10uVrms10Hz_ch2pga1.bin,250,1894,28302,1,0xA3,1,0,0,192,0,0,46459.771693,-20.675361,62333.554029,59987.694025,52755.005658,0.000000,0.000000,0.000000
7.582884,10uVrms10Hz_ch2pga1.bin,250,1895,28303,1,0xA3,1,0,0,192,0,0,46461.962163,-20.585954,62336.303294,59990.443289,52756.950259,0.000000,0.000000,0.000000
7.586887,10uVrms10Hz_ch2pga1.bin,250,1896,28304,1,0xA3,1,0,0,192,0,0,46464.264393,-20.496547,62339.074910,59993.214905,52758.850157,0.000000,0.000000,0.000000
7.590887,10uVrms10Hz_ch2pga1.bin,250,1897,28305,1,0xA3,1,0,0,192,0,0,46466.544271,-20.384789,62341.757119,59996.075928,52760.705352,0.000000,0.000000,0.000000
7.594891,10uVrms10Hz_ch2pga1.bin,250,1898,28306,1,0xA3,1,0,0,192,0,0,46468.935907,-20.340085,62344.573438,59998.981655,52762.694657,0.000000,0.000000,0.000000
7.598891,10uVrms10Hz_ch2pga1.bin,250,1899,28307,1,0xA3,1,0,0,192,0,0,46471.349895,-20.317733,62347.568572,60001.954436,52764.795721,0.000000,0.000000,0.000000
7.602895,10uVrms10Hz_ch2pga1.bin,250,1900,28308,1,0xA3,1,0,0,192,0,0,46473.719180,-20.273030,62350.384891,60004.726052,52766.829729,0.000000,0.000000,0.000000
7.606895,10uVrms10Hz_ch2pga1.bin,250,1901,28309,1,0xA3,1,0,0,192,0,0,46475.954354,-20.138919,62353.067100,60007.475317,52768.617868,0.000000,0.000000,0.000000
7.610898,10uVrms10Hz_ch2pga1.bin,250,1902,28310,1,0xA3,1,0,0,192,0,0,46478.167176,-20.138919,62355.861068,60010.358691,52770.495415,0.000000,0.000000,0.000000
7.614901,10uVrms10Hz_ch2pga1.bin,250,1903,28311,1,0xA3,1,0,0,192,0,0,46480.424702,-20.094216,62358.610332,60013.130307,52772.395313,0.000000,0.000000,0.000000
7.618901,10uVrms10Hz_ch2pga1.bin,250,1904,28312,1,0xA3,1,0,0,192,0,0,46482.883394,-20.138919,62361.538410,60016.013682,52774.384618,0.000000,0.000000,0.000000
7.622904,10uVrms10Hz_ch2pga1.bin,250,1905,28313,1,0xA3,1,0,0,192,0,0,46485.252678,-20.138919,62364.444137,60018.986464,52776.508033,0.000000,0.000000,0.000000
7.626903,10uVrms10Hz_ch2pga1.bin,250,1906,28314,1,0xA3,1,0,0,192,0,0,46487.465501,-20.094216,62367.081642,60021.758080,52778.363228,0.000000,0.000000,0.000000
7.630907,10uVrms10Hz_ch2pga1.bin,250,1907,28315,1,0xA3,1,0,0,192,0,0,46489.633620,-20.228326,62369.741499,60024.462640,52780.151367,0.000000,0.000000,0.000000
7.634906,10uVrms10Hz_ch2pga1.bin,250,1908,28316,1,0xA3,1,0,0,192,0,0,46491.891146,-20.205975,62372.624874,60027.256608,52781.984210,0.000000,0.000000,0.000000
7.638906,10uVrms10Hz_ch2pga1.bin,250,1909,28317,1,0xA3,1,0,0,192,0,0,46494.282782,-20.205975,62375.418842,60030.139983,52784.062922,0.000000,0.000000,0.000000
7.642906,10uVrms10Hz_ch2pga1.bin,250,1910,28318,1,0xA3,1,0,0,192,0,0,46496.495605,-20.384789,62378.212810,60033.045709,52786.029875,0.000000,0.000000,0.000000
7.646906,10uVrms10Hz_ch2pga1.bin,250,1911,28319,1,0xA3,1,0,0,192,0,0,46498.842537,-20.474195,62381.051481,60035.862029,52787.996829,0.000000,0.000000,0.000000
7.650908,10uVrms10Hz_ch2pga1.bin,250,1912,28320,1,0xA3,1,0,0,192,0,0,46501.211822,-20.496547,62383.845448,60038.745403,52789.963782,0.000000,0.000000,0.000000
7.654910,10uVrms10Hz_ch2pga1.bin,250,1913,28321,1,0xA3,1,0,0,192,0,0,46503.692865,-20.608306,62386.795878,60041.628778,52792.042494,0.000000,0.000000,0.000000
7.658910,10uVrms10Hz_ch2pga1.bin,250,1914,28322,1,0xA3,1,0,0,192,0,0,46506.017447,-20.608306,62389.545143,60044.467449,52794.098854,0.000000,0.000000,0.000000
7.662913,10uVrms10Hz_ch2pga1.bin,250,1915,28323,1,0xA3,1,0,0,192,0,0,46508.185565,-20.675361,62392.272055,60047.306120,52795.886993,0.000000,0.000000,0.000000
7.666912,10uVrms10Hz_ch2pga1.bin,250,1916,28324,1,0xA3,1,0,0,192,0,0,46510.286629,-20.630658,62394.976616,60049.988329,52797.608078,0.000000,0.000000,0.000000
7.670915,10uVrms10Hz_ch2pga1.bin,250,1917,28325,1,0xA3,1,0,0,192,0,0,46512.588859,-20.653009,62397.658825,60052.692890,52799.463272,0.000000,0.000000,0.000000
7.674918,10uVrms10Hz_ch2pga1.bin,250,1918,28326,1,0xA3,1,0,0,192,0,0,46514.801681,-20.697713,62400.564551,60055.486858,52801.430225,0.000000,0.000000,0.000000
7.678917,10uVrms10Hz_ch2pga1.bin,250,1919,28327,1,0xA3,1,0,0,192,0,0,46517.193317,-20.697713,62403.447926,60058.370233,52803.508937,0.000000,0.000000,0.000000
7.682919,10uVrms10Hz_ch2pga1.bin,250,1920,28328,1,0xA3,1,0,0,192,0,0,46519.652009,-20.563602,62406.308949,60061.298311,52805.565298,0.000000,0.000000,0.000000
7.686918,10uVrms10Hz_ch2pga1.bin,250,1921,28329,1,0xA3,1,0,0,192,0,0,46521.998942,-20.518899,62409.058213,60064.069927,52807.554603,0.000000,0.000000,0.000000
7.690921,10uVrms10Hz_ch2pga1.bin,250,1922,28330,1,0xA3,1,0,0,192,0,0,46524.144709,-20.474195,62411.762774,60066.908598,52809.409797,0.000000,0.000000,0.000000
7.694924,10uVrms10Hz_ch2pga1.bin,250,1923,28331,1,0xA3,1,0,0,192,0,0,46526.446939,-20.362437,62414.467335,60069.657862,52811.220288,0.000000,0.000000,0.000000
7.698922,10uVrms10Hz_ch2pga1.bin,250,1924,28332,1,0xA3,1,0,0,192,0,0,46528.771520,-20.384789,62417.216599,60072.451830,52813.209593,0.000000,0.000000,0.000000
7.702924,10uVrms10Hz_ch2pga1.bin,250,1925,28333,1,0xA3,1,0,0,192,0,0,46531.096101,-20.317733,62420.055270,60075.290501,52815.176547,0.000000,0.000000,0.000000
7.706926,10uVrms10Hz_ch2pga1.bin,250,1926,28334,1,0xA3,1,0,0,192,0,0,46533.286572,-20.273030,62422.871590,60078.084469,52817.165852,0.000000,0.000000,0.000000
7.710928,10uVrms10Hz_ch2pga1.bin,250,1927,28335,1,0xA3,1,0,0,192,0,0,46535.611153,-20.205975,62425.576150,60080.856085,52819.043398,0.000000,0.000000,0.000000
7.714930,10uVrms10Hz_ch2pga1.bin,250,1928,28336,1,0xA3,1,0,0,192,0,0,46537.980437,-20.161271,62428.526580,60083.784163,52821.099758,0.000000,0.000000,0.000000
7.718929,10uVrms10Hz_ch2pga1.bin,250,1929,28337,1,0xA3,1,0,0,192,0,0,46540.349722,-20.094216,62431.409955,60086.689889,52823.111415,0.000000,0.000000,0.000000
7.722932,10uVrms10Hz_ch2pga1.bin,250,1930,28338,1,0xA3,1,0,0,192,0,0,46542.719007,-20.094216,62434.270978,60089.483857,52825.100720,0.000000,0.000000,0.000000
7.726934,10uVrms10Hz_ch2pga1.bin,250,1931,28339,1,0xA3,1,0,0,192,0,0,46544.976532,-20.161271,62437.042594,60092.277825,52827.022970,0.000000,0.000000,0.000000
7.730933,10uVrms10Hz_ch2pga1.bin,250,1932,28340,1,0xA3,1,0,0,192,0,0,46547.144651,-20.161271,62439.702451,60095.071793,52828.833461,0.000000,0.000000,0.000000
7.734937,10uVrms10Hz_ch2pga1.bin,250,1933,28341,1,0xA3,1,0,0,192,0,0,46549.424529,-20.161271,62442.339957,60097.776353,52830.822766,0.000000,0.000000,0.000000
7.738936,10uVrms10Hz_ch2pga1.bin,250,1934,28342,1,0xA3,1,0,0,192,0,0,46551.771462,-20.250678,62445.312738,60100.615025,52832.834423,0.000000,0.000000,0.000000
7.742939,10uVrms10Hz_ch2pga1.bin,250,1935,28343,1,0xA3,1,0,0,192,0,0,46554.185450,-20.317733,62448.084354,60103.498399,52834.734321,0.000000,0.000000,0.000000
7.746941,10uVrms10Hz_ch2pga1.bin,250,1936,28344,1,0xA3,1,0,0,192,0,0,46556.420624,-20.362437,62450.833619,60106.270015,52836.634219,0.000000,0.000000,0.000000
7.750939,10uVrms10Hz_ch2pga1.bin,250,1937,28345,1,0xA3,1,0,0,192,0,0,46558.767557,-20.474195,62453.694642,60109.175742,52838.534117,0.000000,0.000000,0.000000
7.754941,10uVrms10Hz_ch2pga1.bin,250,1938,28346,1,0xA3,1,0,0,192,0,0,46561.069787,-20.585954,62456.443906,60111.969709,52840.389311,0.000000,0.000000,0.000000
7.758942,10uVrms10Hz_ch2pga1.bin,250,1939,28347,1,0xA3,1,0,0,192,0,0,46563.304961,-20.653009,62459.260225,60114.696622,52842.378616,0.000000,0.000000,0.000000
7.762945,10uVrms10Hz_ch2pga1.bin,250,1940,28348,1,0xA3,1,0,0,192,0,0,46565.629542,-20.675361,62462.009490,60117.490590,52844.300866,0.000000,0.000000,0.000000
7.766946,10uVrms10Hz_ch2pga1.bin,250,1941,28349,1,0xA3,1,0,0,192,0,0,46567.820013,-20.720065,62464.736402,60120.239854,52846.200764,0.000000,0.000000,0.000000
7.770948,10uVrms10Hz_ch2pga1.bin,250,1942,28350,1,0xA3,1,0,0,192,0,0,46570.032835,-20.764768,62467.508018,60123.011470,52848.100662,0.000000,0.000000,0.000000
7.774948,10uVrms10Hz_ch2pga1.bin,250,1943,28351,1,0xA3,1,0,0,192,0,0,46572.223306,-20.653009,62470.346689,60125.805438,52849.978209,0.000000,0.000000,0.000000
7.778950,10uVrms10Hz_ch2pga1.bin,250,1944,28352,1,0xA3,1,0,0,192,0,0,46574.592590,-20.563602,62473.163009,60128.666461,52851.945162,0.000000,0.000000,0.000000
7.782950,10uVrms10Hz_ch2pga1.bin,250,1945,28353,1,0xA3,1,0,0,192,0,0,46576.917171,-20.585954,62475.979328,60131.549835,52853.912115,0.000000,0.000000,0.000000
7.786954,10uVrms10Hz_ch2pga1.bin,250,1946,28354,1,0xA3,1,0,0,192,0,0,46579.353511,-20.541251,62478.840351,60134.477913,52855.901420,0.000000,0.000000,0.000000
7.790953,10uVrms10Hz_ch2pga1.bin,250,1947,28355,1,0xA3,1,0,0,192,0,0,46581.611037,-20.496547,62481.656671,60137.294233,52857.980132,0.000000,0.000000,0.000000
7.794957,10uVrms10Hz_ch2pga1.bin,250,1948,28356,1,0xA3,1,0,0,192,0,0,46583.935618,-20.429492,62484.383583,60140.065849,52859.902382,0.000000,0.000000,0.000000
7.798956,10uVrms10Hz_ch2pga1.bin,250,1949,28357,1,0xA3,1,0,0,192,0,0,46586.237848,-20.340085,62487.155199,60142.815113,52861.846983,0.000000,0.000000,0.000000
7.802959,10uVrms10Hz_ch2pga1.bin,250,1950,28358,1,0xA3,1,0,0,192,0,0,46588.517725,-20.295382,62489.926815,60145.765543,52863.836288,0.000000,0.000000,0.000000
7.806959,10uVrms10Hz_ch2pga1.bin,250,1951,28359,1,0xA3,1,0,0,192,0,0,46590.864658,-20.228326,62492.698431,60148.604214,52865.758538,0.000000,0.000000,0.000000
7.810962,10uVrms10Hz_ch2pga1.bin,250,1952,28360,1,0xA3,1,0,0,192,0,0,46593.278646,-20.205975,62495.648861,60151.532292,52867.792547,0.000000,0.000000,0.000000
7.814962,10uVrms10Hz_ch2pga1.bin,250,1953,28361,1,0xA3,1,0,0,192,0,0,46595.714986,-20.094216,62498.576939,60154.438019,52869.938314,0.000000,0.000000,0.000000
7.818965,10uVrms10Hz_ch2pga1.bin,250,1954,28362,1,0xA3,1,0,0,192,0,0,46598.106623,-20.027161,62501.460314,60157.410800,52871.949971,0.000000,0.000000,0.000000
7.822965,10uVrms10Hz_ch2pga1.bin,250,1955,28363,1,0xA3,1,0,0,192,0,0,46600.408852,-20.049512,62504.298985,60160.204768,52873.872221,0.000000,0.000000,0.000000
7.826968,10uVrms10Hz_ch2pga1.bin,250,1956,28364,1,0xA3,1,0,0,192,0,0,46602.666378,-20.116568,62506.981194,60162.954032,52875.705063,0.000000,0.000000,0.000000
7.830968,10uVrms10Hz_ch2pga1.bin,250,1957,28365,1,0xA3,1,0,0,192,0,0,46604.879200,-20.138919,62509.708107,60165.680945,52877.582610,0.000000,0.000000,0.000000
7.834972,10uVrms10Hz_ch2pga1.bin,250,1958,28366,1,0xA3,1,0,0,192,0,0,46607.159078,-20.205975,62512.412667,60168.519616,52879.460156,0.000000,0.000000,0.000000
7.838972,10uVrms10Hz_ch2pga1.bin,250,1959,28367,1,0xA3,1,0,0,192,0,0,46609.640121,-20.273030,62515.363097,60171.447694,52881.605923,0.000000,0.000000,0.000000
7.842975,10uVrms10Hz_ch2pga1.bin,250,1960,28368,1,0xA3,1,0,0,192,0,0,46612.054110,-20.317733,62518.335879,60174.375772,52883.639932,0.000000,0.000000,0.000000
7.846976,10uVrms10Hz_ch2pga1.bin,250,1961,28369,1,0xA3,1,0,0,192,0,0,46614.222229,-20.384789,62521.152198,60177.236795,52885.629237,0.000000,0.000000,0.000000
7.850976,10uVrms10Hz_ch2pga1.bin,250,1962,28370,1,0xA3,1,0,0,192,0,0,46616.524458,-20.518899,62523.946166,60180.030763,52887.529135,0.000000,0.000000,0.000000
7.854980,10uVrms10Hz_ch2pga1.bin,250,1963,28371,1,0xA3,1,0,0,192,0,0,46618.826687,-20.608306,62526.628375,60182.824731,52889.384329,0.000000,0.000000,0.000000
7.858981,10uVrms10Hz_ch2pga1.bin,250,1964,28372,1,0xA3,1,0,0,192,0,0,46621.106565,-20.608306,62529.422343,60185.708106,52891.373634,0.000000,0.000000,0.000000
7.862980,10uVrms10Hz_ch2pga1.bin,250,1965,28373,1,0xA3,1,0,0,192,0,0,46623.364091,-20.653009,62532.261014,60188.591480,52893.407643,0.000000,0.000000,0.000000
7.866983,10uVrms10Hz_ch2pga1.bin,250,1966,28374,1,0xA3,1,0,0,192,0,0,46625.643969,-20.675361,62535.010278,60191.296041,52895.218134,0.000000,0.000000,0.000000
7.870984,10uVrms10Hz_ch2pga1.bin,250,1967,28375,1,0xA3,1,0,0,192,0,0,46627.901495,-20.697713,62537.871301,60194.157064,52897.118032,0.000000,0.000000,0.000000
7.874987,10uVrms10Hz_ch2pga1.bin,250,1968,28376,1,0xA3,1,0,0,192,0,0,46630.181372,-20.697713,62540.575862,60197.040439,52899.040282,0.000000,0.000000,0.000000
7.878986,10uVrms10Hz_ch2pga1.bin,250,1969,28377,1,0xA3,1,0,0,192,0,0,46632.573009,-20.630658,62543.481588,60199.901462,52901.051939,0.000000,0.000000,0.000000
7.882990,10uVrms10Hz_ch2pga1.bin,250,1970,28378,1,0xA3,1,0,0,192,0,0,46634.964645,-20.608306,62546.342611,60202.851892,52903.085947,0.000000,0.000000,0.000000
7.886990,10uVrms10Hz_ch2pga1.bin,250,1971,28379,1,0xA3,1,0,0,192,0,0,46637.222171,-20.496547,62549.136579,60205.690563,52904.985845,0.000000,0.000000,0.000000
7.890993,10uVrms10Hz_ch2pga1.bin,250,1972,28380,1,0xA3,1,0,0,192,0,0,46639.345586,-20.496547,62551.818788,60208.395123,52906.885743,0.000000,0.000000,0.000000
7.894994,10uVrms10Hz_ch2pga1.bin,250,1973,28381,1,0xA3,1,0,0,192,0,0,46641.692519,-20.474195,62554.679811,60211.189091,52908.875048,0.000000,0.000000,0.000000
7.898996,10uVrms10Hz_ch2pga1.bin,250,1974,28382,1,0xA3,1,0,0,192,0,0,46644.195914,-20.362437,62557.697296,60214.295983,52910.953760,0.000000,0.000000,0.000000
7.902996,10uVrms10Hz_ch2pga1.bin,250,1975,28383,1,0xA3,1,0,0,192,0,0,46646.676958,-20.273030,62560.647726,60217.246413,52913.121879,0.000000,0.000000,0.000000
7.907000,10uVrms10Hz_ch2pga1.bin,250,1976,28384,1,0xA3,1,0,0,192,0,0,46649.046242,-20.228326,62563.531101,60220.174491,52915.133536,0.000000,0.000000,0.000000
7.910999,10uVrms10Hz_ch2pga1.bin,250,1977,28385,1,0xA3,1,0,0,192,0,0,46651.303768,-20.161271,62566.302717,60222.990811,52916.988730,0.000000,0.000000,0.000000
7.915002,10uVrms10Hz_ch2pga1.bin,250,1978,28386,1,0xA3,1,0,0,192,0,0,46653.561294,-20.071864,62569.163740,60225.829482,52918.843925,0.000000,0.000000,0.000000
7.919003,10uVrms10Hz_ch2pga1.bin,250,1979,28387,1,0xA3,1,0,0,192,0,0,46655.863523,-20.071864,62571.935356,60228.668153,52920.944989,0.000000,0.000000,0.000000
7.923006,10uVrms10Hz_ch2pga1.bin,250,1980,28388,1,0xA3,1,0,0,192,0,0,46658.232808,-20.094216,62574.729323,60231.529176,52922.911942,0.000000,0.000000,0.000000
7.927006,10uVrms10Hz_ch2pga1.bin,250,1981,28389,1,0xA3,1,0,0,192,0,0,46660.646796,-20.228326,62577.590346,60234.412551,52924.789488,0.000000,0.000000,0.000000
7.931007,10uVrms10Hz_ch2pga1.bin,250,1982,28390,1,0xA3,1,0,0,192,0,0,46662.949026,-20.228326,62580.384314,60237.251222,52926.823497,0.000000,0.000000,0.000000
7.935011,10uVrms10Hz_ch2pga1.bin,250,1983,28391,1,0xA3,1,0,0,192,0,0,46665.251255,-20.250678,62583.267689,60240.134597,52928.790450,0.000000,0.000000,0.000000
7.939010,10uVrms10Hz_ch2pga1.bin,250,1984,28392,1,0xA3,1,0,0,192,0,0,46667.508781,-20.228326,62586.061656,60242.950916,52930.735052,0.000000,0.000000,0.000000
7.943013,10uVrms10Hz_ch2pga1.bin,250,1985,28393,1,0xA3,1,0,0,192,0,0,46669.788659,-20.295382,62588.788569,60245.789587,52932.590246,0.000000,0.000000,0.000000
7.947013,10uVrms10Hz_ch2pga1.bin,250,1986,28394,1,0xA3,1,0,0,192,0,0,46672.113240,-20.384789,62591.537833,60248.650610,52934.512496,0.000000,0.000000,0.000000
7.951017,10uVrms10Hz_ch2pga1.bin,250,1987,28395,1,0xA3,1,0,0,192,0,0,46674.370766,-20.496547,62594.287097,60251.355171,52936.367691,0.000000,0.000000,0.000000
7.955017,10uVrms10Hz_ch2pga1.bin,250,1988,28396,1,0xA3,1,0,0,192,0,0,46676.672995,-20.563602,62597.125769,60254.193842,52938.379347,0.000000,0.000000,0.000000
7.959020,10uVrms10Hz_ch2pga1.bin,250,1989,28397,1,0xA3,1,0,0,192,0,0,46678.952873,-20.675361,62599.942088,60257.010162,52940.391004,0.000000,0.000000,0.000000
7.963020,10uVrms10Hz_ch2pga1.bin,250,1990,28398,1,0xA3,1,0,0,192,0,0,46681.232750,-20.720065,62602.669001,60259.871185,52942.290902,0.000000,0.000000,0.000000
7.967023,10uVrms10Hz_ch2pga1.bin,250,1991,28399,1,0xA3,1,0,0,192,0,0,46683.534980,-20.697713,62605.395913,60262.575746,52944.213152,0.000000,0.000000,0.000000
7.971023,10uVrms10Hz_ch2pga1.bin,250,1992,28400,1,0xA3,1,0,0,192,0,0,46685.837209,-20.697713,62608.100474,60265.414417,52946.113050,0.000000,0.000000,0.000000
7.975023,10uVrms10Hz_ch2pga1.bin,250,1993,28401,1,0xA3,1,0,0,192,0,0,46687.982976,-20.653009,62611.006200,60268.208385,52947.945893,0.000000,0.000000,0.000000
7.979027,10uVrms10Hz_ch2pga1.bin,250,1994,28402,1,0xA3,1,0,0,192,0,0,46690.262854,-20.608306,62613.800168,60271.069407,52949.845791,0.000000,0.000000,0.000000
7.983026,10uVrms10Hz_ch2pga1.bin,250,1995,28403,1,0xA3,1,0,0,192,0,0,46692.632139,-20.608306,62616.683543,60273.997486,52951.902151,0.000000,0.000000,0.000000
7.987030,10uVrms10Hz_ch2pga1.bin,250,1996,28404,1,0xA3,1,0,0,192,0,0,46694.934368,-20.585954,62619.522214,60276.858509,52953.936160,0.000000,0.000000,0.000000
7.991032,10uVrms10Hz_ch2pga1.bin,250,1997,28405,1,0xA3,1,0,0,192,0,0,46697.236598,-20.541251,62622.338533,60279.652476,52955.836058,0.000000,0.000000,0.000000
7.995032,10uVrms10Hz_ch2pga1.bin,250,1998,28406,1,0xA3,1,0,0,192,0,0,46699.628234,-20.407140,62625.177205,60282.491148,52957.803011,0.000000,0.000000,0.000000
7.999032,10uVrms10Hz_ch2pga1.bin,250,1999,28407,1,0xA3,1,0,0,192,0,0,46701.908112,-20.295382,62627.926469,60285.173357,52959.680557,0.000000,0.000000,0.000000
8.003035,10uVrms10Hz_ch2pga1.bin,250,2000,28408,1,0xA3,1,0,0,192,0,0,46704.232693,-20.273030,62630.653381,60288.146138,52961.625159,0.000000,0.000000,0.000000
8.007035,10uVrms10Hz_ch2pga1.bin,250,2001,28409,1,0xA3,1,0,0,192,0,0,46706.490219,-20.138919,62633.447349,60290.984809,52963.525057,0.000000,0.000000,0.000000
8.011039,10uVrms10Hz_ch2pga1.bin,250,2002,28410,1,0xA3,1,0,0,192,0,0,46708.680689,-20.138919,62636.196613,60293.778777,52965.380251,0.000000,0.000000,0.000000
8.015039,10uVrms10Hz_ch2pga1.bin,250,2003,28411,1,0xA3,1,0,0,192,0,0,46710.982919,-20.161271,62639.057636,60296.595097,52967.436612,0.000000,0.000000,0.000000
8.019042,10uVrms10Hz_ch2pga1.bin,250,2004,28412,1,0xA3,1,0,0,192,0,0,46713.396907,-20.161271,62641.896307,60299.612582,52969.604731,0.000000,0.000000,0.000000
8.023042,10uVrms10Hz_ch2pga1.bin,250,2005,28413,1,0xA3,1,0,0,192,0,0,46715.788543,-20.138919,62644.846737,60302.495956,52971.594036,0.000000,0.000000,0.000000
8.027045,10uVrms10Hz_ch2pga1.bin,250,2006,28414,1,0xA3,1,0,0,192,0,0,46718.023717,-20.094216,62647.663057,60305.222869,52973.382175,0.000000,0.000000,0.000000
8.031046,10uVrms10Hz_ch2pga1.bin,250,2007,28415,1,0xA3,1,0,0,192,0,0,46720.258892,-20.161271,62650.389969,60307.882726,52975.237370,0.000000,0.000000,0.000000
8.035049,10uVrms10Hz_ch2pga1.bin,250,2008,28416,1,0xA3,1,0,0,192,0,0,46722.449362,-20.228326,62653.116882,60310.788453,52977.204323,0.000000,0.000000,0.000000
8.039049,10uVrms10Hz_ch2pga1.bin,250,2009,28417,1,0xA3,1,0,0,192,0,0,46724.885702,-20.295382,62655.955553,60313.604772,52979.193628,0.000000,0.000000,0.000000
8.043050,10uVrms10Hz_ch2pga1.bin,250,2010,28418,1,0xA3,1,0,0,192,0,0,46727.277339,-20.362437,62658.771873,60316.555202,52981.115878,0.000000,0.000000,0.000000
8.047053,10uVrms10Hz_ch2pga1.bin,250,2011,28419,1,0xA3,1,0,0,192,0,0,46729.490161,-20.429492,62661.565840,60319.371521,52983.038127,0.000000,0.000000,0.000000
8.051053,10uVrms10Hz_ch2pga1.bin,250,2012,28420,1,0xA3,1,0,0,192,0,0,46731.747687,-20.496547,62664.248049,60322.053730,52984.960377,0.000000,0.000000,0.000000
8.055056,10uVrms10Hz_ch2pga1.bin,250,2013,28421,1,0xA3,1,0,0,192,0,0,46734.049916,-20.585954,62666.974962,60324.802995,52986.837924,0.000000,0.000000,0.000000
8.059059,10uVrms10Hz_ch2pga1.bin,250,2014,28422,1,0xA3,1,0,0,192,0,0,46736.195683,-20.608306,62669.791281,60327.664018,52988.782525,0.000000,0.000000,0.000000
8.063058,10uVrms10Hz_ch2pga1.bin,250,2015,28423,1,0xA3,1,0,0,192,0,0,46738.520265,-20.608306,62672.518194,60330.457985,52990.660071,0.000000,0.000000,0.000000
8.067059,10uVrms10Hz_ch2pga1.bin,250,2016,28424,1,0xA3,1,0,0,192,0,0,46740.800142,-20.653009,62675.334513,60333.184898,52992.604673,0.000000,0.000000,0.000000
8.071062,10uVrms10Hz_ch2pga1.bin,250,2017,28425,1,0xA3,1,0,0,192,0,0,46743.102372,-20.697713,62678.106129,60335.978866,52994.549274,0.000000,0.000000,0.000000
8.075062,10uVrms10Hz_ch2pga1.bin,250,2018,28426,1,0xA3,1,0,0,192,0,0,46745.404601,-20.653009,62680.922449,60338.772833,52996.560931,0.000000,0.000000,0.000000
8.079066,10uVrms10Hz_ch2pga1.bin,250,2019,28427,1,0xA3,1,0,0,192,0,0,46747.863293,-20.585954,62683.850527,60341.767967,52998.572588,0.000000,0.000000,0.000000
8.083066,10uVrms10Hz_ch2pga1.bin,250,2020,28428,1,0xA3,1,0,0,192,0,0,46750.009060,-20.541251,62686.555088,60344.628990,53000.584245,0.000000,0.000000,0.000000
8.087070,10uVrms10Hz_ch2pga1.bin,250,2021,28429,1,0xA3,1,0,0,192,0,0,46752.199531,-20.541251,62689.282000,60347.333550,53002.506495,0.000000,0.000000,0.000000
8.091070,10uVrms10Hz_ch2pga1.bin,250,2022,28430,1,0xA3,1,0,0,192,0,0,46754.546463,-20.496547,62692.031264,60350.105166,53004.339337,0.000000,0.000000,0.000000
8.095070,10uVrms10Hz_ch2pga1.bin,250,2023,28431,1,0xA3,1,0,0,192,0,0,46756.893396,-20.317733,62694.914639,60353.055596,53006.350994,0.000000,0.000000,0.000000
8.099073,10uVrms10Hz_ch2pga1.bin,250,2024,28432,1,0xA3,1,0,0,192,0,0,46759.285033,-20.317733,62697.820365,60355.916619,53008.407354,0.000000,0.000000,0.000000
8.103075,10uVrms10Hz_ch2pga1.bin,250,2025,28433,1,0xA3,1,0,0,192,0,0,46761.654317,-20.317733,62700.636685,60358.732939,53010.374308,0.000000,0.000000,0.000000
8.107074,10uVrms10Hz_ch2pga1.bin,250,2026,28434,1,0xA3,1,0,0,192,0,0,46763.889492,-20.161271,62703.341246,60361.549258,53012.341261,0.000000,0.000000,0.000000
8.111077,10uVrms10Hz_ch2pga1.bin,250,2027,28435,1,0xA3,1,0,0,192,0,0,46766.102314,-20.049512,62706.090510,60364.410281,53014.174104,0.000000,0.000000,0.000000
8.115080,10uVrms10Hz_ch2pga1.bin,250,2028,28436,1,0xA3,1,0,0,192,0,0,46768.359840,-20.071864,62708.817422,60367.114842,53016.118705,0.000000,0.000000,0.000000
8.119079,10uVrms10Hz_ch2pga1.bin,250,2029,28437,1,0xA3,1,0,0,192,0,0,46770.595014,-20.071864,62711.477280,60369.931161,53017.951548,0.000000,0.000000,0.000000
8.123082,10uVrms10Hz_ch2pga1.bin,250,2030,28438,1,0xA3,1,0,0,192,0,0,46772.874892,-20.027161,62714.271247,60372.613370,53019.851446,0.000000,0.000000,0.000000
8.127082,10uVrms10Hz_ch2pga1.bin,250,2031,28439,1,0xA3,1,0,0,192,0,0,46775.132418,-20.138919,62717.065215,60375.429690,53021.684289,0.000000,0.000000,0.000000
8.131085,10uVrms10Hz_ch2pga1.bin,250,2032,28440,1,0xA3,1,0,0,192,0,0,46777.456999,-20.138919,62719.926238,60378.290713,53023.651242,0.000000,0.000000,0.000000
8.135084,10uVrms10Hz_ch2pga1.bin,250,2033,28441,1,0xA3,1,0,0,192,0,0,46779.826283,-20.228326,62722.764909,60381.196439,53025.729954,0.000000,0.000000,0.000000
8.139086,10uVrms10Hz_ch2pga1.bin,250,2034,28442,1,0xA3,1,0,0,192,0,0,46782.150865,-20.273030,62725.603580,60384.146869,53027.741611,0.000000,0.000000,0.000000
8.143088,10uVrms10Hz_ch2pga1.bin,250,2035,28443,1,0xA3,1,0,0,192,0,0,46784.564853,-20.340085,62728.464603,60387.164354,53029.797971,0.000000,0.000000,0.000000
8.147089,10uVrms10Hz_ch2pga1.bin,250,2036,28444,1,0xA3,1,0,0,192,0,0,46786.777675,-20.362437,62731.191516,60389.801860,53031.653166,0.000000,0.000000,0.000000
8.151092,10uVrms10Hz_ch2pga1.bin,250,2037,28445,1,0xA3,1,0,0,192,0,0,46788.923442,-20.429492,62733.851373,60392.461717,53033.396602,0.000000,0.000000,0.000000
8.155090,10uVrms10Hz_ch2pga1.bin,250,2038,28446,1,0xA3,1,0,0,192,0,0,46791.091561,-20.585954,62736.555934,60395.255685,53035.229445,0.000000,0.000000,0.000000
8.159093,10uVrms10Hz_ch2pga1.bin,250,2039,28447,1,0xA3,1,0,0,192,0,0,46793.460846,-20.541251,62739.394605,60398.072004,53037.174046,0.000000,0.000000,0.000000
8.163096,10uVrms10Hz_ch2pga1.bin,250,2040,28448,1,0xA3,1,0,0,192,0,0,46795.763075,-20.563602,62742.166221,60400.910676,53039.252758,0.000000,0.000000,0.000000
8.167095,10uVrms10Hz_ch2pga1.bin,250,2041,28449,1,0xA3,1,0,0,192,0,0,46798.065305,-20.720065,62745.004892,60403.726995,53041.130304,0.000000,0.000000,0.000000
8.171098,10uVrms10Hz_ch2pga1.bin,250,2042,28450,1,0xA3,1,0,0,192,0,0,46800.479293,-20.675361,62747.843564,60406.610370,53043.253720,0.000000,0.000000,0.000000
8.175097,10uVrms10Hz_ch2pga1.bin,250,2043,28451,1,0xA3,1,0,0,192,0,0,46802.870929,-20.608306,62750.592828,60409.538448,53045.198321,0.000000,0.000000,0.000000
8.179100,10uVrms10Hz_ch2pga1.bin,250,2044,28452,1,0xA3,1,0,0,192,0,0,46805.262566,-20.697713,62753.476202,60412.421823,53047.187626,0.000000,0.000000,0.000000
8.183102,10uVrms10Hz_ch2pga1.bin,250,2045,28453,1,0xA3,1,0,0,192,0,0,46807.475388,-20.630658,62756.270170,60415.215790,53049.154580,0.000000,0.000000,0.000000
8.187102,10uVrms10Hz_ch2pga1.bin,250,2046,28454,1,0xA3,1,0,0,192,0,0,46809.688210,-20.474195,62758.974731,60418.009758,53051.009774,0.000000,0.000000,0.000000
8.191105,10uVrms10Hz_ch2pga1.bin,250,2047,28455,1,0xA3,1,0,0,192,0,0,46811.878681,-20.429492,62761.679292,60420.669615,53052.864969,0.000000,0.000000,0.000000
8.195104,10uVrms10Hz_ch2pga1.bin,250,2048,28456,1,0xA3,1,0,0,192,0,0,46814.225614,-20.362437,62764.450908,60423.441231,53054.787219,0.000000,0.000000,0.000000
8.199106,10uVrms10Hz_ch2pga1.bin,250,2049,28457,1,0xA3,1,0,0,192,0,0,46816.729009,-20.317733,62767.446041,60426.369309,53056.888282,0.000000,0.000000,0.000000
8.203110,10uVrms10Hz_ch2pga1.bin,250,2050,28458,1,0xA3,1,0,0,192,0,0,46819.098294,-20.273030,62770.351768,60429.275036,53058.966994,0.000000,0.000000,0.000000
8.207110,10uVrms10Hz_ch2pga1.bin,250,2051,28459,1,0xA3,1,0,0,192,0,0,46821.288764,-20.295382,62773.056328,60432.091355,53060.844541,0.000000,0.000000,0.000000
8.211110,10uVrms10Hz_ch2pga1.bin,250,2052,28460,1,0xA3,1,0,0,192,0,0,46823.456883,-20.183623,62775.783241,60434.818268,53062.610328,0.000000,0.000000,0.000000
8.215114,10uVrms10Hz_ch2pga1.bin,250,2053,28461,1,0xA3,1,0,0,192,0,0,46825.692058,-20.094216,62778.487802,60437.612236,53064.554930,0.000000,0.000000,0.000000
8.219114,10uVrms10Hz_ch2pga1.bin,250,2054,28462,1,0xA3,1,0,0,192,0,0,46828.083694,-20.071864,62781.326473,60440.540314,53066.588938,0.000000,0.000000,0.000000
8.223116,10uVrms10Hz_ch2pga1.bin,250,2055,28463,1,0xA3,1,0,0,192,0,0,46830.631793,-20.116568,62784.321606,60443.513095,53068.757057,0.000000,0.000000,0.000000
8.227116,10uVrms10Hz_ch2pga1.bin,250,2056,28464,1,0xA3,1,0,0,192,0,0,46833.001077,-20.094216,62787.115574,60446.396470,53070.701659,0.000000,0.000000,0.000000
8.231119,10uVrms10Hz_ch2pga1.bin,250,2057,28465,1,0xA3,1,0,0,192,0,0,46835.303307,-20.161271,62789.931893,60449.235141,53072.601557,0.000000,0.000000,0.000000
8.235122,10uVrms10Hz_ch2pga1.bin,250,2058,28466,1,0xA3,1,0,0,192,0,0,46837.538481,-20.205975,62792.725861,60452.096164,53074.479103,0.000000,0.000000,0.000000
8.239121,10uVrms10Hz_ch2pga1.bin,250,2059,28467,1,0xA3,1,0,0,192,0,0,46839.751303,-20.205975,62795.475125,60454.823077,53076.401353,0.000000,0.000000,0.000000
8.243124,10uVrms10Hz_ch2pga1.bin,250,2060,28468,1,0xA3,1,0,0,192,0,0,46842.165291,-20.317733,62798.246741,60457.617044,53078.323603,0.000000,0.000000,0.000000
8.247124,10uVrms10Hz_ch2pga1.bin,250,2061,28469,1,0xA3,1,0,0,192,0,0,46844.244003,-20.362437,62800.951302,60460.343957,53080.223501,0.000000,0.000000,0.000000
8.251127,10uVrms10Hz_ch2pga1.bin,250,2062,28470,1,0xA3,1,0,0,192,0,0,46846.345067,-20.474195,62803.566456,60463.048518,53082.056344,0.000000,0.000000,0.000000
8.255127,10uVrms10Hz_ch2pga1.bin,250,2063,28471,1,0xA3,1,0,0,192,0,0,46848.669648,-20.563602,62806.360424,60465.887189,53083.911538,0.000000,0.000000,0.000000
8.259130,10uVrms10Hz_ch2pga1.bin,250,2064,28472,1,0xA3,1,0,0,192,0,0,46851.105988,-20.585954,62809.042633,60468.703508,53085.856140,0.000000,0.000000,0.000000
8.263129,10uVrms10Hz_ch2pga1.bin,250,2065,28473,1,0xA3,1,0,0,192,0,0,46853.497624,-20.720065,62812.037766,60471.720994,53087.912500,0.000000,0.000000,0.000000
8.267133,10uVrms10Hz_ch2pga1.bin,250,2066,28474,1,0xA3,1,0,0,192,0,0,46855.688095,-20.697713,62814.854085,60474.447906,53089.812398,0.000000,0.000000,0.000000
8.271133,10uVrms10Hz_ch2pga1.bin,250,2067,28475,1,0xA3,1,0,0,192,0,0,46857.833862,-20.720065,62817.580998,60477.197170,53091.712296,0.000000,0.000000,0.000000
8.275134,10uVrms10Hz_ch2pga1.bin,250,2068,28476,1,0xA3,1,0,0,192,0,0,46860.203147,-20.697713,62820.263207,60479.946434,53093.545139,0.000000,0.000000,0.000000
8.279137,10uVrms10Hz_ch2pga1.bin,250,2069,28477,1,0xA3,1,0,0,192,0,0,46862.550080,-20.697713,62823.146582,60482.829809,53095.534444,0.000000,0.000000,0.000000
8.283138,10uVrms10Hz_ch2pga1.bin,250,2070,28478,1,0xA3,1,0,0,192,0,0,46864.874661,-20.585954,62826.074660,60485.802591,53097.635508,0.000000,0.000000,0.000000
8.287141,10uVrms10Hz_ch2pga1.bin,250,2071,28479,1,0xA3,1,0,0,192,0,0,46867.154539,-20.541251,62828.846276,60488.596559,53099.490702,0.000000,0.000000,0.000000
8.291140,10uVrms10Hz_ch2pga1.bin,250,2072,28480,1,0xA3,1,0,0,192,0,0,46869.456768,-20.496547,62831.662595,60491.457582,53101.480007,0.000000,0.000000,0.000000
8.295143,10uVrms10Hz_ch2pga1.bin,250,2073,28481,1,0xA3,1,0,0,192,0,0,46871.714294,-20.474195,62834.411860,60494.273901,53103.357553,0.000000,0.000000,0.000000
8.299143,10uVrms10Hz_ch2pga1.bin,250,2074,28482,1,0xA3,1,0,0,192,0,0,46874.038875,-20.384789,62837.205827,60497.090220,53105.369210,0.000000,0.000000,0.000000
8.303145,10uVrms10Hz_ch2pga1.bin,250,2075,28483,1,0xA3,1,0,0,192,0,0,46876.296401,-20.317733,62839.932740,60499.861836,53107.246757,0.000000,0.000000,0.000000
8.307148,10uVrms10Hz_ch2pga1.bin,250,2076,28484,1,0xA3,1,0,0,192,0,0,46878.509223,-20.183623,62842.547894,60502.566397,53109.012544,0.000000,0.000000,0.000000
8.311148,10uVrms10Hz_ch2pga1.bin,250,2077,28485,1,0xA3,1,0,0,192,0,0,46880.654991,-20.094216,62845.252454,60505.338013,53110.800683,0.000000,0.000000,0.000000
8.315150,10uVrms10Hz_ch2pga1.bin,250,2078,28486,1,0xA3,1,0,0,192,0,0,46882.957220,-20.138919,62848.091125,60508.131981,53112.745285,0.000000,0.000000,0.000000
8.319151,10uVrms10Hz_ch2pga1.bin,250,2079,28487,1,0xA3,1,0,0,192,0,0,46885.438263,-20.094216,62851.063907,60511.082411,53114.823997,0.000000,0.000000,0.000000
8.323154,10uVrms10Hz_ch2pga1.bin,250,2080,28488,1,0xA3,1,0,0,192,0,0,46887.718141,-20.116568,62853.902578,60513.921082,53116.790950,0.000000,0.000000,0.000000
8.327153,10uVrms10Hz_ch2pga1.bin,250,2081,28489,1,0xA3,1,0,0,192,0,0,46889.819205,-20.138919,62856.540084,60516.647995,53118.757904,0.000000,0.000000,0.000000
8.331156,10uVrms10Hz_ch2pga1.bin,250,2082,28490,1,0xA3,1,0,0,192,0,0,46891.920269,-20.183623,62859.199941,60519.307852,53120.478988,0.000000,0.000000,0.000000
8.335155,10uVrms10Hz_ch2pga1.bin,250,2083,28491,1,0xA3,1,0,0,192,0,0,46894.378960,-20.205975,62861.993909,60522.124171,53122.311831,0.000000,0.000000,0.000000
8.339158,10uVrms10Hz_ch2pga1.bin,250,2084,28492,1,0xA3,1,0,0,192,0,0,46896.614134,-20.250678,62864.743173,60524.940491,53124.189377,0.000000,0.000000,0.000000
8.343161,10uVrms10Hz_ch2pga1.bin,250,2085,28493,1,0xA3,1,0,0,192,0,0,46898.782253,-20.317733,62867.403030,60527.645051,53125.999868,0.000000,0.000000,0.000000
8.347161,10uVrms10Hz_ch2pga1.bin,250,2086,28494,1,0xA3,1,0,0,192,0,0,46901.106834,-20.429492,62870.241702,60530.483723,53127.966821,0.000000,0.000000,0.000000
8.351164,10uVrms10Hz_ch2pga1.bin,250,2087,28495,1,0xA3,1,0,0,192,0,0,46903.342009,-20.518899,62872.946262,60533.300042,53129.978478,0.000000,0.000000,0.000000
8.355164,10uVrms10Hz_ch2pga1.bin,250,2088,28496,1,0xA3,1,0,0,192,0,0,46905.666590,-20.608306,62875.851989,60536.116362,53132.012486,0.000000,0.000000,0.000000
8.359167,10uVrms10Hz_ch2pga1.bin,250,2089,28497,1,0xA3,1,0,0,192,0,0,46907.901764,-20.608306,62878.601253,60538.932681,53133.912385,0.000000,0.000000,0.000000
8.363167,10uVrms10Hz_ch2pga1.bin,250,2090,28498,1,0xA3,1,0,0,192,0,0,46910.136938,-20.653009,62881.372869,60541.726649,53135.789931,0.000000,0.000000,0.000000
8.367167,10uVrms10Hz_ch2pga1.bin,250,2091,28499,1,0xA3,1,0,0,192,0,0,46912.394464,-20.697713,62884.010375,60544.453561,53137.645125,0.000000,0.000000,0.000000
8.371171,10uVrms10Hz_ch2pga1.bin,250,2092,28500,1,0xA3,1,0,0,192,0,0,46914.540231,-20.697713,62886.692584,60547.068715,53139.433265,0.000000,0.000000,0.000000
8.375171,10uVrms10Hz_ch2pga1.bin,250,2093,28501,1,0xA3,1,0,0,192,0,0,46916.842461,-20.697713,62889.397144,60549.907386,53141.333163,0.000000,0.000000,0.000000
8.379176,10uVrms10Hz_ch2pga1.bin,250,2094,28502,1,0xA3,1,0,0,192,0,0,46919.211745,-20.697713,62892.235816,60552.813113,53143.389523,0.000000,0.000000,0.000000
8.383176,10uVrms10Hz_ch2pga1.bin,250,2095,28503,1,0xA3,1,0,0,192,0,0,46921.513975,-20.653009,62895.029783,60555.651784,53145.244718,0.000000,0.000000,0.000000
8.387176,10uVrms10Hz_ch2pga1.bin,250,2096,28504,1,0xA3,1,0,0,192,0,0,46923.771501,-20.585954,62897.823751,60558.378696,53147.166967,0.000000,0.000000,0.000000
8.391180,10uVrms10Hz_ch2pga1.bin,250,2097,28505,1,0xA3,1,0,0,192,0,0,46925.961971,-20.496547,62900.550663,60561.172664,53149.133921,0.000000,0.000000,0.000000
8.395181,10uVrms10Hz_ch2pga1.bin,250,2098,28506,1,0xA3,1,0,0,192,0,0,46928.241849,-20.429492,62903.277576,60564.011335,53151.078522,0.000000,0.000000,0.000000
8.399181,10uVrms10Hz_ch2pga1.bin,250,2099,28507,1,0xA3,1,0,0,192,0,0,46930.633485,-20.362437,62906.049192,60566.805303,53152.978420,0.000000,0.000000,0.000000
8.403184,10uVrms10Hz_ch2pga1.bin,250,2100,28508,1,0xA3,1,0,0,192,0,0,46933.069825,-20.250678,62908.954918,60569.666326,53155.012429,0.000000,0.000000,0.000000
8.407184,10uVrms10Hz_ch2pga1.bin,250,2101,28509,1,0xA3,1,0,0,192,0,0,46935.327351,-20.183623,62911.860645,60572.616756,53156.979382,0.000000,0.000000,0.000000
8.411188,10uVrms10Hz_ch2pga1.bin,250,2102,28510,1,0xA3,1,0,0,192,0,0,46937.495470,-20.161271,62914.520502,60575.343668,53158.789873,0.000000,0.000000,0.000000
8.415187,10uVrms10Hz_ch2pga1.bin,250,2103,28511,1,0xA3,1,0,0,192,0,0,46939.775348,-20.161271,62917.269766,60578.115284,53160.712123,0.000000,0.000000,0.000000
8.419190,10uVrms10Hz_ch2pga1.bin,250,2104,28512,1,0xA3,1,0,0,192,0,0,46942.099929,-20.183623,62920.108438,60581.065714,53162.723780,0.000000,0.000000,0.000000
8.423190,10uVrms10Hz_ch2pga1.bin,250,2105,28513,1,0xA3,1,0,0,192,0,0,46944.357455,-20.183623,62922.880054,60583.882034,53164.601326,0.000000,0.000000,0.000000
8.427193,10uVrms10Hz_ch2pga1.bin,250,2106,28514,1,0xA3,1,0,0,192,0,0,46946.614981,-20.161271,62925.584614,60586.608946,53166.478872,0.000000,0.000000,0.000000
8.431193,10uVrms10Hz_ch2pga1.bin,250,2107,28515,1,0xA3,1,0,0,192,0,0,46948.894858,-20.161271,62928.378582,60589.402914,53168.445826,0.000000,0.000000,0.000000
8.435197,10uVrms10Hz_ch2pga1.bin,250,2108,28516,1,0xA3,1,0,0,192,0,0,46951.264143,-20.250678,62931.351364,60592.330992,53170.502186,0.000000,0.000000,0.000000
8.439196,10uVrms10Hz_ch2pga1.bin,250,2109,28517,1,0xA3,1,0,0,192,0,0,46953.678131,-20.317733,62934.212387,60595.281422,53172.536194,0.000000,0.000000,0.000000
8.443199,10uVrms10Hz_ch2pga1.bin,250,2110,28518,1,0xA3,1,0,0,192,0,0,46955.935657,-20.384789,62936.961651,60598.097742,53174.391389,0.000000,0.000000,0.000000
8.447199,10uVrms10Hz_ch2pga1.bin,250,2111,28519,1,0xA3,1,0,0,192,0,0,46958.170831,-20.384789,62939.688563,60600.869358,53176.246583,0.000000,0.000000,0.000000
8.451203,10uVrms10Hz_ch2pga1.bin,250,2112,28520,1,0xA3,1,0,0,192,0,0,46960.428357,-20.474195,62942.415476,60603.529215,53178.124130,0.000000,0.000000,0.000000
8.455203,10uVrms10Hz_ch2pga1.bin,250,2113,28521,1,0xA3,1,0,0,192,0,0,46962.708235,-20.563602,62945.231795,60606.367886,53180.135787,0.000000,0.000000,0.000000
8.459206,10uVrms10Hz_ch2pga1.bin,250,2114,28522,1,0xA3,1,0,0,192,0,0,46965.055168,-20.653009,62948.115170,60609.340668,53182.147443,0.000000,0.000000,0.000000
8.463206,10uVrms10Hz_ch2pga1.bin,250,2115,28523,1,0xA3,1,0,0,192,0,0,46967.513859,-20.653009,62951.065600,60612.313449,53184.181452,0.000000,0.000000,0.000000
8.467207,10uVrms10Hz_ch2pga1.bin,250,2116,28524,1,0xA3,1,0,0,192,0,0,46969.771385,-20.653009,62953.747809,60614.995658,53186.081350,0.000000,0.000000,0.000000
8.471210,10uVrms10Hz_ch2pga1.bin,250,2117,28525,1,0xA3,1,0,0,192,0,0,46971.961856,-20.630658,62956.430018,60617.677867,53187.891841,0.000000,0.000000,0.000000
8.475211,10uVrms10Hz_ch2pga1.bin,250,2118,28526,1,0xA3,1,0,0,192,0,0,46974.219382,-20.653009,62959.134579,60620.382428,53189.791739,0.000000,0.000000,0.000000
8.479215,10uVrms10Hz_ch2pga1.bin,250,2119,28527,1,0xA3,1,0,0,192,0,0,46976.499259,-20.630658,62961.839139,60623.198748,53191.736341,0.000000,0.000000,0.000000
8.483214,10uVrms10Hz_ch2pga1.bin,250,2120,28528,1,0xA3,1,0,0,192,0,0,46978.868544,-20.563602,62964.722514,60626.149178,53193.815053,0.000000,0.000000,0.000000
8.487217,10uVrms10Hz_ch2pga1.bin,250,2121,28529,1,0xA3,1,0,0,192,0,0,46981.282532,-20.474195,62967.605889,60629.054904,53195.759654,0.000000,0.000000,0.000000
8.491217,10uVrms10Hz_ch2pga1.bin,250,2122,28530,1,0xA3,1,0,0,192,0,0,46983.540058,-20.451844,62970.355153,60631.826520,53197.614849,0.000000,0.000000,0.000000
8.495218,10uVrms10Hz_ch2pga1.bin,250,2123,28531,1,0xA3,1,0,0,192,0,0,46985.752881,-20.407140,62973.149121,60634.531081,53199.559450,0.000000,0.000000,0.000000
8.499221,10uVrms10Hz_ch2pga1.bin,250,2124,28532,1,0xA3,1,0,0,192,0,0,46988.032758,-20.317733,62975.876033,60637.392104,53201.414645,0.000000,0.000000,0.000000
8.503224,10uVrms10Hz_ch2pga1.bin,250,2125,28533,1,0xA3,1,0,0,192,0,0,46990.267932,-20.205975,62978.580594,60640.186071,53203.359246,0.000000,0.000000,0.000000
8.507224,10uVrms10Hz_ch2pga1.bin,250,2126,28534,1,0xA3,1,0,0,192,0,0,46992.458403,-20.205975,62981.240451,60642.912984,53205.192089,0.000000,0.000000,0.000000
8.511224,10uVrms10Hz_ch2pga1.bin,250,2127,28535,1,0xA3,1,0,0,192,0,0,46994.738281,-20.205975,62983.922660,60645.706952,53207.091987,0.000000,0.000000,0.000000
8.515228,10uVrms10Hz_ch2pga1.bin,250,2128,28536,1,0xA3,1,0,0,192,0,0,46997.085214,-20.161271,62986.806035,60648.567975,53209.148347,0.000000,0.000000,0.000000
8.519227,10uVrms10Hz_ch2pga1.bin,250,2129,28537,1,0xA3,1,0,0,192,0,0,46999.476850,-20.049512,62989.689410,60651.518404,53211.160004,0.000000,0.000000,0.000000
8.523231,10uVrms10Hz_ch2pga1.bin,250,2130,28538,1,0xA3,1,0,0,192,0,0,47001.756728,-20.138919,62992.416322,60654.334724,53213.059902,0.000000,0.000000,0.000000
8.527231,10uVrms10Hz_ch2pga1.bin,250,2131,28539,1,0xA3,1,0,0,192,0,0,47003.947198,-20.138919,62995.053828,60656.949878,53214.848042,0.000000,0.000000,0.000000
8.531231,10uVrms10Hz_ch2pga1.bin,250,2132,28540,1,0xA3,1,0,0,192,0,0,47006.115317,-20.161271,62997.780740,60659.632087,53216.636181,0.000000,0.000000,0.000000
8.535234,10uVrms10Hz_ch2pga1.bin,250,2133,28541,1,0xA3,1,0,0,192,0,0,47008.305788,-20.250678,63000.507653,60662.358999,53218.580782,0.000000,0.000000,0.000000
8.539235,10uVrms10Hz_ch2pga1.bin,250,2134,28542,1,0xA3,1,0,0,192,0,0,47010.585666,-20.295382,63003.323972,60665.197670,53220.480680,0.000000,0.000000,0.000000
8.543238,10uVrms10Hz_ch2pga1.bin,250,2135,28543,1,0xA3,1,0,0,192,0,0,47012.954950,-20.474195,63006.162643,60668.081045,53222.380579,0.000000,0.000000,0.000000
8.547238,10uVrms10Hz_ch2pga1.bin,250,2136,28544,1,0xA3,1,0,0,192,0,0,47015.279531,-20.451844,63009.001315,60670.986772,53224.347532,0.000000,0.000000,0.000000
8.551241,10uVrms10Hz_ch2pga1.bin,250,2137,28545,1,0xA3,1,0,0,192,0,0,47017.425299,-20.474195,63011.594117,60673.646629,53226.225078,0.000000,0.000000,0.000000
8.555244,10uVrms10Hz_ch2pga1.bin,250,2138,28546,1,0xA3,1,0,0,192,0,0,47019.593418,-20.541251,63014.075160,60676.328838,53227.968514,0.000000,0.000000,0.000000
8.559245,10uVrms10Hz_ch2pga1.bin,250,2139,28547,1,0xA3,1,0,0,192,0,0,47021.873295,-20.608306,63016.980886,60679.100454,53229.823709,0.000000,0.000000,0.000000
8.563245,10uVrms10Hz_ch2pga1.bin,250,2140,28548,1,0xA3,1,0,0,192,0,0,47024.130821,-20.742416,63019.752502,60681.916773,53231.857717,0.000000,0.000000,0.000000
8.567246,10uVrms10Hz_ch2pga1.bin,250,2141,28549,1,0xA3,1,0,0,192,0,0,47026.410699,-20.764768,63022.546470,60684.710741,53233.779967,0.000000,0.000000,0.000000
8.571249,10uVrms10Hz_ch2pga1.bin,250,2142,28550,1,0xA3,1,0,0,192,0,0,47028.779984,-20.653009,63025.340438,60687.661171,53235.724568,0.000000,0.000000,0.000000
8.575249,10uVrms10Hz_ch2pga1.bin,250,2143,28551,1,0xA3,1,0,0,192,0,0,47031.037509,-20.720065,63028.246164,60690.611601,53237.691522,0.000000,0.000000,0.000000
8.579252,10uVrms10Hz_ch2pga1.bin,250,2144,28552,1,0xA3,1,0,0,192,0,0,47033.429146,-20.720065,63031.040132,60693.405569,53239.725530,0.000000,0.000000,0.000000
8.583252,10uVrms10Hz_ch2pga1.bin,250,2145,28553,1,0xA3,1,0,0,192,0,0,47035.709023,-20.585954,63033.856452,60696.288943,53241.603076,0.000000,0.000000,0.000000
8.587256,10uVrms10Hz_ch2pga1.bin,250,2146,28554,1,0xA3,1,0,0,192,0,0,47037.921846,-20.541251,63036.561012,60698.971152,53243.480623,0.000000,0.000000,0.000000
8.591257,10uVrms10Hz_ch2pga1.bin,250,2147,28555,1,0xA3,1,0,0,192,0,0,47040.201724,-20.474195,63039.176166,60701.765120,53245.380521,0.000000,0.000000,0.000000
8.595257,10uVrms10Hz_ch2pga1.bin,250,2148,28556,1,0xA3,1,0,0,192,0,0,47042.503953,-20.429492,63042.059541,60704.626143,53247.302771,0.000000,0.000000,0.000000
8.599260,10uVrms10Hz_ch2pga1.bin,250,2149,28557,1,0xA3,1,0,0,192,0,0,47044.895589,-20.317733,63044.942915,60707.531869,53249.403834,0.000000,0.000000,0.000000
8.603260,10uVrms10Hz_ch2pga1.bin,250,2150,28558,1,0xA3,1,0,0,192,0,0,47047.242522,-20.205975,63047.736883,60710.459948,53251.370788,0.000000,0.000000,0.000000
8.607264,10uVrms10Hz_ch2pga1.bin,250,2151,28559,1,0xA3,1,0,0,192,0,0,47049.500048,-20.183623,63050.597906,60713.253915,53253.293037,0.000000,0.000000,0.000000
8.611264,10uVrms10Hz_ch2pga1.bin,250,2152,28560,1,0xA3,1,0,0,192,0,0,47051.690519,-20.116568,63053.168356,60715.958476,53255.103528,0.000000,0.000000,0.000000
8.615264,10uVrms10Hz_ch2pga1.bin,250,2153,28561,1,0xA3,1,0,0,192,0,0,47053.903341,-20.116568,63055.783510,60718.774796,53256.914020,0.000000,0.000000,0.000000
8.619269,10uVrms10Hz_ch2pga1.bin,250,2154,28562,1,0xA3,1,0,0,192,0,0,47056.317329,-20.071864,63058.689237,60721.658170,53258.903325,0.000000,0.000000,0.000000
8.623269,10uVrms10Hz_ch2pga1.bin,250,2155,28563,1,0xA3,1,0,0,192,0,0,47058.708966,-20.027161,63061.594963,60724.519193,53260.870278,0.000000,0.000000,0.000000
8.627270,10uVrms10Hz_ch2pga1.bin,250,2156,28564,1,0xA3,1,0,0,192,0,0,47061.078250,-20.094216,63064.455986,60727.402568,53262.881935,0.000000,0.000000,0.000000
8.631274,10uVrms10Hz_ch2pga1.bin,250,2157,28565,1,0xA3,1,0,0,192,0,0,47063.291073,-20.138919,63067.182899,60730.129480,53264.759481,0.000000,0.000000,0.000000
8.635274,10uVrms10Hz_ch2pga1.bin,250,2158,28566,1,0xA3,1,0,0,192,0,0,47065.481544,-20.205975,63069.865108,60732.878745,53266.614676,0.000000,0.000000,0.000000
8.639275,10uVrms10Hz_ch2pga1.bin,250,2159,28567,1,0xA3,1,0,0,192,0,0,47067.739069,-20.250678,63072.569668,60735.717416,53268.648684,0.000000,0.000000,0.000000
8.643278,10uVrms10Hz_ch2pga1.bin,250,2160,28568,1,0xA3,1,0,0,192,0,0,47070.175409,-20.384789,63075.475395,60738.623142,53270.660341,0.000000,0.000000,0.000000
8.647278,10uVrms10Hz_ch2pga1.bin,250,2161,28569,1,0xA3,1,0,0,192,0,0,47072.567046,-20.429492,63078.291714,60741.394758,53272.582591,0.000000,0.000000,0.000000
8.651282,10uVrms10Hz_ch2pga1.bin,250,2162,28570,1,0xA3,1,0,0,192,0,0,47074.869275,-20.429492,63081.085682,60744.233429,53274.571896,0.000000,0.000000,0.000000
8.655281,10uVrms10Hz_ch2pga1.bin,250,2163,28571,1,0xA3,1,0,0,192,0,0,47077.283263,-20.518899,63084.036112,60747.250915,53276.583552,0.000000,0.000000,0.000000
8.659284,10uVrms10Hz_ch2pga1.bin,250,2164,28572,1,0xA3,1,0,0,192,0,0,47079.674900,-20.585954,63086.852431,60750.134289,53278.639913,0.000000,0.000000,0.000000
8.663284,10uVrms10Hz_ch2pga1.bin,250,2165,28573,1,0xA3,1,0,0,192,0,0,47082.044184,-20.653009,63089.668751,60752.905905,53280.584514,0.000000,0.000000,0.000000
8.667287,10uVrms10Hz_ch2pga1.bin,250,2166,28574,1,0xA3,1,0,0,192,0,0,47084.368765,-20.653009,63092.462718,60755.699873,53282.484412,0.000000,0.000000,0.000000
8.671286,10uVrms10Hz_ch2pga1.bin,250,2167,28575,1,0xA3,1,0,0,192,0,0,47086.581588,-20.585954,63095.122576,60758.516192,53284.361959,0.000000,0.000000,0.000000
8.675289,10uVrms10Hz_ch2pga1.bin,250,2168,28576,1,0xA3,1,0,0,192,0,0,47088.816762,-20.608306,63097.916543,60761.332512,53286.239505,0.000000,0.000000,0.000000
8.679293,10uVrms10Hz_ch2pga1.bin,250,2169,28577,1,0xA3,1,0,0,192,0,0,47090.962529,-20.585954,63100.732863,60764.081776,53288.139403,0.000000,0.000000,0.000000
8.683292,10uVrms10Hz_ch2pga1.bin,250,2170,28578,1,0xA3,1,0,0,192,0,0,47093.376517,-20.585954,63103.660941,60766.942799,53290.218115,0.000000,0.000000,0.000000
8.687295,10uVrms10Hz_ch2pga1.bin,250,2171,28579,1,0xA3,1,0,0,192,0,0,47095.723450,-20.563602,63106.477261,60769.826174,53292.207420,0.000000,0.000000,0.000000
8.691295,10uVrms10Hz_ch2pga1.bin,250,2172,28580,1,0xA3,1,0,0,192,0,0,47097.891569,-20.429492,63109.114766,60772.575438,53294.062614,0.000000,0.000000,0.000000
8.695298,10uVrms10Hz_ch2pga1.bin,250,2173,28581,1,0xA3,1,0,0,192,0,0,47100.082040,-20.317733,63111.819327,60775.347054,53295.873106,0.000000,0.000000,0.000000
8.699297,10uVrms10Hz_ch2pga1.bin,250,2174,28582,1,0xA3,1,0,0,192,0,0,47102.451324,-20.340085,63114.613295,60778.185725,53297.795355,0.000000,0.000000,0.000000
8.703300,10uVrms10Hz_ch2pga1.bin,250,2175,28583,1,0xA3,1,0,0,192,0,0,47104.775906,-20.205975,63117.362559,60780.957341,53299.762309,0.000000,0.000000,0.000000
8.707299,10uVrms10Hz_ch2pga1.bin,250,2176,28584,1,0xA3,1,0,0,192,0,0,47106.944025,-20.116568,63120.111823,60783.728957,53301.595151,0.000000,0.000000,0.000000
8.711302,10uVrms10Hz_ch2pga1.bin,250,2177,28585,1,0xA3,1,0,0,192,0,0,47109.134495,-20.161271,63122.861087,60786.500573,53303.517401,0.000000,0.000000,0.000000
8.715304,10uVrms10Hz_ch2pga1.bin,250,2178,28586,1,0xA3,1,0,0,192,0,0,47111.526132,-20.161271,63125.722110,60789.316893,53305.573761,0.000000,0.000000,0.000000
8.719303,10uVrms10Hz_ch2pga1.bin,250,2179,28587,1,0xA3,1,0,0,192,0,0,47113.850713,-20.027161,63128.516078,60792.244971,53307.540715,0.000000,0.000000,0.000000
8.723306,10uVrms10Hz_ch2pga1.bin,250,2180,28588,1,0xA3,1,0,0,192,0,0,47116.085887,-19.982457,63131.220639,60795.083642,53309.440613,0.000000,0.000000,0.000000
8.727309,10uVrms10Hz_ch2pga1.bin,250,2181,28589,1,0xA3,1,0,0,192,0,0,47118.254006,-20.094216,63133.902848,60797.721148,53311.273456,0.000000,0.000000,0.000000
8.731308,10uVrms10Hz_ch2pga1.bin,250,2182,28590,1,0xA3,1,0,0,192,0,0,47120.332718,-20.161271,63136.607409,60800.403357,53313.039243,0.000000,0.000000,0.000000
8.735311,10uVrms10Hz_ch2pga1.bin,250,2183,28591,1,0xA3,1,0,0,192,0,0,47122.523189,-20.250678,63139.289618,60803.085566,53314.849734,0.000000,0.000000,0.000000
8.739311,10uVrms10Hz_ch2pga1.bin,250,2184,28592,1,0xA3,1,0,0,192,0,0,47124.870121,-20.273030,63142.016530,60805.924237,53316.794336,0.000000,0.000000,0.000000
8.743313,10uVrms10Hz_ch2pga1.bin,250,2185,28593,1,0xA3,1,0,0,192,0,0,47127.306461,-20.317733,63144.922256,60808.874667,53318.895400,0.000000,0.000000,0.000000
8.747316,10uVrms10Hz_ch2pga1.bin,250,2186,28594,1,0xA3,1,0,0,192,0,0,47129.653394,-20.384789,63147.760928,60811.668634,53320.884705,0.000000,0.000000,0.000000
8.751315,10uVrms10Hz_ch2pga1.bin,250,2187,28595,1,0xA3,1,0,0,192,0,0,47131.821513,-20.474195,63150.465488,60814.440250,53322.739899,0.000000,0.000000,0.000000
8.755319,10uVrms10Hz_ch2pga1.bin,250,2188,28596,1,0xA3,1,0,0,192,0,0,47134.146094,-20.518899,63153.237104,60817.256570,53324.639797,0.000000,0.000000,0.000000
8.759318,10uVrms10Hz_ch2pga1.bin,250,2189,28597,1,0xA3,1,0,0,192,0,0,47136.493027,-20.608306,63156.031072,60820.072889,53326.562047,0.000000,0.000000,0.000000
8.763321,10uVrms10Hz_ch2pga1.bin,250,2190,28598,1,0xA3,1,0,0,192,0,0,47138.683498,-20.653009,63158.825040,60822.822154,53328.551352,0.000000,0.000000,0.000000
8.767321,10uVrms10Hz_ch2pga1.bin,250,2191,28599,1,0xA3,1,0,0,192,0,0,47140.985727,-20.697713,63161.596656,60825.660825,53330.406547,0.000000,0.000000,0.000000
8.771323,10uVrms10Hz_ch2pga1.bin,250,2192,28600,1,0xA3,1,0,0,192,0,0,47143.243253,-20.697713,63164.256513,60828.432441,53332.306445,0.000000,0.000000,0.000000
8.775326,10uVrms10Hz_ch2pga1.bin,250,2193,28601,1,0xA3,1,0,0,192,0,0,47145.567834,-20.742416,63167.072833,60831.248760,53334.362805,0.000000,0.000000,0.000000
8.779326,10uVrms10Hz_ch2pga1.bin,250,2194,28602,1,0xA3,1,0,0,192,0,0,47147.959471,-20.720065,63170.090318,60834.154487,53336.352110,0.000000,0.000000,0.000000
8.783329,10uVrms10Hz_ch2pga1.bin,250,2195,28603,1,0xA3,1,0,0,192,0,0,47150.373459,-20.608306,63172.951341,60837.060213,53338.363767,0.000000,0.000000,0.000000
8.787328,10uVrms10Hz_ch2pga1.bin,250,2196,28604,1,0xA3,1,0,0,192,0,0,47152.698040,-20.496547,63175.678253,60839.898884,53340.286016,0.000000,0.000000,0.000000
8.791331,10uVrms10Hz_ch2pga1.bin,250,2197,28605,1,0xA3,1,0,0,192,0,0,47154.866159,-20.563602,63178.360462,60842.692852,53342.074156,0.000000,0.000000,0.000000
8.795332,10uVrms10Hz_ch2pga1.bin,250,2198,28606,1,0xA3,1,0,0,192,0,0,47157.123685,-20.474195,63181.176782,60845.553875,53343.996406,0.000000,0.000000,0.000000
8.799335,10uVrms10Hz_ch2pga1.bin,250,2199,28607,1,0xA3,1,0,0,192,0,0,47159.560025,-20.384789,63183.993101,60848.414898,53346.075118,0.000000,0.000000,0.000000
8.803335,10uVrms10Hz_ch2pga1.bin,250,2200,28608,1,0xA3,1,0,0,192,0,0,47162.130475,-20.250678,63187.032938,60851.477087,53348.310292,0.000000,0.000000,0.000000
8.807338,10uVrms10Hz_ch2pga1.bin,250,2201,28609,1,0xA3,1,0,0,192,0,0,47164.589167,-20.138919,63190.050423,60854.494572,53350.389004,0.000000,0.000000,0.000000
8.811338,10uVrms10Hz_ch2pga1.bin,250,2202,28610,1,0xA3,1,0,0,192,0,0,47166.846693,-20.094216,63192.844391,60857.288539,53352.244198,0.000000,0.000000,0.000000
8.815340,10uVrms10Hz_ch2pga1.bin,250,2203,28611,1,0xA3,1,0,0,192,0,0,47169.037163,-20.027161,63195.593655,60860.060155,53354.121745,0.000000,0.000000,0.000000
8.819342,10uVrms10Hz_ch2pga1.bin,250,2204,28612,1,0xA3,1,0,0,192,0,0,47171.361744,-20.049512,63198.387623,60862.854123,53356.178105,0.000000,0.000000,0.000000
8.823341,10uVrms10Hz_ch2pga1.bin,250,2205,28613,1,0xA3,1,0,0,192,0,0,47173.641622,-20.094216,63201.069832,60865.603387,53358.145058,0.000000,0.000000,0.000000
8.827343,10uVrms10Hz_ch2pga1.bin,250,2206,28614,1,0xA3,1,0,0,192,0,0,47175.787389,-20.094216,63203.819096,60868.397355,53359.955549,0.000000,0.000000,0.000000
8.831346,10uVrms10Hz_ch2pga1.bin,250,2207,28615,1,0xA3,1,0,0,192,0,0,47178.044915,-20.161271,63206.568360,60871.168971,53361.855447,0.000000,0.000000,0.000000
8.835345,10uVrms10Hz_ch2pga1.bin,250,2208,28616,1,0xA3,1,0,0,192,0,0,47180.481255,-20.250678,63209.407032,60874.186456,53363.978863,0.000000,0.000000,0.000000
8.839349,10uVrms10Hz_ch2pga1.bin,250,2209,28617,1,0xA3,1,0,0,192,0,0,47182.984650,-20.205975,63212.312758,60877.136886,53366.102278,0.000000,0.000000,0.000000
8.843349,10uVrms10Hz_ch2pga1.bin,250,2210,28618,1,0xA3,1,0,0,192,0,0,47185.398638,-20.317733,63215.285540,60880.020261,53368.136287,0.000000,0.000000,0.000000
8.847351,10uVrms10Hz_ch2pga1.bin,250,2211,28619,1,0xA3,1,0,0,192,0,0,47187.566757,-20.429492,63218.057156,60882.858932,53370.058537,0.000000,0.000000,0.000000
8.851350,10uVrms10Hz_ch2pga1.bin,250,2212,28620,1,0xA3,1,0,0,192,0,0,47189.757228,-20.518899,63220.739365,60885.585845,53371.913731,0.000000,0.000000,0.000000
8.855353,10uVrms10Hz_ch2pga1.bin,250,2213,28621,1,0xA3,1,0,0,192,0,0,47192.037106,-20.608306,63223.578036,60888.379812,53373.791277,0.000000,0.000000,0.000000
8.859356,10uVrms10Hz_ch2pga1.bin,250,2214,28622,1,0xA3,1,0,0,192,0,0,47194.339335,-20.675361,63226.327300,60891.263187,53375.713527,0.000000,0.000000,0.000000
8.863356,10uVrms10Hz_ch2pga1.bin,250,2215,28623,1,0xA3,1,0,0,192,0,0,47196.619213,-20.653009,63229.031861,60894.034803,53377.568722,0.000000,0.000000,0.000000
8.867359,10uVrms10Hz_ch2pga1.bin,250,2216,28624,1,0xA3,1,0,0,192,0,0,47198.876739,-20.653009,63231.825829,60896.895826,53379.558027,0.000000,0.000000,0.000000
8.871358,10uVrms10Hz_ch2pga1.bin,250,2217,28625,1,0xA3,1,0,0,192,0,0,47201.246023,-20.653009,63234.664500,60899.734497,53381.592035,0.000000,0.000000,0.000000
8.875361,10uVrms10Hz_ch2pga1.bin,250,2218,28626,1,0xA3,1,0,0,192,0,0,47203.615308,-20.764768,63237.458467,60902.595520,53383.581340,0.000000,0.000000,0.000000
8.879360,10uVrms10Hz_ch2pga1.bin,250,2219,28627,1,0xA3,1,0,0,192,0,0,47205.850482,-20.675361,63240.185380,60905.300081,53385.548294,0.000000,0.000000,0.000000
8.883363,10uVrms10Hz_ch2pga1.bin,250,2220,28628,1,0xA3,1,0,0,192,0,0,47208.219767,-20.585954,63242.979348,60908.161104,53387.537599,0.000000,0.000000,0.000000
8.887366,10uVrms10Hz_ch2pga1.bin,250,2221,28629,1,0xA3,1,0,0,192,0,0,47210.477293,-20.630658,63245.795667,60911.022127,53389.392793,0.000000,0.000000,0.000000
8.891366,10uVrms10Hz_ch2pga1.bin,250,2222,28630,1,0xA3,1,0,0,192,0,0,47212.690115,-20.585954,63248.500228,60913.749039,53391.270339,0.000000,0.000000,0.000000
8.895370,10uVrms10Hz_ch2pga1.bin,250,2223,28631,1,0xA3,1,0,0,192,0,0,47214.992344,-20.451844,63251.316547,60916.543007,53393.259645,0.000000,0.000000,0.000000
8.899369,10uVrms10Hz_ch2pga1.bin,250,2224,28632,1,0xA3,1,0,0,192,0,0,47217.428684,-20.362437,63254.199922,60919.426382,53395.316005,0.000000,0.000000,0.000000
8.903373,10uVrms10Hz_ch2pga1.bin,250,2225,28633,1,0xA3,1,0,0,192,0,0,47219.820321,-20.317733,63257.060945,60922.332108,53397.350013,0.000000,0.000000,0.000000
8.907373,10uVrms10Hz_ch2pga1.bin,250,2226,28634,1,0xA3,1,0,0,192,0,0,47222.122550,-20.250678,63259.854913,60925.170779,53399.316967,0.000000,0.000000,0.000000
8.911373,10uVrms10Hz_ch2pga1.bin,250,2227,28635,1,0xA3,1,0,0,192,0,0,47224.380076,-20.161271,63262.604177,60927.964747,53401.239216,0.000000,0.000000,0.000000
8.915377,10uVrms10Hz_ch2pga1.bin,250,2228,28636,1,0xA3,1,0,0,192,0,0,47226.682305,-20.094216,63265.442848,60930.825770,53403.139114,0.000000,0.000000,0.000000
8.919378,10uVrms10Hz_ch2pga1.bin,250,2229,28637,1,0xA3,1,0,0,192,0,0,47228.872776,-20.116568,63268.169761,60933.575034,53405.083716,0.000000,0.000000,0.000000
8.923378,10uVrms10Hz_ch2pga1.bin,250,2230,28638,1,0xA3,1,0,0,192,0,0,47231.152654,-20.094216,63270.874321,60936.369002,53406.983614,0.000000,0.000000,0.000000
8.927381,10uVrms10Hz_ch2pga1.bin,250,2231,28639,1,0xA3,1,0,0,192,0,0,47233.477235,-20.094216,63273.690641,60939.274728,53408.950567,0.000000,0.000000,0.000000
8.931381,10uVrms10Hz_ch2pga1.bin,250,2232,28640,1,0xA3,1,0,0,192,0,0,47235.913575,-20.138919,63276.685774,60942.202806,53411.029279,0.000000,0.000000,0.000000
8.935385,10uVrms10Hz_ch2pga1.bin,250,2233,28641,1,0xA3,1,0,0,192,0,0,47238.416970,-20.273030,63279.658556,60945.063829,53413.040936,0.000000,0.000000,0.000000
8.939386,10uVrms10Hz_ch2pga1.bin,250,2234,28642,1,0xA3,1,0,0,192,0,0,47240.696847,-20.340085,63282.430172,60947.857797,53415.074944,0.000000,0.000000,0.000000
8.943388,10uVrms10Hz_ch2pga1.bin,250,2235,28643,1,0xA3,1,0,0,192,0,0,47242.999077,-20.362437,63285.157084,60950.718820,53417.041898,0.000000,0.000000,0.000000
8.947388,10uVrms10Hz_ch2pga1.bin,250,2236,28644,1,0xA3,1,0,0,192,0,0,47245.256603,-20.384789,63287.928700,60953.557491,53418.897092,0.000000,0.000000,0.000000
8.951388,10uVrms10Hz_ch2pga1.bin,250,2237,28645,1,0xA3,1,0,0,192,0,0,47247.581184,-20.585954,63290.700316,60956.351459,53420.796990,0.000000,0.000000,0.000000
8.955391,10uVrms10Hz_ch2pga1.bin,250,2238,28646,1,0xA3,1,0,0,192,0,0,47249.816358,-20.608306,63293.471932,60959.100723,53422.696888,0.000000,0.000000,0.000000
8.959392,10uVrms10Hz_ch2pga1.bin,250,2239,28647,1,0xA3,1,0,0,192,0,0,47252.207994,-20.608306,63296.422362,60962.095857,53424.797952,0.000000,0.000000,0.000000
8.963395,10uVrms10Hz_ch2pga1.bin,250,2240,28648,1,0xA3,1,0,0,192,0,0,47254.644334,-20.608306,63299.305737,60965.001583,53426.899016,0.000000,0.000000,0.000000
8.967394,10uVrms10Hz_ch2pga1.bin,250,2241,28649,1,0xA3,1,0,0,192,0,0,47256.857157,-20.653009,63302.010298,60967.773199,53428.843617,0.000000,0.000000,0.000000
8.971397,10uVrms10Hz_ch2pga1.bin,250,2242,28650,1,0xA3,1,0,0,192,0,0,47258.958220,-20.653009,63304.647803,60970.522463,53430.631757,0.000000,0.000000,0.000000
8.975397,10uVrms10Hz_ch2pga1.bin,250,2243,28651,1,0xA3,1,0,0,192,0,0,47261.260450,-20.742416,63307.419419,60973.338783,53432.576358,0.000000,0.000000,0.000000
8.979401,10uVrms10Hz_ch2pga1.bin,250,2244,28652,1,0xA3,1,0,0,192,0,0,47263.562679,-20.675361,63310.213387,60976.199806,53434.565663,0.000000,0.000000,0.000000
8.983400,10uVrms10Hz_ch2pga1.bin,250,2245,28653,1,0xA3,1,0,0,192,0,0,47265.775502,-20.518899,63313.029706,60979.060829,53436.465561,0.000000,0.000000,0.000000
8.987404,10uVrms10Hz_ch2pga1.bin,250,2246,28654,1,0xA3,1,0,0,192,0,0,47268.144786,-20.496547,63315.756619,60981.832445,53438.387811,0.000000,0.000000,0.000000
8.991404,10uVrms10Hz_ch2pga1.bin,250,2247,28655,1,0xA3,1,0,0,192,0,0,47270.447016,-20.451844,63318.595290,60984.604061,53440.354764,0.000000,0.000000,0.000000
8.995406,10uVrms10Hz_ch2pga1.bin,250,2248,28656,1,0xA3,1,0,0,192,0,0,47272.726893,-20.362437,63321.411610,60987.442732,53442.344069,0.000000,0.000000,0.000000
8.999407,10uVrms10Hz_ch2pga1.bin,250,2249,28657,1,0xA3,1,0,0,192,0,0,47275.207937,-20.317733,63324.294984,60990.393162,53444.422781,0.000000,0.000000,0.000000
9.003410,10uVrms10Hz_ch2pga1.bin,250,2250,28658,1,0xA3,1,0,0,192,0,0,47277.577221,-20.250678,63327.088952,60993.276536,53446.322680,0.000000,0.000000,0.000000
9.007410,10uVrms10Hz_ch2pga1.bin,250,2251,28659,1,0xA3,1,0,0,192,0,0,47279.879451,-20.183623,63329.838216,60996.115208,53448.155522,0.000000,0.000000,0.000000
9.011413,10uVrms10Hz_ch2pga1.bin,250,2252,28660,1,0xA3,1,0,0,192,0,0,47282.114625,-20.205975,63332.609832,60998.864472,53450.077772,0.000000,0.000000,0.000000
9.015414,10uVrms10Hz_ch2pga1.bin,250,2253,28661,1,0xA3,1,0,0,192,0,0,47284.416854,-20.138919,63335.448503,61001.658440,53452.111781,0.000000,0.000000,0.000000
9.019414,10uVrms10Hz_ch2pga1.bin,250,2254,28662,1,0xA3,1,0,0,192,0,0,47286.853194,-20.094216,63338.421285,61004.698277,53454.168141,0.000000,0.000000,0.000000
9.023417,10uVrms10Hz_ch2pga1.bin,250,2255,28663,1,0xA3,1,0,0,192,0,0,47289.110720,-20.094216,63341.170549,61007.514596,53456.157446,0.000000,0.000000,0.000000
9.027419,10uVrms10Hz_ch2pga1.bin,250,2256,28664,1,0xA3,1,0,0,192,0,0,47291.345894,-20.183623,63343.852758,61010.286212,53458.012640,0.000000,0.000000,0.000000
9.031419,10uVrms10Hz_ch2pga1.bin,250,2257,28665,1,0xA3,1,0,0,192,0,0,47293.514013,-20.094216,63346.467912,61012.946069,53459.756076,0.000000,0.000000,0.000000
9.035422,10uVrms10Hz_ch2pga1.bin,250,2258,28666,1,0xA3,1,0,0,192,0,0,47295.816243,-20.183623,63349.217176,61015.740037,53461.700678,0.000000,0.000000,0.000000
9.039423,10uVrms10Hz_ch2pga1.bin,250,2259,28667,1,0xA3,1,0,0,192,0,0,47298.140824,-20.273030,63352.122903,61018.645763,53463.645279,0.000000,0.000000,0.000000
9.043425,10uVrms10Hz_ch2pga1.bin,250,2260,28668,1,0xA3,1,0,0,192,0,0,47300.487757,-20.362437,63355.006278,61021.439731,53465.656936,0.000000,0.000000,0.000000
9.047424,10uVrms10Hz_ch2pga1.bin,250,2261,28669,1,0xA3,1,0,0,192,0,0,47302.857041,-20.429492,63357.800245,61024.300754,53467.623889,0.000000,0.000000,0.000000
9.051428,10uVrms10Hz_ch2pga1.bin,250,2262,28670,1,0xA3,1,0,0,192,0,0,47305.136919,-20.496547,63360.616565,61027.094722,53469.546139,0.000000,0.000000,0.000000
9.055428,10uVrms10Hz_ch2pga1.bin,250,2263,28671,1,0xA3,1,0,0,192,0,0,47307.416797,-20.585954,63363.388181,61029.978096,53471.535444,0.000000,0.000000,0.000000
9.059428,10uVrms10Hz_ch2pga1.bin,250,2264,28672,1,0xA3,1,0,0,192,0,0,47309.808433,-20.563602,63366.204500,61032.928526,53473.636508,0.000000,0.000000,0.000000
9.063431,10uVrms10Hz_ch2pga1.bin,250,2265,28673,1,0xA3,1,0,0,192,0,0,47312.110662,-20.653009,63369.043171,61035.789549,53475.603461,0.000000,0.000000,0.000000
9.067431,10uVrms10Hz_ch2pga1.bin,250,2266,28674,1,0xA3,1,0,0,192,0,0,47314.412892,-20.653009,63371.814787,61038.628221,53477.525711,0.000000,0.000000,0.000000
9.071435,10uVrms10Hz_ch2pga1.bin,250,2267,28675,1,0xA3,1,0,0,192,0,0,47316.692770,-20.675361,63374.541700,61041.422188,53479.425609,0.000000,0.000000,0.000000
9.075435,10uVrms10Hz_ch2pga1.bin,250,2268,28676,1,0xA3,1,0,0,192,0,0,47319.017351,-20.697713,63377.402723,61044.193804,53481.370211,0.000000,0.000000,0.000000
9.079438,10uVrms10Hz_ch2pga1.bin,250,2269,28677,1,0xA3,1,0,0,192,0,0,47321.476042,-20.653009,63380.263746,61047.077179,53483.314812,0.000000,0.000000,0.000000
9.083437,10uVrms10Hz_ch2pga1.bin,250,2270,28678,1,0xA3,1,0,0,192,0,0,47323.778272,-20.608306,63383.124769,61050.027609,53485.393524,0.000000,0.000000,0.000000
9.087441,10uVrms10Hz_ch2pga1.bin,250,2271,28679,1,0xA3,1,0,0,192,0,0,47325.968742,-20.541251,63385.762274,61052.843928,53487.293422,0.000000,0.000000,0.000000
9.091441,10uVrms10Hz_ch2pga1.bin,250,2272,28680,1,0xA3,1,0,0,192,0,0,47328.114510,-20.429492,63388.444483,61055.548489,53489.103913,0.000000,0.000000,0.000000
9.095444,10uVrms10Hz_ch2pga1.bin,250,2273,28681,1,0xA3,1,0,0,192,0,0,47330.439091,-20.429492,63391.305506,61058.409512,53491.003811,0.000000,0.000000,0.000000
9.099447,10uVrms10Hz_ch2pga1.bin,250,2274,28682,1,0xA3,1,0,0,192,0,0,47332.696617,-20.362437,63394.121826,61061.225832,53492.948413,0.000000,0.000000,0.000000
9.103446,10uVrms10Hz_ch2pga1.bin,250,2275,28683,1,0xA3,1,0,0,192,0,0,47335.043550,-20.250678,63396.893442,61063.975096,53495.049477,0.000000,0.000000,0.000000
9.107449,10uVrms10Hz_ch2pga1.bin,250,2276,28684,1,0xA3,1,0,0,192,0,0,47337.479889,-20.205975,63399.642706,61066.813767,53496.949375,0.000000,0.000000,0.000000
9.111449,10uVrms10Hz_ch2pga1.bin,250,2277,28685,1,0xA3,1,0,0,192,0,0,47339.737415,-20.138919,63402.459025,61069.652438,53498.871624,0.000000,0.000000,0.000000
9.115459,10uVrms10Hz_ch2pga1.bin,250,2278,28686,1,0xA3,1,0,0,192,0,0,47342.061996,-20.138919,63405.297697,61072.513461,53500.883281,0.000000,0.000000,0.000000
9.119459,10uVrms10Hz_ch2pga1.bin,250,2279,28687,1,0xA3,1,0,0,192,0,0,47344.475985,-20.161271,63408.158720,61075.530946,53502.894938,0.000000,0.000000,0.000000
9.123459,10uVrms10Hz_ch2pga1.bin,250,2280,28688,1,0xA3,1,0,0,192,0,0,47346.800566,-20.205975,63410.997391,61078.324914,53504.839540,0.000000,0.000000,0.000000
9.127461,10uVrms10Hz_ch2pga1.bin,250,2281,28689,1,0xA3,1,0,0,192,0,0,47349.035740,-20.138919,63413.769007,61081.007123,53506.784141,0.000000,0.000000,0.000000
9.131461,10uVrms10Hz_ch2pga1.bin,250,2282,28690,1,0xA3,1,0,0,192,0,0,47351.248562,-20.161271,63416.495919,61083.845794,53508.706391,0.000000,0.000000,0.000000
9.135464,10uVrms10Hz_ch2pga1.bin,250,2283,28691,1,0xA3,1,0,0,192,0,0,47353.573143,-20.205975,63419.222832,61086.662114,53510.695696,0.000000,0.000000,0.000000
9.139464,10uVrms10Hz_ch2pga1.bin,250,2284,28692,1,0xA3,1,0,0,192,0,0,47355.920076,-20.295382,63422.195613,61089.634895,53512.662649,0.000000,0.000000,0.000000
9.143466,10uVrms10Hz_ch2pga1.bin,250,2285,28693,1,0xA3,1,0,0,192,0,0,47358.289361,-20.295382,63424.989581,61092.540622,53514.741361,0.000000,0.000000,0.000000
9.147467,10uVrms10Hz_ch2pga1.bin,250,2286,28694,1,0xA3,1,0,0,192,0,0,47360.546887,-20.384789,63427.738845,61095.222831,53516.663611,0.000000,0.000000,0.000000
9.151470,10uVrms10Hz_ch2pga1.bin,250,2287,28695,1,0xA3,1,0,0,192,0,0,47362.871468,-20.496547,63430.488110,61097.994447,53518.518806,0.000000,0.000000,0.000000
9.155469,10uVrms10Hz_ch2pga1.bin,250,2288,28696,1,0xA3,1,0,0,192,0,0,47365.084291,-20.585954,63433.237374,61100.833118,53520.374000,0.000000,0.000000,0.000000
9.159472,10uVrms10Hz_ch2pga1.bin,250,2289,28697,1,0xA3,1,0,0,192,0,0,47367.364168,-20.608306,63435.941935,61103.649437,53522.340953,0.000000,0.000000,0.000000
9.163471,10uVrms10Hz_ch2pga1.bin,250,2290,28698,1,0xA3,1,0,0,192,0,0,47369.621694,-20.697713,63438.758254,61106.488109,53524.330258,0.000000,0.000000,0.000000
9.167475,10uVrms10Hz_ch2pga1.bin,250,2291,28699,1,0xA3,1,0,0,192,0,0,47371.789813,-20.653009,63441.507518,61109.103262,53526.140749,0.000000,0.000000,0.000000
9.171474,10uVrms10Hz_ch2pga1.bin,250,2292,28700,1,0xA3,1,0,0,192,0,0,47374.136746,-20.653009,63444.256783,61111.897230,53528.018296,0.000000,0.000000,0.000000
9.175477,10uVrms10Hz_ch2pga1.bin,250,2293,28701,1,0xA3,1,0,0,192,0,0,47376.438975,-20.720065,63447.006047,61114.825308,53530.007601,0.000000,0.000000,0.000000
9.179477,10uVrms10Hz_ch2pga1.bin,250,2294,28702,1,0xA3,1,0,0,192,0,0,47378.785908,-20.630658,63449.777663,61117.663980,53531.996906,0.000000,0.000000,0.000000
9.183481,10uVrms10Hz_ch2pga1.bin,250,2295,28703,1,0xA3,1,0,0,192,0,0,47381.088138,-20.585954,63452.593982,61120.457947,53533.963859,0.000000,0.000000,0.000000
9.187483,10uVrms10Hz_ch2pga1.bin,250,2296,28704,1,0xA3,1,0,0,192,0,0,47383.233905,-20.541251,63455.253839,61123.229563,53535.841405,0.000000,0.000000,0.000000
9.191483,10uVrms10Hz_ch2pga1.bin,250,2297,28705,1,0xA3,1,0,0,192,0,0,47385.446727,-20.496547,63458.047807,61125.978827,53537.696600,0.000000,0.000000,0.000000
9.195485,10uVrms10Hz_ch2pga1.bin,250,2298,28706,1,0xA3,1,0,0,192,0,0,47387.793660,-20.429492,63460.841775,61128.839850,53539.663553,0.000000,0.000000,0.000000
9.199487,10uVrms10Hz_ch2pga1.bin,250,2299,28707,1,0xA3,1,0,0,192,0,0,47390.319407,-20.384789,63463.769853,61131.879687,53541.719913,0.000000,0.000000,0.000000
9.203486,10uVrms10Hz_ch2pga1.bin,250,2300,28708,1,0xA3,1,0,0,192,0,0,47392.666340,-20.250678,63466.630876,61134.696007,53543.798625,0.000000,0.000000,0.000000
9.207490,10uVrms10Hz_ch2pga1.bin,250,2301,28709,1,0xA3,1,0,0,192,0,0,47394.990921,-20.183623,63469.447196,61137.512326,53545.787930,0.000000,0.000000,0.000000
9.211489,10uVrms10Hz_ch2pga1.bin,250,2302,28710,1,0xA3,1,0,0,192,0,0,47397.270799,-20.183623,63472.241163,61140.395701,53547.665477,0.000000,0.000000,0.000000
9.215492,10uVrms10Hz_ch2pga1.bin,250,2303,28711,1,0xA3,1,0,0,192,0,0,47399.573028,-20.138919,63475.035131,61143.212020,53549.587727,0.000000,0.000000,0.000000
9.219492,10uVrms10Hz_ch2pga1.bin,250,2304,28712,1,0xA3,1,0,0,192,0,0,47401.964664,-20.138919,63477.851450,61146.050692,53551.599383,0.000000,0.000000,0.000000
9.223495,10uVrms10Hz_ch2pga1.bin,250,2305,28713,1,0xA3,1,0,0,192,0,0,47404.199839,-20.049512,63480.690122,61148.911715,53553.521633,0.000000,0.000000,0.000000
9.227494,10uVrms10Hz_ch2pga1.bin,250,2306,28714,1,0xA3,1,0,0,192,0,0,47406.546772,-20.138919,63483.506441,61151.683331,53555.488586,0.000000,0.000000,0.000000
9.231498,10uVrms10Hz_ch2pga1.bin,250,2307,28715,1,0xA3,1,0,0,192,0,0,47408.804297,-20.295382,63486.278057,61154.566705,53557.410836,0.000000,0.000000,0.000000
9.235500,10uVrms10Hz_ch2pga1.bin,250,2308,28716,1,0xA3,1,0,0,192,0,0,47411.240637,-20.317733,63489.139080,61157.494783,53559.422493,0.000000,0.000000,0.000000
9.239500,10uVrms10Hz_ch2pga1.bin,250,2309,28717,1,0xA3,1,0,0,192,0,0,47413.654625,-20.317733,63492.089510,61160.467565,53561.434150,0.000000,0.000000,0.000000
9.243500,10uVrms10Hz_ch2pga1.bin,250,2310,28718,1,0xA3,1,0,0,192,0,0,47415.889800,-20.384789,63494.883478,61163.261533,53563.468158,0.000000,0.000000,0.000000
9.247504,10uVrms10Hz_ch2pga1.bin,250,2311,28719,1,0xA3,1,0,0,192,0,0,47418.192029,-20.451844,63497.588038,61166.167259,53565.390408,0.000000,0.000000,0.000000
9.251503,10uVrms10Hz_ch2pga1.bin,250,2312,28720,1,0xA3,1,0,0,192,0,0,47420.449555,-20.496547,63500.404358,61168.916523,53567.200899,0.000000,0.000000,0.000000
9.255507,10uVrms10Hz_ch2pga1.bin,250,2313,28721,1,0xA3,1,0,0,192,0,0,47422.729433,-20.496547,63503.175974,61171.755195,53569.100797,0.000000,0.000000,0.000000
9.259509,10uVrms10Hz_ch2pga1.bin,250,2314,28722,1,0xA3,1,0,0,192,0,0,47425.098717,-20.563602,63506.014645,61174.660921,53571.134806,0.000000,0.000000,0.000000
9.263509,10uVrms10Hz_ch2pga1.bin,250,2315,28723,1,0xA3,1,0,0,192,0,0,47427.512705,-20.697713,63508.987427,61177.499592,53573.191166,0.000000,0.000000,0.000000
9.267512,10uVrms10Hz_ch2pga1.bin,250,2316,28724,1,0xA3,1,0,0,192,0,0,47429.814935,-20.720065,63511.714339,61180.382967,53575.180471,0.000000,0.000000,0.000000
9.271512,10uVrms10Hz_ch2pga1.bin,250,2317,28725,1,0xA3,1,0,0,192,0,0,47432.094812,-20.653009,63514.329493,61183.176935,53577.035666,0.000000,0.000000,0.000000
9.275514,10uVrms10Hz_ch2pga1.bin,250,2318,28726,1,0xA3,1,0,0,192,0,0,47434.307635,-20.653009,63517.101109,61185.859144,53578.890860,0.000000,0.000000,0.000000
9.279514,10uVrms10Hz_ch2pga1.bin,250,2319,28727,1,0xA3,1,0,0,192,0,0,47436.498106,-20.653009,63519.850373,61188.519001,53580.835462,0.000000,0.000000,0.000000
9.283517,10uVrms10Hz_ch2pga1.bin,250,2320,28728,1,0xA3,1,0,0,192,0,0,47438.755631,-20.675361,63522.666693,61191.335320,53582.690656,0.000000,0.000000,0.000000
9.287517,10uVrms10Hz_ch2pga1.bin,250,2321,28729,1,0xA3,1,0,0,192,0,0,47441.013157,-20.585954,63525.304198,61194.151640,53584.456444,0.000000,0.000000,0.000000
9.291520,10uVrms10Hz_ch2pga1.bin,250,2322,28730,1,0xA3,1,0,0,192,0,0,47443.203628,-20.429492,63528.075814,61196.900904,53586.378694,0.000000,0.000000,0.000000
9.295523,10uVrms10Hz_ch2pga1.bin,250,2323,28731,1,0xA3,1,0,0,192,0,0,47445.684671,-20.362437,63531.048596,61199.873686,53588.591516,0.000000,0.000000,0.000000
9.299522,10uVrms10Hz_ch2pga1.bin,250,2324,28732,1,0xA3,1,0,0,192,0,0,47448.031604,-20.317733,63533.954322,61202.824116,53590.603173,0.000000,0.000000,0.000000
9.303524,10uVrms10Hz_ch2pga1.bin,250,2325,28733,1,0xA3,1,0,0,192,0,0,47450.266778,-20.250678,63536.636531,61205.618083,53592.525423,0.000000,0.000000,0.000000
9.307526,10uVrms10Hz_ch2pga1.bin,250,2326,28734,1,0xA3,1,0,0,192,0,0,47452.501953,-20.205975,63539.296389,61208.367348,53594.358265,0.000000,0.000000,0.000000
9.311525,10uVrms10Hz_ch2pga1.bin,250,2327,28735,1,0xA3,1,0,0,192,0,0,47454.625368,-20.183623,63542.000949,61211.049557,53596.146405,0.000000,0.000000,0.000000
9.315528,10uVrms10Hz_ch2pga1.bin,250,2328,28736,1,0xA3,1,0,0,192,0,0,47456.882894,-20.049512,63544.727862,61213.865876,53598.091006,0.000000,0.000000,0.000000
9.319530,10uVrms10Hz_ch2pga1.bin,250,2329,28737,1,0xA3,1,0,0,192,0,0,47459.229827,-20.071864,63547.588885,61216.749251,53600.057960,0.000000,0.000000,0.000000
9.323529,10uVrms10Hz_ch2pga1.bin,250,2330,28738,1,0xA3,1,0,0,192,0,0,47461.554408,-20.116568,63550.405204,61219.610274,53602.024913,0.000000,0.000000,0.000000
9.327532,10uVrms10Hz_ch2pga1.bin,250,2331,28739,1,0xA3,1,0,0,192,0,0,47463.946044,-20.116568,63553.288579,61222.516000,53604.036570,0.000000,0.000000,0.000000
9.331534,10uVrms10Hz_ch2pga1.bin,250,2332,28740,1,0xA3,1,0,0,192,0,0,47466.248274,-20.094216,63556.015491,61225.377023,53605.914116,0.000000,0.000000,0.000000
9.335534,10uVrms10Hz_ch2pga1.bin,250,2333,28741,1,0xA3,1,0,0,192,0,0,47468.528152,-20.094216,63558.742404,61228.036880,53607.858717,0.000000,0.000000,0.000000
9.339537,10uVrms10Hz_ch2pga1.bin,250,2334,28742,1,0xA3,1,0,0,192,0,0,47470.785677,-20.250678,63561.469316,61230.964959,53609.780967,0.000000,0.000000,0.000000
9.343535,10uVrms10Hz_ch2pga1.bin,250,2335,28743,1,0xA3,1,0,0,192,0,0,47473.065555,-20.384789,63564.263284,61233.781278,53611.703217,0.000000,0.000000,0.000000
9.347538,10uVrms10Hz_ch2pga1.bin,250,2336,28744,1,0xA3,1,0,0,192,0,0,47475.188971,-20.474195,63566.967845,61236.396432,53613.580763,0.000000,0.000000,0.000000
9.351541,10uVrms10Hz_ch2pga1.bin,250,2337,28745,1,0xA3,1,0,0,192,0,0,47477.468848,-20.608306,63569.717109,61239.145696,53615.525365,0.000000,0.000000,0.000000
9.355540,10uVrms10Hz_ch2pga1.bin,250,2338,28746,1,0xA3,1,0,0,192,0,0,47479.838133,-20.585954,63572.667539,61242.073774,53617.559373,0.000000,0.000000,0.000000
9.359543,10uVrms10Hz_ch2pga1.bin,250,2339,28747,1,0xA3,1,0,0,192,0,0,47482.319176,-20.608306,63575.550914,61245.091259,53619.638085,0.000000,0.000000,0.000000
9.363542,10uVrms10Hz_ch2pga1.bin,250,2340,28748,1,0xA3,1,0,0,192,0,0,47484.666109,-20.675361,63578.411937,61247.952282,53621.649742,0.000000,0.000000,0.000000
9.367546,10uVrms10Hz_ch2pga1.bin,250,2341,28749,1,0xA3,1,0,0,192,0,0,47487.035394,-20.720065,63581.228256,61250.768602,53623.571992,0.000000,0.000000,0.000000
9.371546,10uVrms10Hz_ch2pga1.bin,250,2342,28750,1,0xA3,1,0,0,192,0,0,47489.225864,-20.675361,63583.910465,61253.517866,53625.382483,0.000000,0.000000,0.000000
9.375549,10uVrms10Hz_ch2pga1.bin,250,2343,28751,1,0xA3,1,0,0,192,0,0,47491.483390,-20.697713,63586.659729,61256.356537,53627.327085,0.000000,0.000000,0.000000
9.379549,10uVrms10Hz_ch2pga1.bin,250,2344,28752,1,0xA3,1,0,0,192,0,0,47493.852675,-20.675361,63589.520752,61259.262264,53629.383445,0.000000,0.000000,0.000000
9.383552,10uVrms10Hz_ch2pga1.bin,250,2345,28753,1,0xA3,1,0,0,192,0,0,47496.289015,-20.585954,63592.404127,61262.167990,53631.417453,0.000000,0.000000,0.000000
9.387552,10uVrms10Hz_ch2pga1.bin,250,2346,28754,1,0xA3,1,0,0,192,0,0,47498.658299,-20.496547,63595.265150,61265.096068,53633.429110,0.000000,0.000000,0.000000
9.391556,10uVrms10Hz_ch2pga1.bin,250,2347,28755,1,0xA3,1,0,0,192,0,0,47500.848770,-20.496547,63597.947359,61267.666519,53635.284305,0.000000,0.000000,0.000000
9.395556,10uVrms10Hz_ch2pga1.bin,250,2348,28756,1,0xA3,1,0,0,192,0,0,47503.016889,-20.429492,63600.629568,61270.438135,53637.139499,0.000000,0.000000,0.000000
9.399559,10uVrms10Hz_ch2pga1.bin,250,2349,28757,1,0xA3,1,0,0,192,0,0,47505.274415,-20.340085,63603.356481,61273.232102,53638.949990,0.000000,0.000000,0.000000
9.403560,10uVrms10Hz_ch2pga1.bin,250,2350,28758,1,0xA3,1,0,0,192,0,0,47507.554293,-20.250678,63606.083393,61276.048422,53640.916944,0.000000,0.000000,0.000000
9.407560,10uVrms10Hz_ch2pga1.bin,250,2351,28759,1,0xA3,1,0,0,192,0,0,47509.700060,-20.183623,63608.765602,61278.797686,53642.749786,0.000000,0.000000,0.000000
9.411563,10uVrms10Hz_ch2pga1.bin,250,2352,28760,1,0xA3,1,0,0,192,0,0,47511.979938,-20.183623,63611.514866,61281.569302,53644.672036,0.000000,0.000000,0.000000
9.415563,10uVrms10Hz_ch2pga1.bin,250,2353,28761,1,0xA3,1,0,0,192,0,0,47514.393926,-20.161271,63614.420593,61284.452677,53646.706045,0.000000,0.000000,0.000000
9.419566,10uVrms10Hz_ch2pga1.bin,250,2354,28762,1,0xA3,1,0,0,192,0,0,47516.830266,-20.228326,63617.348671,61287.403107,53648.784757,0.000000,0.000000,0.000000
9.423566,10uVrms10Hz_ch2pga1.bin,250,2355,28763,1,0xA3,1,0,0,192,0,0,47519.154847,-20.138919,63620.209694,61290.264130,53650.751710,0.000000,0.000000,0.000000
9.427570,10uVrms10Hz_ch2pga1.bin,250,2356,28764,1,0xA3,1,0,0,192,0,0,47521.457076,-20.116568,63622.914255,61293.080449,53652.673960,0.000000,0.000000,0.000000
9.431569,10uVrms10Hz_ch2pga1.bin,250,2357,28765,1,0xA3,1,0,0,192,0,0,47523.669899,-20.138919,63625.618815,61295.807362,53654.573858,0.000000,0.000000,0.000000
9.435573,10uVrms10Hz_ch2pga1.bin,250,2358,28766,1,0xA3,1,0,0,192,0,0,47526.016831,-20.228326,63628.457487,61298.623681,53656.451404,0.000000,0.000000,0.000000
9.439573,10uVrms10Hz_ch2pga1.bin,250,2359,28767,1,0xA3,1,0,0,192,0,0,47528.386116,-20.317733,63631.229103,61301.529408,53658.440709,0.000000,0.000000,0.000000
9.443575,10uVrms10Hz_ch2pga1.bin,250,2360,28768,1,0xA3,1,0,0,192,0,0,47530.710697,-20.362437,63634.090126,61304.390430,53660.497069,0.000000,0.000000,0.000000
9.447575,10uVrms10Hz_ch2pga1.bin,250,2361,28769,1,0xA3,1,0,0,192,0,0,47532.945871,-20.429492,63636.817038,61307.072639,53662.352264,0.000000,0.000000,0.000000
9.451578,10uVrms10Hz_ch2pga1.bin,250,2362,28770,1,0xA3,1,0,0,192,0,0,47535.113990,-20.518899,63639.521599,61309.799552,53664.274514,0.000000,0.000000,0.000000
9.455578,10uVrms10Hz_ch2pga1.bin,250,2363,28771,1,0xA3,1,0,0,192,0,0,47537.371516,-20.518899,63642.248511,61312.682927,53666.174412,0.000000,0.000000,0.000000
9.459581,10uVrms10Hz_ch2pga1.bin,250,2364,28772,1,0xA3,1,0,0,192,0,0,47539.673746,-20.608306,63645.020127,61315.476894,53668.051958,0.000000,0.000000,0.000000
9.463582,10uVrms10Hz_ch2pga1.bin,250,2365,28773,1,0xA3,1,0,0,192,0,0,47541.953623,-20.697713,63647.724688,61318.181455,53669.929504,0.000000,0.000000,0.000000
9.467583,10uVrms10Hz_ch2pga1.bin,250,2366,28774,1,0xA3,1,0,0,192,0,0,47544.233501,-20.697713,63650.473952,61320.908368,53671.829402,0.000000,0.000000,0.000000
9.471586,10uVrms10Hz_ch2pga1.bin,250,2367,28775,1,0xA3,1,0,0,192,0,0,47546.491027,-20.764768,63653.312624,61323.724687,53673.774004,0.000000,0.000000,0.000000
9.475586,10uVrms10Hz_ch2pga1.bin,250,2368,28776,1,0xA3,1,0,0,192,0,0,47548.770905,-20.697713,63656.039536,61326.496303,53675.696254,0.000000,0.000000,0.000000
9.479590,10uVrms10Hz_ch2pga1.bin,250,2369,28777,1,0xA3,1,0,0,192,0,0,47551.028430,-20.608306,63658.699393,61329.245567,53677.618504,0.000000,0.000000,0.000000
9.483590,10uVrms10Hz_ch2pga1.bin,250,2370,28778,1,0xA3,1,0,0,192,0,0,47553.196549,-20.541251,63661.426306,61331.994832,53679.406643,0.000000,0.000000,0.000000
9.487593,10uVrms10Hz_ch2pga1.bin,250,2371,28779,1,0xA3,1,0,0,192,0,0,47555.454075,-20.563602,63664.264977,61334.811151,53681.306541,0.000000,0.000000,0.000000
9.491593,10uVrms10Hz_ch2pga1.bin,250,2372,28780,1,0xA3,1,0,0,192,0,0,47557.756305,-20.474195,63667.081296,61337.672174,53683.273494,0.000000,0.000000,0.000000
9.495596,10uVrms10Hz_ch2pga1.bin,250,2373,28781,1,0xA3,1,0,0,192,0,0,47560.103238,-20.384789,63669.897616,61340.533197,53685.285151,0.000000,0.000000,0.000000
9.499594,10uVrms10Hz_ch2pga1.bin,250,2374,28782,1,0xA3,1,0,0,192,0,0,47562.561929,-20.295382,63672.803342,61343.438923,53687.386215,0.000000,0.000000,0.000000
9.503597,10uVrms10Hz_ch2pga1.bin,250,2375,28783,1,0xA3,1,0,0,192,0,0,47564.908862,-20.317733,63675.731421,61346.344650,53689.397871,0.000000,0.000000,0.000000
9.507601,10uVrms10Hz_ch2pga1.bin,250,2376,28784,1,0xA3,1,0,0,192,0,0,47567.211092,-20.250678,63678.480685,61349.205673,53691.297770,0.000000,0.000000,0.000000
9.597928,10uVrms10Hz_ch2pga1.bin,250,2377,28793,1,0xA3,1,0,0,192,0,0,110049.158335,-19.222498,140934.236348,136547.639966,122016.839683,0.000000,0.000000,0.000000
9.601931,10uVrms10Hz_ch2pga1.bin,250,2378,28794,1,0xA3,1,0,0,192,0,0,110050.320625,-17.367303,140934.526920,136548.243463,122017.845511,0.000000,0.000000,0.000000
9.605931,10uVrms10Hz_ch2pga1.bin,250,2379,28795,1,0xA3,1,0,0,192,0,0,110050.410032,-15.579164,140933.722258,136547.952890,122017.778456,0.000000,0.000000,0.000000
9.609932,10uVrms10Hz_ch2pga1.bin,250,2380,28796,1,0xA3,1,0,0,192,0,0,110049.694777,-14.550984,140932.112932,136546.745896,122016.906738,0.000000,0.000000,0.000000
9.613936,10uVrms10Hz_ch2pga1.bin,250,2381,28797,1,0xA3,1,0,0,192,0,0,110049.203038,-13.723969,140930.637717,136545.695364,122016.169131,0.000000,0.000000,0.000000
9.617935,10uVrms10Hz_ch2pga1.bin,250,2382,28798,1,0xA3,1,0,0,192,0,0,110049.650073,-12.941658,140930.280089,136545.717716,122016.593814,0.000000,0.000000,0.000000
9.621937,10uVrms10Hz_ch2pga1.bin,250,2383,28799,1,0xA3,1,0,0,192,0,0,110050.790012,-12.785196,140930.593014,136546.522379,122017.666698,0.000000,0.000000,0.000000
9.625939,10uVrms10Hz_ch2pga1.bin,250,2384,28800,1,0xA3,1,0,0,192,0,0,110051.214695,-13.276935,140930.123627,136546.500027,122017.912567,0.000000,0.000000,0.000000
9.629938,10uVrms10Hz_ch2pga1.bin,250,2385,28801,1,0xA3,1,0,0,192,0,0,110051.438212,-14.014542,140929.542482,136546.321213,122018.024325,0.000000,0.000000,0.000000
9.633942,10uVrms10Hz_ch2pga1.bin,250,2386,28802,1,0xA3,1,0,0,192,0,0,110051.281750,-14.796853,140928.670764,136545.784771,122017.666698,0.000000,0.000000,0.000000
9.637941,10uVrms10Hz_ch2pga1.bin,250,2387,28803,1,0xA3,1,0,0,192,0,0,110051.997006,-16.517937,140928.469598,136546.097696,122018.247843,0.000000,0.000000,0.000000
9.641943,10uVrms10Hz_ch2pga1.bin,250,2388,28804,1,0xA3,1,0,0,192,0,0,110052.846372,-18.037856,140928.469598,136546.500027,122019.007802,0.000000,0.000000,0.000000
9.645945,10uVrms10Hz_ch2pga1.bin,250,2389,28805,1,0xA3,1,0,0,192,0,0,110053.047538,-19.155443,140927.843750,136546.209455,122019.097209,0.000000,0.000000,0.000000
9.649947,10uVrms10Hz_ch2pga1.bin,250,2390,28806,1,0xA3,1,0,0,192,0,0,110053.293407,-21.122396,140927.217901,136546.097696,122019.164264,0.000000,0.000000,0.000000
9.653946,10uVrms10Hz_ch2pga1.bin,250,2391,28807,1,0xA3,1,0,0,192,0,0,110053.561628,-23.379922,140926.703811,136546.030641,122019.410133,0.000000,0.000000,0.000000
9.657948,10uVrms10Hz_ch2pga1.bin,250,2392,28808,1,0xA3,1,0,0,192,0,0,110053.852201,-24.385750,140926.234424,136545.941234,122019.700706,0.000000,0.000000,0.000000
9.661950,10uVrms10Hz_ch2pga1.bin,250,2393,28809,1,0xA3,1,0,0,192,0,0,110054.701567,-25.615096,140926.368535,136546.455324,122020.527720,0.000000,0.000000,0.000000
9.665953,10uVrms10Hz_ch2pga1.bin,250,2394,28810,1,0xA3,1,0,0,192,0,0,110055.305064,-26.419759,140926.234424,136546.567082,122020.907700,0.000000,0.000000,0.000000
9.669952,10uVrms10Hz_ch2pga1.bin,250,2395,28811,1,0xA3,1,0,0,192,0,0,110055.528581,-26.866794,140925.653279,136546.432972,122021.086514,0.000000,0.000000,0.000000
9.673954,10uVrms10Hz_ch2pga1.bin,250,2396,28812,1,0xA3,1,0,0,192,0,0,110055.305064,-26.822090,140924.602747,136545.874178,122020.728886,0.000000,0.000000,0.000000
9.677957,10uVrms10Hz_ch2pga1.bin,250,2397,28813,1,0xA3,1,0,0,192,0,0,110055.640340,-26.755035,140924.178064,136545.874178,122020.997107,0.000000,0.000000,0.000000
9.681955,10uVrms10Hz_ch2pga1.bin,250,2398,28814,1,0xA3,1,0,0,192,0,0,110056.579113,-25.570393,140924.334526,136546.432972,122021.913528,0.000000,0.000000,0.000000
9.685959,10uVrms10Hz_ch2pga1.bin,250,2399,28815,1,0xA3,1,0,0,192,0,0,110056.243837,-23.826957,140923.216939,136545.740068,122021.466494,0.000000,0.000000,0.000000
9.689958,10uVrms10Hz_ch2pga1.bin,250,2400,28816,1,0xA3,1,0,0,192,0,0,110054.858029,-22.217631,140921.205282,136544.086039,122020.035982,0.000000,0.000000,0.000000
9.693960,10uVrms10Hz_ch2pga1.bin,250,2401,28817,1,0xA3,1,0,0,192,0,0,110054.276884,-20.787120,140919.886529,136543.124914,122019.343078,0.000000,0.000000,0.000000
9.697963,10uVrms10Hz_ch2pga1.bin,250,2402,28818,1,0xA3,1,0,0,192,0,0,110054.567456,-18.976629,140919.394791,136543.102562,122019.544244,0.000000,0.000000,0.000000
9.701963,10uVrms10Hz_ch2pga1.bin,250,2403,28819,1,0xA3,1,0,0,192,0,0,110055.506229,-17.367303,140919.506550,136543.639004,122020.483017,0.000000,0.000000,0.000000
9.705966,10uVrms10Hz_ch2pga1.bin,250,2404,28820,1,0xA3,1,0,0,192,0,0,110055.483878,-16.048551,140918.746591,136543.281376,122020.438313,0.000000,0.000000,0.000000
9.709965,10uVrms10Hz_ch2pga1.bin,250,2405,28821,1,0xA3,1,0,0,192,0,0,110055.260360,-14.796853,140917.763114,136542.677879,122020.058334,0.000000,0.000000,0.000000
9.713969,10uVrms10Hz_ch2pga1.bin,250,2406,28822,1,0xA3,1,0,0,192,0,0,110055.416822,-13.433397,140917.249024,136542.521417,122020.147741,0.000000,0.000000,0.000000
9.717968,10uVrms10Hz_ch2pga1.bin,250,2407,28823,1,0xA3,1,0,0,192,0,0,110056.489706,-12.941658,140917.450190,136543.214321,122021.041811,0.000000,0.000000,0.000000
9.721971,10uVrms10Hz_ch2pga1.bin,250,2408,28824,1,0xA3,1,0,0,192,0,0,110056.377947,-13.165176,140916.690230,136542.767286,122020.930052,0.000000,0.000000,0.000000
9.725971,10uVrms10Hz_ch2pga1.bin,250,2409,28825,1,0xA3,1,0,0,192,0,0,110055.930912,-13.165176,140915.416181,136542.096734,122020.415962,0.000000,0.000000,0.000000
9.729974,10uVrms10Hz_ch2pga1.bin,250,2410,28826,1,0xA3,1,0,0,192,0,0,110055.685043,-13.433397,140914.410353,136541.515589,122020.125389,0.000000,0.000000,0.000000
9.733974,10uVrms10Hz_ch2pga1.bin,250,2411,28827,1,0xA3,1,0,0,192,0,0,110056.087375,-14.841557,140913.963318,136541.493237,122020.326555,0.000000,0.000000,0.000000
9.737977,10uVrms10Hz_ch2pga1.bin,250,2412,28828,1,0xA3,1,0,0,192,0,0,110056.646168,-16.428530,140913.851559,136541.761458,122020.930052,0.000000,0.000000,0.000000
9.741977,10uVrms10Hz_ch2pga1.bin,250,2413,28829,1,0xA3,1,0,0,192,0,0,110057.249665,-17.836690,140913.762152,136542.163789,122021.511197,0.000000,0.000000,0.000000
9.745980,10uVrms10Hz_ch2pga1.bin,250,2414,28830,1,0xA3,1,0,0,192,0,0,110058.255494,-19.311905,140913.985670,136542.789638,122022.382915,0.000000,0.000000,0.000000
9.749980,10uVrms10Hz_ch2pga1.bin,250,2415,28831,1,0xA3,1,0,0,192,0,0,110057.495534,-21.725893,140912.532806,136541.582644,122021.488845,0.000000,0.000000,0.000000
9.753982,10uVrms10Hz_ch2pga1.bin,250,2416,28832,1,0xA3,1,0,0,192,0,0,110057.651997,-23.178756,140911.862254,136541.515589,122021.600604,0.000000,0.000000,0.000000
9.757985,10uVrms10Hz_ch2pga1.bin,250,2417,28833,1,0xA3,1,0,0,192,0,0,110058.590770,-24.676323,140912.041068,136542.230844,122022.427619,0.000000,0.000000,0.000000
9.761984,10uVrms10Hz_ch2pga1.bin,250,2418,28834,1,0xA3,1,0,0,192,0,0,110058.814287,-25.615096,140911.571681,136542.141438,122022.695839,0.000000,0.000000,0.000000
9.765988,10uVrms10Hz_ch2pga1.bin,250,2419,28835,1,0xA3,1,0,0,192,0,0,110059.015453,-26.285648,140911.057591,136542.163789,122022.829950,0.000000,0.000000,0.000000
9.769987,10uVrms10Hz_ch2pga1.bin,250,2420,28836,1,0xA3,1,0,0,192,0,0,110059.216619,-26.553869,140910.543501,136541.895568,122022.852302,0.000000,0.000000,0.000000
9.773990,10uVrms10Hz_ch2pga1.bin,250,2421,28837,1,0xA3,1,0,0,192,0,0,110059.149563,-26.732683,140909.694135,136541.537941,122022.762895,0.000000,0.000000,0.000000
9.777993,10uVrms10Hz_ch2pga1.bin,250,2422,28838,1,0xA3,1,0,0,192,0,0,110059.507191,-26.799738,140909.336507,136541.716754,122023.165226,0.000000,0.000000,0.000000
9.781992,10uVrms10Hz_ch2pga1.bin,250,2423,28839,1,0xA3,1,0,0,192,0,0,110060.513020,-25.190413,140909.604728,136542.364955,122024.059296,0.000000,0.000000,0.000000
9.785995,10uVrms10Hz_ch2pga1.bin,250,2424,28840,1,0xA3,1,0,0,192,0,0,110061.116517,-24.028122,140909.492970,136542.521417,122024.551034,0.000000,0.000000,0.000000
9.789995,10uVrms10Hz_ch2pga1.bin,250,2425,28841,1,0xA3,1,0,0,192,0,0,110060.267150,-22.731721,140907.816589,136541.381478,122023.567557,0.000000,0.000000,0.000000
9.793998,10uVrms10Hz_ch2pga1.bin,250,2426,28842,1,0xA3,1,0,0,192,0,0,110059.037805,-20.653009,140905.983746,136539.928615,122022.360563,0.000000,0.000000,0.000000
9.797998,10uVrms10Hz_ch2pga1.bin,250,2427,28843,1,0xA3,1,0,0,192,0,0,110059.417784,-18.596649,140905.670822,136540.018022,122022.695839,0.000000,0.000000,0.000000
9.802001,10uVrms10Hz_ch2pga1.bin,250,2428,28844,1,0xA3,1,0,0,192,0,0,110060.624778,-17.412007,140906.028450,136540.934443,122023.768723,0.000000,0.000000,0.000000
9.806001,10uVrms10Hz_ch2pga1.bin,250,2429,28845,1,0xA3,1,0,0,192,0,0,110061.138868,-16.026199,140905.894339,136541.225016,122024.238110,0.000000,0.000000,0.000000
9.810004,10uVrms10Hz_ch2pga1.bin,250,2430,28846,1,0xA3,1,0,0,192,0,0,110061.272979,-14.059246,140905.134380,136540.934443,122024.215758,0.000000,0.000000,0.000000
9.814004,10uVrms10Hz_ch2pga1.bin,250,2431,28847,1,0xA3,1,0,0,192,0,0,110060.691833,-13.768673,140903.882682,136540.062726,122023.612261,0.000000,0.000000,0.000000
9.818007,10uVrms10Hz_ch2pga1.bin,250,2432,28848,1,0xA3,1,0,0,192,0,0,110061.407089,-13.522804,140903.726220,136540.487409,122024.260461,0.000000,0.000000,0.000000
9.822007,10uVrms10Hz_ch2pga1.bin,250,2433,28849,1,0xA3,1,0,0,192,0,0,110062.189400,-12.651086,140903.770924,136540.912092,122024.998069,0.000000,0.000000,0.000000
9.826007,10uVrms10Hz_ch2pga1.bin,250,2434,28850,1,0xA3,1,0,0,192,0,0,110062.345862,-13.008714,140903.234482,136540.800333,122025.020421,0.000000,0.000000,0.000000
9.830011,10uVrms10Hz_ch2pga1.bin,250,2435,28851,1,0xA3,1,0,0,192,0,0,110062.032938,-13.880432,140902.139246,136540.085077,122024.506330,0.000000,0.000000,0.000000
9.834011,10uVrms10Hz_ch2pga1.bin,250,2436,28852,1,0xA3,1,0,0,192,0,0,110062.569380,-14.998019,140901.960433,136540.375650,122024.886310,0.000000,0.000000,0.000000
9.838014,10uVrms10Hz_ch2pga1.bin,250,2437,28853,1,0xA3,1,0,0,192,0,0,110063.798726,-16.316772,140902.340412,136541.269720,122026.026249,0.000000,0.000000,0.000000
9.842014,10uVrms10Hz_ch2pga1.bin,250,2438,28854,1,0xA3,1,0,0,192,0,0,110064.670444,-17.814338,140902.541578,136541.895568,122026.965022,0.000000,0.000000,0.000000
9.846018,10uVrms10Hz_ch2pga1.bin,250,2439,28855,1,0xA3,1,0,0,192,0,0,110065.318644,-19.691885,140902.496874,136542.052031,122027.546167,0.000000,0.000000,0.000000
9.850018,10uVrms10Hz_ch2pga1.bin,250,2440,28856,1,0xA3,1,0,0,192,0,0,110065.028071,-21.122396,140901.491046,136541.604996,122027.233243,0.000000,0.000000,0.000000
9.854021,10uVrms10Hz_ch2pga1.bin,250,2441,28857,1,0xA3,1,0,0,192,0,0,110065.340996,-22.932887,140901.066363,136541.694403,122027.412057,0.000000,0.000000,0.000000
9.858021,10uVrms10Hz_ch2pga1.bin,250,2442,28858,1,0xA3,1,0,0,192,0,0,110065.586865,-24.564564,140900.641680,136541.716754,122027.635574,0.000000,0.000000,0.000000
9.862024,10uVrms10Hz_ch2pga1.bin,250,2443,28859,1,0xA3,1,0,0,192,0,0,110065.475106,-25.324523,140899.814665,136541.292071,122027.501464,0.000000,0.000000,0.000000
9.866024,10uVrms10Hz_ch2pga1.bin,250,2444,28860,1,0xA3,1,0,0,192,0,0,110065.430403,-25.950372,140898.875892,136540.956795,122027.389705,0.000000,0.000000,0.000000
9.870027,10uVrms10Hz_ch2pga1.bin,250,2445,28861,1,0xA3,1,0,0,192,0,0,110065.408051,-26.486814,140898.227692,136540.666223,122027.233243,0.000000,0.000000,0.000000
9.874027,10uVrms10Hz_ch2pga1.bin,250,2446,28862,1,0xA3,1,0,0,192,0,0,110065.631568,-26.889145,140897.870064,136540.688574,122027.523816,0.000000,0.000000,0.000000
9.878030,10uVrms10Hz_ch2pga1.bin,250,2447,28863,1,0xA3,1,0,0,192,0,0,110065.653920,-26.129186,140897.132456,136540.330946,122027.479112,0.000000,0.000000,0.000000
9.882030,10uVrms10Hz_ch2pga1.bin,250,2448,28864,1,0xA3,1,0,0,192,0,0,110065.810382,-25.324523,140896.596014,136540.375650,122027.613223,0.000000,0.000000,0.000000
9.886031,10uVrms10Hz_ch2pga1.bin,250,2449,28865,1,0xA3,1,0,0,192,0,0,110066.033900,-23.826957,140896.126628,136540.330946,122027.769685,0.000000,0.000000,0.000000
9.890035,10uVrms10Hz_ch2pga1.bin,250,2450,28866,1,0xA3,1,0,0,192,0,0,110066.100955,-22.061169,140895.299613,136539.950967,122027.590871,0.000000,0.000000,0.000000
9.894035,10uVrms10Hz_ch2pga1.bin,250,2451,28867,1,0xA3,1,0,0,192,0,0,110066.592693,-20.429492,140894.919634,136540.040374,122027.881444,0.000000,0.000000,0.000000
9.898037,10uVrms10Hz_ch2pga1.bin,250,2452,28868,1,0xA3,1,0,0,192,0,0,110066.413879,-19.200146,140893.936157,136539.459229,122027.568519,0.000000,0.000000,0.000000
9.902038,10uVrms10Hz_ch2pga1.bin,250,2453,28869,1,0xA3,1,0,0,192,0,0,110066.302121,-17.032027,140893.265605,136539.258063,122027.590871,0.000000,0.000000,0.000000
9.906041,10uVrms10Hz_ch2pga1.bin,250,2454,28870,1,0xA3,1,0,0,192,0,0,110066.615045,-15.176833,140892.997384,136539.436877,122027.970850,0.000000,0.000000,0.000000
9.910040,10uVrms10Hz_ch2pga1.bin,250,2455,28871,1,0xA3,1,0,0,192,0,0,110066.525638,-14.439225,140892.125666,136539.056897,122027.792037,0.000000,0.000000,0.000000
9.914042,10uVrms10Hz_ch2pga1.bin,250,2456,28872,1,0xA3,1,0,0,192,0,0,110066.525638,-13.791025,140891.365707,136538.676918,122027.635574,0.000000,0.000000,0.000000
9.918045,10uVrms10Hz_ch2pga1.bin,250,2457,28873,1,0xA3,1,0,0,192,0,0,110067.017376,-12.785196,140891.164541,136538.989842,122028.127313,0.000000,0.000000,0.000000
9.922045,10uVrms10Hz_ch2pga1.bin,250,2458,28874,1,0xA3,1,0,0,192,0,0,110067.911446,-12.606382,140891.253948,136539.548635,122028.842568,0.000000,0.000000,0.000000
9.926048,10uVrms10Hz_ch2pga1.bin,250,2459,28875,1,0xA3,1,0,0,192,0,0,110067.889094,-13.411045,140890.493989,136539.235711,122028.730810,0.000000,0.000000,0.000000
9.930048,10uVrms10Hz_ch2pga1.bin,250,2460,28876,1,0xA3,1,0,0,192,0,0,110066.816211,-13.925135,140888.705850,136537.916958,122027.568519,0.000000,0.000000,0.000000
9.934051,10uVrms10Hz_ch2pga1.bin,250,2461,28877,1,0xA3,1,0,0,192,0,0,110067.397356,-15.065074,140888.661146,136538.229883,122028.194368,0.000000,0.000000,0.000000
9.938051,10uVrms10Hz_ch2pga1.bin,250,2462,28878,1,0xA3,1,0,0,192,0,0,110068.112612,-16.763806,140888.571739,136538.609862,122028.753161,0.000000,0.000000,0.000000
9.942055,10uVrms10Hz_ch2pga1.bin,250,2463,28879,1,0xA3,1,0,0,192,0,0,110068.447888,-17.814338,140888.258815,136538.721621,122029.133141,0.000000,0.000000,0.000000
9.946056,10uVrms10Hz_ch2pga1.bin,250,2464,28880,1,0xA3,1,0,0,192,0,0,110069.051385,-19.557774,140888.169408,136539.079249,122029.736638,0.000000,0.000000,0.000000
9.950056,10uVrms10Hz_ch2pga1.bin,250,2465,28881,1,0xA3,1,0,0,192,0,0,110069.386661,-21.390617,140887.856483,136539.213359,122030.004859,0.000000,0.000000,0.000000
9.954057,10uVrms10Hz_ch2pga1.bin,250,2466,28882,1,0xA3,1,0,0,192,0,0,110069.632530,-23.715198,140887.141228,136539.034545,122030.071914,0.000000,0.000000,0.000000
9.958062,10uVrms10Hz_ch2pga1.bin,250,2467,28883,1,0xA3,1,0,0,192,0,0,110070.548952,-24.631619,140887.297690,136539.615691,122030.988336,0.000000,0.000000,0.000000
9.962062,10uVrms10Hz_ch2pga1.bin,250,2468,28884,1,0xA3,1,0,0,192,0,0,110070.705414,-25.391579,140886.783600,136539.682746,122031.100094,0.000000,0.000000,0.000000
9.966064,10uVrms10Hz_ch2pga1.bin,250,2469,28885,1,0xA3,1,0,0,192,0,0,110070.884228,-26.419759,140886.135399,136539.615691,122031.100094,0.000000,0.000000,0.000000
9.970064,10uVrms10Hz_ch2pga1.bin,250,2470,28886,1,0xA3,1,0,0,192,0,0,110071.241856,-26.822090,140885.800123,136539.705098,122031.390667,0.000000,0.000000,0.000000
9.974068,10uVrms10Hz_ch2pga1.bin,250,2471,28887,1,0xA3,1,0,0,192,0,0,110071.532428,-26.755035,140885.375440,136539.593339,122031.591833,0.000000,0.000000,0.000000
9.978068,10uVrms10Hz_ch2pga1.bin,250,2472,28888,1,0xA3,1,0,0,192,0,0,110071.420670,-26.509166,140884.548426,136539.258063,122031.390667,0.000000,0.000000,0.000000
9.982069,10uVrms10Hz_ch2pga1.bin,250,2473,28889,1,0xA3,1,0,0,192,0,0,110071.755946,-25.168061,140884.079039,136539.302766,122031.658888,0.000000,0.000000,0.000000
9.986073,10uVrms10Hz_ch2pga1.bin,250,2474,28890,1,0xA3,1,0,0,192,0,0,110071.711242,-23.558736,140883.341432,136539.056897,122031.591833,0.000000,0.000000,0.000000
9.990072,10uVrms10Hz_ch2pga1.bin,250,2475,28891,1,0xA3,1,0,0,192,0,0,110071.823001,-22.105873,140882.737935,136538.855731,122031.658888,0.000000,0.000000,0.000000
9.994075,10uVrms10Hz_ch2pga1.bin,250,2476,28892,1,0xA3,1,0,0,192,0,0,110072.292387,-20.876527,140882.536769,136539.056897,122032.038867,0.000000,0.000000,0.000000
9.998076,10uVrms10Hz_ch2pga1.bin,250,2477,28893,1,0xA3,1,0,0,192,0,0,110072.739422,-18.686056,140882.201493,136539.146304,122032.418847,0.000000,0.000000,0.000000
10.002079,10uVrms10Hz_ch2pga1.bin,250,2478,28894,1,0xA3,1,0,0,192,0,0,110072.940588,-17.009676,140881.665051,136539.034545,122032.508254,0.000000,0.000000,0.000000
10.006078,10uVrms10Hz_ch2pga1.bin,250,2479,28895,1,0xA3,1,0,0,192,0,0,110073.208809,-15.802681,140881.307423,136539.146304,122032.754123,0.000000,0.000000,0.000000
10.010082,10uVrms10Hz_ch2pga1.bin,250,2480,28896,1,0xA3,1,0,0,192,0,0,110073.141754,-14.573336,140880.413353,136538.654566,122032.620013,0.000000,0.000000,0.000000
10.014081,10uVrms10Hz_ch2pga1.bin,250,2481,28897,1,0xA3,1,0,0,192,0,0,110072.806478,-13.433397,140879.206359,136537.961662,122032.128274,0.000000,0.000000,0.000000
10.018085,10uVrms10Hz_ch2pga1.bin,250,2482,28898,1,0xA3,1,0,0,192,0,0,110073.253512,-13.120472,140878.893435,136538.252234,122032.597661,0.000000,0.000000,0.000000
10.022085,10uVrms10Hz_ch2pga1.bin,250,2483,28899,1,0xA3,1,0,0,192,0,0,110074.080527,-13.165176,140878.982842,136538.833380,122033.379972,0.000000,0.000000,0.000000
10.026088,10uVrms10Hz_ch2pga1.bin,250,2484,28900,1,0xA3,1,0,0,192,0,0,110074.125230,-12.762845,140878.245234,136538.498104,122033.268213,0.000000,0.000000,0.000000
10.030088,10uVrms10Hz_ch2pga1.bin,250,2485,28901,1,0xA3,1,0,0,192,0,0,110073.253512,-13.679266,140876.635909,136537.313461,122032.307088,0.000000,0.000000,0.000000
10.034091,10uVrms10Hz_ch2pga1.bin,250,2486,28902,1,0xA3,1,0,0,192,0,0,110073.119402,-15.266240,140875.898302,136537.000537,122032.083571,0.000000,0.000000,0.000000
10.038092,10uVrms10Hz_ch2pga1.bin,250,2487,28903,1,0xA3,1,0,0,192,0,0,110073.901713,-16.562641,140875.898302,136537.536979,122032.865882,0.000000,0.000000,0.000000
10.042092,10uVrms10Hz_ch2pga1.bin,250,2488,28904,1,0xA3,1,0,0,192,0,0,110074.214637,-17.635524,140875.518322,136537.536979,122033.089399,0.000000,0.000000,0.000000
10.046096,10uVrms10Hz_ch2pga1.bin,250,2489,28905,1,0xA3,1,0,0,192,0,0,110074.706376,-19.267201,140875.294805,136537.782848,122033.514082,0.000000,0.000000,0.000000
10.050095,10uVrms10Hz_ch2pga1.bin,250,2490,28906,1,0xA3,1,0,0,192,0,0,110074.348748,-21.569431,140874.154866,136537.089944,122033.044696,0.000000,0.000000,0.000000
10.054099,10uVrms10Hz_ch2pga1.bin,250,2491,28907,1,0xA3,1,0,0,192,0,0,110074.773431,-22.888184,140873.819590,136537.268758,122033.402324,0.000000,0.000000,0.000000
10.058099,10uVrms10Hz_ch2pga1.bin,250,2492,28908,1,0xA3,1,0,0,192,0,0,110075.354576,-24.653971,140873.774886,136537.648737,122033.938766,0.000000,0.000000,0.000000
10.062102,10uVrms10Hz_ch2pga1.bin,250,2493,28909,1,0xA3,1,0,0,192,0,0,110075.756907,-25.816262,140873.372555,136537.760496,122034.318745,0.000000,0.000000,0.000000
10.066102,10uVrms10Hz_ch2pga1.bin,250,2494,28910,1,0xA3,1,0,0,192,0,0,110076.427460,-26.755035,140873.327851,136538.162827,122034.944594,0.000000,0.000000,0.000000
10.070102,10uVrms10Hz_ch2pga1.bin,250,2495,28911,1,0xA3,1,0,0,192,0,0,110076.159239,-26.732683,140872.299671,136537.581682,122034.452856,0.000000,0.000000,0.000000
10.074105,10uVrms10Hz_ch2pga1.bin,250,2496,28912,1,0xA3,1,0,0,192,0,0,110075.801611,-27.000904,140871.226788,136537.000537,122034.050524,0.000000,0.000000,0.000000
10.078108,10uVrms10Hz_ch2pga1.bin,250,2497,28913,1,0xA3,1,0,0,192,0,0,110076.427460,-26.911497,140871.204436,136537.358165,122034.743428,0.000000,0.000000,0.000000
10.082109,10uVrms10Hz_ch2pga1.bin,250,2498,28914,1,0xA3,1,0,0,192,0,0,110076.896846,-25.168061,140870.936215,136537.492275,122035.101056,0.000000,0.000000,0.000000
10.086112,10uVrms10Hz_ch2pga1.bin,250,2499,28915,1,0xA3,1,0,0,192,0,0,110077.455640,-23.670495,140870.712698,136537.872255,122035.570443,0.000000,0.000000,0.000000
10.090112,10uVrms10Hz_ch2pga1.bin,250,2500,28916,1,0xA3,1,0,0,192,0,0,110077.612102,-22.485852,140870.131552,136537.827551,122035.548091,0.000000,0.000000,0.000000
10.094112,10uVrms10Hz_ch2pga1.bin,250,2501,28917,1,0xA3,1,0,0,192,0,0,110077.567399,-20.809472,140869.215131,136537.313461,122035.324574,0.000000,0.000000,0.000000
10.098116,10uVrms10Hz_ch2pga1.bin,250,2502,28918,1,0xA3,1,0,0,192,0,0,110077.656806,-18.529594,140868.522227,136537.089944,122035.436332,0.000000,0.000000,0.000000
10.102116,10uVrms10Hz_ch2pga1.bin,250,2503,28919,1,0xA3,1,0,0,192,0,0,110077.545047,-17.344952,140867.784619,136536.844075,122035.346925,0.000000,0.000000,0.000000
10.106119,10uVrms10Hz_ch2pga1.bin,250,2504,28920,1,0xA3,1,0,0,192,0,0,110077.634454,-15.445054,140867.091715,136536.598206,122035.324574,0.000000,0.000000,0.000000
10.110119,10uVrms10Hz_ch2pga1.bin,250,2505,28921,1,0xA3,1,0,0,192,0,0,110076.829791,-13.992190,140865.549445,136535.592377,122034.452856,0.000000,0.000000,0.000000
10.114122,10uVrms10Hz_ch2pga1.bin,250,2506,28922,1,0xA3,1,0,0,192,0,0,110077.321529,-13.567507,140865.281224,136535.704136,122034.810483,0.000000,0.000000,0.000000
10.118123,10uVrms10Hz_ch2pga1.bin,250,2507,28923,1,0xA3,1,0,0,192,0,0,110077.813268,-13.098121,140865.035355,136535.927653,122035.346925,0.000000,0.000000,0.000000
10.122123,10uVrms10Hz_ch2pga1.bin,250,2508,28924,1,0xA3,1,0,0,192,0,0,110078.506172,-12.561679,140865.102410,136536.374688,122036.039829,0.000000,0.000000,0.000000
10.126126,10uVrms10Hz_ch2pga1.bin,250,2509,28925,1,0xA3,1,0,0,192,0,0,110078.215599,-13.053417,140864.051878,136535.860598,122035.682201,0.000000,0.000000,0.000000
10.130127,10uVrms10Hz_ch2pga1.bin,250,2510,28926,1,0xA3,1,0,0,192,0,0,110077.768564,-13.835728,140862.867236,136535.055935,122035.101056,0.000000,0.000000,0.000000
10.134130,10uVrms10Hz_ch2pga1.bin,250,2511,28927,1,0xA3,1,0,0,192,0,0,110078.327358,-14.953315,140862.643719,136535.279453,122035.525739,0.000000,0.000000,0.000000
10.138130,10uVrms10Hz_ch2pga1.bin,250,2512,28928,1,0xA3,1,0,0,192,0,0,110079.221427,-16.249716,140862.666070,136535.927653,122036.352754,0.000000,0.000000,0.000000
10.142133,10uVrms10Hz_ch2pga1.bin,250,2513,28929,1,0xA3,1,0,0,192,0,0,110079.780221,-18.149614,140862.554312,136536.307633,122036.933899,0.000000,0.000000,0.000000
10.146132,10uVrms10Hz_ch2pga1.bin,250,2514,28930,1,0xA3,1,0,0,192,0,0,110080.428421,-19.691885,140862.576663,136536.799371,122037.582099,0.000000,0.000000,0.000000
10.150136,10uVrms10Hz_ch2pga1.bin,250,2515,28931,1,0xA3,1,0,0,192,0,0,110080.383718,-21.189451,140861.816704,136536.531150,122037.447989,0.000000,0.000000,0.000000
10.154134,10uVrms10Hz_ch2pga1.bin,250,2516,28932,1,0xA3,1,0,0,192,0,0,110080.182552,-23.066998,140860.766172,136535.927653,122037.068009,0.000000,0.000000,0.000000
10.158137,10uVrms10Hz_ch2pga1.bin,250,2517,28933,1,0xA3,1,0,0,192,0,0,110080.830753,-24.609268,140860.699117,136536.397040,122037.671506,0.000000,0.000000,0.000000
10.162140,10uVrms10Hz_ch2pga1.bin,250,2518,28934,1,0xA3,1,0,0,192,0,0,110081.367195,-25.637448,140860.520303,136536.665261,122038.140893,0.000000,0.000000,0.000000
10.166140,10uVrms10Hz_ch2pga1.bin,250,2519,28935,1,0xA3,1,0,0,192,0,0,110081.925988,-26.263297,140860.363841,136536.911130,122038.677335,0.000000,0.000000,0.000000
10.170143,10uVrms10Hz_ch2pga1.bin,250,2520,28936,1,0xA3,1,0,0,192,0,0,110081.858933,-26.889145,140859.492123,136536.486447,122038.453817,0.000000,0.000000,0.000000
10.174143,10uVrms10Hz_ch2pga1.bin,250,2521,28937,1,0xA3,1,0,0,192,0,0,110081.322491,-26.665628,140858.240426,136535.748839,122037.872672,0.000000,0.000000,0.000000
10.178146,10uVrms10Hz_ch2pga1.bin,250,2522,28938,1,0xA3,1,0,0,192,0,0,110081.277788,-25.659800,140857.413411,136535.368860,122037.760913,0.000000,0.000000,0.000000
10.182145,10uVrms10Hz_ch2pga1.bin,250,2523,28939,1,0xA3,1,0,0,192,0,0,110081.903636,-25.011599,140857.189894,136535.704136,122038.364410,0.000000,0.000000,0.000000
10.186149,10uVrms10Hz_ch2pga1.bin,250,2524,28940,1,0xA3,1,0,0,192,0,0,110082.529485,-23.894012,140857.122838,136536.017060,122038.923204,0.000000,0.000000,0.000000
10.190148,10uVrms10Hz_ch2pga1.bin,250,2525,28941,1,0xA3,1,0,0,192,0,0,110083.177686,-22.172928,140857.145190,136536.464095,122039.571404,0.000000,0.000000,0.000000
10.194152,10uVrms10Hz_ch2pga1.bin,250,2526,28942,1,0xA3,1,0,0,192,0,0,110082.529485,-20.362437,140855.938196,136535.793543,122038.900852,0.000000,0.000000,0.000000
10.198152,10uVrms10Hz_ch2pga1.bin,250,2527,28943,1,0xA3,1,0,0,192,0,0,110082.708299,-19.133091,140855.178237,136535.637081,122038.967907,0.000000,0.000000,0.000000
10.202155,10uVrms10Hz_ch2pga1.bin,250,2528,28944,1,0xA3,1,0,0,192,0,0,110083.602369,-17.099082,140855.111182,136536.084116,122039.705515,0.000000,0.000000,0.000000
10.206155,10uVrms10Hz_ch2pga1.bin,250,2529,28945,1,0xA3,1,0,0,192,0,0,110083.647072,-15.199184,140854.530036,136535.905302,122039.683163,0.000000,0.000000,0.000000
10.210158,10uVrms10Hz_ch2pga1.bin,250,2530,28946,1,0xA3,1,0,0,192,0,0,110082.998872,-14.774501,140853.188932,136535.078287,122038.967907,0.000000,0.000000,0.000000
10.214157,10uVrms10Hz_ch2pga1.bin,250,2531,28947,1,0xA3,1,0,0,192,0,0,110082.909465,-13.656914,140852.317214,136534.608901,122038.654983,0.000000,0.000000,0.000000
10.218159,10uVrms10Hz_ch2pga1.bin,250,2532,28948,1,0xA3,1,0,0,192,0,0,110082.954168,-12.606382,140851.713717,136534.363031,122038.766742,0.000000,0.000000,0.000000
10.222162,10uVrms10Hz_ch2pga1.bin,250,2533,28949,1,0xA3,1,0,0,192,0,0,110083.803535,-12.740493,140851.803124,136534.988880,122039.683163,0.000000,0.000000,0.000000
10.226161,10uVrms10Hz_ch2pga1.bin,250,2534,28950,1,0xA3,1,0,0,192,0,0,110084.541142,-13.120472,140851.713717,136535.480618,122040.309012,0.000000,0.000000,0.000000
10.230164,10uVrms10Hz_ch2pga1.bin,250,2535,28951,1,0xA3,1,0,0,192,0,0,110084.250569,-13.567507,140850.730240,136534.921825,122039.906681,0.000000,0.000000,0.000000
10.234164,10uVrms10Hz_ch2pga1.bin,250,2536,28952,1,0xA3,1,0,0,192,0,0,110083.781183,-15.020370,140849.523246,136534.228921,122039.303184,0.000000,0.000000,0.000000
10.238167,10uVrms10Hz_ch2pga1.bin,250,2537,28953,1,0xA3,1,0,0,192,0,0,110084.317625,-16.808510,140849.344432,136534.363031,122039.794922,0.000000,0.000000,0.000000
10.242167,10uVrms10Hz_ch2pga1.bin,250,2538,28954,1,0xA3,1,0,0,192,0,0,110084.898770,-18.037856,140849.232674,136534.675956,122040.353715,0.000000,0.000000,0.000000
10.246171,10uVrms10Hz_ch2pga1.bin,250,2539,28955,1,0xA3,1,0,0,192,0,0,110085.591674,-19.490719,140849.098563,136535.100639,122040.912509,0.000000,0.000000,0.000000
10.250171,10uVrms10Hz_ch2pga1.bin,250,2540,28956,1,0xA3,1,0,0,192,0,0,110085.748136,-21.658838,140848.584473,136534.988880,122041.024268,0.000000,0.000000,0.000000
10.254174,10uVrms10Hz_ch2pga1.bin,250,2541,28957,1,0xA3,1,0,0,192,0,0,110085.546970,-23.312867,140847.690403,136534.519494,122040.756047,0.000000,0.000000,0.000000
10.258173,10uVrms10Hz_ch2pga1.bin,250,2542,28958,1,0xA3,1,0,0,192,0,0,110086.530447,-24.743378,140847.980976,136535.458267,122041.717172,0.000000,0.000000,0.000000
10.262176,10uVrms10Hz_ch2pga1.bin,250,2543,28959,1,0xA3,1,0,0,192,0,0,110087.066889,-25.749207,140847.712755,136535.704136,122042.141855,0.000000,0.000000,0.000000
10.266178,10uVrms10Hz_ch2pga1.bin,250,2544,28960,1,0xA3,1,0,0,192,0,0,110087.737441,-26.687980,140847.511590,136536.017060,122042.655945,0.000000,0.000000,0.000000
10.270178,10uVrms10Hz_ch2pga1.bin,250,2545,28961,1,0xA3,1,0,0,192,0,0,110088.586807,-26.933849,140847.578645,136536.531150,122043.326497,0.000000,0.000000,0.000000
10.274181,10uVrms10Hz_ch2pga1.bin,250,2546,28962,1,0xA3,1,0,0,192,0,0,110088.944435,-26.643276,140847.221017,136536.531150,122043.706477,0.000000,0.000000,0.000000
10.278180,10uVrms10Hz_ch2pga1.bin,250,2547,28963,1,0xA3,1,0,0,192,0,0,110088.855028,-26.062131,140846.371651,136536.218226,122043.594718,0.000000,0.000000,0.000000
10.282183,10uVrms10Hz_ch2pga1.bin,250,2548,28964,1,0xA3,1,0,0,192,0,0,110089.056194,-25.436282,140845.812857,136536.151171,122043.684125,0.000000,0.000000,0.000000
10.286183,10uVrms10Hz_ch2pga1.bin,250,2549,28965,1,0xA3,1,0,0,192,0,0,110088.653862,-23.871660,140844.672918,136535.502970,122043.170035,0.000000,0.000000,0.000000
10.290186,10uVrms10Hz_ch2pga1.bin,250,2550,28966,1,0xA3,1,0,0,192,0,0,110088.139772,-22.329390,140843.532979,136534.743011,122042.700648,0.000000,0.000000,0.000000
10.294186,10uVrms10Hz_ch2pga1.bin,250,2551,28967,1,0xA3,1,0,0,192,0,0,110088.184476,-21.077693,140842.907131,136534.474790,122042.678297,0.000000,0.000000,0.000000
10.298190,10uVrms10Hz_ch2pga1.bin,250,2552,28968,1,0xA3,1,0,0,192,0,0,110088.452697,-18.954277,140842.415392,136534.586549,122042.857111,0.000000,0.000000,0.000000
10.302189,10uVrms10Hz_ch2pga1.bin,250,2553,28969,1,0xA3,1,0,0,192,0,0,110088.206828,-16.786158,140841.431916,136534.027755,122042.611241,0.000000,0.000000,0.000000
10.306192,10uVrms10Hz_ch2pga1.bin,250,2554,28970,1,0xA3,1,0,0,192,0,0,110088.452697,-15.467405,140840.917826,136534.072459,122042.812407,0.000000,0.000000,0.000000
10.310195,10uVrms10Hz_ch2pga1.bin,250,2555,28971,1,0xA3,1,0,0,192,0,0,110088.385642,-14.550984,140840.046108,136533.558369,122042.544186,0.000000,0.000000,0.000000
10.314194,10uVrms10Hz_ch2pga1.bin,250,2556,28972,1,0xA3,1,0,0,192,0,0,110088.050365,-13.612211,140838.861465,136532.932520,122041.985393,0.000000,0.000000,0.000000
10.318197,10uVrms10Hz_ch2pga1.bin,250,2557,28973,1,0xA3,1,0,0,192,0,0,110088.720918,-12.762845,140838.906169,136533.334851,122042.700648,0.000000,0.000000,0.000000
10.322196,10uVrms10Hz_ch2pga1.bin,250,2558,28974,1,0xA3,1,0,0,192,0,0,110089.324415,-13.098121,140838.861465,136533.804238,122043.348849,0.000000,0.000000,0.000000
10.326200,10uVrms10Hz_ch2pga1.bin,250,2559,28975,1,0xA3,1,0,0,192,0,0,110089.078546,-12.896955,140837.877989,136533.401906,122043.035924,0.000000,0.000000,0.000000
10.330200,10uVrms10Hz_ch2pga1.bin,250,2560,28976,1,0xA3,1,0,0,192,0,0,110088.564456,-13.746321,140836.514533,136532.530189,122042.387724,0.000000,0.000000,0.000000
10.334203,10uVrms10Hz_ch2pga1.bin,250,2561,28977,1,0xA3,1,0,0,192,0,0,110089.011490,-15.288591,140836.179256,136532.664299,122042.723000,0.000000,0.000000,0.000000
10.338202,10uVrms10Hz_ch2pga1.bin,250,2562,28978,1,0xA3,1,0,0,192,0,0,110089.793801,-16.406178,140836.246312,136533.200741,122043.371201,0.000000,0.000000,0.000000
10.342206,10uVrms10Hz_ch2pga1.bin,250,2563,28979,1,0xA3,1,0,0,192,0,0,110090.397298,-17.926097,140836.179256,136533.625424,122044.064105,0.000000,0.000000,0.000000
10.346205,10uVrms10Hz_ch2pga1.bin,250,2564,28980,1,0xA3,1,0,0,192,0,0,110090.285540,-19.714236,140835.285187,136533.245444,122043.840587,0.000000,0.000000,0.000000
10.350209,10uVrms10Hz_ch2pga1.bin,250,2565,28981,1,0xA3,1,0,0,192,0,0,110091.023147,-21.278858,140835.173428,136533.603072,122044.444084,0.000000,0.000000,0.000000
10.354208,10uVrms10Hz_ch2pga1.bin,250,2566,28982,1,0xA3,1,0,0,192,0,0,110091.671348,-22.888184,140835.173428,136533.983052,122045.069933,0.000000,0.000000,0.000000
10.358211,10uVrms10Hz_ch2pga1.bin,250,2567,28983,1,0xA3,1,0,0,192,0,0,110092.341900,-24.497509,140834.994614,136534.385383,122045.606375,0.000000,0.000000,0.000000
10.362211,10uVrms10Hz_ch2pga1.bin,250,2568,28984,1,0xA3,1,0,0,192,0,0,110092.096031,-25.682151,140834.033489,136533.915997,122045.338154,0.000000,0.000000,0.000000
10.366214,10uVrms10Hz_ch2pga1.bin,250,2569,28985,1,0xA3,1,0,0,192,0,0,110092.230141,-26.240945,140833.452344,136533.893645,122045.449913,0.000000,0.000000,0.000000
10.370214,10uVrms10Hz_ch2pga1.bin,250,2570,28986,1,0xA3,1,0,0,192,0,0,110091.648996,-26.553869,140832.088888,136532.999575,122044.779360,0.000000,0.000000,0.000000
10.374217,10uVrms10Hz_ch2pga1.bin,250,2571,28987,1,0xA3,1,0,0,192,0,0,110091.693699,-26.665628,140831.261873,136532.664299,122044.689953,0.000000,0.000000,0.000000
10.378217,10uVrms10Hz_ch2pga1.bin,250,2572,28988,1,0xA3,1,0,0,192,0,0,110092.207789,-26.665628,140831.060708,136532.932520,122045.047581,0.000000,0.000000,0.000000
10.382220,10uVrms10Hz_ch2pga1.bin,250,2573,28989,1,0xA3,1,0,0,192,0,0,110092.699528,-25.346875,140830.904245,136533.223093,122045.606375,0.000000,0.000000,0.000000
10.386221,10uVrms10Hz_ch2pga1.bin,250,2574,28990,1,0xA3,1,0,0,192,0,0,110092.677176,-23.894012,140830.211341,136532.798409,122045.516968,0.000000,0.000000,0.000000
10.390224,10uVrms10Hz_ch2pga1.bin,250,2575,28991,1,0xA3,1,0,0,192,0,0,110092.364252,-22.619963,140829.227865,136532.284319,122045.159340,0.000000,0.000000,0.000000
10.394224,10uVrms10Hz_ch2pga1.bin,250,2576,28992,1,0xA3,1,0,0,192,0,0,110092.163086,-20.474195,140828.244388,136531.792581,122044.846416,0.000000,0.000000,0.000000
10.398225,10uVrms10Hz_ch2pga1.bin,250,2577,28993,1,0xA3,1,0,0,192,0,0,110092.364252,-18.641353,140827.685595,136531.725526,122045.025229,0.000000,0.000000,0.000000
10.402229,10uVrms10Hz_ch2pga1.bin,250,2578,28994,1,0xA3,1,0,0,192,0,0,110092.297196,-17.344952,140827.059746,136531.569064,122044.913471,0.000000,0.000000,0.000000
10.406229,10uVrms10Hz_ch2pga1.bin,250,2579,28995,1,0xA3,1,0,0,192,0,0,110092.408955,-15.512109,140826.344490,136531.457305,122044.891119,0.000000,0.000000,0.000000
10.410229,10uVrms10Hz_ch2pga1.bin,250,2580,28996,1,0xA3,1,0,0,192,0,0,110092.699528,-14.327466,140825.785697,136531.323195,122045.025229,0.000000,0.000000,0.000000
10.414231,10uVrms10Hz_ch2pga1.bin,250,2581,28997,1,0xA3,1,0,0,192,0,0,110092.900693,-14.059246,140825.338662,136531.233788,122045.159340,0.000000,0.000000,0.000000
10.418234,10uVrms10Hz_ch2pga1.bin,250,2582,28998,1,0xA3,1,0,0,192,0,0,110093.079507,-13.500452,140824.735165,136531.189084,122045.271099,0.000000,0.000000,0.000000
10.422233,10uVrms10Hz_ch2pga1.bin,250,2583,28999,1,0xA3,1,0,0,192,0,0,110093.370080,-12.718141,140824.243426,136531.278491,122045.539320,0.000000,0.000000,0.000000
10.426237,10uVrms10Hz_ch2pga1.bin,250,2584,29000,1,0xA3,1,0,0,192,0,0,110093.794763,-13.098121,140823.908150,136531.434953,122045.941651,0.000000,0.000000,0.000000
10.430237,10uVrms10Hz_ch2pga1.bin,250,2585,29001,1,0xA3,1,0,0,192,0,0,110093.884170,-14.014542,140823.259950,136531.278491,122045.852244,0.000000,0.000000,0.000000
10.434241,10uVrms10Hz_ch2pga1.bin,250,2586,29002,1,0xA3,1,0,0,192,0,0,110093.593597,-15.065074,140822.298825,136530.786753,122045.494616,0.000000,0.000000,0.000000
10.438240,10uVrms10Hz_ch2pga1.bin,250,2587,29003,1,0xA3,1,0,0,192,0,0,110094.487667,-16.361475,140822.410583,136531.457305,122046.366334,0.000000,0.000000,0.000000
10.442244,10uVrms10Hz_ch2pga1.bin,250,2588,29004,1,0xA3,1,0,0,192,0,0,110094.979405,-18.149614,140822.187066,136531.613767,122046.723962,0.000000,0.000000,0.000000
10.446243,10uVrms10Hz_ch2pga1.bin,250,2589,29005,1,0xA3,1,0,0,192,0,0,110095.068812,-20.004809,140821.628273,136531.390250,122046.746314,0.000000,0.000000,0.000000
10.450245,10uVrms10Hz_ch2pga1.bin,250,2590,29006,1,0xA3,1,0,0,192,0,0,110095.113516,-21.032989,140821.002424,136531.256139,122046.679258,0.000000,0.000000,0.000000
10.454249,10uVrms10Hz_ch2pga1.bin,250,2591,29007,1,0xA3,1,0,0,192,0,0,110094.800591,-23.089349,140819.795430,136530.674994,122046.299279,0.000000,0.000000,0.000000
10.458248,10uVrms10Hz_ch2pga1.bin,250,2592,29008,1,0xA3,1,0,0,192,0,0,110095.493495,-25.056303,140819.750726,136531.122029,122046.947479,0.000000,0.000000,0.000000
10.462249,10uVrms10Hz_ch2pga1.bin,250,2593,29009,1,0xA3,1,0,0,192,0,0,110096.432269,-25.995076,140819.951892,136531.658471,122047.774494,0.000000,0.000000,0.000000
10.466252,10uVrms10Hz_ch2pga1.bin,250,2594,29010,1,0xA3,1,0,0,192,0,0,110096.834600,-26.397407,140819.571912,136531.770229,122048.132122,0.000000,0.000000,0.000000
10.470251,10uVrms10Hz_ch2pga1.bin,250,2595,29011,1,0xA3,1,0,0,192,0,0,110096.834600,-27.090311,140818.856657,136531.569064,122048.020363,0.000000,0.000000,0.000000
10.474255,10uVrms10Hz_ch2pga1.bin,250,2596,29012,1,0xA3,1,0,0,192,0,0,110096.812248,-27.135015,140818.007290,136531.367898,122047.930956,0.000000,0.000000,0.000000
10.478255,10uVrms10Hz_ch2pga1.bin,250,2597,29013,1,0xA3,1,0,0,192,0,0,110097.102821,-26.151538,140817.560256,136531.434953,122048.199177,0.000000,0.000000,0.000000
10.482257,10uVrms10Hz_ch2pga1.bin,250,2598,29014,1,0xA3,1,0,0,192,0,0,110097.415745,-24.855137,140817.157924,136531.434953,122048.512101,0.000000,0.000000,0.000000
10.486258,10uVrms10Hz_ch2pga1.bin,250,2599,29015,1,0xA3,1,0,0,192,0,0,110097.594559,-23.670495,140816.599131,136531.233788,122048.579156,0.000000,0.000000,0.000000
10.490261,10uVrms10Hz_ch2pga1.bin,250,2600,29016,1,0xA3,1,0,0,192,0,0,110097.281635,-21.927059,140815.526247,136530.630291,122048.132122,0.000000,0.000000,0.000000
10.494261,10uVrms10Hz_ch2pga1.bin,250,2601,29017,1,0xA3,1,0,0,192,0,0,110096.722841,-20.608306,140814.296901,136529.982090,122047.595680,0.000000,0.000000,0.000000
10.498265,10uVrms10Hz_ch2pga1.bin,250,2602,29018,1,0xA3,1,0,0,192,0,0,110097.035766,-19.334257,140813.916922,136530.093849,122047.908604,0.000000,0.000000,0.000000
10.502265,10uVrms10Hz_ch2pga1.bin,250,2603,29019,1,0xA3,1,0,0,192,0,0,110096.789896,-17.546117,140812.933445,136529.490352,122047.528625,0.000000,0.000000,0.000000
10.506268,10uVrms10Hz_ch2pga1.bin,250,2604,29020,1,0xA3,1,0,0,192,0,0,110096.141696,-15.243888,140811.502934,136528.529227,122046.746314,0.000000,0.000000,0.000000
10.510267,10uVrms10Hz_ch2pga1.bin,250,2605,29021,1,0xA3,1,0,0,192,0,0,110096.007586,-14.349818,140810.631216,136528.193951,122046.522796,0.000000,0.000000,0.000000
10.514271,10uVrms10Hz_ch2pga1.bin,250,2606,29022,1,0xA3,1,0,0,192,0,0,110096.767545,-13.880432,140810.586512,136528.551579,122047.081590,0.000000,0.000000,0.000000
10.518271,10uVrms10Hz_ch2pga1.bin,250,2607,29023,1,0xA3,1,0,0,192,0,0,110097.281635,-12.673438,140810.340643,136528.886855,122047.618032,0.000000,0.000000,0.000000
10.522274,10uVrms10Hz_ch2pga1.bin,250,2608,29024,1,0xA3,1,0,0,192,0,0,110097.572207,-12.606382,140809.915960,136528.976262,122047.930956,0.000000,0.000000,0.000000
10.526274,10uVrms10Hz_ch2pga1.bin,250,2609,29025,1,0xA3,1,0,0,192,0,0,110097.393394,-13.299286,140808.999538,136528.551579,122047.595680,0.000000,0.000000,0.000000
10.530278,10uVrms10Hz_ch2pga1.bin,250,2610,29026,1,0xA3,1,0,0,192,0,0,110096.946359,-13.701618,140807.814896,136527.858675,122047.081590,0.000000,0.000000,0.000000
10.534276,10uVrms10Hz_ch2pga1.bin,250,2611,29027,1,0xA3,1,0,0,192,0,0,110097.549856,-15.176833,140807.703137,136528.104544,122047.685087,0.000000,0.000000,0.000000
10.538279,10uVrms10Hz_ch2pga1.bin,250,2612,29028,1,0xA3,1,0,0,192,0,0,110098.131001,-17.009676,140807.457268,136528.372765,122048.221529,0.000000,0.000000,0.000000
10.542282,10uVrms10Hz_ch2pga1.bin,250,2613,29029,1,0xA3,1,0,0,192,0,0,110099.181533,-18.194318,140807.859600,136529.222131,122049.205005,0.000000,0.000000,0.000000
10.546282,10uVrms10Hz_ch2pga1.bin,250,2614,29030,1,0xA3,1,0,0,192,0,0,110100.165009,-19.535422,140808.038414,136530.049145,122050.121427,0.000000,0.000000,0.000000
10.550282,10uVrms10Hz_ch2pga1.bin,250,2615,29031,1,0xA3,1,0,0,192,0,0,110100.232065,-21.748245,140807.390213,136529.758573,122050.032020,0.000000,0.000000,0.000000
10.554286,10uVrms10Hz_ch2pga1.bin,250,2616,29032,1,0xA3,1,0,0,192,0,0,110100.187361,-23.737550,140806.607902,136529.490352,122050.009668,0.000000,0.000000,0.000000
10.558286,10uVrms10Hz_ch2pga1.bin,250,2617,29033,1,0xA3,1,0,0,192,0,0,110100.679100,-24.497509,140806.451440,136529.758573,122050.479054,0.000000,0.000000,0.000000
10.562290,10uVrms10Hz_ch2pga1.bin,250,2618,29034,1,0xA3,1,0,0,192,0,0,110101.193190,-25.682151,140806.116164,136530.049145,122050.859034,0.000000,0.000000,0.000000
10.566290,10uVrms10Hz_ch2pga1.bin,250,2619,29035,1,0xA3,1,0,0,192,0,0,110101.394355,-26.755035,140805.624425,136529.847980,122050.970793,0.000000,0.000000,0.000000
10.570290,10uVrms10Hz_ch2pga1.bin,250,2620,29036,1,0xA3,1,0,0,192,0,0,110101.349652,-27.135015,140804.819763,136529.535055,122050.859034,0.000000,0.000000,0.000000
10.574293,10uVrms10Hz_ch2pga1.bin,250,2621,29037,1,0xA3,1,0,0,192,0,0,110101.059079,-26.866794,140803.858638,136529.065669,122050.479054,0.000000,0.000000,0.000000
10.578294,10uVrms10Hz_ch2pga1.bin,250,2622,29038,1,0xA3,1,0,0,192,0,0,110101.528466,-25.995076,140803.612769,136529.311538,122050.859034,0.000000,0.000000,0.000000
10.582297,10uVrms10Hz_ch2pga1.bin,250,2623,29039,1,0xA3,1,0,0,192,0,0,110101.997852,-25.883317,140803.389251,136529.535055,122051.306069,0.000000,0.000000,0.000000
10.586297,10uVrms10Hz_ch2pga1.bin,250,2624,29040,1,0xA3,1,0,0,192,0,0,110101.260245,-24.385750,140801.779926,136528.439820,122050.367296,0.000000,0.000000,0.000000
10.590299,10uVrms10Hz_ch2pga1.bin,250,2625,29041,1,0xA3,1,0,0,192,0,0,110100.790858,-22.262335,140800.550580,136527.702212,122049.897909,0.000000,0.000000,0.000000
10.594299,10uVrms10Hz_ch2pga1.bin,250,2626,29042,1,0xA3,1,0,0,192,0,0,110100.500286,-20.809472,140799.544752,136527.188122,122049.562633,0.000000,0.000000,0.000000
10.598303,10uVrms10Hz_ch2pga1.bin,250,2627,29043,1,0xA3,1,0,0,192,0,0,110100.187361,-19.021332,140798.494220,136526.629329,122049.249709,0.000000,0.000000,0.000000
10.602303,10uVrms10Hz_ch2pga1.bin,250,2628,29044,1,0xA3,1,0,0,192,0,0,110100.723803,-17.188489,140798.337758,136526.919901,122049.696743,0.000000,0.000000,0.000000
10.606305,10uVrms10Hz_ch2pga1.bin,250,2629,29045,1,0xA3,1,0,0,192,0,0,110100.634396,-16.048551,140797.488391,136526.562274,122049.540281,0.000000,0.000000,0.000000
10.610306,10uVrms10Hz_ch2pga1.bin,250,2630,29046,1,0xA3,1,0,0,192,0,0,110099.919140,-14.841557,140796.013176,136525.735259,122048.713267,0.000000,0.000000,0.000000
10.614309,10uVrms10Hz_ch2pga1.bin,250,2631,29047,1,0xA3,1,0,0,192,0,0,110100.053251,-13.254583,140795.342624,136525.623500,122048.825026,0.000000,0.000000,0.000000
10.618310,10uVrms10Hz_ch2pga1.bin,250,2632,29048,1,0xA3,1,0,0,192,0,0,110100.947320,-12.941658,140795.633197,136526.338756,122049.696743,0.000000,0.000000,0.000000
10.622310,10uVrms10Hz_ch2pga1.bin,250,2633,29049,1,0xA3,1,0,0,192,0,0,110101.439059,-12.964010,140795.387328,136526.539922,122050.032020,0.000000,0.000000,0.000000
10.626313,10uVrms10Hz_ch2pga1.bin,250,2634,29050,1,0xA3,1,0,0,192,0,0,110101.617873,-12.829900,140794.806182,136526.316404,122050.121427,0.000000,0.000000,0.000000
10.630313,10uVrms10Hz_ch2pga1.bin,250,2635,29051,1,0xA3,1,0,0,192,0,0,110101.416707,-13.947487,140793.755651,136525.847018,122049.853206,0.000000,0.000000,0.000000
10.634316,10uVrms10Hz_ch2pga1.bin,250,2636,29052,1,0xA3,1,0,0,192,0,0,110101.282597,-15.377998,140792.906284,136525.467038,122049.584985,0.000000,0.000000,0.000000
10.638319,10uVrms10Hz_ch2pga1.bin,250,2637,29053,1,0xA3,1,0,0,192,0,0,110102.131963,-17.054379,140793.040395,136526.070535,122050.434351,0.000000,0.000000,0.000000
10.642318,10uVrms10Hz_ch2pga1.bin,250,2638,29054,1,0xA3,1,0,0,192,0,0,110103.271902,-18.216670,140793.465078,136526.986957,122051.507235,0.000000,0.000000,0.000000
10.646321,10uVrms10Hz_ch2pga1.bin,250,2639,29055,1,0xA3,1,0,0,192,0,0,110103.316605,-19.848347,140792.749822,136526.741087,122051.440179,0.000000,0.000000,0.000000
10.650321,10uVrms10Hz_ch2pga1.bin,250,2640,29056,1,0xA3,1,0,0,192,0,0,110103.070736,-21.725893,140791.743994,136526.137590,122051.104903,0.000000,0.000000,0.000000
10.654323,10uVrms10Hz_ch2pga1.bin,250,2641,29057,1,0xA3,1,0,0,192,0,0,110103.294253,-23.335218,140791.229904,136526.182294,122051.417828,0.000000,0.000000,0.000000
10.658323,10uVrms10Hz_ch2pga1.bin,250,2642,29058,1,0xA3,1,0,0,192,0,0,110104.501247,-24.743378,140791.721642,136527.232826,122052.557766,0.000000,0.000000,0.000000
10.662326,10uVrms10Hz_ch2pga1.bin,250,2643,29059,1,0xA3,1,0,0,192,0,0,110105.551779,-25.749207,140791.900456,136527.948081,122053.451836,0.000000,0.000000,0.000000
10.666326,10uVrms10Hz_ch2pga1.bin,250,2644,29060,1,0xA3,1,0,0,192,0,0,110105.596483,-26.397407,140791.207552,136527.702212,122053.384781,0.000000,0.000000,0.000000
10.670330,10uVrms10Hz_ch2pga1.bin,250,2645,29061,1,0xA3,1,0,0,192,0,0,110105.216503,-26.375055,140790.134668,136527.054012,122052.870691,0.000000,0.000000,0.000000
10.674330,10uVrms10Hz_ch2pga1.bin,250,2646,29062,1,0xA3,1,0,0,192,0,0,110105.551779,-26.844442,140789.777040,136527.098715,122053.205967,0.000000,0.000000,0.000000
10.678333,10uVrms10Hz_ch2pga1.bin,250,2647,29063,1,0xA3,1,0,0,192,0,0,110106.267035,-26.755035,140789.844096,136527.657509,122053.898871,0.000000,0.000000,0.000000
10.682333,10uVrms10Hz_ch2pga1.bin,250,2648,29064,1,0xA3,1,0,0,192,0,0,110106.267035,-25.458634,140789.128840,136527.523398,122053.854167,0.000000,0.000000,0.000000
10.686334,10uVrms10Hz_ch2pga1.bin,250,2649,29065,1,0xA3,1,0,0,192,0,0,110106.401145,-23.715198,140788.301826,136527.232826,122053.809464,0.000000,0.000000,0.000000
10.690337,10uVrms10Hz_ch2pga1.bin,250,2650,29066,1,0xA3,1,0,0,192,0,0,110106.423497,-22.575259,140787.586570,136526.897550,122053.675354,0.000000,0.000000,0.000000
10.694337,10uVrms10Hz_ch2pga1.bin,250,2651,29067,1,0xA3,1,0,0,192,0,0,110106.199980,-21.122396,140786.670148,136526.517570,122053.384781,0.000000,0.000000,0.000000
10.698341,10uVrms10Hz_ch2pga1.bin,250,2652,29068,1,0xA3,1,0,0,192,0,0,110106.468201,-18.842518,140786.223114,136526.562274,122053.608298,0.000000,0.000000,0.000000
10.702341,10uVrms10Hz_ch2pga1.bin,250,2653,29069,1,0xA3,1,0,0,192,0,0,110106.937587,-17.121434,140785.954893,136526.741087,122053.988278,0.000000,0.000000,0.000000
10.706345,10uVrms10Hz_ch2pga1.bin,250,2654,29070,1,0xA3,1,0,0,192,0,0,110106.714070,-16.026199,140785.127878,136526.383460,122053.787112,0.000000,0.000000,0.000000
10.710345,10uVrms10Hz_ch2pga1.bin,250,2655,29071,1,0xA3,1,0,0,192,0,0,110105.954111,-14.483929,140783.697367,136525.332928,122052.982450,0.000000,0.000000,0.000000
10.714345,10uVrms10Hz_ch2pga1.bin,250,2656,29072,1,0xA3,1,0,0,192,0,0,110106.758773,-13.768673,140783.697367,136525.802314,122053.608298,0.000000,0.000000,0.000000
10.718348,10uVrms10Hz_ch2pga1.bin,250,2657,29073,1,0xA3,1,0,0,192,0,0,110106.937587,-13.589859,140783.138573,136525.802314,122053.742409,0.000000,0.000000,0.000000
10.722348,10uVrms10Hz_ch2pga1.bin,250,2658,29074,1,0xA3,1,0,0,192,0,0,110107.049346,-13.120472,140782.512724,136525.802314,122053.898871,0.000000,0.000000,0.000000
10.726352,10uVrms10Hz_ch2pga1.bin,250,2659,29075,1,0xA3,1,0,0,192,0,0,110107.049346,-13.254583,140781.641006,136525.467038,122053.742409,0.000000,0.000000,0.000000
10.730351,10uVrms10Hz_ch2pga1.bin,250,2660,29076,1,0xA3,1,0,0,192,0,0,110106.669366,-14.126301,140780.590475,136524.751782,122053.228319,0.000000,0.000000,0.000000
10.734355,10uVrms10Hz_ch2pga1.bin,250,2661,29077,1,0xA3,1,0,0,192,0,0,110106.758773,-15.132129,140780.098736,136524.640024,122053.384781,0.000000,0.000000,0.000000
10.738355,10uVrms10Hz_ch2pga1.bin,250,2662,29078,1,0xA3,1,0,0,192,0,0,110107.205808,-16.339123,140779.875219,136524.975300,122053.921223,0.000000,0.000000,0.000000
10.742355,10uVrms10Hz_ch2pga1.bin,250,2663,29079,1,0xA3,1,0,0,192,0,0,110107.742250,-17.836690,140779.584646,136525.154114,122054.234147,0.000000,0.000000,0.000000
10.746359,10uVrms10Hz_ch2pga1.bin,250,2664,29080,1,0xA3,1,0,0,192,0,0,110108.457506,-19.848347,140779.405832,136525.578797,122054.725885,0.000000,0.000000,0.000000
10.750359,10uVrms10Hz_ch2pga1.bin,250,2665,29081,1,0xA3,1,0,0,192,0,0,110108.099878,-21.815300,140778.444707,136525.020003,122054.390609,0.000000,0.000000,0.000000
10.754363,10uVrms10Hz_ch2pga1.bin,250,2666,29082,1,0xA3,1,0,0,192,0,0,110108.368099,-23.290515,140777.975321,136525.042355,122054.636478,0.000000,0.000000,0.000000
10.758363,10uVrms10Hz_ch2pga1.bin,250,2667,29083,1,0xA3,1,0,0,192,0,0,110108.815134,-24.832785,140777.617693,136525.265872,122055.016458,0.000000,0.000000,0.000000
10.762366,10uVrms10Hz_ch2pga1.bin,250,2668,29084,1,0xA3,1,0,0,192,0,0,110109.776258,-25.838614,140777.796507,136525.958776,122055.843472,0.000000,0.000000,0.000000
10.766366,10uVrms10Hz_ch2pga1.bin,250,2669,29085,1,0xA3,1,0,0,192,0,0,110110.133886,-26.464462,140777.438879,136526.070535,122056.223452,0.000000,0.000000,0.000000
10.770369,10uVrms10Hz_ch2pga1.bin,250,2670,29086,1,0xA3,1,0,0,192,0,0,110110.066831,-26.844442,140776.611865,136525.735259,122056.111693,0.000000,0.000000,0.000000
10.774369,10uVrms10Hz_ch2pga1.bin,250,2671,29087,1,0xA3,1,0,0,192,0,0,110110.335052,-27.135015,140776.164830,136525.802314,122056.335211,0.000000,0.000000,0.000000
10.778372,10uVrms10Hz_ch2pga1.bin,250,2672,29088,1,0xA3,1,0,0,192,0,0,110110.513866,-26.129186,140775.784850,136525.847018,122056.446970,0.000000,0.000000,0.000000
10.782371,10uVrms10Hz_ch2pga1.bin,250,2673,29089,1,0xA3,1,0,0,192,0,0,110110.715032,-25.033951,140774.980187,136525.690556,122056.514025,0.000000,0.000000,0.000000
10.786373,10uVrms10Hz_ch2pga1.bin,250,2674,29090,1,0xA3,1,0,0,192,0,0,110111.027956,-23.983419,140774.689615,136525.802314,122056.759894,0.000000,0.000000,0.000000
10.790375,10uVrms10Hz_ch2pga1.bin,250,2675,29091,1,0xA3,1,0,0,192,0,0,110110.603273,-22.284687,140773.549676,136525.020003,122056.268156,0.000000,0.000000,0.000000
10.794376,10uVrms10Hz_ch2pga1.bin,250,2676,29092,1,0xA3,1,0,0,192,0,0,110110.312700,-20.630658,140772.588551,136524.461210,122055.932879,0.000000,0.000000,0.000000
10.798378,10uVrms10Hz_ch2pga1.bin,250,2677,29093,1,0xA3,1,0,0,192,0,0,110110.804439,-19.043684,140772.409737,136524.818838,122056.357563,0.000000,0.000000,0.000000
10.802377,10uVrms10Hz_ch2pga1.bin,250,2678,29094,1,0xA3,1,0,0,192,0,0,110111.340880,-17.344952,140772.208571,136525.109410,122056.961060,0.000000,0.000000,0.000000
10.806379,10uVrms10Hz_ch2pga1.bin,250,2679,29095,1,0xA3,1,0,0,192,0,0,110110.826790,-15.668571,140770.889819,136524.349451,122056.357563,0.000000,0.000000,0.000000
10.810381,10uVrms10Hz_ch2pga1.bin,250,2680,29096,1,0xA3,1,0,0,192,0,0,110110.983253,-14.528632,140770.375729,136524.304748,122056.491673,0.000000,0.000000,0.000000
10.814384,10uVrms10Hz_ch2pga1.bin,250,2681,29097,1,0xA3,1,0,0,192,0,0,110111.407936,-14.081597,140770.062804,136524.394155,122056.826949,0.000000,0.000000,0.000000
10.818383,10uVrms10Hz_ch2pga1.bin,250,2682,29098,1,0xA3,1,0,0,192,0,0,110112.056136,-13.232231,140770.018101,136524.863541,122057.430446,0.000000,0.000000,0.000000
10.822385,10uVrms10Hz_ch2pga1.bin,250,2683,29099,1,0xA3,1,0,0,192,0,0,110112.771392,-12.584031,140769.995749,136525.332928,122058.123350,0.000000,0.000000,0.000000
10.826385,10uVrms10Hz_ch2pga1.bin,250,2684,29100,1,0xA3,1,0,0,192,0,0,110113.039613,-13.500452,140769.414604,136525.355279,122058.257461,0.000000,0.000000,0.000000
10.830387,10uVrms10Hz_ch2pga1.bin,250,2685,29101,1,0xA3,1,0,0,192,0,0,110112.391412,-14.215708,140767.894685,136524.260044,122057.318687,0.000000,0.000000,0.000000
10.834391,10uVrms10Hz_ch2pga1.bin,250,2686,29102,1,0xA3,1,0,0,192,0,0,110112.659633,-15.065074,140767.492354,136524.304748,122057.609260,0.000000,0.000000,0.000000
10.838389,10uVrms10Hz_ch2pga1.bin,250,2687,29103,1,0xA3,1,0,0,192,0,0,110113.419592,-16.719103,140767.604113,136524.952948,122058.369219,0.000000,0.000000,0.000000
10.842392,10uVrms10Hz_ch2pga1.bin,250,2688,29104,1,0xA3,1,0,0,192,0,0,110114.336014,-18.417835,140767.715871,136525.511742,122059.151530,0.000000,0.000000,0.000000
10.846392,10uVrms10Hz_ch2pga1.bin,250,2689,29105,1,0xA3,1,0,0,192,0,0,110114.559531,-19.691885,140767.246485,136525.578797,122059.352696,0.000000,0.000000,0.000000
10.850394,10uVrms10Hz_ch2pga1.bin,250,2690,29106,1,0xA3,1,0,0,192,0,0,110114.760697,-21.301210,140766.710043,136525.556445,122059.486806,0.000000,0.000000,0.000000
10.854398,10uVrms10Hz_ch2pga1.bin,250,2691,29107,1,0xA3,1,0,0,192,0,0,110115.051270,-23.491681,140766.352415,136525.645852,122059.732676,0.000000,0.000000,0.000000
10.858396,10uVrms10Hz_ch2pga1.bin,250,2692,29108,1,0xA3,1,0,0,192,0,0,110115.431249,-24.609268,140765.972435,136525.712907,122060.157359,0.000000,0.000000,0.000000
10.862400,10uVrms10Hz_ch2pga1.bin,250,2693,29109,1,0xA3,1,0,0,192,0,0,110116.437078,-25.793910,140766.195953,136526.472867,122061.140835,0.000000,0.000000,0.000000
10.866399,10uVrms10Hz_ch2pga1.bin,250,2694,29110,1,0xA3,1,0,0,192,0,0,110116.660595,-26.799738,140765.659511,136526.450515,122061.185539,0.000000,0.000000,0.000000
10.870402,10uVrms10Hz_ch2pga1.bin,250,2695,29111,1,0xA3,1,0,0,192,0,0,110115.990043,-27.112663,140764.229000,136525.399983,122060.313821,0.000000,0.000000,0.000000
10.874401,10uVrms10Hz_ch2pga1.bin,250,2696,29112,1,0xA3,1,0,0,192,0,0,110115.766525,-27.090311,140763.401985,136525.064707,122060.090303,0.000000,0.000000,0.000000
10.878404,10uVrms10Hz_ch2pga1.bin,250,2697,29113,1,0xA3,1,0,0,192,0,0,110116.168857,-26.352704,140763.066709,136525.243521,122060.559690,0.000000,0.000000,0.000000
10.882405,10uVrms10Hz_ch2pga1.bin,250,2698,29114,1,0xA3,1,0,0,192,0,0,110116.817057,-25.302172,140762.843192,136525.534093,122061.029077,0.000000,0.000000,0.000000
10.886406,10uVrms10Hz_ch2pga1.bin,250,2699,29115,1,0xA3,1,0,0,192,0,0,110116.392374,-23.804605,140761.703253,136524.751782,122060.492635,0.000000,0.000000,0.000000
10.890409,10uVrms10Hz_ch2pga1.bin,250,2700,29116,1,0xA3,1,0,0,192,0,0,110116.101801,-21.860003,140760.652721,136524.170637,122060.090303,0.000000,0.000000,0.000000
10.894409,10uVrms10Hz_ch2pga1.bin,250,2701,29117,1,0xA3,1,0,0,192,0,0,110116.504133,-20.876527,140760.496259,136524.438858,122060.470283,0.000000,0.000000,0.000000
10.898413,10uVrms10Hz_ch2pga1.bin,250,2702,29118,1,0xA3,1,0,0,192,0,0,110116.861761,-19.490719,140760.049224,136524.640024,122060.850263,0.000000,0.000000,0.000000
10.902413,10uVrms10Hz_ch2pga1.bin,250,2703,29119,1,0xA3,1,0,0,192,0,0,110117.062926,-17.367303,140759.512782,136524.729431,122061.029077,0.000000,0.000000,0.000000
10.906413,10uVrms10Hz_ch2pga1.bin,250,2704,29120,1,0xA3,1,0,0,192,0,0,110116.906464,-15.690923,140758.663416,136524.304748,122060.827911,0.000000,0.000000,0.000000
10.910416,10uVrms10Hz_ch2pga1.bin,250,2705,29121,1,0xA3,1,0,0,192,0,0,110116.548836,-14.774501,140757.568181,136523.634195,122060.358524,0.000000,0.000000,0.000000
10.914419,10uVrms10Hz_ch2pga1.bin,250,2706,29122,1,0xA3,1,0,0,192,0,0,110116.481781,-13.545156,140756.629407,136523.187160,122060.045600,0.000000,0.000000,0.000000
10.918420,10uVrms10Hz_ch2pga1.bin,250,2707,29123,1,0xA3,1,0,0,192,0,0,110117.062926,-12.539327,140756.495297,136523.634195,122060.649097,0.000000,0.000000,0.000000
10.922423,10uVrms10Hz_ch2pga1.bin,250,2708,29124,1,0xA3,1,0,0,192,0,0,110117.845237,-13.120472,140756.674111,136524.237692,122061.431408,0.000000,0.000000,0.000000
10.926423,10uVrms10Hz_ch2pga1.bin,250,2709,29125,1,0xA3,1,0,0,192,0,0,110118.001699,-13.679266,140756.092966,136524.103582,122061.476111,0.000000,0.000000,0.000000
10.930423,10uVrms10Hz_ch2pga1.bin,250,2710,29126,1,0xA3,1,0,0,192,0,0,110117.666423,-14.036894,140754.930675,136523.500085,122061.006725,0.000000,0.000000,0.000000
10.934427,10uVrms10Hz_ch2pga1.bin,250,2711,29127,1,0xA3,1,0,0,192,0,0,110117.420554,-15.355647,140753.947198,136522.941291,122060.671449,0.000000,0.000000,0.000000
10.938427,10uVrms10Hz_ch2pga1.bin,250,2712,29128,1,0xA3,1,0,0,192,0,0,110118.225217,-17.076731,140754.126012,136523.567140,122061.476111,0.000000,0.000000,0.000000
10.942427,10uVrms10Hz_ch2pga1.bin,250,2713,29129,1,0xA3,1,0,0,192,0,0,110119.409859,-18.015504,140754.595399,136524.640024,122062.683105,0.000000,0.000000,0.000000
10.946431,10uVrms10Hz_ch2pga1.bin,250,2714,29130,1,0xA3,1,0,0,192,0,0,110119.521618,-19.647181,140753.924847,136524.483562,122062.705457,0.000000,0.000000,0.000000
10.950431,10uVrms10Hz_ch2pga1.bin,250,2715,29131,1,0xA3,1,0,0,192,0,0,110118.985176,-21.949410,140752.606094,136523.634195,122062.057257,0.000000,0.000000,0.000000
10.954433,10uVrms10Hz_ch2pga1.bin,250,2716,29132,1,0xA3,1,0,0,192,0,0,110119.789839,-23.804605,140752.673149,136524.058878,122062.772512,0.000000,0.000000,0.000000
10.958433,10uVrms10Hz_ch2pga1.bin,250,2717,29133,1,0xA3,1,0,0,192,0,0,110119.834542,-24.653971,140751.957893,136523.813009,122062.727809,0.000000,0.000000,0.000000
10.962437,10uVrms10Hz_ch2pga1.bin,250,2718,29134,1,0xA3,1,0,0,192,0,0,110120.460391,-26.442111,140751.846135,136524.349451,122063.376009,0.000000,0.000000,0.000000
10.966437,10uVrms10Hz_ch2pga1.bin,250,2719,29135,1,0xA3,1,0,0,192,0,0,110121.399164,-26.844442,140752.159059,136525.087059,122064.203024,0.000000,0.000000,0.000000
10.970441,10uVrms10Hz_ch2pga1.bin,250,2720,29136,1,0xA3,1,0,0,192,0,0,110121.197999,-26.822090,140751.130879,136524.528265,122063.755989,0.000000,0.000000,0.000000
10.974441,10uVrms10Hz_ch2pga1.bin,250,2721,29137,1,0xA3,1,0,0,192,0,0,110121.265054,-26.911497,140750.460327,136524.349451,122063.823044,0.000000,0.000000,0.000000
10.978442,10uVrms10Hz_ch2pga1.bin,250,2722,29138,1,0xA3,1,0,0,192,0,0,110121.980309,-26.196241,140750.393271,136524.841189,122064.538300,0.000000,0.000000,0.000000
10.982445,10uVrms10Hz_ch2pga1.bin,250,2723,29139,1,0xA3,1,0,0,192,0,0,110122.203827,-25.168061,140749.946237,136524.796486,122064.761817,0.000000,0.000000,0.000000
10.986446,10uVrms10Hz_ch2pga1.bin,250,2724,29140,1,0xA3,1,0,0,192,0,0,110122.293234,-24.028122,140749.320388,136524.684727,122064.784169,0.000000,0.000000,0.000000
10.990449,10uVrms10Hz_ch2pga1.bin,250,2725,29141,1,0xA3,1,0,0,192,0,0,110121.734440,-22.709370,140748.091042,136523.969471,122064.135969,0.000000,0.000000,0.000000
10.994450,10uVrms10Hz_ch2pga1.bin,250,2726,29142,1,0xA3,1,0,0,192,0,0,110122.293234,-20.943582,140747.867525,136524.192989,122064.583004,0.000000,0.000000,0.000000
10.998450,10uVrms10Hz_ch2pga1.bin,250,2727,29143,1,0xA3,1,0,0,192,0,0,110122.740269,-18.954277,140747.576952,136524.394155,122064.940631,0.000000,0.000000,0.000000
11.002460,10uVrms10Hz_ch2pga1.bin,250,2728,29144,1,0xA3,1,0,0,192,0,0,110122.874379,-16.964972,140747.040510,136524.327099,122065.007687,0.000000,0.000000,0.000000
11.006459,10uVrms10Hz_ch2pga1.bin,250,2729,29145,1,0xA3,1,0,0,192,0,0,110122.606158,-15.646219,140745.967627,136523.723602,122064.605355,0.000000,0.000000,0.000000
11.010461,10uVrms10Hz_ch2pga1.bin,250,2730,29146,1,0xA3,1,0,0,192,0,0,110122.270882,-14.528632,140744.961798,136523.209512,122064.203024,0.000000,0.000000,0.000000
11.014461,10uVrms10Hz_ch2pga1.bin,250,2731,29147,1,0xA3,1,0,0,192,0,0,110122.159123,-13.634562,140743.978322,136522.874236,122063.957155,0.000000,0.000000,0.000000
11.018464,10uVrms10Hz_ch2pga1.bin,250,2732,29148,1,0xA3,1,0,0,192,0,0,110122.516751,-13.343990,140743.643045,136523.120105,122064.381838,0.000000,0.000000,0.000000
11.022464,10uVrms10Hz_ch2pga1.bin,250,2733,29149,1,0xA3,1,0,0,192,0,0,110122.717917,-13.232231,140743.196011,136523.097754,122064.538300,0.000000,0.000000,0.000000
11.026465,10uVrms10Hz_ch2pga1.bin,250,2734,29150,1,0xA3,1,0,0,192,0,0,110123.030841,-12.964010,140742.681921,136523.075402,122064.717114,0.000000,0.000000,0.000000
11.030468,10uVrms10Hz_ch2pga1.bin,250,2735,29151,1,0xA3,1,0,0,192,0,0,110123.232007,-13.947487,140742.145479,136522.985995,122064.873576,0.000000,0.000000,0.000000
11.034468,10uVrms10Hz_ch2pga1.bin,250,2736,29152,1,0xA3,1,0,0,192,0,0,110123.522580,-15.601516,140741.787851,136523.053050,122065.186501,0.000000,0.000000,0.000000
11.038472,10uVrms10Hz_ch2pga1.bin,250,2737,29153,1,0xA3,1,0,0,192,0,0,110123.924911,-16.406178,140741.452575,136523.187160,122065.588832,0.000000,0.000000,0.000000
11.042472,10uVrms10Hz_ch2pga1.bin,250,2738,29154,1,0xA3,1,0,0,192,0,0,110124.439001,-18.194318,140741.340816,136523.567140,122066.013515,0.000000,0.000000,0.000000
11.046473,10uVrms10Hz_ch2pga1.bin,250,2739,29155,1,0xA3,1,0,0,192,0,0,110125.243664,-20.541251,140741.318464,136524.125934,122066.751122,0.000000,0.000000,0.000000
11.050477,10uVrms10Hz_ch2pga1.bin,250,2740,29156,1,0xA3,1,0,0,192,0,0,110125.333071,-22.061169,140740.580857,136523.790658,122066.639364,0.000000,0.000000,0.000000
11.054477,10uVrms10Hz_ch2pga1.bin,250,2741,29157,1,0xA3,1,0,0,192,0,0,110125.847161,-23.625791,140740.446746,136524.125934,122067.108750,0.000000,0.000000,0.000000
11.058478,10uVrms10Hz_ch2pga1.bin,250,2742,29158,1,0xA3,1,0,0,192,0,0,110126.718879,-25.123358,140740.647912,136524.751782,122068.002820,0.000000,0.000000,0.000000
11.062482,10uVrms10Hz_ch2pga1.bin,250,2743,29159,1,0xA3,1,0,0,192,0,0,110128.328204,-26.084483,140741.564333,136526.137590,122069.522738,0.000000,0.000000,0.000000
11.066483,10uVrms10Hz_ch2pga1.bin,250,2744,29160,1,0xA3,1,0,0,192,0,0,110128.484666,-26.397407,140740.960836,136526.092887,122069.634497,0.000000,0.000000,0.000000
11.070483,10uVrms10Hz_ch2pga1.bin,250,2745,29161,1,0xA3,1,0,0,192,0,0,110128.059983,-26.978552,140739.753842,136525.399983,122069.031000,0.000000,0.000000,0.000000
11.074487,10uVrms10Hz_ch2pga1.bin,250,2746,29162,1,0xA3,1,0,0,192,0,0,110127.791762,-27.224422,140738.703310,136524.975300,122068.695724,0.000000,0.000000,0.000000
11.078486,10uVrms10Hz_ch2pga1.bin,250,2747,29163,1,0xA3,1,0,0,192,0,0,110128.641129,-26.464462,140738.837421,136525.623500,122069.567442,0.000000,0.000000,0.000000
11.082490,10uVrms10Hz_ch2pga1.bin,250,2748,29164,1,0xA3,1,0,0,192,0,0,110129.132867,-25.592744,140738.613904,136525.847018,122070.036829,0.000000,0.000000,0.000000
11.086489,10uVrms10Hz_ch2pga1.bin,250,2749,29165,1,0xA3,1,0,0,192,0,0,110128.797591,-24.162233,140737.608075,136525.288224,122069.612145,0.000000,0.000000,0.000000
11.090492,10uVrms10Hz_ch2pga1.bin,250,2750,29166,1,0xA3,1,0,0,192,0,0,110128.216445,-22.664666,140736.356378,136524.550617,122068.896890,0.000000,0.000000,0.000000
11.094493,10uVrms10Hz_ch2pga1.bin,250,2751,29167,1,0xA3,1,0,0,192,0,0,110127.858818,-20.787120,140735.194087,136523.857713,122068.427503,0.000000,0.000000,0.000000
11.098493,10uVrms10Hz_ch2pga1.bin,250,2752,29168,1,0xA3,1,0,0,192,0,0,110128.775239,-18.842518,140735.417604,136524.505913,122069.410980,0.000000,0.000000,0.000000
11.102497,10uVrms10Hz_ch2pga1.bin,250,2753,29169,1,0xA3,1,0,0,192,0,0,110129.289329,-17.233193,140735.149384,136524.841189,122069.925070,0.000000,0.000000,0.000000
11.106497,10uVrms10Hz_ch2pga1.bin,250,2754,29170,1,0xA3,1,0,0,192,0,0,110129.043460,-16.003847,140734.076500,136524.304748,122069.545090,0.000000,0.000000,0.000000
11.110500,10uVrms10Hz_ch2pga1.bin,250,2755,29171,1,0xA3,1,0,0,192,0,0,110128.507018,-14.416873,140732.757747,136523.455381,122068.785131,0.000000,0.000000,0.000000
11.114502,10uVrms10Hz_ch2pga1.bin,250,2756,29172,1,0xA3,1,0,0,192,0,0,110127.903521,-14.059246,140731.662512,136522.740126,122068.248689,0.000000,0.000000,0.000000
11.118502,10uVrms10Hz_ch2pga1.bin,250,2757,29173,1,0xA3,1,0,0,192,0,0,110128.238797,-13.343990,140731.260180,136522.874236,122068.651021,0.000000,0.000000,0.000000
11.122505,10uVrms10Hz_ch2pga1.bin,250,2758,29174,1,0xA3,1,0,0,192,0,0,110129.043460,-13.165176,140731.394291,136523.410678,122069.388628,0.000000,0.000000,0.000000
11.126505,10uVrms10Hz_ch2pga1.bin,250,2759,29175,1,0xA3,1,0,0,192,0,0,110129.691660,-13.522804,140731.170774,136523.723602,122069.858015,0.000000,0.000000,0.000000
11.130505,10uVrms10Hz_ch2pga1.bin,250,2760,29176,1,0xA3,1,0,0,192,0,0,110129.356384,-14.439225,140730.053186,136523.097754,122069.433331,0.000000,0.000000,0.000000
11.134509,10uVrms10Hz_ch2pga1.bin,250,2761,29177,1,0xA3,1,0,0,192,0,0,110129.736364,-15.221536,140729.762614,136523.298919,122069.813311,0.000000,0.000000,0.000000
11.138510,10uVrms10Hz_ch2pga1.bin,250,2762,29178,1,0xA3,1,0,0,192,0,0,110131.278634,-16.629696,140730.634332,136524.751782,122071.377933,0.000000,0.000000,0.000000
11.142513,10uVrms10Hz_ch2pga1.bin,250,2763,29179,1,0xA3,1,0,0,192,0,0,110132.731497,-18.663704,140731.438994,136526.025832,122072.786093,0.000000,0.000000,0.000000
11.146513,10uVrms10Hz_ch2pga1.bin,250,2764,29180,1,0xA3,1,0,0,192,0,0,110132.507980,-20.027161,140730.433166,136525.332928,122072.316706,0.000000,0.000000,0.000000
11.150517,10uVrms10Hz_ch2pga1.bin,250,2765,29181,1,0xA3,1,0,0,192,0,0,110131.703317,-21.100044,140728.801489,136524.237692,122071.489692,0.000000,0.000000,0.000000
11.154516,10uVrms10Hz_ch2pga1.bin,250,2766,29182,1,0xA3,1,0,0,192,0,0,110132.284462,-23.849308,140728.555620,136524.617672,122072.003782,0.000000,0.000000,0.000000
11.158520,10uVrms10Hz_ch2pga1.bin,250,2767,29183,1,0xA3,1,0,0,192,0,0,110132.843256,-25.190413,140728.332102,136524.975300,122072.450817,0.000000,0.000000,0.000000
11.162519,10uVrms10Hz_ch2pga1.bin,250,2768,29184,1,0xA3,1,0,0,192,0,0,110133.379698,-25.771558,140728.197992,136525.355279,122072.987258,0.000000,0.000000,0.000000
11.166521,10uVrms10Hz_ch2pga1.bin,250,2769,29185,1,0xA3,1,0,0,192,0,0,110133.402050,-26.755035,140727.706254,136525.243521,122073.009610,0.000000,0.000000,0.000000
11.170521,10uVrms10Hz_ch2pga1.bin,250,2770,29186,1,0xA3,1,0,0,192,0,0,110132.597387,-27.537346,140726.141632,136524.260044,122072.137892,0.000000,0.000000,0.000000
11.174524,10uVrms10Hz_ch2pga1.bin,250,2771,29187,1,0xA3,1,0,0,192,0,0,110132.351518,-27.023256,140725.135803,136523.790658,122071.869671,0.000000,0.000000,0.000000
11.178524,10uVrms10Hz_ch2pga1.bin,250,2772,29188,1,0xA3,1,0,0,192,0,0,110133.022070,-26.151538,140725.024045,136524.036527,122072.383761,0.000000,0.000000,0.000000
11.182527,10uVrms10Hz_ch2pga1.bin,250,2773,29189,1,0xA3,1,0,0,192,0,0,110133.692622,-25.279820,140724.867582,136524.416506,122072.897851,0.000000,0.000000,0.000000
11.186527,10uVrms10Hz_ch2pga1.bin,250,2774,29190,1,0xA3,1,0,0,192,0,0,110133.692622,-24.117529,140724.197030,136524.192989,122072.808444,0.000000,0.000000,0.000000
11.190530,10uVrms10Hz_ch2pga1.bin,250,2775,29191,1,0xA3,1,0,0,192,0,0,110133.022070,-22.731721,140722.945333,136523.321271,122072.182596,0.000000,0.000000,0.000000
11.194530,10uVrms10Hz_ch2pga1.bin,250,2776,29192,1,0xA3,1,0,0,192,0,0,110132.753849,-21.100044,140721.894801,136522.851884,122071.802616,0.000000,0.000000,0.000000
11.198534,10uVrms10Hz_ch2pga1.bin,250,2777,29193,1,0xA3,1,0,0,192,0,0,110133.200884,-19.311905,140721.648932,136523.075402,122072.204947,0.000000,0.000000,0.000000
11.202534,10uVrms10Hz_ch2pga1.bin,250,2778,29194,1,0xA3,1,0,0,192,0,0,110133.983195,-17.121434,140721.760690,136523.678899,122072.987258,0.000000,0.000000,0.000000
11.206537,10uVrms10Hz_ch2pga1.bin,250,2779,29195,1,0xA3,1,0,0,192,0,0,110133.960843,-15.400350,140720.978379,136523.365974,122072.897851,0.000000,0.000000,0.000000
11.210537,10uVrms10Hz_ch2pga1.bin,250,2780,29196,1,0xA3,1,0,0,192,0,0,110133.603215,-14.729798,140719.816089,136522.673070,122072.339058,0.000000,0.000000,0.000000
11.214540,10uVrms10Hz_ch2pga1.bin,250,2781,29197,1,0xA3,1,0,0,192,0,0,110132.753849,-13.947487,140718.139708,136521.466076,122071.377933,0.000000,0.000000,0.000000
11.218540,10uVrms10Hz_ch2pga1.bin,250,2782,29198,1,0xA3,1,0,0,192,0,0,110133.089125,-13.008714,140717.692673,136521.667242,122071.668506,0.000000,0.000000,0.000000
11.222540,10uVrms10Hz_ch2pga1.bin,250,2783,29199,1,0xA3,1,0,0,192,0,0,110134.050250,-13.321638,140717.916191,136522.337794,122072.540224,0.000000,0.000000,0.000000
11.226544,10uVrms10Hz_ch2pga1.bin,250,2784,29200,1,0xA3,1,0,0,192,0,0,110133.737326,-13.634562,140716.999769,136521.890759,122072.272003,0.000000,0.000000,0.000000
11.230545,10uVrms10Hz_ch2pga1.bin,250,2785,29201,1,0xA3,1,0,0,192,0,0,110133.245587,-13.880432,140715.792775,136521.108449,122071.713209,0.000000,0.000000,0.000000
11.234549,10uVrms10Hz_ch2pga1.bin,250,2786,29202,1,0xA3,1,0,0,192,0,0,110133.625567,-15.333295,140715.457499,136521.331966,122071.959078,0.000000,0.000000,0.000000
11.238549,10uVrms10Hz_ch2pga1.bin,250,2787,29203,1,0xA3,1,0,0,192,0,0,110134.698451,-17.188489,140715.658665,136522.047222,122072.897851,0.000000,0.000000,0.000000
11.242549,10uVrms10Hz_ch2pga1.bin,250,2788,29204,1,0xA3,1,0,0,192,0,0,110135.391355,-18.417835,140715.748072,136522.471905,122073.680162,0.000000,0.000000,0.000000
11.246552,10uVrms10Hz_ch2pga1.bin,250,2789,29205,1,0xA3,1,0,0,192,0,0,110135.927796,-20.004809,140715.613961,136522.851884,122074.238956,0.000000,0.000000,0.000000
11.250552,10uVrms10Hz_ch2pga1.bin,250,2790,29206,1,0xA3,1,0,0,192,0,0,110136.173666,-22.262335,140715.010464,136522.784829,122074.238956,0.000000,0.000000,0.000000
11.254556,10uVrms10Hz_ch2pga1.bin,250,2791,29207,1,0xA3,1,0,0,192,0,0,110136.352479,-24.005771,140714.474022,136522.784829,122074.283659,0.000000,0.000000,0.000000
11.258555,10uVrms10Hz_ch2pga1.bin,250,2792,29208,1,0xA3,1,0,0,192,0,0,110137.335956,-25.235116,140714.809299,136523.701251,122075.356543,0.000000,0.000000,0.000000
11.262558,10uVrms10Hz_ch2pga1.bin,250,2793,29209,1,0xA3,1,0,0,192,0,0,110138.453543,-25.860965,140715.301037,136524.662375,122076.474130,0.000000,0.000000,0.000000
11.266561,10uVrms10Hz_ch2pga1.bin,250,2794,29210,1,0xA3,1,0,0,192,0,0,110138.453543,-26.822090,140714.563429,136524.304748,122076.295316,0.000000,0.000000,0.000000
11.270561,10uVrms10Hz_ch2pga1.bin,250,2795,29211,1,0xA3,1,0,0,192,0,0,110138.073564,-26.844442,140713.356435,136523.701251,122075.937688,0.000000,0.000000,0.000000
11.274560,10uVrms10Hz_ch2pga1.bin,250,2796,29212,1,0xA3,1,0,0,192,0,0,110137.984157,-26.755035,140712.551773,136523.343623,122075.848281,0.000000,0.000000,0.000000
11.278564,10uVrms10Hz_ch2pga1.bin,250,2797,29213,1,0xA3,1,0,0,192,0,0,110138.520598,-26.553869,140712.238848,136523.567140,122076.228261,0.000000,0.000000,0.000000
11.282567,10uVrms10Hz_ch2pga1.bin,250,2798,29214,1,0xA3,1,0,0,192,0,0,110139.012337,-25.190413,140712.060034,136523.880064,122076.630592,0.000000,0.000000,0.000000
11.286567,10uVrms10Hz_ch2pga1.bin,250,2799,29215,1,0xA3,1,0,0,192,0,0,110139.168799,-24.050474,140711.434186,136523.745954,122076.742351,0.000000,0.000000,0.000000
11.290570,10uVrms10Hz_ch2pga1.bin,250,2800,29216,1,0xA3,1,0,0,192,0,0,110138.721764,-22.821128,140710.204840,136523.164809,122076.228261,0.000000,0.000000,0.000000
11.294569,10uVrms10Hz_ch2pga1.bin,250,2801,29217,1,0xA3,1,0,0,192,0,0,110138.945282,-21.234155,140709.735453,136523.120105,122076.205909,0.000000,0.000000,0.000000
11.298572,10uVrms10Hz_ch2pga1.bin,250,2802,29218,1,0xA3,1,0,0,192,0,0,110138.788819,-19.043684,140708.886087,136522.673070,122076.004744,0.000000,0.000000,0.000000
11.302572,10uVrms10Hz_ch2pga1.bin,250,2803,29219,1,0xA3,1,0,0,192,0,0,110139.012337,-17.456710,140708.394349,136522.784829,122076.340020,0.000000,0.000000,0.000000
11.306575,10uVrms10Hz_ch2pga1.bin,250,2804,29220,1,0xA3,1,0,0,192,0,0,110138.855875,-16.026199,140707.433224,136522.404850,122076.049447,0.000000,0.000000,0.000000
11.310575,10uVrms10Hz_ch2pga1.bin,250,2805,29221,1,0xA3,1,0,0,192,0,0,110138.319433,-14.662743,140706.248581,136521.555483,122075.423598,0.000000,0.000000,0.000000
11.314578,10uVrms10Hz_ch2pga1.bin,250,2806,29222,1,0xA3,1,0,0,192,0,0,110138.498247,-13.656914,140705.823898,136521.488428,122075.602412,0.000000,0.000000,0.000000
11.318578,10uVrms10Hz_ch2pga1.bin,250,2807,29223,1,0xA3,1,0,0,192,0,0,110138.833523,-13.589859,140705.287457,136521.644890,122075.915337,0.000000,0.000000,0.000000
11.322579,10uVrms10Hz_ch2pga1.bin,250,2808,29224,1,0xA3,1,0,0,192,0,0,110139.057040,-13.321638,140704.795718,136521.734297,122076.071799,0.000000,0.000000,0.000000
11.326582,10uVrms10Hz_ch2pga1.bin,250,2809,29225,1,0xA3,1,0,0,192,0,0,110139.526427,-13.500452,140704.639256,136521.935463,122076.563537,0.000000,0.000000,0.000000
11.330582,10uVrms10Hz_ch2pga1.bin,250,2810,29226,1,0xA3,1,0,0,192,0,0,110139.682889,-14.595687,140703.968704,136521.823704,122076.563537,0.000000,0.000000,0.000000
11.334586,10uVrms10Hz_ch2pga1.bin,250,2811,29227,1,0xA3,1,0,0,192,0,0,110139.012337,-16.160309,140702.649951,136521.019042,122075.892985,0.000000,0.000000,0.000000
11.338585,10uVrms10Hz_ch2pga1.bin,250,2812,29228,1,0xA3,1,0,0,192,0,0,110139.615834,-17.099082,140702.515841,136521.376669,122076.384723,0.000000,0.000000,0.000000
11.342588,10uVrms10Hz_ch2pga1.bin,250,2813,29229,1,0xA3,1,0,0,192,0,0,110140.174627,-18.194318,140702.247620,136521.510780,122076.898813,0.000000,0.000000,0.000000
11.346589,10uVrms10Hz_ch2pga1.bin,250,2814,29230,1,0xA3,1,0,0,192,0,0,110140.711069,-20.273030,140702.024102,136521.779001,122077.301145,0.000000,0.000000,0.000000
11.350592,10uVrms10Hz_ch2pga1.bin,250,2815,29231,1,0xA3,1,0,0,192,0,0,110141.225159,-22.329390,140701.957047,136522.158980,122077.859938,0.000000,0.000000,0.000000
11.354592,10uVrms10Hz_ch2pga1.bin,250,2816,29232,1,0xA3,1,0,0,192,0,0,110141.135752,-23.670495,140701.264143,136521.890759,122077.770531,0.000000,0.000000,0.000000
11.358596,10uVrms10Hz_ch2pga1.bin,250,2817,29233,1,0xA3,1,0,0,192,0,0,110141.851008,-25.011599,140701.152384,136522.337794,122078.306973,0.000000,0.000000,0.000000
11.362595,10uVrms10Hz_ch2pga1.bin,250,2818,29234,1,0xA3,1,0,0,192,0,0,110142.566264,-26.464462,140700.995922,136522.717774,122078.888118,0.000000,0.000000,0.000000
11.366598,10uVrms10Hz_ch2pga1.bin,250,2819,29235,1,0xA3,1,0,0,192,0,0,110142.543912,-26.397407,140700.370073,136522.561312,122078.843415,0.000000,0.000000,0.000000
11.370599,10uVrms10Hz_ch2pga1.bin,250,2820,29236,1,0xA3,1,0,0,192,0,0,110142.923892,-26.956201,140699.945390,136522.740126,122079.245746,0.000000,0.000000,0.000000
11.374599,10uVrms10Hz_ch2pga1.bin,250,2821,29237,1,0xA3,1,0,0,192,0,0,110143.102705,-27.403235,140699.476004,136522.717774,122079.357505,0.000000,0.000000,0.000000
11.378602,10uVrms10Hz_ch2pga1.bin,250,2822,29238,1,0xA3,1,0,0,192,0,0,110142.968595,-26.598573,140698.716044,136522.382498,122079.133987,0.000000,0.000000,0.000000
11.382603,10uVrms10Hz_ch2pga1.bin,250,2823,29239,1,0xA3,1,0,0,192,0,0,110143.281519,-25.458634,140698.269010,136522.471905,122079.424560,0.000000,0.000000,0.000000
11.386606,10uVrms10Hz_ch2pga1.bin,250,2824,29240,1,0xA3,1,0,0,192,0,0,110143.259168,-24.206936,140697.509050,136522.114277,122079.312801,0.000000,0.000000,0.000000
11.390606,10uVrms10Hz_ch2pga1.bin,250,2825,29241,1,0xA3,1,0,0,192,0,0,110143.080354,-22.485852,140696.637332,136521.734297,122078.977525,0.000000,0.000000,0.000000
11.394607,10uVrms10Hz_ch2pga1.bin,250,2826,29242,1,0xA3,1,0,0,192,0,0,110143.482685,-20.630658,140696.235001,136521.846056,122079.245746,0.000000,0.000000,0.000000
11.398610,10uVrms10Hz_ch2pga1.bin,250,2827,29243,1,0xA3,1,0,0,192,0,0,110144.332051,-19.200146,140696.324408,136522.494256,122080.050409,0.000000,0.000000,0.000000
11.402610,10uVrms10Hz_ch2pga1.bin,250,2828,29244,1,0xA3,1,0,0,192,0,0,110144.600272,-17.344952,140695.743263,136522.404850,122080.229223,0.000000,0.000000,0.000000
11.406614,10uVrms10Hz_ch2pga1.bin,250,2829,29245,1,0xA3,1,0,0,192,0,0,110144.868493,-15.757978,140695.229173,136522.382498,122080.430388,0.000000,0.000000,0.000000
11.410615,10uVrms10Hz_ch2pga1.bin,250,2830,29246,1,0xA3,1,0,0,192,0,0,110144.264996,-14.506280,140693.888068,136521.510780,122079.648077,0.000000,0.000000,0.000000
11.414618,10uVrms10Hz_ch2pga1.bin,250,2831,29247,1,0xA3,1,0,0,192,0,0,110143.862665,-14.148653,140692.837536,136520.884931,122079.201043,0.000000,0.000000,0.000000
11.418618,10uVrms10Hz_ch2pga1.bin,250,2832,29248,1,0xA3,1,0,0,192,0,0,110143.773258,-13.612211,140692.055225,136520.683765,122079.201043,0.000000,0.000000,0.000000
11.422618,10uVrms10Hz_ch2pga1.bin,250,2833,29249,1,0xA3,1,0,0,192,0,0,110144.019127,-13.008714,140691.518784,136520.817876,122079.312801,0.000000,0.000000,0.000000
11.426621,10uVrms10Hz_ch2pga1.bin,250,2834,29250,1,0xA3,1,0,0,192,0,0,110143.527389,-13.545156,140690.155327,136520.057917,122078.798711,0.000000,0.000000,0.000000
11.430621,10uVrms10Hz_ch2pga1.bin,250,2835,29251,1,0xA3,1,0,0,192,0,0,110143.214464,-14.886260,140689.194202,136519.499123,122078.374028,0.000000,0.000000,0.000000
11.434625,10uVrms10Hz_ch2pga1.bin,250,2836,29252,1,0xA3,1,0,0,192,0,0,110144.376755,-15.713274,140689.663589,136520.370841,122079.446912,0.000000,0.000000,0.000000
11.438625,10uVrms10Hz_ch2pga1.bin,250,2837,29253,1,0xA3,1,0,0,192,0,0,110145.203769,-16.920269,140689.842403,136520.929635,122080.273926,0.000000,0.000000,0.000000
11.442629,10uVrms10Hz_ch2pga1.bin,250,2838,29254,1,0xA3,1,0,0,192,0,0,110145.270824,-18.998981,140689.216554,136520.750821,122080.273926,0.000000,0.000000,0.000000
11.446629,10uVrms10Hz_ch2pga1.bin,250,2839,29255,1,0xA3,1,0,0,192,0,0,110144.935548,-20.183623,140688.233078,136520.214379,122079.938650,0.000000,0.000000,0.000000
11.450630,10uVrms10Hz_ch2pga1.bin,250,2840,29256,1,0xA3,1,0,0,192,0,0,110144.913197,-21.547079,140687.473118,136520.013213,122079.826891,0.000000,0.000000,0.000000
11.454633,10uVrms10Hz_ch2pga1.bin,250,2841,29257,1,0xA3,1,0,0,192,0,0,110145.717859,-23.983419,140687.428415,136520.504951,122080.542147,0.000000,0.000000,0.000000
11.458634,10uVrms10Hz_ch2pga1.bin,250,2842,29258,1,0xA3,1,0,0,192,0,0,110146.366060,-25.570393,140687.406063,136520.974338,122081.212699,0.000000,0.000000,0.000000
11.462634,10uVrms10Hz_ch2pga1.bin,250,2843,29259,1,0xA3,1,0,0,192,0,0,110146.991909,-25.860965,140687.428415,136521.399021,122081.816196,0.000000,0.000000,0.000000
11.466638,10uVrms10Hz_ch2pga1.bin,250,2844,29260,1,0xA3,1,0,0,192,0,0,110147.349536,-26.844442,140687.093139,136521.510780,122082.062066,0.000000,0.000000,0.000000
11.470638,10uVrms10Hz_ch2pga1.bin,250,2845,29261,1,0xA3,1,0,0,192,0,0,110147.014260,-27.425587,140685.841441,136520.884931,122081.615031,0.000000,0.000000,0.000000
11.474641,10uVrms10Hz_ch2pga1.bin,250,2846,29262,1,0xA3,1,0,0,192,0,0,110146.947205,-27.067959,140685.081482,136520.549655,122081.525624,0.000000,0.000000,0.000000
11.478642,10uVrms10Hz_ch2pga1.bin,250,2847,29263,1,0xA3,1,0,0,192,0,0,110147.461295,-26.486814,140684.925020,136520.884931,122081.950307,0.000000,0.000000,0.000000
11.482642,10uVrms10Hz_ch2pga1.bin,250,2848,29264,1,0xA3,1,0,0,192,0,0,110147.818923,-25.816262,140684.433281,136520.951986,122082.263231,0.000000,0.000000,0.000000
11.486645,10uVrms10Hz_ch2pga1.bin,250,2849,29265,1,0xA3,1,0,0,192,0,0,110147.573054,-24.273992,140683.405101,136520.527303,122081.905603,0.000000,0.000000,0.000000
11.490645,10uVrms10Hz_ch2pga1.bin,250,2850,29266,1,0xA3,1,0,0,192,0,0,110146.567225,-22.619963,140681.818128,136519.320309,122080.832720,0.000000,0.000000,0.000000
11.494649,10uVrms10Hz_ch2pga1.bin,250,2851,29267,1,0xA3,1,0,0,192,0,0,110146.321356,-21.435320,140680.901706,136518.873274,122080.586851,0.000000,0.000000,0.000000
11.498649,10uVrms10Hz_ch2pga1.bin,250,2852,29268,1,0xA3,1,0,0,192,0,0,110146.567225,-19.244850,140680.320561,136518.895626,122080.720961,0.000000,0.000000,0.000000
11.502653,10uVrms10Hz_ch2pga1.bin,250,2853,29269,1,0xA3,1,0,0,192,0,0,110147.058964,-17.188489,140680.141747,136519.253254,122081.167996,0.000000,0.000000,0.000000
11.506653,10uVrms10Hz_ch2pga1.bin,250,2854,29270,1,0xA3,1,0,0,192,0,0,110147.126019,-16.003847,140679.426491,136519.052088,122081.212699,0.000000,0.000000,0.000000
11.510653,10uVrms10Hz_ch2pga1.bin,250,2855,29271,1,0xA3,1,0,0,192,0,0,110147.528350,-14.998019,140679.024160,136519.163847,122081.480920,0.000000,0.000000,0.000000
11.514656,10uVrms10Hz_ch2pga1.bin,250,2856,29272,1,0xA3,1,0,0,192,0,0,110147.461295,-14.171004,140678.264201,136518.828571,122081.391513,0.000000,0.000000,0.000000
11.518657,10uVrms10Hz_ch2pga1.bin,250,2857,29273,1,0xA3,1,0,0,192,0,0,110147.282481,-13.455749,140677.280724,136518.381536,122081.100941,0.000000,0.000000,0.000000
11.522661,10uVrms10Hz_ch2pga1.bin,250,2858,29274,1,0xA3,1,0,0,192,0,0,110147.841275,-13.098121,140677.101910,136518.716812,122081.570327,0.000000,0.000000,0.000000
11.526661,10uVrms10Hz_ch2pga1.bin,250,2859,29275,1,0xA3,1,0,0,192,0,0,110148.221254,-13.835728,140676.833689,136518.895626,122082.039714,0.000000,0.000000,0.000000
11.530661,10uVrms10Hz_ch2pga1.bin,250,2860,29276,1,0xA3,1,0,0,192,0,0,110147.908330,-14.662743,140675.894916,136518.314481,122081.682086,0.000000,0.000000,0.000000
11.534665,10uVrms10Hz_ch2pga1.bin,250,2861,29277,1,0xA3,1,0,0,192,0,0,110148.109496,-15.780330,140675.291419,136518.225074,122081.704438,0.000000,0.000000,0.000000
11.538665,10uVrms10Hz_ch2pga1.bin,250,2862,29278,1,0xA3,1,0,0,192,0,0,110148.288310,-17.322600,140674.844384,136518.314481,122081.995010,0.000000,0.000000,0.000000
11.542669,10uVrms10Hz_ch2pga1.bin,250,2863,29279,1,0xA3,1,0,0,192,0,0,110148.869455,-18.686056,140674.620867,136518.694460,122082.486749,0.000000,0.000000,0.000000
11.546668,10uVrms10Hz_ch2pga1.bin,250,2864,29280,1,0xA3,1,0,0,192,0,0,110149.517655,-20.027161,140674.576163,136519.208550,122083.045542,0.000000,0.000000,0.000000
11.550669,10uVrms10Hz_ch2pga1.bin,250,2865,29281,1,0xA3,1,0,0,192,0,0,110150.299966,-22.396445,140674.553812,136519.588530,122083.626688,0.000000,0.000000,0.000000
11.554672,10uVrms10Hz_ch2pga1.bin,250,2866,29282,1,0xA3,1,0,0,192,0,0,110150.434077,-24.184585,140673.995018,136519.409716,122083.738446,0.000000,0.000000,0.000000
11.558671,10uVrms10Hz_ch2pga1.bin,250,2867,29283,1,0xA3,1,0,0,192,0,0,110151.037574,-25.369227,140673.771501,136519.767344,122084.207833,0.000000,0.000000,0.000000
11.562674,10uVrms10Hz_ch2pga1.bin,250,2868,29284,1,0xA3,1,0,0,192,0,0,110151.663423,-26.464462,140673.704445,136520.326138,122084.744275,0.000000,0.000000,0.000000
11.566677,10uVrms10Hz_ch2pga1.bin,250,2869,29285,1,0xA3,1,0,0,192,0,0,110151.194036,-26.822090,140672.564507,136519.722641,122084.207833,0.000000,0.000000,0.000000
11.570676,10uVrms10Hz_ch2pga1.bin,250,2870,29286,1,0xA3,1,0,0,192,0,0,110150.747001,-27.135015,140671.491623,136519.029737,122083.760798,0.000000,0.000000,0.000000
11.574679,10uVrms10Hz_ch2pga1.bin,250,2871,29287,1,0xA3,1,0,0,192,0,0,110150.814056,-27.425587,140670.776367,136518.761516,122083.805501,0.000000,0.000000,0.000000
11.578679,10uVrms10Hz_ch2pga1.bin,250,2872,29288,1,0xA3,1,0,0,192,0,0,110152.021050,-27.023256,140671.089292,136519.610882,122084.878385,0.000000,0.000000,0.000000
11.582682,10uVrms10Hz_ch2pga1.bin,250,2873,29289,1,0xA3,1,0,0,192,0,0,110153.205693,-25.279820,140671.625733,136520.616710,122086.085379,0.000000,0.000000,0.000000
11.586681,10uVrms10Hz_ch2pga1.bin,250,2874,29290,1,0xA3,1,0,0,192,0,0,110153.585672,-23.849308,140671.223402,136520.862579,122086.398304,0.000000,0.000000,0.000000
11.590685,10uVrms10Hz_ch2pga1.bin,250,2875,29291,1,0xA3,1,0,0,192,0,0,110152.915120,-22.821128,140669.815242,136519.879103,122085.571289,0.000000,0.000000,0.000000
11.594684,10uVrms10Hz_ch2pga1.bin,250,2876,29292,1,0xA3,1,0,0,192,0,0,110151.730478,-21.055341,140667.915344,136518.426239,122084.319592,0.000000,0.000000,0.000000
11.598688,10uVrms10Hz_ch2pga1.bin,250,2877,29293,1,0xA3,1,0,0,192,0,0,110151.797533,-19.021332,140667.311847,136518.359184,122084.364295,0.000000,0.000000,0.000000
11.602688,10uVrms10Hz_ch2pga1.bin,250,2878,29294,1,0xA3,1,0,0,192,0,0,110152.535141,-17.412007,140667.334199,136518.850923,122084.990144,0.000000,0.000000,0.000000
11.606690,10uVrms10Hz_ch2pga1.bin,250,2879,29295,1,0xA3,1,0,0,192,0,0,110152.579844,-15.959144,140666.730702,136518.672109,122085.012496,0.000000,0.000000,0.000000
11.610693,10uVrms10Hz_ch2pga1.bin,250,2880,29296,1,0xA3,1,0,0,192,0,0,110152.289271,-14.573336,140665.769577,136518.180370,122084.744275,0.000000,0.000000,0.000000
11.614693,10uVrms10Hz_ch2pga1.bin,250,2881,29297,1,0xA3,1,0,0,192,0,0,110152.088106,-14.327466,140664.830804,136517.800391,122084.453702,0.000000,0.000000,0.000000
11.618696,10uVrms10Hz_ch2pga1.bin,250,2882,29298,1,0xA3,1,0,0,192,0,0,110152.222216,-13.634562,140664.227307,136517.643929,122084.498405,0.000000,0.000000,0.000000
11.622695,10uVrms10Hz_ch2pga1.bin,250,2883,29299,1,0xA3,1,0,0,192,0,0,110152.937472,-13.388693,140664.272010,136518.202722,122085.280716,0.000000,0.000000,0.000000
11.626696,10uVrms10Hz_ch2pga1.bin,250,2884,29300,1,0xA3,1,0,0,192,0,0,110153.608024,-13.299286,140664.227307,136518.694460,122085.861862,0.000000,0.000000,0.000000
11.630699,10uVrms10Hz_ch2pga1.bin,250,2885,29301,1,0xA3,1,0,0,192,0,0,110153.585672,-14.327466,140663.422644,136518.314481,122085.750103,0.000000,0.000000,0.000000
11.634700,10uVrms10Hz_ch2pga1.bin,250,2886,29302,1,0xA3,1,0,0,192,0,0,110153.563321,-15.623868,140662.595630,136518.046260,122085.571289,0.000000,0.000000,0.000000
11.638702,10uVrms10Hz_ch2pga1.bin,250,2887,29303,1,0xA3,1,0,0,192,0,0,110154.055059,-16.674399,140662.372112,136518.314481,122085.995972,0.000000,0.000000,0.000000
11.642702,10uVrms10Hz_ch2pga1.bin,250,2888,29304,1,0xA3,1,0,0,192,0,0,110154.949129,-18.440187,140662.506223,136519.052088,122086.912394,0.000000,0.000000,0.000000
11.646704,10uVrms10Hz_ch2pga1.bin,250,2889,29305,1,0xA3,1,0,0,192,0,0,110155.262053,-20.742416,140662.059188,136519.163847,122087.135911,0.000000,0.000000,0.000000
11.650703,10uVrms10Hz_ch2pga1.bin,250,2890,29306,1,0xA3,1,0,0,192,0,0,110155.038536,-22.441149,140661.031008,136518.605053,122086.755931,0.000000,0.000000,0.000000
11.654707,10uVrms10Hz_ch2pga1.bin,250,2891,29307,1,0xA3,1,0,0,192,0,0,110155.597329,-23.737550,140660.829842,136518.873274,122087.180614,0.000000,0.000000,0.000000
11.658706,10uVrms10Hz_ch2pga1.bin,250,2892,29308,1,0xA3,1,0,0,192,0,0,110155.574977,-25.548041,140660.136938,136518.672109,122087.180614,0.000000,0.000000,0.000000
11.662709,10uVrms10Hz_ch2pga1.bin,250,2893,29309,1,0xA3,1,0,0,192,0,0,110156.089067,-26.308000,140660.047531,136519.029737,122087.717056,0.000000,0.000000,0.000000
11.666713,10uVrms10Hz_ch2pga1.bin,250,2894,29310,1,0xA3,1,0,0,192,0,0,110155.709088,-26.576221,140658.862889,136518.403888,122087.202966,0.000000,0.000000,0.000000
11.670713,10uVrms10Hz_ch2pga1.bin,250,2895,29311,1,0xA3,1,0,0,192,0,0,110155.060887,-27.291477,140657.521784,136517.599225,122086.621821,0.000000,0.000000,0.000000
11.674713,10uVrms10Hz_ch2pga1.bin,250,2896,29312,1,0xA3,1,0,0,192,0,0,110155.150294,-27.380884,140656.739473,136517.375708,122086.487710,0.000000,0.000000,0.000000
11.678716,10uVrms10Hz_ch2pga1.bin,250,2897,29313,1,0xA3,1,0,0,192,0,0,110155.664384,-26.084483,140656.627715,136517.688632,122086.979449,0.000000,0.000000,0.000000
11.682715,10uVrms10Hz_ch2pga1.bin,250,2898,29314,1,0xA3,1,0,0,192,0,0,110156.200826,-25.190413,140656.493604,136518.001556,122087.471187,0.000000,0.000000,0.000000
11.686718,10uVrms10Hz_ch2pga1.bin,250,2899,29315,1,0xA3,1,0,0,192,0,0,110155.865550,-24.005771,140655.487776,136517.465115,122087.135911,0.000000,0.000000,0.000000
11.690718,10uVrms10Hz_ch2pga1.bin,250,2900,29316,1,0xA3,1,0,0,192,0,0,110155.999660,-22.239983,140654.772520,136517.308652,122087.068856,0.000000,0.000000,0.000000
11.694722,10uVrms10Hz_ch2pga1.bin,250,2901,29317,1,0xA3,1,0,0,192,0,0,110157.273710,-20.809472,140655.286610,136518.359184,122088.342905,0.000000,0.000000,0.000000
11.698722,10uVrms10Hz_ch2pga1.bin,250,2902,29318,1,0xA3,1,0,0,192,0,0,110157.519579,-19.066036,140654.839575,136518.426239,122088.521719,0.000000,0.000000,0.000000
11.702725,10uVrms10Hz_ch2pga1.bin,250,2903,29319,1,0xA3,1,0,0,192,0,0,110156.983137,-17.456710,140653.543174,136517.621577,122087.873518,0.000000,0.000000,0.000000
11.706725,10uVrms10Hz_ch2pga1.bin,250,2904,29320,1,0xA3,1,0,0,192,0,0,110156.580806,-15.869737,140652.447939,136517.040431,122087.448835,0.000000,0.000000,0.000000
11.710728,10uVrms10Hz_ch2pga1.bin,250,2905,29321,1,0xA3,1,0,0,192,0,0,110155.865550,-14.953315,140651.039779,136516.191065,122086.733580,0.000000,0.000000,0.000000
11.714728,10uVrms10Hz_ch2pga1.bin,250,2906,29322,1,0xA3,1,0,0,192,0,0,110155.999660,-14.372170,140650.480986,136516.124010,122086.822987,0.000000,0.000000,0.000000
11.718730,10uVrms10Hz_ch2pga1.bin,250,2907,29323,1,0xA3,1,0,0,192,0,0,110157.161951,-13.411045,140650.816262,136516.839266,122087.828815,0.000000,0.000000,0.000000
11.722733,10uVrms10Hz_ch2pga1.bin,250,2908,29324,1,0xA3,1,0,0,192,0,0,110157.541931,-12.896955,140650.480986,136517.129838,122088.208795,0.000000,0.000000,0.000000
11.726732,10uVrms10Hz_ch2pga1.bin,250,2909,29325,1,0xA3,1,0,0,192,0,0,110157.608986,-13.232231,140649.899840,136517.018080,122088.208795,0.000000,0.000000,0.000000
11.730735,10uVrms10Hz_ch2pga1.bin,250,2910,29326,1,0xA3,1,0,0,192,0,0,110157.765448,-14.528632,140649.296343,136516.995728,122088.275850,0.000000,0.000000,0.000000
11.734737,10uVrms10Hz_ch2pga1.bin,250,2911,29327,1,0xA3,1,0,0,192,0,0,110157.608986,-15.780330,140648.514032,136516.727507,122088.141739,0.000000,0.000000,0.000000
11.738735,10uVrms10Hz_ch2pga1.bin,250,2912,29328,1,0xA3,1,0,0,192,0,0,110158.167779,-17.076731,140648.402274,136516.973376,122088.633478,0.000000,0.000000,0.000000
11.742737,10uVrms10Hz_ch2pga1.bin,250,2913,29329,1,0xA3,1,0,0,192,0,0,110159.330070,-18.753111,140648.849308,136517.912149,122089.751065,0.000000,0.000000,0.000000
11.746738,10uVrms10Hz_ch2pga1.bin,250,2914,29330,1,0xA3,1,0,0,192,0,0,110159.732401,-20.653009,140648.424625,136518.001556,122090.086341,0.000000,0.000000,0.000000
11.750740,10uVrms10Hz_ch2pga1.bin,250,2915,29331,1,0xA3,1,0,0,192,0,0,110159.799457,-22.284687,140647.798777,136517.867446,122090.063989,0.000000,0.000000,0.000000
11.754743,10uVrms10Hz_ch2pga1.bin,250,2916,29332,1,0xA3,1,0,0,192,0,0,110160.425305,-24.072826,140647.754073,136518.247426,122090.555727,0.000000,0.000000,0.000000
11.758741,10uVrms10Hz_ch2pga1.bin,250,2917,29333,1,0xA3,1,0,0,192,0,0,110161.229968,-25.503337,140647.776425,136518.940330,122091.405094,0.000000,0.000000,0.000000
11.762744,10uVrms10Hz_ch2pga1.bin,250,2918,29334,1,0xA3,1,0,0,192,0,0,110161.699355,-26.084483,140647.530556,136519.253254,122091.829777,0.000000,0.000000,0.000000
11.766748,10uVrms10Hz_ch2pga1.bin,250,2919,29335,1,0xA3,1,0,0,192,0,0,110162.213445,-26.687980,140647.418797,136519.409716,122092.299163,0.000000,0.000000,0.000000
11.770747,10uVrms10Hz_ch2pga1.bin,250,2920,29336,1,0xA3,1,0,0,192,0,0,110162.369907,-27.939677,140646.792948,136519.208550,122092.276812,0.000000,0.000000,0.000000
11.774749,10uVrms10Hz_ch2pga1.bin,250,2921,29337,1,0xA3,1,0,0,192,0,0,110162.079334,-27.470291,140645.787120,136518.694460,122092.030942,0.000000,0.000000,0.000000
11.778751,10uVrms10Hz_ch2pga1.bin,250,2922,29338,1,0xA3,1,0,0,192,0,0,110162.593424,-26.308000,140645.563602,136519.096792,122092.522681,0.000000,0.000000,0.000000
11.782751,10uVrms10Hz_ch2pga1.bin,250,2923,29339,1,0xA3,1,0,0,192,0,0,110163.040459,-25.771558,140645.295382,136519.320309,122092.835605,0.000000,0.000000,0.000000
11.786753,10uVrms10Hz_ch2pga1.bin,250,2924,29340,1,0xA3,1,0,0,192,0,0,110162.794590,-24.676323,140644.446015,136518.895626,122092.455626,0.000000,0.000000,0.000000
11.790755,10uVrms10Hz_ch2pga1.bin,250,2925,29341,1,0xA3,1,0,0,192,0,0,110161.989927,-22.530556,140642.881393,136517.822742,122091.539204,0.000000,0.000000,0.000000
11.794754,10uVrms10Hz_ch2pga1.bin,250,2926,29342,1,0xA3,1,0,0,192,0,0,110161.699355,-21.189451,140641.808510,136517.331004,122091.270983,0.000000,0.000000,0.000000
11.798756,10uVrms10Hz_ch2pga1.bin,250,2927,29343,1,0xA3,1,0,0,192,0,0,110162.548721,-19.602478,140641.987324,136517.912149,122092.053294,0.000000,0.000000,0.000000
11.802759,10uVrms10Hz_ch2pga1.bin,250,2928,29344,1,0xA3,1,0,0,192,0,0,110162.794590,-17.412007,140641.406178,136517.867446,122092.276812,0.000000,0.000000,0.000000
11.806758,10uVrms10Hz_ch2pga1.bin,250,2929,29345,1,0xA3,1,0,0,192,0,0,110162.414610,-16.249716,140640.333295,136517.465115,122091.896832,0.000000,0.000000,0.000000
11.810760,10uVrms10Hz_ch2pga1.bin,250,2930,29346,1,0xA3,1,0,0,192,0,0,110162.168741,-14.975667,140639.372170,136516.973376,122091.561556,0.000000,0.000000,0.000000
11.814763,10uVrms10Hz_ch2pga1.bin,250,2931,29347,1,0xA3,1,0,0,192,0,0,110162.481666,-13.992190,140638.858080,136516.883969,122091.762722,0.000000,0.000000,0.000000
11.818762,10uVrms10Hz_ch2pga1.bin,250,2932,29348,1,0xA3,1,0,0,192,0,0,110162.928700,-13.567507,140638.679266,136517.219245,122092.209756,0.000000,0.000000,0.000000
11.822765,10uVrms10Hz_ch2pga1.bin,250,2933,29349,1,0xA3,1,0,0,192,0,0,110163.040459,-13.433397,140638.031065,136517.152190,122092.254460,0.000000,0.000000,0.000000
11.826767,10uVrms10Hz_ch2pga1.bin,250,2934,29350,1,0xA3,1,0,0,192,0,0,110162.705183,-13.835728,140637.069941,136516.615748,122091.963887,0.000000,0.000000,0.000000
11.830767,10uVrms10Hz_ch2pga1.bin,250,2935,29351,1,0xA3,1,0,0,192,0,0,110162.839293,-14.461577,140636.466444,136516.548693,122091.941535,0.000000,0.000000,0.000000
11.834770,10uVrms10Hz_ch2pga1.bin,250,2936,29352,1,0xA3,1,0,0,192,0,0,110162.883997,-16.070902,140635.862947,136516.347528,122091.941535,0.000000,0.000000,0.000000
11.838772,10uVrms10Hz_ch2pga1.bin,250,2937,29353,1,0xA3,1,0,0,192,0,0,110162.995756,-17.322600,140635.304153,136516.302824,122092.053294,0.000000,0.000000,0.000000
11.842770,10uVrms10Hz_ch2pga1.bin,250,2938,29354,1,0xA3,1,0,0,192,0,0,110163.331032,-18.708408,140634.901822,136516.459286,122092.343867,0.000000,0.000000,0.000000
11.846771,10uVrms10Hz_ch2pga1.bin,250,2939,29355,1,0xA3,1,0,0,192,0,0,110163.867474,-20.317733,140634.790063,136516.749859,122092.768550,0.000000,0.000000,0.000000
11.850773,10uVrms10Hz_ch2pga1.bin,250,2940,29356,1,0xA3,1,0,0,192,0,0,110163.621604,-22.441149,140633.761883,136516.325176,122092.455626,0.000000,0.000000,0.000000
11.854776,10uVrms10Hz_ch2pga1.bin,250,2941,29357,1,0xA3,1,0,0,192,0,0,110164.113343,-23.961067,140633.605421,136516.682804,122093.014419,0.000000,0.000000,0.000000
11.858775,10uVrms10Hz_ch2pga1.bin,250,2942,29358,1,0xA3,1,0,0,192,0,0,110165.745020,-24.899840,140634.365380,136517.956853,122094.556689,0.000000,0.000000,0.000000
11.862776,10uVrms10Hz_ch2pga1.bin,250,2943,29359,1,0xA3,1,0,0,192,0,0,110167.242587,-26.151538,140635.147691,136519.253254,122095.987201,0.000000,0.000000,0.000000
11.866779,10uVrms10Hz_ch2pga1.bin,250,2944,29360,1,0xA3,1,0,0,192,0,0,110166.370869,-27.000904,140633.717179,136518.158019,122095.160186,0.000000,0.000000,0.000000
11.870781,10uVrms10Hz_ch2pga1.bin,250,2945,29361,1,0xA3,1,0,0,192,0,0,110165.901482,-27.470291,140632.532537,136517.465115,122094.556689,0.000000,0.000000,0.000000
11.874780,10uVrms10Hz_ch2pga1.bin,250,2946,29362,1,0xA3,1,0,0,192,0,0,110165.879130,-27.246773,140631.772578,136517.196894,122094.489634,0.000000,0.000000,0.000000
11.878783,10uVrms10Hz_ch2pga1.bin,250,2947,29363,1,0xA3,1,0,0,192,0,0,110166.437924,-27.202070,140631.638467,136517.576873,122094.914317,0.000000,0.000000,0.000000
11.882785,10uVrms10Hz_ch2pga1.bin,250,2948,29364,1,0xA3,1,0,0,192,0,0,110166.840255,-25.793910,140631.370246,136517.845094,122095.294297,0.000000,0.000000,0.000000
11.886785,10uVrms10Hz_ch2pga1.bin,250,2949,29365,1,0xA3,1,0,0,192,0,0,110166.393220,-23.625791,140630.275011,136517.263949,122094.847262,0.000000,0.000000,0.000000
11.890787,10uVrms10Hz_ch2pga1.bin,250,2950,29366,1,0xA3,1,0,0,192,0,0,110165.879130,-22.731721,140629.023314,136516.459286,122094.355524,0.000000,0.000000,0.000000
11.894787,10uVrms10Hz_ch2pga1.bin,250,2951,29367,1,0xA3,1,0,0,192,0,0,110166.013241,-21.345913,140628.509223,136516.392231,122094.400227,0.000000,0.000000,0.000000
11.898791,10uVrms10Hz_ch2pga1.bin,250,2952,29368,1,0xA3,1,0,0,192,0,0,110166.236758,-18.864870,140627.950430,136516.414583,122094.556689,0.000000,0.000000,0.000000
11.902790,10uVrms10Hz_ch2pga1.bin,250,2953,29369,1,0xA3,1,0,0,192,0,0,110166.616738,-17.344952,140627.548099,136516.682804,122094.869614,0.000000,0.000000,0.000000
11.906793,10uVrms10Hz_ch2pga1.bin,250,2954,29370,1,0xA3,1,0,0,192,0,0,110166.728497,-16.137958,140626.922250,136516.571045,122094.891965,0.000000,0.000000,0.000000
11.910793,10uVrms10Hz_ch2pga1.bin,250,2955,29371,1,0xA3,1,0,0,192,0,0,110166.616738,-14.752150,140626.072884,136516.056955,122094.690800,0.000000,0.000000,0.000000
11.914797,10uVrms10Hz_ch2pga1.bin,250,2956,29372,1,0xA3,1,0,0,192,0,0,110166.840255,-13.880432,140625.737607,136516.146362,122094.981372,0.000000,0.000000,0.000000
11.918797,10uVrms10Hz_ch2pga1.bin,250,2957,29373,1,0xA3,1,0,0,192,0,0,110168.002546,-13.589859,140626.139939,136517.129838,122096.143663,0.000000,0.000000,0.000000
11.922797,10uVrms10Hz_ch2pga1.bin,250,2958,29374,1,0xA3,1,0,0,192,0,0,110167.667270,-13.478100,140625.134110,136516.526341,122095.808387,0.000000,0.000000,0.000000
11.926801,10uVrms10Hz_ch2pga1.bin,250,2959,29375,1,0xA3,1,0,0,192,0,0,110167.577863,-13.947487,140624.418855,136516.302824,122095.584869,0.000000,0.000000,0.000000
11.930802,10uVrms10Hz_ch2pga1.bin,250,2960,29376,1,0xA3,1,0,0,192,0,0,110167.399049,-14.506280,140623.390675,136515.989900,122095.361352,0.000000,0.000000,0.000000
11.934805,10uVrms10Hz_ch2pga1.bin,250,2961,29377,1,0xA3,1,0,0,192,0,0,110167.779028,-16.182661,140623.033047,136516.012251,122095.674276,0.000000,0.000000,0.000000
11.938805,10uVrms10Hz_ch2pga1.bin,250,2962,29378,1,0xA3,1,0,0,192,0,0,110168.561339,-17.412007,140623.144805,136516.526341,122096.411884,0.000000,0.000000,0.000000
11.942808,10uVrms10Hz_ch2pga1.bin,250,2963,29379,1,0xA3,1,0,0,192,0,0,110169.008374,-18.574297,140622.809529,136516.794562,122096.747160,0.000000,0.000000,0.000000
11.946807,10uVrms10Hz_ch2pga1.bin,250,2964,29380,1,0xA3,1,0,0,192,0,0,110169.589520,-20.429492,140622.586012,136517.107487,122097.149491,0.000000,0.000000,0.000000
11.950810,10uVrms10Hz_ch2pga1.bin,250,2965,29381,1,0xA3,1,0,0,192,0,0,110169.343650,-22.374094,140621.691942,136516.638100,122096.769512,0.000000,0.000000,0.000000
11.954812,10uVrms10Hz_ch2pga1.bin,250,2966,29382,1,0xA3,1,0,0,192,0,0,110169.075429,-23.715198,140620.708466,136516.124010,122096.478939,0.000000,0.000000,0.000000
11.958811,10uVrms10Hz_ch2pga1.bin,250,2967,29383,1,0xA3,1,0,0,192,0,0,110169.902444,-25.123358,140620.797873,136516.682804,122097.171843,0.000000,0.000000,0.000000
11.962814,10uVrms10Hz_ch2pga1.bin,250,2968,29384,1,0xA3,1,0,0,192,0,0,110170.327127,-26.665628,140620.462596,136516.928673,122097.641230,0.000000,0.000000,0.000000
11.966816,10uVrms10Hz_ch2pga1.bin,250,2969,29385,1,0xA3,1,0,0,192,0,0,110170.416534,-27.045608,140619.948506,136516.816914,122097.752988,0.000000,0.000000,0.000000
11.970816,10uVrms10Hz_ch2pga1.bin,250,2970,29386,1,0xA3,1,0,0,192,0,0,110171.020031,-27.202070,140619.993210,136517.263949,122098.378837,0.000000,0.000000,0.000000
11.974818,10uVrms10Hz_ch2pga1.bin,250,2971,29387,1,0xA3,1,0,0,192,0,0,110171.824694,-27.649105,140620.015562,136517.800391,122098.982334,0.000000,0.000000,0.000000
11.978821,10uVrms10Hz_ch2pga1.bin,250,2972,29388,1,0xA3,1,0,0,192,0,0,110172.025859,-26.822090,140619.412065,136517.778039,122099.049389,0.000000,0.000000,0.000000
11.982820,10uVrms10Hz_ch2pga1.bin,250,2973,29389,1,0xA3,1,0,0,192,0,0,110172.428191,-25.302172,140619.121492,136518.001556,122099.518776,0.000000,0.000000,0.000000
11.986823,10uVrms10Hz_ch2pga1.bin,250,2974,29390,1,0xA3,1,0,0,192,0,0,110172.338784,-24.743378,140618.339181,136517.688632,122099.384665,0.000000,0.000000,0.000000
11.990822,10uVrms10Hz_ch2pga1.bin,250,2975,29391,1,0xA3,1,0,0,192,0,0,110171.422362,-23.134053,140616.662800,136516.571045,122098.289430,0.000000,0.000000,0.000000
11.994825,10uVrms10Hz_ch2pga1.bin,250,2976,29392,1,0xA3,1,0,0,192,0,0,110171.109438,-21.032989,140615.656972,136516.079307,122098.043561,0.000000,0.000000,0.000000
11.998828,10uVrms10Hz_ch2pga1.bin,250,2977,29393,1,0xA3,1,0,0,192,0,0,110171.757638,-19.155443,140615.567565,136516.526341,122098.557651,0.000000,0.000000,0.000000
12.002827,10uVrms10Hz_ch2pga1.bin,250,2978,29394,1,0xA3,1,0,0,192,0,0,110172.852874,-17.456710,140615.947545,136517.420411,122099.585831,0.000000,0.000000,0.000000
12.006830,10uVrms10Hz_ch2pga1.bin,250,2979,29395,1,0xA3,1,0,0,192,0,0,110173.255205,-15.936792,140615.791082,136517.688632,122099.921107,0.000000,0.000000,0.000000
12.010830,10uVrms10Hz_ch2pga1.bin,250,2980,29396,1,0xA3,1,0,0,192,0,0,110172.808170,-14.618039,140614.785254,136517.018080,122099.563479,0.000000,0.000000,0.000000
12.014833,10uVrms10Hz_ch2pga1.bin,250,2981,29397,1,0xA3,1,0,0,192,0,0,110173.210502,-14.126301,140614.315867,136517.174542,122099.831700,0.000000,0.000000,0.000000
12.018833,10uVrms10Hz_ch2pga1.bin,250,2982,29398,1,0xA3,1,0,0,192,0,0,110173.165798,-13.545156,140613.466501,136516.906321,122099.764645,0.000000,0.000000,0.000000
12.022836,10uVrms10Hz_ch2pga1.bin,250,2983,29399,1,0xA3,1,0,0,192,0,0,110172.919929,-13.008714,140612.527728,136516.548693,122099.407017,0.000000,0.000000,0.000000
12.026835,10uVrms10Hz_ch2pga1.bin,250,2984,29400,1,0xA3,1,0,0,192,0,0,110173.657537,-13.925135,140612.572432,136517.018080,122099.965811,0.000000,0.000000,0.000000
12.030838,10uVrms10Hz_ch2pga1.bin,250,2985,29401,1,0xA3,1,0,0,192,0,0,110174.193978,-14.908612,140612.371266,136517.263949,122100.390494,0.000000,0.000000,0.000000
12.034840,10uVrms10Hz_ch2pga1.bin,250,2986,29402,1,0xA3,1,0,0,192,0,0,110174.484551,-15.668571,140611.901879,136517.398059,122100.725770,0.000000,0.000000,0.000000
12.038840,10uVrms10Hz_ch2pga1.bin,250,2987,29403,1,0xA3,1,0,0,192,0,0,110175.266862,-17.032027,140612.013638,136518.046260,122101.508081,0.000000,0.000000,0.000000
12.042843,10uVrms10Hz_ch2pga1.bin,250,2988,29404,1,0xA3,1,0,0,192,0,0,110175.400972,-18.842518,140611.454844,136517.889798,122101.463377,0.000000,0.000000,0.000000
12.046842,10uVrms10Hz_ch2pga1.bin,250,2989,29405,1,0xA3,1,0,0,192,0,0,110175.535083,-20.496547,140610.806644,136517.822742,122101.485729,0.000000,0.000000,0.000000
12.050846,10uVrms10Hz_ch2pga1.bin,250,2990,29406,1,0xA3,1,0,0,192,0,0,110175.378621,-22.575259,140609.912574,136517.420411,122101.284564,0.000000,0.000000,0.000000
12.054846,10uVrms10Hz_ch2pga1.bin,250,2991,29407,1,0xA3,1,0,0,192,0,0,110176.093876,-24.519861,140609.957278,136517.934501,122101.955116,0.000000,0.000000,0.000000
12.058849,10uVrms10Hz_ch2pga1.bin,250,2992,29408,1,0xA3,1,0,0,192,0,0,110176.898539,-25.793910,140610.046685,136518.470943,122102.625668,0.000000,0.000000,0.000000
12.062848,10uVrms10Hz_ch2pga1.bin,250,2993,29409,1,0xA3,1,0,0,192,0,0,110177.546740,-26.419759,140610.001981,136518.917978,122103.363276,0.000000,0.000000,0.000000
12.066851,10uVrms10Hz_ch2pga1.bin,250,2994,29410,1,0xA3,1,0,0,192,0,0,110178.396106,-26.822090,140610.180795,136519.744992,122104.212642,0.000000,0.000000,0.000000
12.070854,10uVrms10Hz_ch2pga1.bin,250,2995,29411,1,0xA3,1,0,0,192,0,0,110178.843141,-27.470291,140609.979630,136519.946158,122104.570270,0.000000,0.000000,0.000000
12.074854,10uVrms10Hz_ch2pga1.bin,250,2996,29412,1,0xA3,1,0,0,192,0,0,110178.306699,-27.291477,140608.616173,136519.141495,122103.966773,0.000000,0.000000,0.000000
12.078856,10uVrms10Hz_ch2pga1.bin,250,2997,29413,1,0xA3,1,0,0,192,0,0,110178.485513,-26.173890,140608.012676,136519.029737,122104.056180,0.000000,0.000000,0.000000
12.082855,10uVrms10Hz_ch2pga1.bin,250,2998,29414,1,0xA3,1,0,0,192,0,0,110178.619623,-25.458634,140607.565641,136518.940330,122104.190290,0.000000,0.000000,0.000000
12.086858,10uVrms10Hz_ch2pga1.bin,250,2999,29415,1,0xA3,1,0,0,192,0,0,110179.156065,-24.184585,140607.275069,136519.253254,122104.592621,0.000000,0.000000,0.000000
12.090860,10uVrms10Hz_ch2pga1.bin,250,3000,29416,1,0xA3,1,0,0,192,0,0,110178.843141,-22.329390,140606.224537,136518.672109,122104.145586,0.000000,0.000000,0.000000
12.094859,10uVrms10Hz_ch2pga1.bin,250,3001,29417,1,0xA3,1,0,0,192,0,0,110178.172588,-21.010637,140604.883432,136517.800391,122103.519738,0.000000,0.000000,0.000000
12.098862,10uVrms10Hz_ch2pga1.bin,250,3002,29418,1,0xA3,1,0,0,192,0,0,110178.440809,-19.423664,140604.436398,136517.822742,122103.720903,0.000000,0.000000,0.000000
12.102864,10uVrms10Hz_ch2pga1.bin,250,3003,29419,1,0xA3,1,0,0,192,0,0,110178.440809,-17.568469,140603.832901,136517.643929,122103.720903,0.000000,0.000000,0.000000
12.106864,10uVrms10Hz_ch2pga1.bin,250,3004,29420,1,0xA3,1,0,0,192,0,0,110178.217292,-15.936792,140602.871776,136517.263949,122103.609145,0.000000,0.000000,0.000000
12.110867,10uVrms10Hz_ch2pga1.bin,250,3005,29421,1,0xA3,1,0,0,192,0,0,110177.926719,-15.065074,140601.798892,136516.794562,122103.229165,0.000000,0.000000,0.000000
12.114869,10uVrms10Hz_ch2pga1.bin,250,3006,29422,1,0xA3,1,0,0,192,0,0,110177.613795,-14.282763,140600.793064,136516.369879,122102.871537,0.000000,0.000000,0.000000
12.118868,10uVrms10Hz_ch2pga1.bin,250,3007,29423,1,0xA3,1,0,0,192,0,0,110177.569091,-13.545156,140599.898994,136516.034603,122102.603316,0.000000,0.000000,0.000000
12.122871,10uVrms10Hz_ch2pga1.bin,250,3008,29424,1,0xA3,1,0,0,192,0,0,110178.351402,-13.589859,140600.033104,136516.503990,122103.385627,0.000000,0.000000,0.000000
12.126870,10uVrms10Hz_ch2pga1.bin,250,3009,29425,1,0xA3,1,0,0,192,0,0,110178.977251,-13.768673,140599.898994,136516.794562,122103.944421,0.000000,0.000000,0.000000
12.130873,10uVrms10Hz_ch2pga1.bin,250,3010,29426,1,0xA3,1,0,0,192,0,0,110179.424286,-14.573336,140599.742532,136517.040431,122104.212642,0.000000,0.000000,0.000000
12.134876,10uVrms10Hz_ch2pga1.bin,250,3011,29427,1,0xA3,1,0,0,192,0,0,110179.536045,-15.735626,140599.161386,136516.928673,122104.302049,0.000000,0.000000,0.000000
12.138877,10uVrms10Hz_ch2pga1.bin,250,3012,29428,1,0xA3,1,0,0,192,0,0,110180.653632,-17.568469,140599.474311,136517.778039,122105.464339,0.000000,0.000000,0.000000
12.142876,10uVrms10Hz_ch2pga1.bin,250,3013,29429,1,0xA3,1,0,0,192,0,0,110180.318356,-19.133091,140598.379076,136517.353356,122104.994953,0.000000,0.000000,0.000000
12.146879,10uVrms10Hz_ch2pga1.bin,250,3014,29430,1,0xA3,1,0,0,192,0,0,110180.228949,-20.384789,140597.574413,136517.085135,122104.838490,0.000000,0.000000,0.000000
12.150881,10uVrms10Hz_ch2pga1.bin,250,3015,29431,1,0xA3,1,0,0,192,0,0,110180.586576,-22.441149,140597.283840,136517.308652,122105.173767,0.000000,0.000000,0.000000
12.154881,10uVrms10Hz_ch2pga1.bin,250,3016,29432,1,0xA3,1,0,0,192,0,0,110181.346536,-24.586916,140597.373247,136517.956853,122105.933726,0.000000,0.000000,0.000000
12.158883,10uVrms10Hz_ch2pga1.bin,250,3017,29433,1,0xA3,1,0,0,192,0,0,110182.441771,-25.212765,140597.663820,136518.716812,122106.872499,0.000000,0.000000,0.000000
12.162884,10uVrms10Hz_ch2pga1.bin,250,3018,29434,1,0xA3,1,0,0,192,0,0,110183.246434,-26.173890,140597.797930,136519.275606,122107.654810,0.000000,0.000000,0.000000
12.166886,10uVrms10Hz_ch2pga1.bin,250,3019,29435,1,0xA3,1,0,0,192,0,0,110183.089972,-27.336180,140596.881509,136518.895626,122107.431293,0.000000,0.000000,0.000000
12.170886,10uVrms10Hz_ch2pga1.bin,250,3020,29436,1,0xA3,1,0,0,192,0,0,110182.866454,-27.492642,140596.076846,136518.426239,122107.252479,0.000000,0.000000,0.000000
12.174890,10uVrms10Hz_ch2pga1.bin,250,3021,29437,1,0xA3,1,0,0,192,0,0,110182.553530,-27.291477,140595.071018,136517.800391,122106.760740,0.000000,0.000000,0.000000
12.178890,10uVrms10Hz_ch2pga1.bin,250,3022,29438,1,0xA3,1,0,0,192,0,0,110182.866454,-26.844442,140594.623983,136518.135667,122106.984258,0.000000,0.000000,0.000000
12.182893,10uVrms10Hz_ch2pga1.bin,250,3023,29439,1,0xA3,1,0,0,192,0,0,110183.939338,-25.995076,140594.869852,136518.940330,122107.967734,0.000000,0.000000,0.000000
12.186893,10uVrms10Hz_ch2pga1.bin,250,3024,29440,1,0xA3,1,0,0,192,0,0,110184.364021,-23.871660,140594.489872,136519.096792,122108.347714,0.000000,0.000000,0.000000
12.190895,10uVrms10Hz_ch2pga1.bin,250,3025,29441,1,0xA3,1,0,0,192,0,0,110183.894634,-22.508204,140593.439341,136518.359184,122107.878327,0.000000,0.000000,0.000000
12.194899,10uVrms10Hz_ch2pga1.bin,250,3026,29442,1,0xA3,1,0,0,192,0,0,110183.872283,-21.457672,140592.701733,136518.135667,122107.811272,0.000000,0.000000,0.000000
12.198902,10uVrms10Hz_ch2pga1.bin,250,3027,29443,1,0xA3,1,0,0,192,0,0,110183.916986,-19.222498,140592.053533,136518.046260,122107.900679,0.000000,0.000000,0.000000
12.202903,10uVrms10Hz_ch2pga1.bin,250,3028,29444,1,0xA3,1,0,0,192,0,0,110183.626413,-17.344952,140591.114759,136517.532170,122107.632458,0.000000,0.000000,0.000000
12.206906,10uVrms10Hz_ch2pga1.bin,250,3029,29445,1,0xA3,1,0,0,192,0,0,110183.224082,-16.182661,140590.064228,136516.951025,122107.073665,0.000000,0.000000,0.000000
12.210906,10uVrms10Hz_ch2pga1.bin,250,3030,29446,1,0xA3,1,0,0,192,0,0,110182.978213,-14.796853,140588.968992,136516.369879,122106.626630,0.000000,0.000000,0.000000
12.214909,10uVrms10Hz_ch2pga1.bin,250,3031,29447,1,0xA3,1,0,0,192,0,0,110182.933509,-13.925135,140588.276088,136516.191065,122106.581926,0.000000,0.000000,0.000000
12.218906,10uVrms10Hz_ch2pga1.bin,250,3032,29448,1,0xA3,1,0,0,192,0,0,110184.118152,-14.036894,140588.723123,136517.152190,122107.699513,0.000000,0.000000,0.000000
12.222907,10uVrms10Hz_ch2pga1.bin,250,3033,29449,1,0xA3,1,0,0,192,0,0,110184.744000,-13.723969,140588.700771,136517.465115,122108.303010,0.000000,0.000000,0.000000
12.226907,10uVrms10Hz_ch2pga1.bin,250,3034,29450,1,0xA3,1,0,0,192,0,0,110184.945166,-13.768673,140588.141978,136517.487466,122108.437121,0.000000,0.000000,0.000000
12.230907,10uVrms10Hz_ch2pga1.bin,250,3035,29451,1,0xA3,1,0,0,192,0,0,110185.012221,-14.573336,140587.471426,136517.375708,122108.370066,0.000000,0.000000,0.000000
12.234908,10uVrms10Hz_ch2pga1.bin,250,3036,29452,1,0xA3,1,0,0,192,0,0,110185.235739,-16.182661,140586.934984,136517.420411,122108.593583,0.000000,0.000000,0.000000
12.238909,10uVrms10Hz_ch2pga1.bin,250,3037,29453,1,0xA3,1,0,0,192,0,0,110185.459256,-17.210841,140586.443245,136517.465115,122108.817101,0.000000,0.000000,0.000000
12.242912,10uVrms10Hz_ch2pga1.bin,250,3038,29454,1,0xA3,1,0,0,192,0,0,110186.129808,-18.529594,140586.487949,136517.912149,122109.487653,0.000000,0.000000,0.000000
12.246913,10uVrms10Hz_ch2pga1.bin,250,3039,29455,1,0xA3,1,0,0,192,0,0,110186.398029,-20.653009,140586.152673,136518.023908,122109.778225,0.000000,0.000000,0.000000
12.250916,10uVrms10Hz_ch2pga1.bin,250,3040,29456,1,0xA3,1,0,0,192,0,0,110186.666250,-22.575259,140585.616231,136518.046260,122109.889984,0.000000,0.000000,0.000000
12.254916,10uVrms10Hz_ch2pga1.bin,250,3041,29457,1,0xA3,1,0,0,192,0,0,110186.912119,-24.139881,140585.035086,136518.023908,122110.001743,0.000000,0.000000,0.000000
12.258920,10uVrms10Hz_ch2pga1.bin,250,3042,29458,1,0xA3,1,0,0,192,0,0,110187.113285,-25.369227,140584.476292,136518.023908,122110.225260,0.000000,0.000000,0.000000
12.262919,10uVrms10Hz_ch2pga1.bin,250,3043,29459,1,0xA3,1,0,0,192,0,0,110187.739134,-26.822090,140584.342182,136518.359184,122110.649943,0.000000,0.000000,0.000000
12.266923,10uVrms10Hz_ch2pga1.bin,250,3044,29460,1,0xA3,1,0,0,192,0,0,110188.834369,-27.537346,140584.789217,136519.275606,122111.789882,0.000000,0.000000,0.000000
12.270923,10uVrms10Hz_ch2pga1.bin,250,3045,29461,1,0xA3,1,0,0,192,0,0,110189.281404,-27.135015,140584.610403,136519.588530,122112.281621,0.000000,0.000000,0.000000
12.274925,10uVrms10Hz_ch2pga1.bin,250,3046,29462,1,0xA3,1,0,0,192,0,0,110189.616680,-27.470291,140584.252775,136519.677937,122112.505138,0.000000,0.000000,0.000000
12.278924,10uVrms10Hz_ch2pga1.bin,250,3047,29463,1,0xA3,1,0,0,192,0,0,110189.639032,-27.045608,140583.582222,136519.543827,122112.460434,0.000000,0.000000,0.000000
12.282927,10uVrms10Hz_ch2pga1.bin,250,3048,29464,1,0xA3,1,0,0,192,0,0,110189.571977,-25.480986,140582.799911,136519.163847,122112.192214,0.000000,0.000000,0.000000
12.286927,10uVrms10Hz_ch2pga1.bin,250,3049,29465,1,0xA3,1,0,0,192,0,0,110189.616680,-24.117529,140582.151711,136519.029737,122112.303972,0.000000,0.000000,0.000000
12.290931,10uVrms10Hz_ch2pga1.bin,250,3050,29466,1,0xA3,1,0,0,192,0,0,110189.460218,-22.821128,140581.212938,136518.672109,122112.102807,0.000000,0.000000,0.000000
12.294931,10uVrms10Hz_ch2pga1.bin,250,3051,29467,1,0xA3,1,0,0,192,0,0,110189.437866,-21.010637,140580.296516,136518.381536,122111.856937,0.000000,0.000000,0.000000
12.298935,10uVrms10Hz_ch2pga1.bin,250,3052,29468,1,0xA3,1,0,0,192,0,0,110189.281404,-19.133091,140579.648316,136518.135667,122111.856937,0.000000,0.000000,0.000000
12.302935,10uVrms10Hz_ch2pga1.bin,250,3053,29469,1,0xA3,1,0,0,192,0,0,110189.035535,-17.881393,140578.731894,136517.710984,122111.611068,0.000000,0.000000,0.000000
12.306938,10uVrms10Hz_ch2pga1.bin,250,3054,29470,1,0xA3,1,0,0,192,0,0,110188.789666,-16.137958,140577.681363,136517.085135,122111.208737,0.000000,0.000000,0.000000
12.310938,10uVrms10Hz_ch2pga1.bin,250,3055,29471,1,0xA3,1,0,0,192,0,0,110188.432038,-14.685094,140576.653183,136516.593397,122110.694647,0.000000,0.000000,0.000000
12.314941,10uVrms10Hz_ch2pga1.bin,250,3056,29472,1,0xA3,1,0,0,192,0,0,110188.812017,-14.416873,140576.407313,136516.883969,122111.164033,0.000000,0.000000,0.000000
12.318941,10uVrms10Hz_ch2pga1.bin,250,3057,29473,1,0xA3,1,0,0,192,0,0,110189.482570,-13.880432,140576.273203,136517.353356,122111.789882,0.000000,0.000000,0.000000
12.322944,10uVrms10Hz_ch2pga1.bin,250,3058,29474,1,0xA3,1,0,0,192,0,0,110189.817846,-13.209879,140575.803816,136517.420411,122112.058103,0.000000,0.000000,0.000000
12.326944,10uVrms10Hz_ch2pga1.bin,250,3059,29475,1,0xA3,1,0,0,192,0,0,110190.086067,-13.433397,140575.446188,136517.420411,122112.192214,0.000000,0.000000,0.000000
12.330947,10uVrms10Hz_ch2pga1.bin,250,3060,29476,1,0xA3,1,0,0,192,0,0,110189.862549,-14.863908,140574.485064,136517.018080,122111.923993,0.000000,0.000000,0.000000
12.334947,10uVrms10Hz_ch2pga1.bin,250,3061,29477,1,0xA3,1,0,0,192,0,0,110190.019011,-16.115606,140573.993325,136516.928673,122112.125158,0.000000,0.000000,0.000000
12.338948,10uVrms10Hz_ch2pga1.bin,250,3062,29478,1,0xA3,1,0,0,192,0,0,110190.711915,-16.897917,140573.881567,136517.465115,122112.773359,0.000000,0.000000,0.000000
12.342952,10uVrms10Hz_ch2pga1.bin,250,3063,29479,1,0xA3,1,0,0,192,0,0,110191.583633,-18.797815,140573.970973,136518.135667,122113.555670,0.000000,0.000000,0.000000
12.346952,10uVrms10Hz_ch2pga1.bin,250,3064,29480,1,0xA3,1,0,0,192,0,0,110191.203654,-20.764768,140572.965145,136517.487466,122113.108635,0.000000,0.000000,0.000000
12.350952,10uVrms10Hz_ch2pga1.bin,250,3065,29481,1,0xA3,1,0,0,192,0,0,110191.471875,-22.396445,140572.540462,136517.643929,122113.220394,0.000000,0.000000,0.000000
12.354956,10uVrms10Hz_ch2pga1.bin,250,3066,29482,1,0xA3,1,0,0,192,0,0,110192.343593,-24.072826,140572.607517,136518.314481,122113.958001,0.000000,0.000000,0.000000
12.358956,10uVrms10Hz_ch2pga1.bin,250,3067,29483,1,0xA3,1,0,0,192,0,0,110192.880034,-25.704503,140572.518110,136518.649757,122114.516795,0.000000,0.000000,0.000000
12.362959,10uVrms10Hz_ch2pga1.bin,250,3068,29484,1,0xA3,1,0,0,192,0,0,110192.835331,-26.687980,140571.981668,136518.493295,122114.472091,0.000000,0.000000,0.000000
12.366958,10uVrms10Hz_ch2pga1.bin,250,3069,29485,1,0xA3,1,0,0,192,0,0,110193.282366,-27.135015,140571.624041,136518.828571,122114.963830,0.000000,0.000000,0.000000
12.370962,10uVrms10Hz_ch2pga1.bin,250,3070,29486,1,0xA3,1,0,0,192,0,0,110192.812979,-27.671456,140570.506454,136518.046260,122114.360332,0.000000,0.000000,0.000000
12.374961,10uVrms10Hz_ch2pga1.bin,250,3071,29487,1,0xA3,1,0,0,192,0,0,110193.036497,-27.626753,140569.970012,136518.001556,122114.516795,0.000000,0.000000,0.000000
12.378964,10uVrms10Hz_ch2pga1.bin,250,3072,29488,1,0xA3,1,0,0,192,0,0,110193.371773,-26.330352,140569.590032,136518.180370,122114.852071,0.000000,0.000000,0.000000
12.382965,10uVrms10Hz_ch2pga1.bin,250,3073,29489,1,0xA3,1,0,0,192,0,0,110193.394125,-25.503337,140568.830073,136517.912149,122114.785016,0.000000,0.000000,0.000000
12.386968,10uVrms10Hz_ch2pga1.bin,250,3074,29490,1,0xA3,1,0,0,192,0,0,110193.997622,-24.788082,140568.785369,136518.269777,122115.232050,0.000000,0.000000,0.000000
12.390968,10uVrms10Hz_ch2pga1.bin,250,3075,29491,1,0xA3,1,0,0,192,0,0,110194.042325,-22.932887,140568.181872,136518.090963,122115.254402,0.000000,0.000000,0.000000
12.394971,10uVrms10Hz_ch2pga1.bin,250,3076,29492,1,0xA3,1,0,0,192,0,0,110194.288194,-20.943582,140567.623079,136518.135667,122115.433216,0.000000,0.000000,0.000000
12.398971,10uVrms10Hz_ch2pga1.bin,250,3077,29493,1,0xA3,1,0,0,192,0,0,110194.154084,-19.155443,140566.796064,136517.845094,122115.299106,0.000000,0.000000,0.000000
12.402975,10uVrms10Hz_ch2pga1.bin,250,3078,29494,1,0xA3,1,0,0,192,0,0,110193.952918,-17.747283,140566.036105,136517.509818,122115.075588,0.000000,0.000000,0.000000
12.406975,10uVrms10Hz_ch2pga1.bin,250,3079,29495,1,0xA3,1,0,0,192,0,0,110194.198787,-15.825033,140565.544367,136517.487466,122115.321457,0.000000,0.000000,0.000000
12.410975,10uVrms10Hz_ch2pga1.bin,250,3080,29496,1,0xA3,1,0,0,192,0,0,110193.952918,-14.886260,140564.583242,136517.040431,122115.053236,0.000000,0.000000,0.000000
12.414979,10uVrms10Hz_ch2pga1.bin,250,3081,29497,1,0xA3,1,0,0,192,0,0,110194.198787,-14.327466,140564.091504,136517.085135,122115.142643,0.000000,0.000000,0.000000
12.418979,10uVrms10Hz_ch2pga1.bin,250,3082,29498,1,0xA3,1,0,0,192,0,0,110194.735229,-13.634562,140563.912690,136517.442763,122115.567327,0.000000,0.000000,0.000000
12.422982,10uVrms10Hz_ch2pga1.bin,250,3083,29499,1,0xA3,1,0,0,192,0,0,110194.958746,-13.545156,140563.309193,136517.375708,122115.634382,0.000000,0.000000,0.000000
12.426982,10uVrms10Hz_ch2pga1.bin,250,3084,29500,1,0xA3,1,0,0,192,0,0,110194.645822,-14.103949,140562.370420,136516.794562,122115.343809,0.000000,0.000000,0.000000
12.430985,10uVrms10Hz_ch2pga1.bin,250,3085,29501,1,0xA3,1,0,0,192,0,0,110194.310546,-14.774501,140561.386943,136516.436934,122115.120292,0.000000,0.000000,0.000000
12.434985,10uVrms10Hz_ch2pga1.bin,250,3086,29502,1,0xA3,1,0,0,192,0,0,110194.779932,-15.802681,140561.163425,136516.682804,122115.433216,0.000000,0.000000,0.000000
12.438986,10uVrms10Hz_ch2pga1.bin,250,3087,29503,1,0xA3,1,0,0,192,0,0,110196.098685,-17.546117,140561.811626,136517.778039,122116.751969,0.000000,0.000000,0.000000
12.442990,10uVrms10Hz_ch2pga1.bin,250,3088,29504,1,0xA3,1,0,0,192,0,0,110196.657479,-18.931925,140561.677516,136518.113315,122117.266059,0.000000,0.000000,0.000000
12.446989,10uVrms10Hz_ch2pga1.bin,250,3089,29505,1,0xA3,1,0,0,192,0,0,110196.590424,-20.742416,140560.872853,136517.889798,122117.154300,0.000000,0.000000,0.000000
12.450993,10uVrms10Hz_ch2pga1.bin,250,3090,29506,1,0xA3,1,0,0,192,0,0,110196.992755,-22.530556,140560.537577,136518.068612,122117.511928,0.000000,0.000000,0.000000
12.454993,10uVrms10Hz_ch2pga1.bin,250,3091,29507,1,0xA3,1,0,0,192,0,0,110197.842121,-24.273992,140560.492873,136518.627405,122118.160129,0.000000,0.000000,0.000000
12.458996,10uVrms10Hz_ch2pga1.bin,250,3092,29508,1,0xA3,1,0,0,192,0,0,110197.842121,-25.503337,140559.777617,136518.470943,122118.070722,0.000000,0.000000,0.000000
12.462996,10uVrms10Hz_ch2pga1.bin,250,3093,29509,1,0xA3,1,0,0,192,0,0,110198.758543,-26.419759,140560.023487,136519.230902,122119.031847,0.000000,0.000000,0.000000
12.466997,10uVrms10Hz_ch2pga1.bin,250,3094,29510,1,0xA3,1,0,0,192,0,0,110199.071467,-27.023256,140559.710562,136519.253254,122119.277716,0.000000,0.000000,0.000000
12.471000,10uVrms10Hz_ch2pga1.bin,250,3095,29511,1,0xA3,1,0,0,192,0,0,110198.736191,-27.649105,140558.704734,136518.672109,122118.897736,0.000000,0.000000,0.000000
12.475001,10uVrms10Hz_ch2pga1.bin,250,3096,29512,1,0xA3,1,0,0,192,0,0,110198.847950,-27.291477,140558.011830,136518.649757,122118.830681,0.000000,0.000000,0.000000
12.479005,10uVrms10Hz_ch2pga1.bin,250,3097,29513,1,0xA3,1,0,0,192,0,0,110200.211406,-26.553869,140558.771789,136519.856751,122120.171785,0.000000,0.000000,0.000000
12.483004,10uVrms10Hz_ch2pga1.bin,250,3098,29514,1,0xA3,1,0,0,192,0,0,110200.613737,-25.749207,140558.414161,136520.013213,122120.551765,0.000000,0.000000,0.000000
12.487008,10uVrms10Hz_ch2pga1.bin,250,3099,29515,1,0xA3,1,0,0,192,0,0,110200.256109,-24.296343,140557.385981,136519.521475,122120.171785,0.000000,0.000000,0.000000
12.491009,10uVrms10Hz_ch2pga1.bin,250,3100,29516,1,0xA3,1,0,0,192,0,0,110199.809074,-22.575259,140556.246042,136518.873274,122119.612992,0.000000,0.000000,0.000000
12.495009,10uVrms10Hz_ch2pga1.bin,250,3101,29517,1,0xA3,1,0,0,192,0,0,110200.077295,-21.591783,140555.754304,136518.962681,122119.925916,0.000000,0.000000,0.000000
12.499012,10uVrms10Hz_ch2pga1.bin,250,3102,29518,1,0xA3,1,0,0,192,0,0,110200.256109,-19.244850,140555.240214,136518.940330,122120.082378,0.000000,0.000000,0.000000
12.503012,10uVrms10Hz_ch2pga1.bin,250,3103,29519,1,0xA3,1,0,0,192,0,0,110200.747848,-17.188489,140555.039048,136519.208550,122120.484710,0.000000,0.000000,0.000000
12.507015,10uVrms10Hz_ch2pga1.bin,250,3104,29520,1,0xA3,1,0,0,192,0,0,110200.636089,-16.249716,140554.167330,136518.806219,122120.283544,0.000000,0.000000,0.000000
12.511016,10uVrms10Hz_ch2pga1.bin,250,3105,29521,1,0xA3,1,0,0,192,0,0,110200.032592,-15.087426,140552.736819,136517.934501,122119.590640,0.000000,0.000000,0.000000
12.515019,10uVrms10Hz_ch2pga1.bin,250,3106,29522,1,0xA3,1,0,0,192,0,0,110199.697316,-13.902783,140551.775694,136517.465115,122119.255364,0.000000,0.000000,0.000000
12.519019,10uVrms10Hz_ch2pga1.bin,250,3107,29523,1,0xA3,1,0,0,192,0,0,110200.144351,-13.947487,140551.440418,136517.599225,122119.590640,0.000000,0.000000,0.000000
12.523019,10uVrms10Hz_ch2pga1.bin,250,3108,29524,1,0xA3,1,0,0,192,0,0,110200.121999,-13.746321,140550.658107,136517.375708,122119.478881,0.000000,0.000000,0.000000
12.527023,10uVrms10Hz_ch2pga1.bin,250,3109,29525,1,0xA3,1,0,0,192,0,0,110200.077295,-13.768673,140549.965203,136517.129838,122119.367123,0.000000,0.000000,0.000000
12.531022,10uVrms10Hz_ch2pga1.bin,250,3110,29526,1,0xA3,1,0,0,192,0,0,110199.764371,-14.550984,140548.981726,136516.571045,122118.987143,0.000000,0.000000,0.000000
12.535026,10uVrms10Hz_ch2pga1.bin,250,3111,29527,1,0xA3,1,0,0,192,0,0,110200.412571,-16.205013,140549.004078,136517.085135,122119.635344,0.000000,0.000000,0.000000
12.539026,10uVrms10Hz_ch2pga1.bin,250,3112,29528,1,0xA3,1,0,0,192,0,0,110201.686621,-17.456710,140549.473464,136517.979205,122120.730579,0.000000,0.000000,0.000000
12.543030,10uVrms10Hz_ch2pga1.bin,250,3113,29529,1,0xA3,1,0,0,192,0,0,110201.977193,-18.909574,140549.048781,136518.202722,122120.998800,0.000000,0.000000,0.000000
12.547029,10uVrms10Hz_ch2pga1.bin,250,3114,29530,1,0xA3,1,0,0,192,0,0,110202.133656,-20.787120,140548.489988,136518.158019,122121.088207,0.000000,0.000000,0.000000
12.551032,10uVrms10Hz_ch2pga1.bin,250,3115,29531,1,0xA3,1,0,0,192,0,0,110202.223063,-22.776425,140547.931194,136518.158019,122121.177614,0.000000,0.000000,0.000000
12.555032,10uVrms10Hz_ch2pga1.bin,250,3116,29532,1,0xA3,1,0,0,192,0,0,110202.915967,-24.408102,140547.931194,136518.605053,122121.848166,0.000000,0.000000,0.000000
12.559036,10uVrms10Hz_ch2pga1.bin,250,3117,29533,1,0xA3,1,0,0,192,0,0,110203.407705,-25.615096,140547.662973,136518.828571,122122.295201,0.000000,0.000000,0.000000
12.563036,10uVrms10Hz_ch2pga1.bin,250,3118,29534,1,0xA3,1,0,0,192,0,0,110203.944147,-26.687980,140547.417104,136519.096792,122122.786939,0.000000,0.000000,0.000000
12.567036,10uVrms10Hz_ch2pga1.bin,250,3119,29535,1,0xA3,1,0,0,192,0,0,110204.301775,-27.336180,140547.171235,136519.297957,122123.166919,0.000000,0.000000,0.000000
12.571040,10uVrms10Hz_ch2pga1.bin,250,3120,29536,1,0xA3,1,0,0,192,0,0,110204.279423,-27.447939,140546.433628,136519.007385,122123.077512,0.000000,0.000000,0.000000
12.575039,10uVrms10Hz_ch2pga1.bin,250,3121,29537,1,0xA3,1,0,0,192,0,0,110203.877091,-27.604401,140545.248985,136518.448591,122122.474015,0.000000,0.000000,0.000000
12.579044,10uVrms10Hz_ch2pga1.bin,250,3122,29538,1,0xA3,1,0,0,192,0,0,110204.033554,-27.246773,140544.712543,136518.359184,122122.585773,0.000000,0.000000,0.000000
12.583044,10uVrms10Hz_ch2pga1.bin,250,3123,29539,1,0xA3,1,0,0,192,0,0,110204.279423,-26.084483,140544.243157,136518.359184,122122.786939,0.000000,0.000000,0.000000
12.587044,10uVrms10Hz_ch2pga1.bin,250,3124,29540,1,0xA3,1,0,0,192,0,0,110203.944147,-24.251640,140543.192625,136517.845094,122122.295201,0.000000,0.000000,0.000000
12.591048,10uVrms10Hz_ch2pga1.bin,250,3125,29541,1,0xA3,1,0,0,192,0,0,110204.391181,-23.178756,140542.924404,136518.113315,122122.630477,0.000000,0.000000,0.000000
12.595048,10uVrms10Hz_ch2pga1.bin,250,3126,29542,1,0xA3,1,0,0,192,0,0,110204.167664,-21.144748,140542.075038,136517.800391,122122.496367,0.000000,0.000000,0.000000
12.599052,10uVrms10Hz_ch2pga1.bin,250,3127,29543,1,0xA3,1,0,0,192,0,0,110204.793513,-19.043684,140541.873872,136518.180370,122123.032808,0.000000,0.000000,0.000000
12.603052,10uVrms10Hz_ch2pga1.bin,250,3128,29544,1,0xA3,1,0,0,192,0,0,110205.262899,-17.702579,140541.628003,136518.448591,122123.546898,0.000000,0.000000,0.000000
12.607053,10uVrms10Hz_ch2pga1.bin,250,3129,29545,1,0xA3,1,0,0,192,0,0,110204.480588,-16.495585,140540.219843,136517.442763,122122.786939,0.000000,0.000000,0.000000
12.611057,10uVrms10Hz_ch2pga1.bin,250,3130,29546,1,0xA3,1,0,0,192,0,0,110203.966498,-14.886260,140538.834035,136516.682804,122122.004628,0.000000,0.000000,0.000000
12.615056,10uVrms10Hz_ch2pga1.bin,250,3131,29547,1,0xA3,1,0,0,192,0,0,110204.324126,-14.103949,140538.565814,136516.883969,122122.384608,0.000000,0.000000,0.000000
12.619059,10uVrms10Hz_ch2pga1.bin,250,3132,29548,1,0xA3,1,0,0,192,0,0,110204.234719,-14.036894,140537.761152,136516.682804,122122.272849,0.000000,0.000000,0.000000
12.623059,10uVrms10Hz_ch2pga1.bin,250,3133,29549,1,0xA3,1,0,0,192,0,0,110204.122961,-13.388693,140536.934137,136516.325176,122122.049332,0.000000,0.000000,0.000000
12.627062,10uVrms10Hz_ch2pga1.bin,250,3134,29550,1,0xA3,1,0,0,192,0,0,110204.704106,-13.701618,140536.688268,136516.593397,122122.563422,0.000000,0.000000,0.000000
12.631062,10uVrms10Hz_ch2pga1.bin,250,3135,29551,1,0xA3,1,0,0,192,0,0,110204.927623,-15.176833,140536.308289,136516.682804,122122.809291,0.000000,0.000000,0.000000
12.635065,10uVrms10Hz_ch2pga1.bin,250,3136,29552,1,0xA3,1,0,0,192,0,0,110205.598176,-16.473234,140536.196530,136516.973376,122123.345733,0.000000,0.000000,0.000000
12.639064,10uVrms10Hz_ch2pga1.bin,250,3137,29553,1,0xA3,1,0,0,192,0,0,110206.067562,-17.680228,140535.928309,136517.241597,122123.815119,0.000000,0.000000,0.000000
12.643066,10uVrms10Hz_ch2pga1.bin,250,3138,29554,1,0xA3,1,0,0,192,0,0,110206.961632,-19.356608,140536.196530,136517.912149,122124.619782,0.000000,0.000000,0.000000
12.647069,10uVrms10Hz_ch2pga1.bin,250,3139,29555,1,0xA3,1,0,0,192,0,0,110207.833350,-20.943582,140536.308289,136518.605053,122125.357389,0.000000,0.000000,0.000000
12.651068,10uVrms10Hz_ch2pga1.bin,250,3140,29556,1,0xA3,1,0,0,192,0,0,110208.280385,-22.485852,140536.129475,136518.940330,122125.871480,0.000000,0.000000,0.000000
12.655072,10uVrms10Hz_ch2pga1.bin,250,3141,29557,1,0xA3,1,0,0,192,0,0,110208.705068,-24.631619,140535.794199,136519.052088,122126.206756,0.000000,0.000000,0.000000
12.659071,10uVrms10Hz_ch2pga1.bin,250,3142,29558,1,0xA3,1,0,0,192,0,0,110208.861530,-26.062131,140535.190701,136518.985033,122126.251459,0.000000,0.000000,0.000000
12.663075,10uVrms10Hz_ch2pga1.bin,250,3143,29559,1,0xA3,1,0,0,192,0,0,110209.085047,-26.464462,140534.788370,136519.096792,122126.430273,0.000000,0.000000,0.000000
12.667075,10uVrms10Hz_ch2pga1.bin,250,3144,29560,1,0xA3,1,0,0,192,0,0,110208.973289,-26.911497,140533.871949,136518.806219,122126.206756,0.000000,0.000000,0.000000
12.671079,10uVrms10Hz_ch2pga1.bin,250,3145,29561,1,0xA3,1,0,0,192,0,0,110209.085047,-27.604401,140533.357859,136518.739164,122126.318514,0.000000,0.000000,0.000000
12.675078,10uVrms10Hz_ch2pga1.bin,250,3146,29562,1,0xA3,1,0,0,192,0,0,110209.509730,-27.403235,140533.089638,136518.873274,122126.631439,0.000000,0.000000,0.000000
12.679081,10uVrms10Hz_ch2pga1.bin,250,3147,29563,1,0xA3,1,0,0,192,0,0,110210.113227,-26.799738,140532.866120,136519.163847,122127.190232,0.000000,0.000000,0.000000
12.683080,10uVrms10Hz_ch2pga1.bin,250,3148,29564,1,0xA3,1,0,0,192,0,0,110210.046172,-25.503337,140532.195568,136518.895626,122127.123177,0.000000,0.000000,0.000000
12.687083,10uVrms10Hz_ch2pga1.bin,250,3149,29565,1,0xA3,1,0,0,192,0,0,110210.001469,-24.184585,140531.435609,136518.605053,122126.966715,0.000000,0.000000,0.000000
12.691085,10uVrms10Hz_ch2pga1.bin,250,3150,29566,1,0xA3,1,0,0,192,0,0,110209.465027,-22.754073,140530.228615,136517.934501,122126.385570,0.000000,0.000000,0.000000
12.695085,10uVrms10Hz_ch2pga1.bin,250,3151,29567,1,0xA3,1,0,0,192,0,0,110209.330916,-21.256506,140529.334545,136517.710984,122126.229107,0.000000,0.000000,0.000000
12.699088,10uVrms10Hz_ch2pga1.bin,250,3152,29568,1,0xA3,1,0,0,192,0,0,110210.649669,-19.401312,140529.915690,136518.828571,122127.413750,0.000000,0.000000,0.000000
12.703087,10uVrms10Hz_ch2pga1.bin,250,3153,29569,1,0xA3,1,0,0,192,0,0,110210.783780,-17.814338,140529.334545,136518.672109,122127.547860,0.000000,0.000000,0.000000
12.707090,10uVrms10Hz_ch2pga1.bin,250,3154,29570,1,0xA3,1,0,0,192,0,0,110210.180283,-15.825033,140528.038144,136517.778039,122126.922011,0.000000,0.000000,0.000000
12.711093,10uVrms10Hz_ch2pga1.bin,250,3155,29571,1,0xA3,1,0,0,192,0,0,110209.934413,-14.640391,140527.121723,136517.420411,122126.474977,0.000000,0.000000,0.000000
12.715093,10uVrms10Hz_ch2pga1.bin,250,3156,29572,1,0xA3,1,0,0,192,0,0,110210.046172,-14.439225,140526.585281,136517.398059,122126.653790,0.000000,0.000000,0.000000
12.719094,10uVrms10Hz_ch2pga1.bin,250,3157,29573,1,0xA3,1,0,0,192,0,0,110211.163759,-13.656914,140526.875854,136518.225074,122127.726674,0.000000,0.000000,0.000000
12.723097,10uVrms10Hz_ch2pga1.bin,250,3158,29574,1,0xA3,1,0,0,192,0,0,110211.275518,-13.411045,140526.250005,136518.023908,122127.749026,0.000000,0.000000,0.000000
12.727096,10uVrms10Hz_ch2pga1.bin,250,3159,29575,1,0xA3,1,0,0,192,0,0,110210.984945,-14.215708,140525.311232,136517.621577,122127.413750,0.000000,0.000000,0.000000
12.731100,10uVrms10Hz_ch2pga1.bin,250,3160,29576,1,0xA3,1,0,0,192,0,0,110211.431980,-15.243888,140525.065362,136517.867446,122127.749026,0.000000,0.000000,0.000000
12.735100,10uVrms10Hz_ch2pga1.bin,250,3161,29577,1,0xA3,1,0,0,192,0,0,110212.013125,-16.182661,140524.931252,136518.292129,122128.307819,0.000000,0.000000,0.000000
12.739104,10uVrms10Hz_ch2pga1.bin,250,3162,29578,1,0xA3,1,0,0,192,0,0,110212.258995,-18.149614,140524.461865,136518.314481,122128.441930,0.000000,0.000000,0.000000
12.743104,10uVrms10Hz_ch2pga1.bin,250,3163,29579,1,0xA3,1,0,0,192,0,0,110212.504864,-19.446015,140523.925424,136518.381536,122128.687799,0.000000,0.000000,0.000000
12.747105,10uVrms10Hz_ch2pga1.bin,250,3164,29580,1,0xA3,1,0,0,192,0,0,110213.041306,-20.742416,140523.768961,136518.739164,122129.201889,0.000000,0.000000,0.000000
12.751106,10uVrms10Hz_ch2pga1.bin,250,3165,29581,1,0xA3,1,0,0,192,0,0,110213.220119,-22.619963,140523.232520,136518.537998,122129.246593,0.000000,0.000000,0.000000
12.755110,10uVrms10Hz_ch2pga1.bin,250,3166,29582,1,0xA3,1,0,0,192,0,0,110213.667154,-24.721026,140523.053706,136518.828571,122129.648924,0.000000,0.000000,0.000000
12.759110,10uVrms10Hz_ch2pga1.bin,250,3167,29583,1,0xA3,1,0,0,192,0,0,110213.667154,-25.570393,140522.293746,136518.694460,122129.581869,0.000000,0.000000,0.000000
12.763114,10uVrms10Hz_ch2pga1.bin,250,3168,29584,1,0xA3,1,0,0,192,0,0,110213.957727,-26.218593,140521.734953,136518.716812,122129.715979,0.000000,0.000000,0.000000
12.767113,10uVrms10Hz_ch2pga1.bin,250,3169,29585,1,0xA3,1,0,0,192,0,0,110213.890672,-27.492642,140520.974994,136518.381536,122129.559517,0.000000,0.000000,0.000000
12.771114,10uVrms10Hz_ch2pga1.bin,250,3170,29586,1,0xA3,1,0,0,192,0,0,110213.778913,-27.336180,140520.058572,136518.046260,122129.425406,0.000000,0.000000,0.000000
12.775118,10uVrms10Hz_ch2pga1.bin,250,3171,29587,1,0xA3,1,0,0,192,0,0,110214.225948,-27.313828,140519.768000,136518.403888,122129.827738,0.000000,0.000000,0.000000
12.779118,10uVrms10Hz_ch2pga1.bin,250,3172,29588,1,0xA3,1,0,0,192,0,0,110214.695334,-26.933849,140519.544482,136518.627405,122130.319476,0.000000,0.000000,0.000000
12.783122,10uVrms10Hz_ch2pga1.bin,250,3173,29589,1,0xA3,1,0,0,192,0,0,110214.784741,-25.860965,140518.918633,136518.470943,122130.341828,0.000000,0.000000,0.000000
12.787123,10uVrms10Hz_ch2pga1.bin,250,3174,29590,1,0xA3,1,0,0,192,0,0,110214.494169,-24.519861,140517.935157,136517.956853,122129.984200,0.000000,0.000000,0.000000
12.791123,10uVrms10Hz_ch2pga1.bin,250,3175,29591,1,0xA3,1,0,0,192,0,0,110214.672983,-22.888184,140517.331660,136517.889798,122130.028903,0.000000,0.000000,0.000000
12.795127,10uVrms10Hz_ch2pga1.bin,250,3176,29592,1,0xA3,1,0,0,192,0,0,110214.851797,-21.144748,140516.974032,136517.912149,122130.185366,0.000000,0.000000,0.000000
12.799128,10uVrms10Hz_ch2pga1.bin,250,3177,29593,1,0xA3,1,0,0,192,0,0,110215.857625,-19.356608,140517.309308,136518.850923,122131.191194,0.000000,0.000000,0.000000
12.803128,10uVrms10Hz_ch2pga1.bin,250,3178,29594,1,0xA3,1,0,0,192,0,0,110215.902328,-17.680228,140516.638756,136518.627405,122131.235898,0.000000,0.000000,0.000000
12.807129,10uVrms10Hz_ch2pga1.bin,250,3179,29595,1,0xA3,1,0,0,192,0,0,110215.902328,-16.517937,140515.901148,136518.314481,122131.124139,0.000000,0.000000,0.000000
12.811133,10uVrms10Hz_ch2pga1.bin,250,3180,29596,1,0xA3,1,0,0,192,0,0,110215.812922,-15.445054,140515.074134,136518.023908,122130.945325,0.000000,0.000000,0.000000
12.815133,10uVrms10Hz_ch2pga1.bin,250,3181,29597,1,0xA3,1,0,0,192,0,0,110215.902328,-14.193356,140514.515340,136517.979205,122131.012380,0.000000,0.000000,0.000000
12.819134,10uVrms10Hz_ch2pga1.bin,250,3182,29598,1,0xA3,1,0,0,192,0,0,110215.902328,-13.723969,140513.755381,136517.755687,122130.990028,0.000000,0.000000,0.000000
12.823138,10uVrms10Hz_ch2pga1.bin,250,3183,29599,1,0xA3,1,0,0,192,0,0,110216.394067,-13.768673,140513.531864,136517.956853,122131.325305,0.000000,0.000000,0.000000
12.827138,10uVrms10Hz_ch2pga1.bin,250,3184,29600,1,0xA3,1,0,0,192,0,0,110217.086971,-13.835728,140513.598919,136518.537998,122131.995857,0.000000,0.000000,0.000000
12.831142,10uVrms10Hz_ch2pga1.bin,250,3185,29601,1,0xA3,1,0,0,192,0,0,110217.243433,-14.707446,140512.973070,136518.493295,122132.085264,0.000000,0.000000,0.000000
12.835142,10uVrms10Hz_ch2pga1.bin,250,3186,29602,1,0xA3,1,0,0,192,0,0,110217.444599,-16.383827,140512.391925,136518.470943,122132.174671,0.000000,0.000000,0.000000
12.839142,10uVrms10Hz_ch2pga1.bin,250,3187,29603,1,0xA3,1,0,0,192,0,0,110218.338668,-17.590821,140512.570739,136519.230902,122133.113444,0.000000,0.000000,0.000000
12.843146,10uVrms10Hz_ch2pga1.bin,250,3188,29604,1,0xA3,1,0,0,192,0,0,110218.986869,-18.976629,140512.414277,136519.633234,122133.672237,0.000000,0.000000,0.000000
12.847145,10uVrms10Hz_ch2pga1.bin,250,3189,29605,1,0xA3,1,0,0,192,0,0,110218.763351,-21.144748,140511.475503,136519.163847,122133.292258,0.000000,0.000000,0.000000
12.851149,10uVrms10Hz_ch2pga1.bin,250,3190,29606,1,0xA3,1,0,0,192,0,0,110218.249261,-23.022294,140510.290861,136518.292129,122132.688761,0.000000,0.000000,0.000000
12.855149,10uVrms10Hz_ch2pga1.bin,250,3191,29607,1,0xA3,1,0,0,192,0,0,110218.405724,-24.341047,140509.799123,136518.359184,122132.934630,0.000000,0.000000,0.000000
12.859153,10uVrms10Hz_ch2pga1.bin,250,3192,29608,1,0xA3,1,0,0,192,0,0,110219.210386,-25.682151,140509.799123,136518.985033,122133.739293,0.000000,0.000000,0.000000
12.863153,10uVrms10Hz_ch2pga1.bin,250,3193,29609,1,0xA3,1,0,0,192,0,0,110219.880939,-27.023256,140509.709716,136519.365013,122134.253383,0.000000,0.000000,0.000000
12.867156,10uVrms10Hz_ch2pga1.bin,250,3194,29610,1,0xA3,1,0,0,192,0,0,110219.880939,-27.202070,140509.061515,136519.163847,122134.186327,0.000000,0.000000,0.000000
12.871156,10uVrms10Hz_ch2pga1.bin,250,3195,29611,1,0xA3,1,0,0,192,0,0,110220.126808,-27.514994,140508.569777,136519.096792,122134.342790,0.000000,0.000000,0.000000
12.875156,10uVrms10Hz_ch2pga1.bin,250,3196,29612,1,0xA3,1,0,0,192,0,0,110220.193863,-27.559698,140507.832170,136518.962681,122134.298086,0.000000,0.000000,0.000000
12.879160,10uVrms10Hz_ch2pga1.bin,250,3197,29613,1,0xA3,1,0,0,192,0,0,110220.976174,-26.889145,140507.988632,136519.588530,122135.080397,0.000000,0.000000,0.000000
12.883160,10uVrms10Hz_ch2pga1.bin,250,3198,29614,1,0xA3,1,0,0,192,0,0,110221.534967,-25.726855,140507.921576,136519.990861,122135.616839,0.000000,0.000000,0.000000
12.887164,10uVrms10Hz_ch2pga1.bin,250,3199,29615,1,0xA3,1,0,0,192,0,0,110221.154988,-24.341047,140506.803989,136519.365013,122135.080397,0.000000,0.000000,0.000000
12.891164,10uVrms10Hz_ch2pga1.bin,250,3200,29616,1,0xA3,1,0,0,192,0,0,110220.886767,-22.865832,140505.909920,136518.806219,122134.789824,0.000000,0.000000,0.000000
12.895165,10uVrms10Hz_ch2pga1.bin,250,3201,29617,1,0xA3,1,0,0,192,0,0,110220.797360,-20.988286,140505.105257,136518.515646,122134.700418,0.000000,0.000000,0.000000
12.899168,10uVrms10Hz_ch2pga1.bin,250,3202,29618,1,0xA3,1,0,0,192,0,0,110220.819712,-19.513071,140504.345298,136518.381536,122134.745121,0.000000,0.000000,0.000000
12.903168,10uVrms10Hz_ch2pga1.bin,250,3203,29619,1,0xA3,1,0,0,192,0,0,110220.842063,-17.970800,140503.585339,136518.202722,122134.700418,0.000000,0.000000,0.000000
12.907169,10uVrms10Hz_ch2pga1.bin,250,3204,29620,1,0xA3,1,0,0,192,0,0,110220.529139,-16.137958,140502.512455,136517.576873,122134.298086,0.000000,0.000000,0.000000
12.911172,10uVrms10Hz_ch2pga1.bin,250,3205,29621,1,0xA3,1,0,0,192,0,0,110219.612718,-15.065074,140500.925481,136516.481638,122133.359313,0.000000,0.000000,0.000000
12.915173,10uVrms10Hz_ch2pga1.bin,250,3206,29622,1,0xA3,1,0,0,192,0,0,110219.769180,-14.640391,140500.411391,136516.503990,122133.448720,0.000000,0.000000,0.000000
12.919176,10uVrms10Hz_ch2pga1.bin,250,3207,29623,1,0xA3,1,0,0,192,0,0,110220.596194,-14.238060,140500.523150,136517.129838,122134.275734,0.000000,0.000000,0.000000
12.923177,10uVrms10Hz_ch2pga1.bin,250,3208,29624,1,0xA3,1,0,0,192,0,0,110221.311450,-13.925135,140500.523150,136517.599225,122134.856880,0.000000,0.000000,0.000000
12.927177,10uVrms10Hz_ch2pga1.bin,250,3209,29625,1,0xA3,1,0,0,192,0,0,110221.534967,-13.992190,140500.009060,136517.643929,122134.968638,0.000000,0.000000,0.000000
12.931180,10uVrms10Hz_ch2pga1.bin,250,3210,29626,1,0xA3,1,0,0,192,0,0,110221.602023,-15.042722,140499.360859,136517.532170,122134.968638,0.000000,0.000000,0.000000
12.935181,10uVrms10Hz_ch2pga1.bin,250,3211,29627,1,0xA3,1,0,0,192,0,0,110221.959651,-16.339123,140499.003232,136517.755687,122135.259211,0.000000,0.000000,0.000000
12.939184,10uVrms10Hz_ch2pga1.bin,250,3212,29628,1,0xA3,1,0,0,192,0,0,110222.741961,-17.099082,140499.025583,136518.247426,122135.996819,0.000000,0.000000,0.000000
12.943183,10uVrms10Hz_ch2pga1.bin,250,3213,29629,1,0xA3,1,0,0,192,0,0,110223.300755,-19.021332,140498.757362,136518.537998,122136.488557,0.000000,0.000000,0.000000
12.947187,10uVrms10Hz_ch2pga1.bin,250,3214,29630,1,0xA3,1,0,0,192,0,0,110223.613679,-21.055341,140498.265624,136518.515646,122136.600316,0.000000,0.000000,0.000000
12.951187,10uVrms10Hz_ch2pga1.bin,250,3215,29631,1,0xA3,1,0,0,192,0,0,110223.300755,-22.709370,140497.215092,136517.956853,122136.153281,0.000000,0.000000,0.000000
12.955190,10uVrms10Hz_ch2pga1.bin,250,3216,29632,1,0xA3,1,0,0,192,0,0,110223.077238,-24.609268,140496.410429,136517.710984,122136.041522,0.000000,0.000000,0.000000
12.959190,10uVrms10Hz_ch2pga1.bin,250,3217,29633,1,0xA3,1,0,0,192,0,0,110223.770142,-25.749207,140496.432781,136518.269777,122136.689723,0.000000,0.000000,0.000000
12.963193,10uVrms10Hz_ch2pga1.bin,250,3218,29634,1,0xA3,1,0,0,192,0,0,110224.418342,-26.285648,140496.388078,136518.716812,122137.315571,0.000000,0.000000,0.000000
12.967194,10uVrms10Hz_ch2pga1.bin,250,3219,29635,1,0xA3,1,0,0,192,0,0,110224.820673,-27.447939,140496.186912,136519.007385,122137.695551,0.000000,0.000000,0.000000
12.971194,10uVrms10Hz_ch2pga1.bin,250,3220,29636,1,0xA3,1,0,0,192,0,0,110225.066543,-28.029084,140495.650470,136518.962681,122137.829661,0.000000,0.000000,0.000000
12.975198,10uVrms10Hz_ch2pga1.bin,250,3221,29637,1,0xA3,1,0,0,192,0,0,110224.373639,-27.470291,140494.242311,136518.001556,122137.069702,0.000000,0.000000,0.000000
12.979198,10uVrms10Hz_ch2pga1.bin,250,3222,29638,1,0xA3,1,0,0,192,0,0,110224.887729,-26.799738,140493.951738,136518.336833,122137.539089,0.000000,0.000000,0.000000
12.983202,10uVrms10Hz_ch2pga1.bin,250,3223,29639,1,0xA3,1,0,0,192,0,0,110225.670040,-25.793910,140494.041145,136518.873274,122138.231993,0.000000,0.000000,0.000000
12.987202,10uVrms10Hz_ch2pga1.bin,250,3224,29640,1,0xA3,1,0,0,192,0,0,110225.334764,-24.676323,140493.012965,136518.426239,122137.896717,0.000000,0.000000,0.000000
12.991202,10uVrms10Hz_ch2pga1.bin,250,3225,29641,1,0xA3,1,0,0,192,0,0,110224.887729,-22.687018,140491.783619,136517.733335,122137.293220,0.000000,0.000000,0.000000
12.995206,10uVrms10Hz_ch2pga1.bin,250,3226,29642,1,0xA3,1,0,0,192,0,0,110225.178301,-21.144748,140491.403639,136517.755687,122137.539089,0.000000,0.000000,0.000000
12.999206,10uVrms10Hz_ch2pga1.bin,250,3227,29643,1,0xA3,1,0,0,192,0,0,110225.826502,-19.580126,140491.358936,136518.202722,122138.142586,0.000000,0.000000,0.000000
13.003210,10uVrms10Hz_ch2pga1.bin,250,3228,29644,1,0xA3,1,0,0,192,0,0,110225.468874,-17.568469,140490.241349,136517.576873,122137.717903,0.000000,0.000000,0.000000
13.007210,10uVrms10Hz_ch2pga1.bin,250,3229,29645,1,0xA3,1,0,0,192,0,0,110225.468874,-15.914440,140489.593148,136517.465115,122137.695551,0.000000,0.000000,0.000000
13.011210,10uVrms10Hz_ch2pga1.bin,250,3230,29646,1,0xA3,1,0,0,192,0,0,110225.334764,-14.998019,140488.833189,136517.196894,122137.561440,0.000000,0.000000,0.000000
13.015213,10uVrms10Hz_ch2pga1.bin,250,3231,29647,1,0xA3,1,0,0,192,0,0,110225.223005,-14.439225,140488.140285,136516.973376,122137.539089,0.000000,0.000000,0.000000
13.019214,10uVrms10Hz_ch2pga1.bin,250,3232,29648,1,0xA3,1,0,0,192,0,0,110225.893557,-13.791025,140487.983823,136517.353356,122138.164937,0.000000,0.000000,0.000000
13.023218,10uVrms10Hz_ch2pga1.bin,250,3233,29649,1,0xA3,1,0,0,192,0,0,110226.720572,-13.947487,140487.983823,136517.956853,122138.835490,0.000000,0.000000,0.000000
13.027219,10uVrms10Hz_ch2pga1.bin,250,3234,29650,1,0xA3,1,0,0,192,0,0,110226.966441,-14.483929,140487.492085,136517.934501,122139.014304,0.000000,0.000000,0.000000
13.031220,10uVrms10Hz_ch2pga1.bin,250,3235,29651,1,0xA3,1,0,0,192,0,0,110226.429999,-15.042722,140486.218035,136517.196894,122138.366103,0.000000,0.000000,0.000000
13.035223,10uVrms10Hz_ch2pga1.bin,250,3236,29652,1,0xA3,1,0,0,192,0,0,110226.541758,-16.160309,140485.703945,136516.973376,122138.231993,0.000000,0.000000,0.000000
13.039223,10uVrms10Hz_ch2pga1.bin,250,3237,29653,1,0xA3,1,0,0,192,0,0,110228.195786,-17.903745,140486.642718,136518.426239,122139.930725,0.000000,0.000000,0.000000
13.043224,10uVrms10Hz_ch2pga1.bin,250,3238,29654,1,0xA3,1,0,0,192,0,0,110228.866339,-19.356608,140486.575663,136518.985033,122140.534222,0.000000,0.000000,0.000000
13.047227,10uVrms10Hz_ch2pga1.bin,250,3239,29655,1,0xA3,1,0,0,192,0,0,110228.866339,-20.630658,140485.860407,136518.806219,122140.467167,0.000000,0.000000,0.000000
13.051228,10uVrms10Hz_ch2pga1.bin,250,3240,29656,1,0xA3,1,0,0,192,0,0,110229.268670,-22.664666,140485.592186,136518.940330,122140.824795,0.000000,0.000000,0.000000
13.055228,10uVrms10Hz_ch2pga1.bin,250,3241,29657,1,0xA3,1,0,0,192,0,0,110229.581594,-25.101006,140485.078096,136519.096792,122141.115367,0.000000,0.000000,0.000000
13.059232,10uVrms10Hz_ch2pga1.bin,250,3242,29658,1,0xA3,1,0,0,192,0,0,110229.983926,-26.062131,140484.854579,136519.320309,122141.495347,0.000000,0.000000,0.000000
13.063232,10uVrms10Hz_ch2pga1.bin,250,3243,29659,1,0xA3,1,0,0,192,0,0,110230.319202,-26.710331,140484.474599,136519.387364,122141.763568,0.000000,0.000000,0.000000
13.067236,10uVrms10Hz_ch2pga1.bin,250,3244,29660,1,0xA3,1,0,0,192,0,0,110230.140388,-27.917325,140483.558178,136518.940330,122141.495347,0.000000,0.000000,0.000000
13.071236,10uVrms10Hz_ch2pga1.bin,250,3245,29661,1,0xA3,1,0,0,192,0,0,110230.006278,-27.559698,140482.731164,136518.761516,122141.338885,0.000000,0.000000,0.000000
13.075238,10uVrms10Hz_ch2pga1.bin,250,3246,29662,1,0xA3,1,0,0,192,0,0,110230.945051,-27.067959,140482.887626,136519.387364,122142.121196,0.000000,0.000000,0.000000
13.079239,10uVrms10Hz_ch2pga1.bin,250,3247,29663,1,0xA3,1,0,0,192,0,0,110231.168568,-26.799738,140482.462943,136519.320309,122142.255306,0.000000,0.000000,0.000000
13.083240,10uVrms10Hz_ch2pga1.bin,250,3248,29664,1,0xA3,1,0,0,192,0,0,110231.034458,-25.883317,140481.613576,136518.985033,122142.165899,0.000000,0.000000,0.000000
13.087244,10uVrms10Hz_ch2pga1.bin,250,3249,29665,1,0xA3,1,0,0,192,0,0,110231.079161,-24.117529,140480.987728,136518.895626,122142.121196,0.000000,0.000000,0.000000
13.091244,10uVrms10Hz_ch2pga1.bin,250,3250,29666,1,0xA3,1,0,0,192,0,0,110230.810940,-23.066998,140479.892492,136518.314481,122141.718864,0.000000,0.000000,0.000000
13.095245,10uVrms10Hz_ch2pga1.bin,250,3251,29667,1,0xA3,1,0,0,192,0,0,110230.833292,-21.524727,140479.244292,136518.202722,122141.830623,0.000000,0.000000,0.000000
13.099246,10uVrms10Hz_ch2pga1.bin,250,3252,29668,1,0xA3,1,0,0,192,0,0,110231.660306,-19.110739,140479.311347,136518.873274,122142.568231,0.000000,0.000000,0.000000
13.103250,10uVrms10Hz_ch2pga1.bin,250,3253,29669,1,0xA3,1,0,0,192,0,0,110231.816769,-17.479062,140478.663146,136518.828571,122142.612934,0.000000,0.000000,0.000000
13.107250,10uVrms10Hz_ch2pga1.bin,250,3254,29670,1,0xA3,1,0,0,192,0,0,110231.481493,-16.026199,140477.746725,136518.247426,122142.255306,0.000000,0.000000,0.000000
13.111251,10uVrms10Hz_ch2pga1.bin,250,3255,29671,1,0xA3,1,0,0,192,0,0,110231.369734,-14.819205,140476.964414,136517.867446,122142.188251,0.000000,0.000000,0.000000
13.115255,10uVrms10Hz_ch2pga1.bin,250,3256,29672,1,0xA3,1,0,0,192,0,0,110231.705010,-14.193356,140476.495028,136517.979205,122142.389417,0.000000,0.000000,0.000000
13.119256,10uVrms10Hz_ch2pga1.bin,250,3257,29673,1,0xA3,1,0,0,192,0,0,110231.861472,-14.081597,140475.980937,136517.934501,122142.389417,0.000000,0.000000,0.000000
13.123256,10uVrms10Hz_ch2pga1.bin,250,3258,29674,1,0xA3,1,0,0,192,0,0,110231.995583,-13.813376,140475.511551,136517.912149,122142.523527,0.000000,0.000000,0.000000
13.127259,10uVrms10Hz_ch2pga1.bin,250,3259,29675,1,0xA3,1,0,0,192,0,0,110232.219100,-14.014542,140474.997461,136517.979205,122142.635286,0.000000,0.000000,0.000000
13.131259,10uVrms10Hz_ch2pga1.bin,250,3260,29676,1,0xA3,1,0,0,192,0,0,110232.397914,-15.333295,140474.461019,136517.889798,122142.814100,0.000000,0.000000,0.000000
13.135263,10uVrms10Hz_ch2pga1.bin,250,3261,29677,1,0xA3,1,0,0,192,0,0,110232.353210,-16.517937,140473.678708,136517.710984,122142.769396,0.000000,0.000000,0.000000
13.139264,10uVrms10Hz_ch2pga1.bin,250,3262,29678,1,0xA3,1,0,0,192,0,0,110232.889652,-17.657876,140473.432839,136518.113315,122143.194079,0.000000,0.000000,0.000000
13.143264,10uVrms10Hz_ch2pga1.bin,250,3263,29679,1,0xA3,1,0,0,192,0,0,110233.582556,-19.200146,140473.477542,136518.627405,122143.954039,0.000000,0.000000,0.000000
13.147268,10uVrms10Hz_ch2pga1.bin,250,3264,29680,1,0xA3,1,0,0,192,0,0,110233.783722,-21.055341,140473.008156,136518.649757,122144.088149,0.000000,0.000000,0.000000
13.151269,10uVrms10Hz_ch2pga1.bin,250,3265,29681,1,0xA3,1,0,0,192,0,0,110233.806074,-23.044646,140472.292900,136518.426239,122144.021094,0.000000,0.000000,0.000000
13.155269,10uVrms10Hz_ch2pga1.bin,250,3266,29682,1,0xA3,1,0,0,192,0,0,110233.649611,-24.408102,140471.354127,136517.979205,122143.797576,0.000000,0.000000,0.000000
13.159273,10uVrms10Hz_ch2pga1.bin,250,3267,29683,1,0xA3,1,0,0,192,0,0,110234.208405,-25.860965,140471.287072,136518.269777,122144.289315,0.000000,0.000000,0.000000
13.163274,10uVrms10Hz_ch2pga1.bin,250,3268,29684,1,0xA3,1,0,0,192,0,0,110235.281289,-26.933849,140471.599996,136519.186199,122145.183384,0.000000,0.000000,0.000000
13.167274,10uVrms10Hz_ch2pga1.bin,250,3269,29685,1,0xA3,1,0,0,192,0,0,110235.527158,-27.135015,140471.220016,136519.275606,122145.473957,0.000000,0.000000,0.000000
13.171277,10uVrms10Hz_ch2pga1.bin,250,3270,29686,1,0xA3,1,0,0,192,0,0,110236.287117,-27.537346,140471.220016,136519.744992,122146.256268,0.000000,0.000000,0.000000
13.175277,10uVrms10Hz_ch2pga1.bin,250,3271,29687,1,0xA3,1,0,0,192,0,0,110236.644745,-27.917325,140470.772982,136519.879103,122146.435082,0.000000,0.000000,0.000000
13.179281,10uVrms10Hz_ch2pga1.bin,250,3272,29688,1,0xA3,1,0,0,192,0,0,110235.594213,-26.889145,140469.141304,136518.694460,122145.362198,0.000000,0.000000,0.000000
13.183281,10uVrms10Hz_ch2pga1.bin,250,3273,29689,1,0xA3,1,0,0,192,0,0,110235.728323,-25.346875,140468.493104,136518.582702,122145.317495,0.000000,0.000000,0.000000
13.187284,10uVrms10Hz_ch2pga1.bin,250,3274,29690,1,0xA3,1,0,0,192,0,0,110235.750675,-24.788082,140467.822552,136518.359184,122145.362198,0.000000,0.000000,0.000000
13.191284,10uVrms10Hz_ch2pga1.bin,250,3275,29691,1,0xA3,1,0,0,192,0,0,110235.281289,-23.201108,140466.682613,136517.710984,122144.870460,0.000000,0.000000,0.000000
13.195288,10uVrms10Hz_ch2pga1.bin,250,3276,29692,1,0xA3,1,0,0,192,0,0,110235.616565,-21.010637,140466.168523,136517.889798,122145.116329,0.000000,0.000000,0.000000
13.199288,10uVrms10Hz_ch2pga1.bin,250,3277,29693,1,0xA3,1,0,0,192,0,0,110236.354172,-19.602478,140466.168523,136518.470943,122145.853937,0.000000,0.000000,0.000000
13.203289,10uVrms10Hz_ch2pga1.bin,250,3278,29694,1,0xA3,1,0,0,192,0,0,110236.085951,-17.993152,140465.363860,136518.090963,122145.585716,0.000000,0.000000,0.000000
13.207293,10uVrms10Hz_ch2pga1.bin,250,3279,29695,1,0xA3,1,0,0,192,0,0,110236.063600,-15.892088,140464.603901,136517.822742,122145.406902,0.000000,0.000000,0.000000
13.211293,10uVrms10Hz_ch2pga1.bin,250,3280,29696,1,0xA3,1,0,0,192,0,0,110235.907137,-14.975667,140463.665128,136517.196894,122145.183384,0.000000,0.000000,0.000000
13.215293,10uVrms10Hz_ch2pga1.bin,250,3281,29697,1,0xA3,1,0,0,192,0,0,110235.817730,-14.439225,140462.748706,136516.861618,122144.937515,0.000000,0.000000,0.000000
13.219297,10uVrms10Hz_ch2pga1.bin,250,3282,29698,1,0xA3,1,0,0,192,0,0,110235.750675,-13.500452,140462.055802,136516.772211,122144.892812,0.000000,0.000000,0.000000
13.223298,10uVrms10Hz_ch2pga1.bin,250,3283,29699,1,0xA3,1,0,0,192,0,0,110235.750675,-13.500452,140461.273491,136516.481638,122144.803405,0.000000,0.000000,0.000000
13.227298,10uVrms10Hz_ch2pga1.bin,250,3284,29700,1,0xA3,1,0,0,192,0,0,110236.085951,-14.595687,140461.005270,136516.705155,122145.138681,0.000000,0.000000,0.000000
13.231302,10uVrms10Hz_ch2pga1.bin,250,3285,29701,1,0xA3,1,0,0,192,0,0,110236.108303,-15.489757,140460.334718,136516.571045,122145.138681,0.000000,0.000000,0.000000
13.235302,10uVrms10Hz_ch2pga1.bin,250,3286,29702,1,0xA3,1,0,0,192,0,0,110236.465931,-16.517937,140459.887683,136516.660452,122145.473957,0.000000,0.000000,0.000000
13.239306,10uVrms10Hz_ch2pga1.bin,250,3287,29703,1,0xA3,1,0,0,192,0,0,110237.181187,-18.104911,140459.775925,136517.129838,122146.055102,0.000000,0.000000,0.000000
13.243306,10uVrms10Hz_ch2pga1.bin,250,3288,29704,1,0xA3,1,0,0,192,0,0,110237.248242,-19.758940,140459.261835,136517.040431,122146.099806,0.000000,0.000000,0.000000
13.247308,10uVrms10Hz_ch2pga1.bin,250,3289,29705,1,0xA3,1,0,0,192,0,0,110237.292945,-20.988286,140458.591282,136516.794562,122146.032751,0.000000,0.000000,0.000000
13.251308,10uVrms10Hz_ch2pga1.bin,250,3290,29706,1,0xA3,1,0,0,192,0,0,110237.739980,-22.776425,140458.211303,136516.973376,122146.345675,0.000000,0.000000,0.000000
13.255311,10uVrms10Hz_ch2pga1.bin,250,3291,29707,1,0xA3,1,0,0,192,0,0,110238.321126,-24.832785,140458.099544,136517.375708,122146.815062,0.000000,0.000000,0.000000
13.259311,10uVrms10Hz_ch2pga1.bin,250,3292,29708,1,0xA3,1,0,0,192,0,0,110238.656402,-25.860965,140457.741916,136517.643929,122147.195041,0.000000,0.000000,0.000000
13.263314,10uVrms10Hz_ch2pga1.bin,250,3293,29709,1,0xA3,1,0,0,192,0,0,110238.477588,-26.486814,140456.758440,136517.263949,122146.993876,0.000000,0.000000,0.000000
13.267314,10uVrms10Hz_ch2pga1.bin,250,3294,29710,1,0xA3,1,0,0,192,0,0,110237.807035,-27.425587,140455.417335,136516.347528,122146.278620,0.000000,0.000000,0.000000
13.271318,10uVrms10Hz_ch2pga1.bin,250,3295,29711,1,0xA3,1,0,0,192,0,0,110237.717628,-27.872622,140454.679728,136515.922844,122146.099806,0.000000,0.000000,0.000000
13.275318,10uVrms10Hz_ch2pga1.bin,250,3296,29712,1,0xA3,1,0,0,192,0,0,110238.164663,-27.358532,140454.478562,136516.124010,122146.502137,0.000000,0.000000,0.000000
13.279318,10uVrms10Hz_ch2pga1.bin,250,3297,29713,1,0xA3,1,0,0,192,0,0,110238.946974,-26.620924,140454.545617,136516.816914,122147.306800,0.000000,0.000000,0.000000
13.283321,10uVrms10Hz_ch2pga1.bin,250,3298,29714,1,0xA3,1,0,0,192,0,0,110239.639878,-26.173890,140454.567969,136517.353356,122147.932649,0.000000,0.000000,0.000000
13.287322,10uVrms10Hz_ch2pga1.bin,250,3299,29715,1,0xA3,1,0,0,192,0,0,110239.036381,-24.631619,140453.316271,136516.548693,122147.306800,0.000000,0.000000,0.000000
13.291325,10uVrms10Hz_ch2pga1.bin,250,3300,29716,1,0xA3,1,0,0,192,0,0,110238.589346,-22.709370,140452.109277,136515.900493,122146.703303,0.000000,0.000000,0.000000
13.295326,10uVrms10Hz_ch2pga1.bin,250,3301,29717,1,0xA3,1,0,0,192,0,0,110239.014030,-21.100044,140451.774001,136516.213417,122147.172689,0.000000,0.000000,0.000000
13.299326,10uVrms10Hz_ch2pga1.bin,250,3302,29718,1,0xA3,1,0,0,192,0,0,110239.930451,-19.691885,140452.042222,136516.906321,122147.977352,0.000000,0.000000,0.000000
13.303330,10uVrms10Hz_ch2pga1.bin,250,3303,29719,1,0xA3,1,0,0,192,0,0,110240.265727,-17.300248,140451.662242,136516.928673,122148.223221,0.000000,0.000000,0.000000
13.307330,10uVrms10Hz_ch2pga1.bin,250,3304,29720,1,0xA3,1,0,0,192,0,0,110239.550471,-16.227365,140450.254083,136516.012251,122147.418559,0.000000,0.000000,0.000000
13.311331,10uVrms10Hz_ch2pga1.bin,250,3305,29721,1,0xA3,1,0,0,192,0,0,110239.036381,-15.646219,140449.091792,136515.364051,122146.792710,0.000000,0.000000,0.000000
13.315334,10uVrms10Hz_ch2pga1.bin,250,3306,29722,1,0xA3,1,0,0,192,0,0,110238.812864,-14.260411,140448.309481,136515.006423,122146.658599,0.000000,0.000000,0.000000
13.319336,10uVrms10Hz_ch2pga1.bin,250,3307,29723,1,0xA3,1,0,0,192,0,0,110239.729285,-13.813376,140448.309481,136515.632272,122147.552669,0.000000,0.000000,0.000000
13.323336,10uVrms10Hz_ch2pga1.bin,250,3308,29724,1,0xA3,1,0,0,192,0,0,110240.578651,-14.349818,140448.421240,136516.302824,122148.312628,0.000000,0.000000,0.000000
13.327341,10uVrms10Hz_ch2pga1.bin,250,3309,29725,1,0xA3,1,0,0,192,0,0,110240.601003,-14.483929,140447.683632,136516.012251,122148.267925,0.000000,0.000000,0.000000
13.331342,10uVrms10Hz_ch2pga1.bin,250,3310,29726,1,0xA3,1,0,0,192,0,0,110240.444541,-15.065074,140446.789563,136515.632272,122147.999704,0.000000,0.000000,0.000000
13.335343,10uVrms10Hz_ch2pga1.bin,250,3311,29727,1,0xA3,1,0,0,192,0,0,110240.578651,-16.674399,140446.342528,136515.699327,122148.066759,0.000000,0.000000,0.000000
13.339343,10uVrms10Hz_ch2pga1.bin,250,3312,29728,1,0xA3,1,0,0,192,0,0,110241.696239,-18.082559,140446.767211,136516.727507,122149.184346,0.000000,0.000000,0.000000
13.343347,10uVrms10Hz_ch2pga1.bin,250,3313,29729,1,0xA3,1,0,0,192,0,0,110242.545605,-19.244850,140446.744859,136517.241597,122149.944305,0.000000,0.000000,0.000000
13.347347,10uVrms10Hz_ch2pga1.bin,250,3314,29730,1,0xA3,1,0,0,192,0,0,110242.456198,-20.854175,140445.962548,136516.883969,122149.720788,0.000000,0.000000,0.000000
13.351348,10uVrms10Hz_ch2pga1.bin,250,3315,29731,1,0xA3,1,0,0,192,0,0,110241.696239,-23.245811,140444.487333,136516.034603,122148.938477,0.000000,0.000000,0.000000
13.355352,10uVrms10Hz_ch2pga1.bin,250,3316,29732,1,0xA3,1,0,0,192,0,0,110242.165625,-24.899840,140444.286168,136516.258121,122149.430215,0.000000,0.000000,0.000000
13.359353,10uVrms10Hz_ch2pga1.bin,250,3317,29733,1,0xA3,1,0,0,192,0,0,110243.774951,-25.726855,140445.202589,136517.599225,122150.972486,0.000000,0.000000,0.000000
13.363353,10uVrms10Hz_ch2pga1.bin,250,3318,29734,1,0xA3,1,0,0,192,0,0,110244.467854,-26.822090,140445.135534,136518.158019,122151.553631,0.000000,0.000000,0.000000
13.367356,10uVrms10Hz_ch2pga1.bin,250,3319,29735,1,0xA3,1,0,0,192,0,0,110243.685544,-27.626753,140443.593264,136517.040431,122150.659561,0.000000,0.000000,0.000000
13.371356,10uVrms10Hz_ch2pga1.bin,250,3320,29736,1,0xA3,1,0,0,192,0,0,110243.238509,-27.783215,140442.430973,136516.436934,122150.324285,0.000000,0.000000,0.000000
13.375361,10uVrms10Hz_ch2pga1.bin,250,3321,29737,1,0xA3,1,0,0,192,0,0,110242.992640,-27.447939,140441.603959,136516.056955,122150.056064,0.000000,0.000000,0.000000
13.379362,10uVrms10Hz_ch2pga1.bin,250,3322,29738,1,0xA3,1,0,0,192,0,0,110243.260860,-27.269125,140441.112220,136516.124010,122150.212526,0.000000,0.000000,0.000000
13.383362,10uVrms10Hz_ch2pga1.bin,250,3323,29739,1,0xA3,1,0,0,192,0,0,110243.752599,-25.905669,140440.933406,136516.481638,122150.637209,0.000000,0.000000,0.000000
13.387365,10uVrms10Hz_ch2pga1.bin,250,3324,29740,1,0xA3,1,0,0,192,0,0,110244.065523,-24.341047,140440.531075,136516.593397,122150.748968,0.000000,0.000000,0.000000
13.391365,10uVrms10Hz_ch2pga1.bin,250,3325,29741,1,0xA3,1,0,0,192,0,0,110243.417323,-23.245811,140439.100564,136515.565217,122149.966657,0.000000,0.000000,0.000000
13.395369,10uVrms10Hz_ch2pga1.bin,250,3326,29742,1,0xA3,1,0,0,192,0,0,110242.947936,-21.636486,140438.072383,136515.073478,122149.698436,0.000000,0.000000,0.000000
13.399369,10uVrms10Hz_ch2pga1.bin,250,3327,29743,1,0xA3,1,0,0,192,0,0,110242.769122,-19.356608,140437.200665,136514.738202,122149.474919,0.000000,0.000000,0.000000
13.403369,10uVrms10Hz_ch2pga1.bin,250,3328,29744,1,0xA3,1,0,0,192,0,0,110242.880881,-17.791986,140436.485410,136514.581740,122149.430215,0.000000,0.000000,0.000000
13.407373,10uVrms10Hz_ch2pga1.bin,250,3329,29745,1,0xA3,1,0,0,192,0,0,110242.836177,-16.495585,140435.792506,136514.425278,122149.385512,0.000000,0.000000,0.000000
13.411373,10uVrms10Hz_ch2pga1.bin,250,3330,29746,1,0xA3,1,0,0,192,0,0,110243.149102,-14.886260,140435.412526,136514.514685,122149.609029,0.000000,0.000000,0.000000
13.415376,10uVrms10Hz_ch2pga1.bin,250,3331,29747,1,0xA3,1,0,0,192,0,0,110243.864357,-14.282763,140435.323119,136514.894664,122150.190175,0.000000,0.000000,0.000000
13.419376,10uVrms10Hz_ch2pga1.bin,250,3332,29748,1,0xA3,1,0,0,192,0,0,110244.289041,-14.238060,140435.077250,136515.140533,122150.525451,0.000000,0.000000,0.000000
13.423380,10uVrms10Hz_ch2pga1.bin,250,3333,29749,1,0xA3,1,0,0,192,0,0,110244.445503,-14.103949,140434.496105,136515.118182,122150.726616,0.000000,0.000000,0.000000
13.427380,10uVrms10Hz_ch2pga1.bin,250,3334,29750,1,0xA3,1,0,0,192,0,0,110243.462026,-13.902783,140432.775021,136513.911188,122149.698436,0.000000,0.000000,0.000000
13.431380,10uVrms10Hz_ch2pga1.bin,250,3335,29751,1,0xA3,1,0,0,192,0,0,110243.305564,-15.400350,140431.925654,136513.531208,122149.474919,0.000000,0.000000,0.000000
13.435383,10uVrms10Hz_ch2pga1.bin,250,3336,29752,1,0xA3,1,0,0,192,0,0,110243.842006,-16.696751,140431.724489,136513.888836,122149.944305,0.000000,0.000000,0.000000
13.439384,10uVrms10Hz_ch2pga1.bin,250,3337,29753,1,0xA3,1,0,0,192,0,0,110244.043171,-17.814338,140431.232750,136513.933539,122150.190175,0.000000,0.000000,0.000000
13.443387,10uVrms10Hz_ch2pga1.bin,250,3338,29754,1,0xA3,1,0,0,192,0,0,110244.333744,-19.401312,140430.808067,136514.000595,122150.324285,0.000000,0.000000,0.000000
13.447387,10uVrms10Hz_ch2pga1.bin,250,3339,29755,1,0xA3,1,0,0,192,0,0,110245.540738,-21.614134,140431.165695,136514.849961,122151.352465,0.000000,0.000000,0.000000
13.451390,10uVrms10Hz_ch2pga1.bin,250,3340,29756,1,0xA3,1,0,0,192,0,0,110245.943069,-22.843480,140430.875123,136515.051126,122151.844203,0.000000,0.000000,0.000000
13.455389,10uVrms10Hz_ch2pga1.bin,250,3341,29757,1,0xA3,1,0,0,192,0,0,110246.077180,-24.609268,140430.383384,136515.006423,122151.955962,0.000000,0.000000,0.000000
13.459392,10uVrms10Hz_ch2pga1.bin,250,3342,29758,1,0xA3,1,0,0,192,0,0,110247.083008,-25.883317,140430.606902,136515.900493,122152.961791,0.000000,0.000000,0.000000
13.463395,10uVrms10Hz_ch2pga1.bin,250,3343,29759,1,0xA3,1,0,0,192,0,0,110247.597098,-26.844442,140430.517495,136516.280472,122153.498232,0.000000,0.000000,0.000000
13.467393,10uVrms10Hz_ch2pga1.bin,250,3344,29760,1,0xA3,1,0,0,192,0,0,110247.910023,-27.291477,140430.070460,136516.258121,122153.542936,0.000000,0.000000,0.000000
13.471396,10uVrms10Hz_ch2pga1.bin,250,3345,29761,1,0xA3,1,0,0,192,0,0,110248.021781,-28.118491,140429.399908,136516.124010,122153.453529,0.000000,0.000000,0.000000
13.475395,10uVrms10Hz_ch2pga1.bin,250,3346,29762,1,0xA3,1,0,0,192,0,0,110248.088837,-28.073788,140428.908169,136516.012251,122153.520584,0.000000,0.000000,0.000000
13.479398,10uVrms10Hz_ch2pga1.bin,250,3347,29763,1,0xA3,1,0,0,192,0,0,110247.865319,-26.799738,140427.969396,136515.632272,122153.297067,0.000000,0.000000,0.000000
13.483401,10uVrms10Hz_ch2pga1.bin,250,3348,29764,1,0xA3,1,0,0,192,0,0,110247.306526,-25.413930,140426.516533,136514.760554,122152.626514,0.000000,0.000000,0.000000
13.487400,10uVrms10Hz_ch2pga1.bin,250,3349,29765,1,0xA3,1,0,0,192,0,0,110247.127712,-24.452806,140425.734222,136514.447629,122152.380645,0.000000,0.000000,0.000000
13.491402,10uVrms10Hz_ch2pga1.bin,250,3350,29766,1,0xA3,1,0,0,192,0,0,110247.418284,-22.888184,140425.309539,136514.671147,122152.671218,0.000000,0.000000,0.000000
13.495402,10uVrms10Hz_ch2pga1.bin,250,3351,29767,1,0xA3,1,0,0,192,0,0,110248.133540,-20.876527,140425.287187,136515.006423,122153.319418,0.000000,0.000000,0.000000
13.499405,10uVrms10Hz_ch2pga1.bin,250,3352,29768,1,0xA3,1,0,0,192,0,0,110248.826444,-19.043684,140425.264835,136515.587568,122153.900564,0.000000,0.000000,0.000000
13.503407,10uVrms10Hz_ch2pga1.bin,250,3353,29769,1,0xA3,1,0,0,192,0,0,110249.228776,-17.859042,140424.951911,136515.788734,122154.235840,0.000000,0.000000,0.000000
13.507407,10uVrms10Hz_ch2pga1.bin,250,3354,29770,1,0xA3,1,0,0,192,0,0,110248.759389,-16.026199,140423.789620,136515.095830,122153.788805,0.000000,0.000000,0.000000
13.511410,10uVrms10Hz_ch2pga1.bin,250,3355,29771,1,0xA3,1,0,0,192,0,0,110247.887671,-14.685094,140422.224998,136514.067650,122152.872384,0.000000,0.000000,0.000000
13.515410,10uVrms10Hz_ch2pga1.bin,250,3356,29772,1,0xA3,1,0,0,192,0,0,110248.938203,-14.774501,140422.560275,136514.917016,122153.833508,0.000000,0.000000,0.000000
13.519413,10uVrms10Hz_ch2pga1.bin,250,3357,29773,1,0xA3,1,0,0,192,0,0,110249.809921,-14.103949,140422.828496,136515.542865,122154.638171,0.000000,0.000000,0.000000
13.523414,10uVrms10Hz_ch2pga1.bin,250,3358,29774,1,0xA3,1,0,0,192,0,0,110249.273479,-13.455749,140421.621501,136514.894664,122154.124081,0.000000,0.000000,0.000000
13.527414,10uVrms10Hz_ch2pga1.bin,250,3359,29775,1,0xA3,1,0,0,192,0,0,110248.938203,-14.103949,140420.503914,136514.447629,122153.699398,0.000000,0.000000,0.000000
13.531418,10uVrms10Hz_ch2pga1.bin,250,3360,29776,1,0xA3,1,0,0,192,0,0,110248.491168,-15.400350,140419.363976,136513.687670,122153.140604,0.000000,0.000000,0.000000
13.535418,10uVrms10Hz_ch2pga1.bin,250,3361,29777,1,0xA3,1,0,0,192,0,0,110248.759389,-16.026199,140418.872237,136513.732374,122153.274715,0.000000,0.000000,0.000000
13.539422,10uVrms10Hz_ch2pga1.bin,250,3362,29778,1,0xA3,1,0,0,192,0,0,110249.474645,-17.389655,140418.916941,136514.291167,122154.057026,0.000000,0.000000,0.000000
13.543422,10uVrms10Hz_ch2pga1.bin,250,3363,29779,1,0xA3,1,0,0,192,0,0,110250.100493,-19.557774,140418.872237,136514.671147,122154.638171,0.000000,0.000000,0.000000
13.547422,10uVrms10Hz_ch2pga1.bin,250,3364,29780,1,0xA3,1,0,0,192,0,0,110250.927508,-21.368265,140419.028699,136515.296996,122155.509889,0.000000,0.000000,0.000000
13.551427,10uVrms10Hz_ch2pga1.bin,250,3365,29781,1,0xA3,1,0,0,192,0,0,110251.598060,-23.134053,140418.961644,136515.855789,122156.091034,0.000000,0.000000,0.000000
13.555427,10uVrms10Hz_ch2pga1.bin,250,3366,29782,1,0xA3,1,0,0,192,0,0,110252.000391,-24.676323,140418.559313,136515.967548,122156.403959,0.000000,0.000000,0.000000
13.559428,10uVrms10Hz_ch2pga1.bin,250,3367,29783,1,0xA3,1,0,0,192,0,0,110252.179205,-26.017427,140418.067575,136515.855789,122156.471014,0.000000,0.000000,0.000000
13.563431,10uVrms10Hz_ch2pga1.bin,250,3368,29784,1,0xA3,1,0,0,192,0,0,110252.246261,-26.665628,140417.441726,136515.766382,122156.471014,0.000000,0.000000,0.000000
13.567430,10uVrms10Hz_ch2pga1.bin,250,3369,29785,1,0xA3,1,0,0,192,0,0,110252.156854,-27.582049,140416.681767,136515.520513,122156.359255,0.000000,0.000000,0.000000
13.571433,10uVrms10Hz_ch2pga1.bin,250,3370,29786,1,0xA3,1,0,0,192,0,0,110252.492130,-28.520823,140416.257083,136515.699327,122156.582773,0.000000,0.000000,0.000000
13.575433,10uVrms10Hz_ch2pga1.bin,250,3371,29787,1,0xA3,1,0,0,192,0,0,110253.319144,-28.029084,140416.435897,136516.280472,122157.432139,0.000000,0.000000,0.000000
13.579437,10uVrms10Hz_ch2pga1.bin,250,3372,29788,1,0xA3,1,0,0,192,0,0,110254.123807,-26.911497,140416.458249,136516.906321,122158.236802,0.000000,0.000000,0.000000
13.583437,10uVrms10Hz_ch2pga1.bin,250,3373,29789,1,0xA3,1,0,0,192,0,0,110254.794359,-25.749207,140416.458249,136517.420411,122158.840299,0.000000,0.000000,0.000000
13.587438,10uVrms10Hz_ch2pga1.bin,250,3374,29790,1,0xA3,1,0,0,192,0,0,110254.615545,-24.564564,140415.608883,136516.973376,122158.505023,0.000000,0.000000,0.000000
13.591442,10uVrms10Hz_ch2pga1.bin,250,3375,29791,1,0xA3,1,0,0,192,0,0,110254.615545,-22.664666,140414.915979,136516.705155,122158.437967,0.000000,0.000000,0.000000
13.595443,10uVrms10Hz_ch2pga1.bin,250,3376,29792,1,0xA3,1,0,0,192,0,0,110254.794359,-20.988286,140414.334834,136516.682804,122158.572078,0.000000,0.000000,0.000000
13.599443,10uVrms10Hz_ch2pga1.bin,250,3377,29793,1,0xA3,1,0,0,192,0,0,110254.928470,-19.691885,140413.664281,136516.794562,122158.728540,0.000000,0.000000,0.000000
13.603448,10uVrms10Hz_ch2pga1.bin,250,3378,29794,1,0xA3,1,0,0,192,0,0,110254.772007,-17.747283,140412.837267,136516.414583,122158.594429,0.000000,0.000000,0.000000
13.607448,10uVrms10Hz_ch2pga1.bin,250,3379,29795,1,0xA3,1,0,0,192,0,0,110254.168510,-16.003847,140411.563218,136515.587568,122157.834470,0.000000,0.000000,0.000000
13.611449,10uVrms10Hz_ch2pga1.bin,250,3380,29796,1,0xA3,1,0,0,192,0,0,110253.609717,-15.556812,140410.311520,136514.917016,122157.163918,0.000000,0.000000,0.000000
13.615459,10uVrms10Hz_ch2pga1.bin,250,3381,29797,1,0xA3,1,0,0,192,0,0,110253.632069,-14.640391,140409.708023,136514.782906,122157.365084,0.000000,0.000000,0.000000
13.619459,10uVrms10Hz_ch2pga1.bin,250,3382,29798,1,0xA3,1,0,0,192,0,0,110253.520310,-13.880432,140408.858657,136514.425278,122157.208622,0.000000,0.000000,0.000000
13.623460,10uVrms10Hz_ch2pga1.bin,250,3383,29799,1,0xA3,1,0,0,192,0,0,110253.654420,-14.059246,140408.232808,136514.313519,122157.208622,0.000000,0.000000,0.000000
13.627461,10uVrms10Hz_ch2pga1.bin,250,3384,29800,1,0xA3,1,0,0,192,0,0,110253.944993,-14.841557,140407.875180,136514.425278,122157.365084,0.000000,0.000000,0.000000
13.631461,10uVrms10Hz_ch2pga1.bin,250,3385,29801,1,0xA3,1,0,0,192,0,0,110253.274441,-15.445054,140406.556427,136513.575912,122156.672180,0.000000,0.000000,0.000000
13.635464,10uVrms10Hz_ch2pga1.bin,250,3386,29802,1,0xA3,1,0,0,192,0,0,110253.766179,-16.584992,140406.332910,136513.777077,122157.096863,0.000000,0.000000,0.000000
13.639464,10uVrms10Hz_ch2pga1.bin,250,3387,29803,1,0xA3,1,0,0,192,0,0,110254.995525,-18.283725,140406.735241,136514.738202,122158.236802,0.000000,0.000000,0.000000
13.643466,10uVrms10Hz_ch2pga1.bin,250,3388,29804,1,0xA3,1,0,0,192,0,0,110254.772007,-19.535422,140405.841172,136514.402926,122157.990932,0.000000,0.000000,0.000000
13.647466,10uVrms10Hz_ch2pga1.bin,250,3389,29805,1,0xA3,1,0,0,192,0,0,110254.280269,-21.614134,140404.678881,136513.732374,122157.432139,0.000000,0.000000,0.000000
13.651470,10uVrms10Hz_ch2pga1.bin,250,3390,29806,1,0xA3,1,0,0,192,0,0,110254.101455,-23.446977,140403.829515,136513.330042,122157.208622,0.000000,0.000000,0.000000
13.655470,10uVrms10Hz_ch2pga1.bin,250,3391,29807,1,0xA3,1,0,0,192,0,0,110254.213214,-25.033951,140403.181314,136513.151228,122157.253325,0.000000,0.000000,0.000000
13.659473,10uVrms10Hz_ch2pga1.bin,250,3392,29808,1,0xA3,1,0,0,192,0,0,110255.241394,-25.793910,140403.471887,136513.955891,122158.303857,0.000000,0.000000,0.000000
13.663473,10uVrms10Hz_ch2pga1.bin,250,3393,29809,1,0xA3,1,0,0,192,0,0,110255.755484,-26.755035,140403.315425,136514.358222,122158.683836,0.000000,0.000000,0.000000
13.667477,10uVrms10Hz_ch2pga1.bin,250,3394,29810,1,0xA3,1,0,0,192,0,0,110255.844891,-27.850270,140402.756631,136514.335871,122158.683836,0.000000,0.000000,0.000000
13.671477,10uVrms10Hz_ch2pga1.bin,250,3395,29811,1,0xA3,1,0,0,192,0,0,110255.934298,-28.051436,140402.220190,136514.224112,122158.773243,0.000000,0.000000,0.000000
13.675480,10uVrms10Hz_ch2pga1.bin,250,3396,29812,1,0xA3,1,0,0,192,0,0,110256.448388,-27.649105,140401.974320,136514.559388,122159.175575,0.000000,0.000000,0.000000
13.679480,10uVrms10Hz_ch2pga1.bin,250,3397,29813,1,0xA3,1,0,0,192,0,0,110256.940126,-27.023256,140401.706100,136514.805257,122159.600258,0.000000,0.000000,0.000000
13.683483,10uVrms10Hz_ch2pga1.bin,250,3398,29814,1,0xA3,1,0,0,192,0,0,110257.208347,-25.860965,140401.236713,136514.671147,122159.846127,0.000000,0.000000,0.000000
13.687483,10uVrms10Hz_ch2pga1.bin,250,3399,29815,1,0xA3,1,0,0,192,0,0,110257.208347,-24.564564,140400.588512,136514.514685,122159.846127,0.000000,0.000000,0.000000
13.691483,10uVrms10Hz_ch2pga1.bin,250,3400,29816,1,0xA3,1,0,0,192,0,0,110257.029533,-22.888184,140399.649739,136514.224112,122159.555554,0.000000,0.000000,0.000000
13.695486,10uVrms10Hz_ch2pga1.bin,250,3401,29817,1,0xA3,1,0,0,192,0,0,110257.431865,-21.815300,140399.292111,136514.402926,122159.868479,0.000000,0.000000,0.000000
13.699486,10uVrms10Hz_ch2pga1.bin,250,3402,29818,1,0xA3,1,0,0,192,0,0,110257.320106,-19.490719,140398.420393,136514.179409,122159.756720,0.000000,0.000000,0.000000
13.703490,10uVrms10Hz_ch2pga1.bin,250,3403,29819,1,0xA3,1,0,0,192,0,0,110256.850719,-17.769635,140397.235751,136513.508856,122159.264982,0.000000,0.000000,0.000000
13.707490,10uVrms10Hz_ch2pga1.bin,250,3404,29820,1,0xA3,1,0,0,192,0,0,110256.426036,-16.227365,140396.073461,136512.838304,122158.706188,0.000000,0.000000,0.000000
13.711494,10uVrms10Hz_ch2pga1.bin,250,3405,29821,1,0xA3,1,0,0,192,0,0,110256.962478,-15.355647,140396.006405,136513.061821,122159.175575,0.000000,0.000000,0.000000
13.715494,10uVrms10Hz_ch2pga1.bin,250,3406,29822,1,0xA3,1,0,0,192,0,0,110256.917775,-14.394522,140395.335853,136513.017118,122159.175575,0.000000,0.000000,0.000000
13.719497,10uVrms10Hz_ch2pga1.bin,250,3407,29823,1,0xA3,1,0,0,192,0,0,110257.118940,-14.171004,140394.710004,136513.017118,122159.421444,0.000000,0.000000,0.000000
13.723497,10uVrms10Hz_ch2pga1.bin,250,3408,29824,1,0xA3,1,0,0,192,0,0,110257.722437,-14.171004,140394.642949,136513.330042,122159.957886,0.000000,0.000000,0.000000
13.727497,10uVrms10Hz_ch2pga1.bin,250,3409,29825,1,0xA3,1,0,0,192,0,0,110257.253051,-14.238060,140393.480659,136512.592435,122159.287333,0.000000,0.000000,0.000000
13.731500,10uVrms10Hz_ch2pga1.bin,250,3410,29826,1,0xA3,1,0,0,192,0,0,110257.253051,-15.333295,140392.720699,136512.346566,122159.063816,0.000000,0.000000,0.000000
13.735500,10uVrms10Hz_ch2pga1.bin,250,3411,29827,1,0xA3,1,0,0,192,0,0,110257.744789,-16.897917,140392.519534,136512.659490,122159.622610,0.000000,0.000000,0.000000
13.739504,10uVrms10Hz_ch2pga1.bin,250,3412,29828,1,0xA3,1,0,0,192,0,0,110258.661211,-17.859042,140392.743051,136513.397098,122160.561383,0.000000,0.000000,0.000000
13.743504,10uVrms10Hz_ch2pga1.bin,250,3413,29829,1,0xA3,1,0,0,192,0,0,110259.488225,-19.580126,140392.899513,136514.090002,122161.276639,0.000000,0.000000,0.000000
13.747507,10uVrms10Hz_ch2pga1.bin,250,3414,29830,1,0xA3,1,0,0,192,0,0,110260.158777,-21.636486,140392.743051,136514.447629,122161.835432,0.000000,0.000000,0.000000
13.751507,10uVrms10Hz_ch2pga1.bin,250,3415,29831,1,0xA3,1,0,0,192,0,0,110260.426998,-23.625791,140392.363071,136514.537036,122162.081301,0.000000,0.000000,0.000000
13.755509,10uVrms10Hz_ch2pga1.bin,250,3416,29832,1,0xA3,1,0,0,192,0,0,110260.225832,-25.056303,140391.446650,136514.224112,122161.880136,0.000000,0.000000,0.000000
13.759511,10uVrms10Hz_ch2pga1.bin,250,3417,29833,1,0xA3,1,0,0,192,0,0,110260.784626,-26.442111,140391.334891,136514.626443,122162.327170,0.000000,0.000000,0.000000
13.763511,10uVrms10Hz_ch2pga1.bin,250,3418,29834,1,0xA3,1,0,0,192,0,0,110262.013972,-27.045608,140391.871333,136515.632272,122163.489461,0.000000,0.000000,0.000000
13.767514,10uVrms10Hz_ch2pga1.bin,250,3419,29835,1,0xA3,1,0,0,192,0,0,110261.388123,-27.738512,140390.530229,136514.849961,122162.885964,0.000000,0.000000,0.000000
13.771513,10uVrms10Hz_ch2pga1.bin,250,3420,29836,1,0xA3,1,0,0,192,0,0,110260.896385,-28.252602,140389.345586,136514.179409,122162.416577,0.000000,0.000000,0.000000
13.775517,10uVrms10Hz_ch2pga1.bin,250,3421,29837,1,0xA3,1,0,0,192,0,0,110261.343420,-28.364360,140389.122069,136514.425278,122162.796557,0.000000,0.000000,0.000000
13.779516,10uVrms10Hz_ch2pga1.bin,250,3422,29838,1,0xA3,1,0,0,192,0,0,110262.461007,-27.358532,140389.524400,136515.229940,122163.802385,0.000000,0.000000,0.000000
13.783520,10uVrms10Hz_ch2pga1.bin,250,3423,29839,1,0xA3,1,0,0,192,0,0,110262.684524,-25.838614,140388.965607,136515.364051,122163.958848,0.000000,0.000000,0.000000
13.787519,10uVrms10Hz_ch2pga1.bin,250,3424,29840,1,0xA3,1,0,0,192,0,0,110261.946917,-24.072826,140387.468040,136514.447629,122163.087130,0.000000,0.000000,0.000000
13.791521,10uVrms10Hz_ch2pga1.bin,250,3425,29841,1,0xA3,1,0,0,192,0,0,110261.566937,-23.022294,140386.439860,136513.911188,122162.640095,0.000000,0.000000,0.000000
13.795524,10uVrms10Hz_ch2pga1.bin,250,3426,29842,1,0xA3,1,0,0,192,0,0,110262.438655,-21.412969,140386.551619,136514.514685,122163.422406,0.000000,0.000000,0.000000
13.799523,10uVrms10Hz_ch2pga1.bin,250,3427,29843,1,0xA3,1,0,0,192,0,0,110263.466835,-19.244850,140386.886895,136515.319347,122164.472938,0.000000,0.000000,0.000000
13.803526,10uVrms10Hz_ch2pga1.bin,250,3428,29844,1,0xA3,1,0,0,192,0,0,110263.288021,-17.903745,140386.126935,136514.939368,122164.249420,0.000000,0.000000,0.000000
13.807529,10uVrms10Hz_ch2pga1.bin,250,3429,29845,1,0xA3,1,0,0,192,0,0,110263.131559,-16.227365,140385.210514,136514.604092,122163.981199,0.000000,0.000000,0.000000
13.811528,10uVrms10Hz_ch2pga1.bin,250,3430,29846,1,0xA3,1,0,0,192,0,0,110262.572765,-15.243888,140383.891761,136513.821781,122163.310647,0.000000,0.000000,0.000000
13.815532,10uVrms10Hz_ch2pga1.bin,250,3431,29847,1,0xA3,1,0,0,192,0,0,110262.237489,-14.662743,140382.930636,136513.285339,122163.064778,0.000000,0.000000,0.000000
13.819531,10uVrms10Hz_ch2pga1.bin,250,3432,29848,1,0xA3,1,0,0,192,0,0,110262.550414,-14.171004,140382.595360,136513.441801,122163.400054,0.000000,0.000000,0.000000
13.823534,10uVrms10Hz_ch2pga1.bin,250,3433,29849,1,0xA3,1,0,0,192,0,0,110262.729228,-13.433397,140382.058918,136513.441801,122163.623571,0.000000,0.000000,0.000000
13.827534,10uVrms10Hz_ch2pga1.bin,250,3434,29850,1,0xA3,1,0,0,192,0,0,110263.176262,-14.550984,140381.656587,136513.642967,122163.847089,0.000000,0.000000,0.000000
13.831537,10uVrms10Hz_ch2pga1.bin,250,3435,29851,1,0xA3,1,0,0,192,0,0,110263.153911,-15.892088,140380.963683,136513.464153,122163.735330,0.000000,0.000000,0.000000
13.835537,10uVrms10Hz_ch2pga1.bin,250,3436,29852,1,0xA3,1,0,0,192,0,0,110263.399780,-16.674399,140380.494297,136513.486505,122163.936496,0.000000,0.000000,0.000000
13.839540,10uVrms10Hz_ch2pga1.bin,250,3437,29853,1,0xA3,1,0,0,192,0,0,110264.271498,-17.970800,140380.583704,136514.112353,122164.808214,0.000000,0.000000,0.000000
13.843539,10uVrms10Hz_ch2pga1.bin,250,3438,29854,1,0xA3,1,0,0,192,0,0,110264.696181,-20.027161,140380.449593,136514.425278,122165.255249,0.000000,0.000000,0.000000
13.847542,10uVrms10Hz_ch2pga1.bin,250,3439,29855,1,0xA3,1,0,0,192,0,0,110264.450312,-21.278858,140379.577875,136514.022946,122164.964676,0.000000,0.000000,0.000000
13.851545,10uVrms10Hz_ch2pga1.bin,250,3440,29856,1,0xA3,1,0,0,192,0,0,110264.673829,-22.932887,140378.974378,136513.978243,122164.942324,0.000000,0.000000,0.000000
13.855544,10uVrms10Hz_ch2pga1.bin,250,3441,29857,1,0xA3,1,0,0,192,0,0,110264.807940,-24.944544,140378.504992,136513.978243,122165.121138,0.000000,0.000000,0.000000
13.859546,10uVrms10Hz_ch2pga1.bin,250,3442,29858,1,0xA3,1,0,0,192,0,0,110265.277326,-26.129186,140378.236771,136514.335871,122165.702283,0.000000,0.000000,0.000000
13.863546,10uVrms10Hz_ch2pga1.bin,250,3443,29859,1,0xA3,1,0,0,192,0,0,110265.903175,-26.799738,140378.057957,136514.671147,122166.126966,0.000000,0.000000,0.000000
13.867550,10uVrms10Hz_ch2pga1.bin,250,3444,29860,1,0xA3,1,0,0,192,0,0,110265.344381,-27.604401,140376.828611,136513.911188,122165.501118,0.000000,0.000000,0.000000
13.871550,10uVrms10Hz_ch2pga1.bin,250,3445,29861,1,0xA3,1,0,0,192,0,0,110265.232623,-27.671456,140376.046300,136513.598263,122165.299952,0.000000,0.000000,0.000000
13.875553,10uVrms10Hz_ch2pga1.bin,250,3446,29862,1,0xA3,1,0,0,192,0,0,110266.305506,-27.962029,140376.225114,136514.402926,122166.126966,0.000000,0.000000,0.000000
13.879553,10uVrms10Hz_ch2pga1.bin,250,3447,29863,1,0xA3,1,0,0,192,0,0,110267.087817,-27.067959,140376.381576,136515.073478,122166.953981,0.000000,0.000000,0.000000
13.883556,10uVrms10Hz_ch2pga1.bin,250,3448,29864,1,0xA3,1,0,0,192,0,0,110267.087817,-26.084483,140375.688672,136514.894664,122166.976333,0.000000,0.000000,0.000000
13.887556,10uVrms10Hz_ch2pga1.bin,250,3449,29865,1,0xA3,1,0,0,192,0,0,110267.266631,-24.966896,140375.286341,136514.917016,122167.155147,0.000000,0.000000,0.000000
13.891559,10uVrms10Hz_ch2pga1.bin,250,3450,29866,1,0xA3,1,0,0,192,0,0,110266.819596,-23.312867,140374.235809,136514.402926,122166.685760,0.000000,0.000000,0.000000
13.895559,10uVrms10Hz_ch2pga1.bin,250,3451,29867,1,0xA3,1,0,0,192,0,0,110266.998410,-21.278858,140373.699367,136514.335871,122166.730464,0.000000,0.000000,0.000000
13.899562,10uVrms10Hz_ch2pga1.bin,250,3452,29868,1,0xA3,1,0,0,192,0,0,110267.512500,-19.580126,140373.453498,136514.693499,122167.266905,0.000000,0.000000,0.000000
13.903561,10uVrms10Hz_ch2pga1.bin,250,3453,29869,1,0xA3,1,0,0,192,0,0,110267.221928,-18.037856,140372.425318,136514.112353,122166.797519,0.000000,0.000000,0.000000
13.907564,10uVrms10Hz_ch2pga1.bin,250,3454,29870,1,0xA3,1,0,0,192,0,0,110266.484320,-16.182661,140371.039510,136513.173580,122166.037560,0.000000,0.000000,0.000000
13.911567,10uVrms10Hz_ch2pga1.bin,250,3455,29871,1,0xA3,1,0,0,192,0,0,110266.417265,-15.780330,140370.257199,136512.950063,122166.059911,0.000000,0.000000,0.000000
13.915567,10uVrms10Hz_ch2pga1.bin,250,3456,29872,1,0xA3,1,0,0,192,0,0,110266.461968,-15.266240,140369.608998,136512.771249,122165.970504,0.000000,0.000000,0.000000
13.919570,10uVrms10Hz_ch2pga1.bin,250,3457,29873,1,0xA3,1,0,0,192,0,0,110267.668962,-14.059246,140370.033681,136513.799429,122167.088091,0.000000,0.000000,0.000000
13.923569,10uVrms10Hz_ch2pga1.bin,250,3458,29874,1,0xA3,1,0,0,192,0,0,110267.825425,-13.880432,140369.497240,136513.732374,122167.199850,0.000000,0.000000,0.000000
13.927572,10uVrms10Hz_ch2pga1.bin,250,3459,29875,1,0xA3,1,0,0,192,0,0,110266.864300,-14.729798,140367.887914,136512.458324,122166.059911,0.000000,0.000000,0.000000
13.931572,10uVrms10Hz_ch2pga1.bin,250,3460,29876,1,0xA3,1,0,0,192,0,0,110267.177224,-15.556812,140367.530286,136512.681842,122166.350484,0.000000,0.000000,0.000000
13.935576,10uVrms10Hz_ch2pga1.bin,250,3461,29877,1,0xA3,1,0,0,192,0,0,110267.981887,-16.584992,140367.552638,136513.285339,122167.043388,0.000000,0.000000,0.000000
13.939576,10uVrms10Hz_ch2pga1.bin,250,3462,29878,1,0xA3,1,0,0,192,0,0,110268.428922,-18.686056,140367.396176,136513.620615,122167.557478,0.000000,0.000000,0.000000
13.943576,10uVrms10Hz_ch2pga1.bin,250,3463,29879,1,0xA3,1,0,0,192,0,0,110269.300640,-20.205975,140367.686749,136514.402926,122168.518603,0.000000,0.000000,0.000000
13.947579,10uVrms10Hz_ch2pga1.bin,250,3464,29880,1,0xA3,1,0,0,192,0,0,110269.032419,-21.077693,140366.613865,136513.844132,122168.093920,0.000000,0.000000,0.000000
13.951579,10uVrms10Hz_ch2pga1.bin,250,3465,29881,1,0xA3,1,0,0,192,0,0,110269.658267,-23.603439,140366.479754,136514.291167,122168.652713,0.000000,0.000000,0.000000
13.955583,10uVrms10Hz_ch2pga1.bin,250,3466,29882,1,0xA3,1,0,0,192,0,0,110270.932317,-25.056303,140367.060900,136515.341699,122169.837356,0.000000,0.000000,0.000000
13.959582,10uVrms10Hz_ch2pga1.bin,250,3467,29883,1,0xA3,1,0,0,192,0,0,110271.424055,-26.173890,140366.859734,136515.654624,122170.284390,0.000000,0.000000,0.000000
13.963585,10uVrms10Hz_ch2pga1.bin,250,3468,29884,1,0xA3,1,0,0,192,0,0,110271.357000,-27.291477,140366.122127,136515.453458,122170.217335,0.000000,0.000000,0.000000
13.967588,10uVrms10Hz_ch2pga1.bin,250,3469,29885,1,0xA3,1,0,0,192,0,0,110271.848738,-27.962029,140365.876257,136515.699327,122170.619667,0.000000,0.000000,0.000000
13.971587,10uVrms10Hz_ch2pga1.bin,250,3470,29886,1,0xA3,1,0,0,192,0,0,110271.669924,-28.476119,140365.093946,136515.274644,122170.485556,0.000000,0.000000,0.000000
13.975590,10uVrms10Hz_ch2pga1.bin,250,3471,29887,1,0xA3,1,0,0,192,0,0,110271.781683,-27.850270,140364.535153,136515.162885,122170.530260,0.000000,0.000000,0.000000
13.979590,10uVrms10Hz_ch2pga1.bin,250,3472,29888,1,0xA3,1,0,0,192,0,0,110272.273421,-26.956201,140364.222229,136515.498161,122171.021998,0.000000,0.000000,0.000000
13.983592,10uVrms10Hz_ch2pga1.bin,250,3473,29889,1,0xA3,1,0,0,192,0,0,110272.720456,-26.017427,140364.110470,136515.811086,122171.424329,0.000000,0.000000,0.000000
13.987594,10uVrms10Hz_ch2pga1.bin,250,3474,29890,1,0xA3,1,0,0,192,0,0,110272.675753,-24.721026,140363.328159,136515.475810,122171.267867,0.000000,0.000000,0.000000
13.991593,10uVrms10Hz_ch2pga1.bin,250,3475,29891,1,0xA3,1,0,0,192,0,0,110272.072256,-23.111701,140361.897647,136514.671147,122170.574963,0.000000,0.000000,0.000000
13.995595,10uVrms10Hz_ch2pga1.bin,250,3476,29892,1,0xA3,1,0,0,192,0,0,110271.781683,-21.390617,140360.981226,136514.380574,122170.284390,0.000000,0.000000,0.000000
13.999598,10uVrms10Hz_ch2pga1.bin,250,3477,29893,1,0xA3,1,0,0,192,0,0,110272.452235,-20.004809,140360.891819,136514.849961,122170.887887,0.000000,0.000000,0.000000
14.003598,10uVrms10Hz_ch2pga1.bin,250,3478,29894,1,0xA3,1,0,0,192,0,0,110272.273421,-17.747283,140359.975398,136514.469981,122170.686722,0.000000,0.000000,0.000000
14.007601,10uVrms10Hz_ch2pga1.bin,250,3479,29895,1,0xA3,1,0,0,192,0,0,110272.206366,-16.339123,140359.282494,136514.179409,122170.552611,0.000000,0.000000,0.000000
14.011600,10uVrms10Hz_ch2pga1.bin,250,3480,29896,1,0xA3,1,0,0,192,0,0,110272.675753,-15.176833,140359.081328,136514.469981,122170.910239,0.000000,0.000000,0.000000
14.015603,10uVrms10Hz_ch2pga1.bin,250,3481,29897,1,0xA3,1,0,0,192,0,0,110272.563994,-14.171004,140358.231962,136514.112353,122170.686722,0.000000,0.000000,0.000000
14.019606,10uVrms10Hz_ch2pga1.bin,250,3482,29898,1,0xA3,1,0,0,192,0,0,110272.675753,-13.902783,140357.539058,136514.000595,122170.731425,0.000000,0.000000,0.000000
14.023605,10uVrms10Hz_ch2pga1.bin,250,3483,29899,1,0xA3,1,0,0,192,0,0,110273.055732,-14.349818,140357.337892,136514.246464,122171.111405,0.000000,0.000000,0.000000
14.027608,10uVrms10Hz_ch2pga1.bin,250,3484,29900,1,0xA3,1,0,0,192,0,0,110273.346305,-14.506280,140356.957912,136514.358222,122171.290219,0.000000,0.000000,0.000000
14.031607,10uVrms10Hz_ch2pga1.bin,250,3485,29901,1,0xA3,1,0,0,192,0,0,110273.659229,-14.886260,140356.555581,136514.514685,122171.670198,0.000000,0.000000,0.000000
14.035610,10uVrms10Hz_ch2pga1.bin,250,3486,29902,1,0xA3,1,0,0,192,0,0,110274.262726,-16.652048,140356.577933,136514.917016,122172.273695,0.000000,0.000000,0.000000
14.039612,10uVrms10Hz_ch2pga1.bin,250,3487,29903,1,0xA3,1,0,0,192,0,0,110274.732113,-18.239021,140356.287360,136515.274644,122172.698379,0.000000,0.000000,0.000000
14.043611,10uVrms10Hz_ch2pga1.bin,250,3488,29904,1,0xA3,1,0,0,192,0,0,110275.492072,-19.446015,140356.332064,136515.811086,122173.458338,0.000000,0.000000,0.000000
14.047615,10uVrms10Hz_ch2pga1.bin,250,3489,29905,1,0xA3,1,0,0,192,0,0,110275.581479,-21.748245,140355.706215,136515.587568,122173.368931,0.000000,0.000000,0.000000
14.051615,10uVrms10Hz_ch2pga1.bin,250,3490,29906,1,0xA3,1,0,0,192,0,0,110275.849700,-23.737550,140355.281532,136515.587568,122173.435986,0.000000,0.000000,0.000000
14.055618,10uVrms10Hz_ch2pga1.bin,250,3491,29907,1,0xA3,1,0,0,192,0,0,110275.939107,-24.922192,140354.678035,136515.699327,122173.592448,0.000000,0.000000,0.000000
14.059618,10uVrms10Hz_ch2pga1.bin,250,3492,29908,1,0xA3,1,0,0,192,0,0,110277.190804,-26.285648,140355.259180,136516.816914,122174.866498,0.000000,0.000000,0.000000
14.063621,10uVrms10Hz_ch2pga1.bin,250,3493,29909,1,0xA3,1,0,0,192,0,0,110277.995467,-27.403235,140355.370939,136517.398059,122175.537050,0.000000,0.000000,0.000000
14.067621,10uVrms10Hz_ch2pga1.bin,250,3494,29910,1,0xA3,1,0,0,192,0,0,110278.576612,-28.096139,140355.147421,136517.755687,122176.028788,0.000000,0.000000,0.000000
14.071624,10uVrms10Hz_ch2pga1.bin,250,3495,29911,1,0xA3,1,0,0,192,0,0,110278.442502,-27.984381,140354.387462,136517.398059,122175.939381,0.000000,0.000000,0.000000
14.075623,10uVrms10Hz_ch2pga1.bin,250,3496,29912,1,0xA3,1,0,0,192,0,0,110278.263688,-27.894974,140353.426337,136517.018080,122175.738215,0.000000,0.000000,0.000000
14.079627,10uVrms10Hz_ch2pga1.bin,250,3497,29913,1,0xA3,1,0,0,192,0,0,110278.911889,-26.978552,140353.359282,136517.532170,122176.386416,0.000000,0.000000,0.000000
14.083627,10uVrms10Hz_ch2pga1.bin,250,3498,29914,1,0xA3,1,0,0,192,0,0,110279.113054,-25.950372,140352.956951,136517.666280,122176.520526,0.000000,0.000000,0.000000
14.087629,10uVrms10Hz_ch2pga1.bin,250,3499,29915,1,0xA3,1,0,0,192,0,0,110278.777778,-24.408102,140351.906419,136517.129838,122176.162899,0.000000,0.000000,0.000000
14.091630,10uVrms10Hz_ch2pga1.bin,250,3500,29916,1,0xA3,1,0,0,192,0,0,110278.867185,-22.888184,140351.369977,136516.906321,122176.162899,0.000000,0.000000,0.000000
14.095632,10uVrms10Hz_ch2pga1.bin,250,3501,29917,1,0xA3,1,0,0,192,0,0,110279.090703,-21.770597,140350.900590,136516.973376,122176.341712,0.000000,0.000000,0.000000
14.099631,10uVrms10Hz_ch2pga1.bin,250,3502,29918,1,0xA3,1,0,0,192,0,0,110279.045999,-19.602478,140350.185335,136516.705155,122176.364064,0.000000,0.000000,0.000000
14.103634,10uVrms10Hz_ch2pga1.bin,250,3503,29919,1,0xA3,1,0,0,192,0,0,110278.867185,-17.702579,140349.291265,136516.325176,122176.140547,0.000000,0.000000,0.000000
14.107636,10uVrms10Hz_ch2pga1.bin,250,3504,29920,1,0xA3,1,0,0,192,0,0,110278.487206,-16.517937,140348.151326,136515.699327,122175.581753,0.000000,0.000000,0.000000
14.111638,10uVrms10Hz_ch2pga1.bin,250,3505,29921,1,0xA3,1,0,0,192,0,0,110278.017819,-14.930964,140346.966684,136515.095830,122175.022960,0.000000,0.000000,0.000000
14.115637,10uVrms10Hz_ch2pga1.bin,250,3506,29922,1,0xA3,1,0,0,192,0,0,110278.196633,-14.238060,140346.519649,136515.073478,122175.157070,0.000000,0.000000,0.000000
14.119639,10uVrms10Hz_ch2pga1.bin,250,3507,29923,1,0xA3,1,0,0,192,0,0,110278.218985,-14.327466,140345.804393,136514.894664,122175.201774,0.000000,0.000000,0.000000
14.123642,10uVrms10Hz_ch2pga1.bin,250,3508,29924,1,0xA3,1,0,0,192,0,0,110278.867185,-14.193356,140345.804393,136515.386403,122175.760567,0.000000,0.000000,0.000000
14.127641,10uVrms10Hz_ch2pga1.bin,250,3509,29925,1,0xA3,1,0,0,192,0,0,110279.940069,-14.394522,140346.094966,136516.191065,122176.744044,0.000000,0.000000,0.000000
14.131643,10uVrms10Hz_ch2pga1.bin,250,3510,29926,1,0xA3,1,0,0,192,0,0,110279.917717,-15.981495,140345.513821,136516.034603,122176.721692,0.000000,0.000000,0.000000
14.135645,10uVrms10Hz_ch2pga1.bin,250,3511,29927,1,0xA3,1,0,0,192,0,0,110280.387104,-17.255545,140345.200896,136516.258121,122177.124023,0.000000,0.000000,0.000000
14.139644,10uVrms10Hz_ch2pga1.bin,250,3512,29928,1,0xA3,1,0,0,192,0,0,110280.610621,-18.306077,140344.709158,136516.369879,122177.392244,0.000000,0.000000,0.000000
14.143646,10uVrms10Hz_ch2pga1.bin,250,3513,29929,1,0xA3,1,0,0,192,0,0,110280.968249,-19.870698,140344.262123,136516.481638,122177.660465,0.000000,0.000000,0.000000
14.147648,10uVrms10Hz_ch2pga1.bin,250,3514,29930,1,0xA3,1,0,0,192,0,0,110280.834138,-21.837652,140343.479812,136516.101658,122177.369893,0.000000,0.000000,0.000000
14.151651,10uVrms10Hz_ch2pga1.bin,250,3515,29931,1,0xA3,1,0,0,192,0,0,110280.677676,-23.245811,140342.786908,136515.945196,122177.213430,0.000000,0.000000,0.000000
14.155651,10uVrms10Hz_ch2pga1.bin,250,3516,29932,1,0xA3,1,0,0,192,0,0,110281.191766,-24.743378,140342.541039,136516.280472,122177.772224,0.000000,0.000000,0.000000
14.159654,10uVrms10Hz_ch2pga1.bin,250,3517,29933,1,0xA3,1,0,0,192,0,0,110282.130539,-26.464462,140342.786908,136516.973376,122178.666294,0.000000,0.000000,0.000000
14.163653,10uVrms10Hz_ch2pga1.bin,250,3518,29934,1,0xA3,1,0,0,192,0,0,110282.130539,-27.470291,140341.915190,136516.705155,122178.599238,0.000000,0.000000,0.000000
14.167656,10uVrms10Hz_ch2pga1.bin,250,3519,29935,1,0xA3,1,0,0,192,0,0,110281.996429,-27.827919,140341.132879,136516.347528,122178.398073,0.000000,0.000000,0.000000
14.171656,10uVrms10Hz_ch2pga1.bin,250,3520,29936,1,0xA3,1,0,0,192,0,0,110281.884670,-27.693808,140340.395272,136516.012251,122178.286314,0.000000,0.000000,0.000000
14.175658,10uVrms10Hz_ch2pga1.bin,250,3521,29937,1,0xA3,1,0,0,192,0,0,110282.465816,-28.140843,140340.305865,136516.436934,122178.845108,0.000000,0.000000,0.000000
14.179660,10uVrms10Hz_ch2pga1.bin,250,3522,29938,1,0xA3,1,0,0,192,0,0,110283.225775,-27.157366,140340.328217,136517.040431,122179.448605,0.000000,0.000000,0.000000
14.183660,10uVrms10Hz_ch2pga1.bin,250,3523,29939,1,0xA3,1,0,0,192,0,0,110282.644629,-26.129186,140339.031816,136516.347528,122178.778052,0.000000,0.000000,0.000000
14.187663,10uVrms10Hz_ch2pga1.bin,250,3524,29940,1,0xA3,1,0,0,192,0,0,110281.459987,-24.966896,140337.131917,136514.961720,122177.593410,0.000000,0.000000,0.000000
14.191662,10uVrms10Hz_ch2pga1.bin,250,3525,29941,1,0xA3,1,0,0,192,0,0,110280.878842,-23.424625,140335.947275,136514.179409,122176.945210,0.000000,0.000000,0.000000
14.195664,10uVrms10Hz_ch2pga1.bin,250,3526,29942,1,0xA3,1,0,0,192,0,0,110281.772912,-21.167099,140336.059034,136514.917016,122177.772224,0.000000,0.000000,0.000000
14.199667,10uVrms10Hz_ch2pga1.bin,250,3527,29943,1,0xA3,1,0,0,192,0,0,110282.465816,-19.200146,140335.991979,136515.386403,122178.465128,0.000000,0.000000,0.000000
14.203667,10uVrms10Hz_ch2pga1.bin,250,3528,29944,1,0xA3,1,0,0,192,0,0,110282.756388,-18.127263,140335.656703,136515.364051,122178.688645,0.000000,0.000000,0.000000
14.207670,10uVrms10Hz_ch2pga1.bin,250,3529,29945,1,0xA3,1,0,0,192,0,0,110282.063484,-16.450882,140334.360301,136514.559388,122178.062797,0.000000,0.000000,0.000000
14.211670,10uVrms10Hz_ch2pga1.bin,250,3530,29946,1,0xA3,1,0,0,192,0,0,110282.287002,-14.998019,140333.823860,136514.581740,122178.219259,0.000000,0.000000,0.000000
14.215671,10uVrms10Hz_ch2pga1.bin,250,3531,29947,1,0xA3,1,0,0,192,0,0,110283.270478,-14.729798,140334.047377,136515.319347,122179.001570,0.000000,0.000000,0.000000
14.219675,10uVrms10Hz_ch2pga1.bin,250,3532,29948,1,0xA3,1,0,0,192,0,0,110283.672810,-14.193356,140333.734453,136515.565217,122179.381549,0.000000,0.000000,0.000000
14.223674,10uVrms10Hz_ch2pga1.bin,250,3533,29949,1,0xA3,1,0,0,192,0,0,110283.471644,-13.768673,140332.795680,136515.140533,122179.180384,0.000000,0.000000,0.000000
14.227677,10uVrms10Hz_ch2pga1.bin,250,3534,29950,1,0xA3,1,0,0,192,0,0,110282.823443,-14.930964,140331.476927,136514.335871,122178.398073,0.000000,0.000000,0.000000
14.231680,10uVrms10Hz_ch2pga1.bin,250,3535,29951,1,0xA3,1,0,0,192,0,0,110282.756388,-16.182661,140330.739319,136514.022946,122178.286314,0.000000,0.000000,0.000000
14.235680,10uVrms10Hz_ch2pga1.bin,250,3536,29952,1,0xA3,1,0,0,192,0,0,110282.979906,-16.897917,140330.247581,136514.112353,122178.509831,0.000000,0.000000,0.000000
14.239683,10uVrms10Hz_ch2pga1.bin,250,3537,29953,1,0xA3,1,0,0,192,0,0,110283.583403,-18.127263,140330.180526,136514.559388,122179.180384,0.000000,0.000000,0.000000
14.243682,10uVrms10Hz_ch2pga1.bin,250,3538,29954,1,0xA3,1,0,0,192,0,0,110284.343362,-19.870698,140330.225229,136515.073478,122179.828584,0.000000,0.000000,0.000000
14.247685,10uVrms10Hz_ch2pga1.bin,250,3539,29955,1,0xA3,1,0,0,192,0,0,110284.991562,-21.368265,140330.202878,136515.565217,122180.320323,0.000000,0.000000,0.000000
14.251685,10uVrms10Hz_ch2pga1.bin,250,3540,29956,1,0xA3,1,0,0,192,0,0,110284.522176,-23.066998,140329.040587,136514.872313,122179.783881,0.000000,0.000000,0.000000
14.255687,10uVrms10Hz_ch2pga1.bin,250,3541,29957,1,0xA3,1,0,0,192,0,0,110284.812748,-25.324523,140328.548849,136514.961720,122180.052102,0.000000,0.000000,0.000000
14.259687,10uVrms10Hz_ch2pga1.bin,250,3542,29958,1,0xA3,1,0,0,192,0,0,110285.662115,-26.419759,140328.750014,136515.744030,122180.901468,0.000000,0.000000,0.000000
14.263689,10uVrms10Hz_ch2pga1.bin,250,3543,29959,1,0xA3,1,0,0,192,0,0,110285.997391,-27.313828,140328.370035,136515.878141,122181.124985,0.000000,0.000000,0.000000
14.267692,10uVrms10Hz_ch2pga1.bin,250,3544,29960,1,0xA3,1,0,0,192,0,0,110285.907984,-27.626753,140327.475965,136515.408754,122180.812061,0.000000,0.000000,0.000000
14.271691,10uVrms10Hz_ch2pga1.bin,250,3545,29961,1,0xA3,1,0,0,192,0,0,110285.483301,-28.140843,140326.313674,136514.715850,122180.409729,0.000000,0.000000,0.000000
14.275694,10uVrms10Hz_ch2pga1.bin,250,3546,29962,1,0xA3,1,0,0,192,0,0,110286.176205,-28.140843,140326.268971,136515.319347,122181.035578,0.000000,0.000000,0.000000
14.279697,10uVrms10Hz_ch2pga1.bin,250,3547,29963,1,0xA3,1,0,0,192,0,0,110286.556184,-27.157366,140326.023102,136515.565217,122181.393206,0.000000,0.000000,0.000000
14.283697,10uVrms10Hz_ch2pga1.bin,250,3548,29964,1,0xA3,1,0,0,192,0,0,110286.980867,-26.397407,140325.777233,136515.788734,122181.929648,0.000000,0.000000,0.000000
14.287697,10uVrms10Hz_ch2pga1.bin,250,3549,29965,1,0xA3,1,0,0,192,0,0,110286.377370,-24.519861,140324.458480,136515.006423,122181.192040,0.000000,0.000000,0.000000
14.291701,10uVrms10Hz_ch2pga1.bin,250,3550,29966,1,0xA3,1,0,0,192,0,0,110285.975039,-22.597611,140323.452652,136514.380574,122180.677950,0.000000,0.000000,0.000000
14.295701,10uVrms10Hz_ch2pga1.bin,250,3551,29967,1,0xA3,1,0,0,192,0,0,110285.528004,-21.211803,140322.178602,136513.732374,122180.163860,0.000000,0.000000,0.000000
14.299704,10uVrms10Hz_ch2pga1.bin,250,3552,29968,1,0xA3,1,0,0,192,0,0,110285.572708,-19.490719,140321.642160,136513.732374,122180.208564,0.000000,0.000000,0.000000
14.303704,10uVrms10Hz_ch2pga1.bin,250,3553,29969,1,0xA3,1,0,0,192,0,0,110285.751522,-17.948449,140321.239829,136513.754725,122180.387378,0.000000,0.000000,0.000000
14.307707,10uVrms10Hz_ch2pga1.bin,250,3554,29970,1,0xA3,1,0,0,192,0,0,110285.259783,-16.182661,140319.898725,136512.950063,122179.806232,0.000000,0.000000,0.000000
14.311707,10uVrms10Hz_ch2pga1.bin,250,3555,29971,1,0xA3,1,0,0,192,0,0,110285.438597,-15.713274,140319.406986,136512.905359,122179.962695,0.000000,0.000000,0.000000
14.315711,10uVrms10Hz_ch2pga1.bin,250,3556,29972,1,0xA3,1,0,0,192,0,0,110285.684466,-14.729798,140318.781137,136512.883008,122180.141509,0.000000,0.000000,0.000000
14.319711,10uVrms10Hz_ch2pga1.bin,250,3557,29973,1,0xA3,1,0,0,192,0,0,110286.131501,-13.858080,140318.557620,136513.151228,122180.521488,0.000000,0.000000,0.000000
14.323711,10uVrms10Hz_ch2pga1.bin,250,3558,29974,1,0xA3,1,0,0,192,0,0,110286.891460,-14.349818,140318.602324,136513.732374,122181.214392,0.000000,0.000000,0.000000
14.327714,10uVrms10Hz_ch2pga1.bin,250,3559,29975,1,0xA3,1,0,0,192,0,0,110287.249088,-14.930964,140318.334103,136513.955891,122181.616724,0.000000,0.000000,0.000000
14.331714,10uVrms10Hz_ch2pga1.bin,250,3560,29976,1,0xA3,1,0,0,192,0,0,110287.517309,-15.489757,140317.931771,136514.045298,122181.750834,0.000000,0.000000,0.000000
14.335717,10uVrms10Hz_ch2pga1.bin,250,3561,29977,1,0xA3,1,0,0,192,0,0,110288.545489,-16.897917,140318.132937,136514.782906,122182.622552,0.000000,0.000000,0.000000
14.339717,10uVrms10Hz_ch2pga1.bin,250,3562,29978,1,0xA3,1,0,0,192,0,0,110288.992524,-18.909574,140317.976475,136515.118182,122183.047235,0.000000,0.000000,0.000000
14.343720,10uVrms10Hz_ch2pga1.bin,250,3563,29979,1,0xA3,1,0,0,192,0,0,110289.372504,-20.205975,140317.574143,136515.274644,122183.315456,0.000000,0.000000,0.000000
14.347720,10uVrms10Hz_ch2pga1.bin,250,3564,29980,1,0xA3,1,0,0,192,0,0,110289.394855,-21.591783,140316.970646,136515.118182,122183.337808,0.000000,0.000000,0.000000
14.351722,10uVrms10Hz_ch2pga1.bin,250,3565,29981,1,0xA3,1,0,0,192,0,0,110289.663076,-24.028122,140316.545963,136515.140533,122183.583677,0.000000,0.000000,0.000000
14.355726,10uVrms10Hz_ch2pga1.bin,250,3566,29982,1,0xA3,1,0,0,192,0,0,110289.752483,-25.503337,140315.808356,136514.961720,122183.538973,0.000000,0.000000,0.000000
14.359725,10uVrms10Hz_ch2pga1.bin,250,3567,29983,1,0xA3,1,0,0,192,0,0,110290.825367,-26.263297,140316.277742,136515.922844,122184.634209,0.000000,0.000000,0.000000
14.363728,10uVrms10Hz_ch2pga1.bin,250,3568,29984,1,0xA3,1,0,0,192,0,0,110291.495919,-27.202070,140316.277742,136516.571045,122185.327113,0.000000,0.000000,0.000000
14.367728,10uVrms10Hz_ch2pga1.bin,250,3569,29985,1,0xA3,1,0,0,192,0,0,110291.518271,-27.716160,140315.584838,136516.258121,122185.193002,0.000000,0.000000,0.000000
14.371730,10uVrms10Hz_ch2pga1.bin,250,3570,29986,1,0xA3,1,0,0,192,0,0,110292.233527,-28.364360,140315.584838,136516.705155,122185.729444,0.000000,0.000000,0.000000
14.375730,10uVrms10Hz_ch2pga1.bin,250,3571,29987,1,0xA3,1,0,0,192,0,0,110292.635858,-27.984381,140315.227211,136516.928673,122185.997665,0.000000,0.000000,0.000000
14.379733,10uVrms10Hz_ch2pga1.bin,250,3572,29988,1,0xA3,1,0,0,192,0,0,110293.418169,-27.559698,140315.428376,136517.599225,122186.869383,0.000000,0.000000,0.000000
14.383733,10uVrms10Hz_ch2pga1.bin,250,3573,29989,1,0xA3,1,0,0,192,0,0,110293.284059,-26.240945,140314.601362,136517.308652,122186.712921,0.000000,0.000000,0.000000
14.387735,10uVrms10Hz_ch2pga1.bin,250,3574,29990,1,0xA3,1,0,0,192,0,0,110293.015838,-24.452806,140313.684940,136516.951025,122186.422348,0.000000,0.000000,0.000000
14.391738,10uVrms10Hz_ch2pga1.bin,250,3575,29991,1,0xA3,1,0,0,192,0,0,110292.792320,-23.134053,140312.768519,136516.526341,122186.109424,0.000000,0.000000,0.000000
14.395737,10uVrms10Hz_ch2pga1.bin,250,3576,29992,1,0xA3,1,0,0,192,0,0,110292.993486,-21.658838,140312.232077,136516.526341,122186.221182,0.000000,0.000000,0.000000
14.399739,10uVrms10Hz_ch2pga1.bin,250,3577,29993,1,0xA3,1,0,0,192,0,0,110293.261707,-19.423664,140311.740339,136516.593397,122186.467052,0.000000,0.000000,0.000000
14.403743,10uVrms10Hz_ch2pga1.bin,250,3578,29994,1,0xA3,1,0,0,192,0,0,110292.747617,-17.434359,140310.600400,136515.900493,122185.997665,0.000000,0.000000,0.000000
14.407742,10uVrms10Hz_ch2pga1.bin,250,3579,29995,1,0xA3,1,0,0,192,0,0,110293.261707,-16.339123,140310.332179,136516.124010,122186.377645,0.000000,0.000000,0.000000
14.411745,10uVrms10Hz_ch2pga1.bin,250,3580,29996,1,0xA3,1,0,0,192,0,0,110293.909907,-15.445054,140310.153365,136516.593397,122186.891735,0.000000,0.000000,0.000000
14.415744,10uVrms10Hz_ch2pga1.bin,250,3581,29997,1,0xA3,1,0,0,192,0,0,110294.133425,-14.506280,140309.683979,136516.615748,122187.204659,0.000000,0.000000,0.000000
14.419748,10uVrms10Hz_ch2pga1.bin,250,3582,29998,1,0xA3,1,0,0,192,0,0,110294.468701,-14.193356,140309.348702,136516.772211,122187.428176,0.000000,0.000000,0.000000
14.423748,10uVrms10Hz_ch2pga1.bin,250,3583,29999,1,0xA3,1,0,0,192,0,0,110294.021666,-14.014542,140308.253467,136516.168714,122187.003493,0.000000,0.000000,0.000000
14.427750,10uVrms10Hz_ch2pga1.bin,250,3584,30000,1,0xA3,1,0,0,192,0,0,110294.133425,-14.394522,140307.649970,136516.034603,122187.092900,0.000000,0.000000,0.000000
14.431750,10uVrms10Hz_ch2pga1.bin,250,3585,30001,1,0xA3,1,0,0,192,0,0,110294.625163,-15.623868,140307.471156,136516.347528,122187.495232,0.000000,0.000000,0.000000
14.435753,10uVrms10Hz_ch2pga1.bin,250,3586,30002,1,0xA3,1,0,0,192,0,0,110294.625163,-17.121434,140306.845307,136516.146362,122187.428176,0.000000,0.000000,0.000000
14.439756,10uVrms10Hz_ch2pga1.bin,250,3587,30003,1,0xA3,1,0,0,192,0,0,110295.183957,-18.306077,140306.554735,136516.414583,122187.830508,0.000000,0.000000,0.000000
14.443755,10uVrms10Hz_ch2pga1.bin,250,3588,30004,1,0xA3,1,0,0,192,0,0,110295.809805,-19.915402,140306.398273,136516.794562,122188.389301,0.000000,0.000000,0.000000
14.447758,10uVrms10Hz_ch2pga1.bin,250,3589,30005,1,0xA3,1,0,0,192,0,0,110295.742750,-21.837652,140305.772424,136516.571045,122188.277543,0.000000,0.000000,0.000000
14.451757,10uVrms10Hz_ch2pga1.bin,250,3590,30006,1,0xA3,1,0,0,192,0,0,110295.854509,-23.894012,140305.191278,136516.571045,122188.434005,0.000000,0.000000,0.000000
14.455760,10uVrms10Hz_ch2pga1.bin,250,3591,30007,1,0xA3,1,0,0,192,0,0,110296.055675,-25.190413,140304.766595,136516.615748,122188.501060,0.000000,0.000000,0.000000
14.459763,10uVrms10Hz_ch2pga1.bin,250,3592,30008,1,0xA3,1,0,0,192,0,0,110296.703875,-25.972724,140304.766595,136517.196894,122189.372778,0.000000,0.000000,0.000000
14.463763,10uVrms10Hz_ch2pga1.bin,250,3593,30009,1,0xA3,1,0,0,192,0,0,110296.994448,-27.336180,140304.364264,136517.286301,122189.573944,0.000000,0.000000,0.000000
14.467766,10uVrms10Hz_ch2pga1.bin,250,3594,30010,1,0xA3,1,0,0,192,0,0,110296.972096,-28.096139,140303.649008,136517.085135,122189.439833,0.000000,0.000000,0.000000
14.471765,10uVrms10Hz_ch2pga1.bin,250,3595,30011,1,0xA3,1,0,0,192,0,0,110296.949744,-28.096139,140302.844346,136516.816914,122189.328074,0.000000,0.000000,0.000000
14.475768,10uVrms10Hz_ch2pga1.bin,250,3596,30012,1,0xA3,1,0,0,192,0,0,110296.949744,-27.716160,140302.196145,136516.638100,122189.328074,0.000000,0.000000,0.000000
14.479767,10uVrms10Hz_ch2pga1.bin,250,3597,30013,1,0xA3,1,0,0,192,0,0,110297.352076,-27.179718,140301.816165,136516.839266,122189.663351,0.000000,0.000000,0.000000
14.483770,10uVrms10Hz_ch2pga1.bin,250,3598,30014,1,0xA3,1,0,0,192,0,0,110297.553241,-25.682151,140301.190317,136516.839266,122189.685702,0.000000,0.000000,0.000000
14.487770,10uVrms10Hz_ch2pga1.bin,250,3599,30015,1,0xA3,1,0,0,192,0,0,110297.575593,-24.408102,140300.676227,136516.749859,122189.752758,0.000000,0.000000,0.000000
14.491773,10uVrms10Hz_ch2pga1.bin,250,3600,30016,1,0xA3,1,0,0,192,0,0,110297.419131,-23.156404,140299.737453,136516.325176,122189.417481,0.000000,0.000000,0.000000
14.495775,10uVrms10Hz_ch2pga1.bin,250,3601,30017,1,0xA3,1,0,0,192,0,0,110296.949744,-21.368265,140298.619866,136515.699327,122188.970447,0.000000,0.000000,0.000000
14.499774,10uVrms10Hz_ch2pga1.bin,250,3602,30018,1,0xA3,1,0,0,192,0,0,110297.866166,-19.244850,140298.798680,136516.503990,122189.953923,0.000000,0.000000,0.000000
14.503776,10uVrms10Hz_ch2pga1.bin,250,3603,30019,1,0xA3,1,0,0,192,0,0,110298.357904,-18.104911,140298.508108,136516.727507,122190.378606,0.000000,0.000000,0.000000
14.507780,10uVrms10Hz_ch2pga1.bin,250,3604,30020,1,0xA3,1,0,0,192,0,0,110297.977924,-16.674399,140297.390521,136516.079307,122189.797461,0.000000,0.000000,0.000000
14.511779,10uVrms10Hz_ch2pga1.bin,250,3605,30021,1,0xA3,1,0,0,192,0,0,110297.217965,-15.445054,140296.027064,136515.140533,122188.925743,0.000000,0.000000,0.000000
14.515783,10uVrms10Hz_ch2pga1.bin,250,3606,30022,1,0xA3,1,0,0,192,0,0,110297.083855,-15.199184,140295.200050,136514.894664,122188.836336,0.000000,0.000000,0.000000
14.519782,10uVrms10Hz_ch2pga1.bin,250,3607,30023,1,0xA3,1,0,0,192,0,0,110297.553241,-14.662743,140294.909477,136515.140533,122189.216316,0.000000,0.000000,0.000000
14.523785,10uVrms10Hz_ch2pga1.bin,250,3608,30024,1,0xA3,1,0,0,192,0,0,110298.313200,-14.103949,140295.043588,136515.721679,122189.998627,0.000000,0.000000,0.000000
14.527784,10uVrms10Hz_ch2pga1.bin,250,3609,30025,1,0xA3,1,0,0,192,0,0,110298.201442,-14.729798,140294.238925,136515.364051,122189.842165,0.000000,0.000000,0.000000
14.531787,10uVrms10Hz_ch2pga1.bin,250,3610,30026,1,0xA3,1,0,0,192,0,0,110298.402607,-16.026199,140293.657780,136515.364051,122189.775109,0.000000,0.000000,0.000000
14.535787,10uVrms10Hz_ch2pga1.bin,250,3611,30027,1,0xA3,1,0,0,192,0,0,110298.514366,-16.808510,140293.009579,136515.296996,122189.842165,0.000000,0.000000,0.000000
14.539791,10uVrms10Hz_ch2pga1.bin,250,3612,30028,1,0xA3,1,0,0,192,0,0,110298.983753,-18.261373,140292.830765,136515.676975,122190.378606,0.000000,0.000000,0.000000
14.543790,10uVrms10Hz_ch2pga1.bin,250,3613,30029,1,0xA3,1,0,0,192,0,0,110299.609601,-20.205975,140292.562544,136516.012251,122190.870345,0.000000,0.000000,0.000000
14.547793,10uVrms10Hz_ch2pga1.bin,250,3614,30030,1,0xA3,1,0,0,192,0,0,110299.676657,-21.703541,140292.003751,136515.855789,122190.892696,0.000000,0.000000,0.000000
14.551796,10uVrms10Hz_ch2pga1.bin,250,3615,30031,1,0xA3,1,0,0,192,0,0,110300.056636,-23.446977,140291.802585,136516.146362,122191.295028,0.000000,0.000000,0.000000
14.555795,10uVrms10Hz_ch2pga1.bin,250,3616,30032,1,0xA3,1,0,0,192,0,0,110300.213099,-25.346875,140291.199088,136516.146362,122191.518545,0.000000,0.000000,0.000000
14.559797,10uVrms10Hz_ch2pga1.bin,250,3617,30033,1,0xA3,1,0,0,192,0,0,110301.062465,-26.732683,140291.333199,136516.794562,122192.256153,0.000000,0.000000,0.000000
14.563800,10uVrms10Hz_ch2pga1.bin,250,3618,30034,1,0xA3,1,0,0,192,0,0,110301.531851,-27.135015,140291.087329,136516.951025,122192.680836,0.000000,0.000000,0.000000
14.567799,10uVrms10Hz_ch2pga1.bin,250,3619,30035,1,0xA3,1,0,0,192,0,0,110301.487148,-27.738512,140290.327370,136516.593397,122192.569077,0.000000,0.000000,0.000000
14.571801,10uVrms10Hz_ch2pga1.bin,250,3620,30036,1,0xA3,1,0,0,192,0,0,110301.889479,-28.409064,140290.036798,136516.794562,122192.882001,0.000000,0.000000,0.000000
14.575804,10uVrms10Hz_ch2pga1.bin,250,3621,30037,1,0xA3,1,0,0,192,0,0,110302.112997,-28.543174,140289.545059,136516.816914,122192.926705,0.000000,0.000000,0.000000
14.579803,10uVrms10Hz_ch2pga1.bin,250,3622,30038,1,0xA3,1,0,0,192,0,0,110302.135348,-27.202070,140288.874507,136516.816914,122193.016112,0.000000,0.000000,0.000000
14.583806,10uVrms10Hz_ch2pga1.bin,250,3623,30039,1,0xA3,1,0,0,192,0,0,110301.755369,-25.972724,140287.958086,136516.414583,122192.770243,0.000000,0.000000,0.000000
14.587805,10uVrms10Hz_ch2pga1.bin,250,3624,30040,1,0xA3,1,0,0,192,0,0,110301.174223,-24.452806,140286.639333,136515.475810,122191.987932,0.000000,0.000000,0.000000
14.591807,10uVrms10Hz_ch2pga1.bin,250,3625,30041,1,0xA3,1,0,0,192,0,0,110300.995409,-22.709370,140285.722911,136515.073478,122191.809118,0.000000,0.000000,0.000000
14.595810,10uVrms10Hz_ch2pga1.bin,250,3626,30042,1,0xA3,1,0,0,192,0,0,110301.688313,-21.480024,140285.722911,136515.609920,122192.367911,0.000000,0.000000,0.000000
14.599809,10uVrms10Hz_ch2pga1.bin,250,3627,30043,1,0xA3,1,0,0,192,0,0,110302.180052,-19.848347,140285.432339,136515.989900,122192.882001,0.000000,0.000000,0.000000
14.603813,10uVrms10Hz_ch2pga1.bin,250,3628,30044,1,0xA3,1,0,0,192,0,0,110302.582383,-17.814338,140284.985304,136516.034603,122193.083167,0.000000,0.000000,0.000000
14.607812,10uVrms10Hz_ch2pga1.bin,250,3629,30045,1,0xA3,1,0,0,192,0,0,110302.001238,-15.914440,140283.845365,136515.274644,122192.457318,0.000000,0.000000,0.000000
14.611815,10uVrms10Hz_ch2pga1.bin,250,3630,30046,1,0xA3,1,0,0,192,0,0,110301.241279,-15.489757,140282.504261,136514.447629,122191.786766,0.000000,0.000000,0.000000
14.615818,10uVrms10Hz_ch2pga1.bin,250,3631,30047,1,0xA3,1,0,0,192,0,0,110301.822424,-14.685094,140282.325447,136514.782906,122192.233801,0.000000,0.000000,0.000000
14.619817,10uVrms10Hz_ch2pga1.bin,250,3632,30048,1,0xA3,1,0,0,192,0,0,110302.291811,-13.679266,140282.034874,136515.028775,122192.680836,0.000000,0.000000,0.000000
14.623820,10uVrms10Hz_ch2pga1.bin,250,3633,30049,1,0xA3,1,0,0,192,0,0,110301.844776,-14.059246,140280.872583,136514.402926,122192.211449,0.000000,0.000000,0.000000
14.627819,10uVrms10Hz_ch2pga1.bin,250,3634,30050,1,0xA3,1,0,0,192,0,0,110301.710665,-14.841557,140280.067921,136514.112353,122191.965580,0.000000,0.000000,0.000000
14.631821,10uVrms10Hz_ch2pga1.bin,250,3635,30051,1,0xA3,1,0,0,192,0,0,110301.978886,-15.668571,140279.665589,136514.157057,122192.144394,0.000000,0.000000,0.000000
14.635825,10uVrms10Hz_ch2pga1.bin,250,3636,30052,1,0xA3,1,0,0,192,0,0,110302.202404,-16.853213,140279.218554,136514.157057,122192.412615,0.000000,0.000000,0.000000
14.639824,10uVrms10Hz_ch2pga1.bin,250,3637,30053,1,0xA3,1,0,0,192,0,0,110303.409398,-18.864870,140279.665589,136515.185237,122193.507850,0.000000,0.000000,0.000000
14.643827,10uVrms10Hz_ch2pga1.bin,250,3638,30054,1,0xA3,1,0,0,192,0,0,110304.258764,-20.004809,140279.822052,136515.744030,122194.267809,0.000000,0.000000,0.000000
14.647826,10uVrms10Hz_ch2pga1.bin,250,3639,30055,1,0xA3,1,0,0,192,0,0,110304.012895,-21.614134,140278.749168,136515.319347,122193.932533,0.000000,0.000000,0.000000
14.651829,10uVrms10Hz_ch2pga1.bin,250,3640,30056,1,0xA3,1,0,0,192,0,0,110303.476453,-23.804605,140277.653933,136514.581740,122193.396091,0.000000,0.000000,0.000000
14.655832,10uVrms10Hz_ch2pga1.bin,250,3641,30057,1,0xA3,1,0,0,192,0,0,110303.677619,-25.905669,140277.251601,136514.782906,122193.641961,0.000000,0.000000,0.000000
14.659831,10uVrms10Hz_ch2pga1.bin,250,3642,30058,1,0xA3,1,0,0,192,0,0,110304.817557,-26.598573,140277.631581,136515.811086,122194.826603,0.000000,0.000000,0.000000
14.663834,10uVrms10Hz_ch2pga1.bin,250,3643,30059,1,0xA3,1,0,0,192,0,0,110305.353999,-27.358532,140277.519822,136516.124010,122195.228934,0.000000,0.000000,0.000000
14.667834,10uVrms10Hz_ch2pga1.bin,250,3644,30060,1,0xA3,1,0,0,192,0,0,110305.555165,-27.917325,140277.095139,136516.146362,122195.407748,0.000000,0.000000,0.000000
14.671838,10uVrms10Hz_ch2pga1.bin,250,3645,30061,1,0xA3,1,0,0,192,0,0,110305.957496,-28.163195,140276.715159,136516.325176,122195.720673,0.000000,0.000000,0.000000
14.675837,10uVrms10Hz_ch2pga1.bin,250,3646,30062,1,0xA3,1,0,0,192,0,0,110306.359828,-27.760863,140276.469290,136516.638100,122196.145356,0.000000,0.000000,0.000000
14.679841,10uVrms10Hz_ch2pga1.bin,250,3647,30063,1,0xA3,1,0,0,192,0,0,110306.359828,-26.889145,140275.776386,136516.459286,122196.145356,0.000000,0.000000,0.000000
14.683840,10uVrms10Hz_ch2pga1.bin,250,3648,30064,1,0xA3,1,0,0,192,0,0,110306.762159,-26.129186,140275.463462,136516.638100,122196.435928,0.000000,0.000000,0.000000
14.687842,10uVrms10Hz_ch2pga1.bin,250,3649,30065,1,0xA3,1,0,0,192,0,0,110306.181014,-24.273992,140274.144709,136515.744030,122195.698321,0.000000,0.000000,0.000000
14.691845,10uVrms10Hz_ch2pga1.bin,250,3650,30066,1,0xA3,1,0,0,192,0,0,110305.957496,-23.022294,140273.183584,136515.229940,122195.340693,0.000000,0.000000,0.000000
14.695844,10uVrms10Hz_ch2pga1.bin,250,3651,30067,1,0xA3,1,0,0,192,0,0,110305.733979,-21.860003,140272.289515,136514.961720,122195.206583,0.000000,0.000000,0.000000
14.699846,10uVrms10Hz_ch2pga1.bin,250,3652,30068,1,0xA3,1,0,0,192,0,0,110306.270421,-19.557774,140272.043645,136515.252292,122195.631266,0.000000,0.000000,0.000000
14.703848,10uVrms10Hz_ch2pga1.bin,250,3653,30069,1,0xA3,1,0,0,192,0,0,110306.248069,-17.702579,140271.350741,136515.140533,122195.474803,0.000000,0.000000,0.000000
14.707847,10uVrms10Hz_ch2pga1.bin,250,3654,30070,1,0xA3,1,0,0,192,0,0,110306.315124,-16.339123,140270.859003,136515.006423,122195.586562,0.000000,0.000000,0.000000
14.711850,10uVrms10Hz_ch2pga1.bin,250,3655,30071,1,0xA3,1,0,0,192,0,0,110306.136310,-15.601516,140269.920230,136514.559388,122195.340693,0.000000,0.000000,0.000000
14.715853,10uVrms10Hz_ch2pga1.bin,250,3656,30072,1,0xA3,1,0,0,192,0,0,110306.583345,-14.662743,140269.830823,136514.917016,122195.921838,0.000000,0.000000,0.000000
14.719851,10uVrms10Hz_ch2pga1.bin,250,3657,30073,1,0xA3,1,0,0,192,0,0,110307.030380,-14.394522,140269.517899,136515.185237,122196.324170,0.000000,0.000000,0.000000
14.723854,10uVrms10Hz_ch2pga1.bin,250,3658,30074,1,0xA3,1,0,0,192,0,0,110307.589173,-14.685094,140269.316733,136515.542865,122196.771204,0.000000,0.000000,0.000000
14.727855,10uVrms10Hz_ch2pga1.bin,250,3659,30075,1,0xA3,1,0,0,192,0,0,110308.215022,-14.461577,140269.272029,136515.967548,122197.374701,0.000000,0.000000,0.000000
14.731858,10uVrms10Hz_ch2pga1.bin,250,3660,30076,1,0xA3,1,0,0,192,0,0,110307.924449,-15.802681,140268.199146,136515.453458,122196.994722,0.000000,0.000000,0.000000
14.735857,10uVrms10Hz_ch2pga1.bin,250,3661,30077,1,0xA3,1,0,0,192,0,0,110308.550298,-17.546117,140268.221498,136515.922844,122197.553515,0.000000,0.000000,0.000000
14.739859,10uVrms10Hz_ch2pga1.bin,250,3662,30078,1,0xA3,1,0,0,192,0,0,110308.818519,-18.484890,140267.819166,136516.012251,122197.709978,0.000000,0.000000,0.000000
14.743862,10uVrms10Hz_ch2pga1.bin,250,3663,30079,1,0xA3,1,0,0,192,0,0,110309.064388,-19.490719,140267.260373,136516.012251,122197.933495,0.000000,0.000000,0.000000
14.747861,10uVrms10Hz_ch2pga1.bin,250,3664,30080,1,0xA3,1,0,0,192,0,0,110309.287906,-21.792948,140266.701579,136516.012251,122198.022902,0.000000,0.000000,0.000000
14.751865,10uVrms10Hz_ch2pga1.bin,250,3665,30081,1,0xA3,1,0,0,192,0,0,110309.399664,-23.804605,140266.165137,136515.922844,122198.045254,0.000000,0.000000,0.000000
14.755864,10uVrms10Hz_ch2pga1.bin,250,3666,30082,1,0xA3,1,0,0,192,0,0,110310.114920,-25.346875,140266.142786,136516.414583,122198.671103,0.000000,0.000000,0.000000
14.759867,10uVrms10Hz_ch2pga1.bin,250,3667,30083,1,0xA3,1,0,0,192,0,0,110310.852528,-26.352704,140266.232193,136517.018080,122199.453413,0.000000,0.000000,0.000000
14.763867,10uVrms10Hz_ch2pga1.bin,250,3668,30084,1,0xA3,1,0,0,192,0,0,110311.299562,-27.425587,140266.031027,136517.331004,122199.855745,0.000000,0.000000,0.000000
14.767870,10uVrms10Hz_ch2pga1.bin,250,3669,30085,1,0xA3,1,0,0,192,0,0,110311.344266,-27.984381,140265.204012,136516.995728,122199.721634,0.000000,0.000000,0.000000
14.771869,10uVrms10Hz_ch2pga1.bin,250,3670,30086,1,0xA3,1,0,0,192,0,0,110311.433673,-28.319657,140264.533460,136516.839266,122199.766338,0.000000,0.000000,0.000000
14.775872,10uVrms10Hz_ch2pga1.bin,250,3671,30087,1,0xA3,1,0,0,192,0,0,110311.724246,-28.029084,140264.265239,136517.174542,122200.123966,0.000000,0.000000,0.000000
14.779875,10uVrms10Hz_ch2pga1.bin,250,3672,30088,1,0xA3,1,0,0,192,0,0,110311.590135,-27.336180,140263.505280,136516.816914,122199.967504,0.000000,0.000000,0.000000
14.783874,10uVrms10Hz_ch2pga1.bin,250,3673,30089,1,0xA3,1,0,0,192,0,0,110311.992466,-26.330352,140263.259411,136517.018080,122200.347483,0.000000,0.000000,0.000000
14.787877,10uVrms10Hz_ch2pga1.bin,250,3674,30090,1,0xA3,1,0,0,192,0,0,110311.724246,-24.743378,140262.186527,136516.459286,122199.945152,0.000000,0.000000,0.000000
14.791876,10uVrms10Hz_ch2pga1.bin,250,3675,30091,1,0xA3,1,0,0,192,0,0,110310.874879,-23.178756,140260.621905,136515.520513,122199.051082,0.000000,0.000000,0.000000
14.795879,10uVrms10Hz_ch2pga1.bin,250,3676,30092,1,0xA3,1,0,0,192,0,0,110311.053693,-21.457672,140260.264277,136515.520513,122199.229896,0.000000,0.000000,0.000000
14.799879,10uVrms10Hz_ch2pga1.bin,250,3677,30093,1,0xA3,1,0,0,192,0,0,110311.701894,-19.468367,140260.063112,136515.900493,122199.743986,0.000000,0.000000,0.000000
14.803882,10uVrms10Hz_ch2pga1.bin,250,3678,30094,1,0xA3,1,0,0,192,0,0,110311.970115,-17.903745,140259.683132,136516.146362,122199.989855,0.000000,0.000000,0.000000
14.807885,10uVrms10Hz_ch2pga1.bin,250,3679,30095,1,0xA3,1,0,0,192,0,0,110311.634839,-16.696751,140258.677304,136515.632272,122199.587524,0.000000,0.000000,0.000000
14.811884,10uVrms10Hz_ch2pga1.bin,250,3680,30096,1,0xA3,1,0,0,192,0,0,110310.986638,-15.109777,140257.291496,136514.581740,122198.939323,0.000000,0.000000,0.000000
14.815887,10uVrms10Hz_ch2pga1.bin,250,3681,30097,1,0xA3,1,0,0,192,0,0,110311.187804,-14.573336,140256.799757,136514.693499,122199.073434,0.000000,0.000000,0.000000
14.819886,10uVrms10Hz_ch2pga1.bin,250,3682,30098,1,0xA3,1,0,0,192,0,0,110311.411321,-14.439225,140256.352723,136514.805257,122199.207544,0.000000,0.000000,0.000000
14.823889,10uVrms10Hz_ch2pga1.bin,250,3683,30099,1,0xA3,1,0,0,192,0,0,110312.081873,-14.171004,140256.375074,136515.319347,122199.922800,0.000000,0.000000,0.000000
14.827891,10uVrms10Hz_ch2pga1.bin,250,3684,30100,1,0xA3,1,0,0,192,0,0,110312.327743,-14.886260,140255.972743,136515.341699,122200.191021,0.000000,0.000000,0.000000
14.831890,10uVrms10Hz_ch2pga1.bin,250,3685,30101,1,0xA3,1,0,0,192,0,0,110312.618315,-16.182661,140255.570412,136515.408754,122200.392187,0.000000,0.000000,0.000000
14.835893,10uVrms10Hz_ch2pga1.bin,250,3686,30102,1,0xA3,1,0,0,192,0,0,110313.445330,-17.009676,140255.659819,136516.034603,122201.107442,0.000000,0.000000,0.000000
14.839895,10uVrms10Hz_ch2pga1.bin,250,3687,30103,1,0xA3,1,0,0,192,0,0,110314.182937,-18.239021,140255.749226,136516.571045,122201.755643,0.000000,0.000000,0.000000
14.843895,10uVrms10Hz_ch2pga1.bin,250,3688,30104,1,0xA3,1,0,0,192,0,0,110314.249992,-20.161271,140255.145729,136516.571045,122201.845050,0.000000,0.000000,0.000000
14.847902,10uVrms10Hz_ch2pga1.bin,250,3689,30105,1,0xA3,1,0,0,192,0,0,110313.691199,-22.016466,140253.849328,136515.766382,122201.196849,0.000000,0.000000,0.000000
14.851901,10uVrms10Hz_ch2pga1.bin,250,3690,30106,1,0xA3,1,0,0,192,0,0,110313.914716,-23.402274,140253.223479,136515.676975,122201.286256,0.000000,0.000000,0.000000
14.855902,10uVrms10Hz_ch2pga1.bin,250,3691,30107,1,0xA3,1,0,0,192,0,0,110314.384103,-24.989247,140252.910554,136515.922844,122201.621532,0.000000,0.000000,0.000000
14.859904,10uVrms10Hz_ch2pga1.bin,250,3692,30108,1,0xA3,1,0,0,192,0,0,110315.412283,-26.509166,140253.067017,136516.749859,122202.515602,0.000000,0.000000,0.000000
14.863904,10uVrms10Hz_ch2pga1.bin,250,3693,30109,1,0xA3,1,0,0,192,0,0,110315.546393,-27.358532,140252.664685,136516.772211,122202.761471,0.000000,0.000000,0.000000
14.867907,10uVrms10Hz_ch2pga1.bin,250,3694,30110,1,0xA3,1,0,0,192,0,0,110314.853489,-28.073788,140251.412988,136516.012251,122202.135623,0.000000,0.000000,0.000000
14.871907,10uVrms10Hz_ch2pga1.bin,250,3695,30111,1,0xA3,1,0,0,192,0,0,110314.361751,-28.587878,140250.161290,136515.274644,122201.398015,0.000000,0.000000,0.000000
14.875906,10uVrms10Hz_ch2pga1.bin,250,3696,30112,1,0xA3,1,0,0,192,0,0,110314.428806,-28.073788,140249.535441,136515.185237,122201.465070,0.000000,0.000000,0.000000
14.879907,10uVrms10Hz_ch2pga1.bin,250,3697,30113,1,0xA3,1,0,0,192,0,0,110315.233469,-26.911497,140249.647200,136515.766382,122202.202678,0.000000,0.000000,0.000000
14.883907,10uVrms10Hz_ch2pga1.bin,250,3698,30114,1,0xA3,1,0,0,192,0,0,110314.875841,-25.838614,140248.686075,136515.207589,122201.912105,0.000000,0.000000,0.000000
14.887908,10uVrms10Hz_ch2pga1.bin,250,3699,30115,1,0xA3,1,0,0,192,0,0,110314.875841,-24.564564,140247.970819,136515.028775,122201.822698,0.000000,0.000000,0.000000
14.891911,10uVrms10Hz_ch2pga1.bin,250,3700,30116,1,0xA3,1,0,0,192,0,0,110315.077007,-23.022294,140247.523785,136515.229940,122201.956809,0.000000,0.000000,0.000000
14.895911,10uVrms10Hz_ch2pga1.bin,250,3701,30117,1,0xA3,1,0,0,192,0,0,110315.412283,-21.390617,140247.099102,136515.341699,122202.202678,0.000000,0.000000,0.000000
14.899914,10uVrms10Hz_ch2pga1.bin,250,3702,30118,1,0xA3,1,0,0,192,0,0,110316.015780,-19.937754,140246.987343,136515.744030,122202.739120,0.000000,0.000000,0.000000
14.903914,10uVrms10Hz_ch2pga1.bin,250,3703,30119,1,0xA3,1,0,0,192,0,0,110316.373408,-17.970800,140246.585011,136515.855789,122203.074396,0.000000,0.000000,0.000000
14.907914,10uVrms10Hz_ch2pga1.bin,250,3704,30120,1,0xA3,1,0,0,192,0,0,110316.172242,-16.227365,140245.735645,136515.296996,122202.739120,0.000000,0.000000,0.000000
14.911917,10uVrms10Hz_ch2pga1.bin,250,3705,30121,1,0xA3,1,0,0,192,0,0,110315.635800,-15.646219,140244.416893,136514.447629,122202.023864,0.000000,0.000000,0.000000
14.915917,10uVrms10Hz_ch2pga1.bin,250,3706,30122,1,0xA3,1,0,0,192,0,0,110314.942896,-15.221536,140243.120492,136513.732374,122201.398015,0.000000,0.000000,0.000000
14.919921,10uVrms10Hz_ch2pga1.bin,250,3707,30123,1,0xA3,1,0,0,192,0,0,110315.211117,-14.148653,140242.628753,136513.933539,122201.733291,0.000000,0.000000,0.000000
14.923921,10uVrms10Hz_ch2pga1.bin,250,3708,30124,1,0xA3,1,0,0,192,0,0,110315.635800,-14.282763,140242.204070,136514.134705,122202.090919,0.000000,0.000000,0.000000
14.927924,10uVrms10Hz_ch2pga1.bin,250,3709,30125,1,0xA3,1,0,0,192,0,0,110315.769911,-14.953315,140241.734684,136513.978243,122202.157974,0.000000,0.000000,0.000000
14.931924,10uVrms10Hz_ch2pga1.bin,250,3710,30126,1,0xA3,1,0,0,192,0,0,110316.507518,-15.512109,140241.734684,136514.447629,122202.694416,0.000000,0.000000,0.000000
14.935927,10uVrms10Hz_ch2pga1.bin,250,3711,30127,1,0xA3,1,0,0,192,0,0,110317.245126,-16.942620,140241.712332,136515.051126,122203.409672,0.000000,0.000000,0.000000
14.939926,10uVrms10Hz_ch2pga1.bin,250,3712,30128,1,0xA3,1,0,0,192,0,0,110318.183899,-18.797815,140242.002904,136515.878141,122204.393148,0.000000,0.000000,0.000000
14.943929,10uVrms10Hz_ch2pga1.bin,250,3713,30129,1,0xA3,1,0,0,192,0,0,110319.100320,-19.982457,140242.338181,136516.593397,122205.309570,0.000000,0.000000,0.000000
14.947932,10uVrms10Hz_ch2pga1.bin,250,3714,30130,1,0xA3,1,0,0,192,0,0,110319.145024,-21.904707,140241.779387,136516.503990,122205.287218,0.000000,0.000000,0.000000
14.951931,10uVrms10Hz_ch2pga1.bin,250,3715,30131,1,0xA3,1,0,0,192,0,0,110318.966210,-24.251640,140240.773559,136516.034603,122205.018997,0.000000,0.000000,0.000000
14.955934,10uVrms10Hz_ch2pga1.bin,250,3716,30132,1,0xA3,1,0,0,192,0,0,110318.340361,-25.235116,140239.454806,136515.185237,122204.348445,0.000000,0.000000,0.000000
14.959934,10uVrms10Hz_ch2pga1.bin,250,3717,30133,1,0xA3,1,0,0,192,0,0,110318.943858,-26.285648,140239.365399,136515.565217,122204.929590,0.000000,0.000000,0.000000
14.963936,10uVrms10Hz_ch2pga1.bin,250,3718,30134,1,0xA3,1,0,0,192,0,0,110318.988562,-27.559698,140238.761902,136515.475810,122204.884887,0.000000,0.000000,0.000000
14.967939,10uVrms10Hz_ch2pga1.bin,250,3719,30135,1,0xA3,1,0,0,192,0,0,110319.256783,-28.163195,140238.337219,136515.587568,122204.996645,0.000000,0.000000,0.000000
14.971938,10uVrms10Hz_ch2pga1.bin,250,3720,30136,1,0xA3,1,0,0,192,0,0,110319.279134,-28.230250,140237.487853,136515.408754,122204.951942,0.000000,0.000000,0.000000
14.975942,10uVrms10Hz_ch2pga1.bin,250,3721,30137,1,0xA3,1,0,0,192,0,0,110319.547355,-27.962029,140237.063169,136515.475810,122205.220163,0.000000,0.000000,0.000000
14.979941,10uVrms10Hz_ch2pga1.bin,250,3722,30138,1,0xA3,1,0,0,192,0,0,110320.039093,-27.403235,140236.906707,136515.811086,122205.756605,0.000000,0.000000,0.000000
14.983944,10uVrms10Hz_ch2pga1.bin,250,3723,30139,1,0xA3,1,0,0,192,0,0,110319.614410,-25.682151,140235.833824,136515.207589,122205.220163,0.000000,0.000000,0.000000
14.987943,10uVrms10Hz_ch2pga1.bin,250,3724,30140,1,0xA3,1,0,0,192,0,0,110319.212079,-24.206936,140234.783292,136514.715850,122204.817832,0.000000,0.000000,0.000000
14.991947,10uVrms10Hz_ch2pga1.bin,250,3725,30141,1,0xA3,1,0,0,192,0,0,110319.502652,-23.290515,140234.269202,136514.738202,122205.086052,0.000000,0.000000,0.000000
14.995949,10uVrms10Hz_ch2pga1.bin,250,3726,30142,1,0xA3,1,0,0,192,0,0,110319.659114,-21.323562,140233.665705,136514.693499,122205.220163,0.000000,0.000000,0.000000
14.999949,10uVrms10Hz_ch2pga1.bin,250,3727,30143,1,0xA3,1,0,0,192,0,0,110320.106149,-19.043684,140233.442187,136514.961720,122205.622494,0.000000,0.000000,0.000000
15.003952,10uVrms10Hz_ch2pga1.bin,250,3728,30144,1,0xA3,1,0,0,192,0,0,110320.217907,-17.590821,140232.883394,136514.849961,122205.689549,0.000000,0.000000,0.000000
15.007950,10uVrms10Hz_ch2pga1.bin,250,3729,30145,1,0xA3,1,0,0,192,0,0,110320.240259,-16.406178,140232.190490,136514.648795,122205.555439,0.000000,0.000000,0.000000
15.011952,10uVrms10Hz_ch2pga1.bin,250,3730,30146,1,0xA3,1,0,0,192,0,0,110319.837928,-15.556812,140231.050551,136514.045298,122205.242515,0.000000,0.000000,0.000000
15.015955,10uVrms10Hz_ch2pga1.bin,250,3731,30147,1,0xA3,1,0,0,192,0,0,110320.061445,-14.662743,140230.670571,136514.201760,122205.466032,0.000000,0.000000,0.000000
15.019955,10uVrms10Hz_ch2pga1.bin,250,3732,30148,1,0xA3,1,0,0,192,0,0,110320.731997,-14.059246,140230.759978,136514.671147,122205.957770,0.000000,0.000000,0.000000
15.023958,10uVrms10Hz_ch2pga1.bin,250,3733,30149,1,0xA3,1,0,0,192,0,0,110320.642591,-14.349818,140229.843557,136514.402926,122205.756605,0.000000,0.000000,0.000000
15.027958,10uVrms10Hz_ch2pga1.bin,250,3734,30150,1,0xA3,1,0,0,192,0,0,110320.508480,-14.908612,140228.927135,136514.022946,122205.555439,0.000000,0.000000,0.000000
15.031961,10uVrms10Hz_ch2pga1.bin,250,3735,30151,1,0xA3,1,0,0,192,0,0,110320.083797,-15.735626,140227.854252,136513.486505,122205.086052,0.000000,0.000000,0.000000
15.035961,10uVrms10Hz_ch2pga1.bin,250,3736,30152,1,0xA3,1,0,0,192,0,0,110320.731997,-17.210841,140227.898955,136514.000595,122205.689549,0.000000,0.000000,0.000000
15.039964,10uVrms10Hz_ch2pga1.bin,250,3737,30153,1,0xA3,1,0,0,192,0,0,110321.514308,-18.127263,140227.943659,136514.626443,122206.494212,0.000000,0.000000,0.000000
15.043964,10uVrms10Hz_ch2pga1.bin,250,3738,30154,1,0xA3,1,0,0,192,0,0,110321.938992,-19.870698,140227.608383,136514.849961,122206.851840,0.000000,0.000000,0.000000
15.047967,10uVrms10Hz_ch2pga1.bin,250,3739,30155,1,0xA3,1,0,0,192,0,0,110321.737826,-22.150576,140226.736665,136514.514685,122206.538916,0.000000,0.000000,0.000000
15.051967,10uVrms10Hz_ch2pga1.bin,250,3740,30156,1,0xA3,1,0,0,192,0,0,110322.028399,-23.782253,140226.334333,136514.559388,122206.762433,0.000000,0.000000,0.000000
15.055970,10uVrms10Hz_ch2pga1.bin,250,3741,30157,1,0xA3,1,0,0,192,0,0,110322.184861,-25.168061,140225.820243,136514.402926,122206.918895,0.000000,0.000000,0.000000
15.059970,10uVrms10Hz_ch2pga1.bin,250,3742,30158,1,0xA3,1,0,0,192,0,0,110322.743654,-26.665628,140225.753188,136514.782906,122207.500041,0.000000,0.000000,0.000000
15.063974,10uVrms10Hz_ch2pga1.bin,250,3743,30159,1,0xA3,1,0,0,192,0,0,110323.704779,-27.649105,140225.820243,136515.431106,122208.349407,0.000000,0.000000,0.000000
15.067973,10uVrms10Hz_ch2pga1.bin,250,3744,30160,1,0xA3,1,0,0,192,0,0,110323.123634,-27.582049,140224.635601,136514.782906,122207.678854,0.000000,0.000000,0.000000
15.071976,10uVrms10Hz_ch2pga1.bin,250,3745,30161,1,0xA3,1,0,0,192,0,0,110322.922468,-28.006732,140223.853290,136514.514685,122207.544744,0.000000,0.000000,0.000000
15.075975,10uVrms10Hz_ch2pga1.bin,250,3746,30162,1,0xA3,1,0,0,192,0,0,110323.369503,-28.252602,140223.540366,136514.782906,122207.880020,0.000000,0.000000,0.000000
15.079979,10uVrms10Hz_ch2pga1.bin,250,3747,30163,1,0xA3,1,0,0,192,0,0,110324.040055,-27.179718,140223.450959,136515.296996,122208.505869,0.000000,0.000000,0.000000
15.083979,10uVrms10Hz_ch2pga1.bin,250,3748,30164,1,0xA3,1,0,0,192,0,0,110323.771834,-25.793910,140222.512186,136514.917016,122208.327055,0.000000,0.000000,0.000000
15.087982,10uVrms10Hz_ch2pga1.bin,250,3749,30165,1,0xA3,1,0,0,192,0,0,110324.241221,-24.855137,140222.266316,136515.140533,122208.774090,0.000000,0.000000,0.000000
15.091982,10uVrms10Hz_ch2pga1.bin,250,3750,30166,1,0xA3,1,0,0,192,0,0,110324.420035,-23.335218,140221.618116,136515.118182,122208.841145,0.000000,0.000000,0.000000
15.095984,10uVrms10Hz_ch2pga1.bin,250,3751,30167,1,0xA3,1,0,0,192,0,0,110323.928297,-21.055341,140220.522881,136514.492333,122208.282351,0.000000,0.000000,0.000000
15.099984,10uVrms10Hz_ch2pga1.bin,250,3752,30168,1,0xA3,1,0,0,192,0,0,110324.084759,-19.602478,140220.031142,136514.425278,122208.371758,0.000000,0.000000,0.000000
15.103987,10uVrms10Hz_ch2pga1.bin,250,3753,30169,1,0xA3,1,0,0,192,0,0,110324.621201,-17.926097,140219.874680,136514.738202,122208.774090,0.000000,0.000000,0.000000
15.107987,10uVrms10Hz_ch2pga1.bin,250,3754,30170,1,0xA3,1,0,0,192,0,0,110324.867070,-16.316772,140219.382942,136514.760554,122208.952904,0.000000,0.000000,0.000000
15.111990,10uVrms10Hz_ch2pga1.bin,250,3755,30171,1,0xA3,1,0,0,192,0,0,110325.090587,-15.176833,140219.025314,136514.715850,122209.109366,0.000000,0.000000,0.000000
15.115990,10uVrms10Hz_ch2pga1.bin,250,3756,30172,1,0xA3,1,0,0,192,0,0,110325.090587,-14.506280,140218.310058,136514.581740,122209.064662,0.000000,0.000000,0.000000
15.119993,10uVrms10Hz_ch2pga1.bin,250,3757,30173,1,0xA3,1,0,0,192,0,0,110325.179994,-14.506280,140217.706561,136514.559388,122209.221125,0.000000,0.000000,0.000000
15.123996,10uVrms10Hz_ch2pga1.bin,250,3758,30174,1,0xA3,1,0,0,192,0,0,110325.470567,-14.372170,140217.192471,136514.581740,122209.310532,0.000000,0.000000,0.000000
15.127996,10uVrms10Hz_ch2pga1.bin,250,3759,30175,1,0xA3,1,0,0,192,0,0,110324.867070,-14.729798,140215.806663,136513.777077,122208.572924,0.000000,0.000000,0.000000
15.131998,10uVrms10Hz_ch2pga1.bin,250,3760,30176,1,0xA3,1,0,0,192,0,0,110324.397683,-15.780330,140214.733779,136513.173580,122208.170593,0.000000,0.000000,0.000000
15.135998,10uVrms10Hz_ch2pga1.bin,250,3761,30177,1,0xA3,1,0,0,192,0,0,110325.179994,-16.964972,140214.800835,136513.777077,122208.796442,0.000000,0.000000,0.000000
15.140001,10uVrms10Hz_ch2pga1.bin,250,3762,30178,1,0xA3,1,0,0,192,0,0,110326.141119,-18.373132,140215.113759,136514.581740,122209.757566,0.000000,0.000000,0.000000
15.144001,10uVrms10Hz_ch2pga1.bin,250,3763,30179,1,0xA3,1,0,0,192,0,0,110326.386988,-20.138919,140214.845538,136514.805257,122210.070491,0.000000,0.000000,0.000000
15.148004,10uVrms10Hz_ch2pga1.bin,250,3764,30180,1,0xA3,1,0,0,192,0,0,110326.699913,-21.658838,140214.510262,136514.894664,122210.294008,0.000000,0.000000,0.000000
15.152003,10uVrms10Hz_ch2pga1.bin,250,3765,30181,1,0xA3,1,0,0,192,0,0,110327.012837,-23.625791,140214.040875,136514.939368,122210.562229,0.000000,0.000000,0.000000
15.156006,10uVrms10Hz_ch2pga1.bin,250,3766,30182,1,0xA3,1,0,0,192,0,0,110327.728093,-25.413930,140214.040875,136515.632272,122211.277485,0.000000,0.000000,0.000000
15.160009,10uVrms10Hz_ch2pga1.bin,250,3767,30183,1,0xA3,1,0,0,192,0,0,110329.024494,-27.000904,140214.554965,136516.638100,122212.439775,0.000000,0.000000,0.000000
15.164008,10uVrms10Hz_ch2pga1.bin,250,3768,30184,1,0xA3,1,0,0,192,0,0,110329.717398,-27.358532,140214.554965,136517.040431,122212.976217,0.000000,0.000000,0.000000
15.168011,10uVrms10Hz_ch2pga1.bin,250,3769,30185,1,0xA3,1,0,0,192,0,0,110329.605639,-27.738512,140213.772655,136516.794562,122212.953866,0.000000,0.000000,0.000000
15.172011,10uVrms10Hz_ch2pga1.bin,250,3770,30186,1,0xA3,1,0,0,192,0,0,110329.940915,-28.833747,140213.347971,136516.839266,122213.087976,0.000000,0.000000,0.000000
15.176014,10uVrms10Hz_ch2pga1.bin,250,3771,30187,1,0xA3,1,0,0,192,0,0,110329.672694,-28.252602,140212.431550,136516.571045,122212.752700,0.000000,0.000000,0.000000
15.180014,10uVrms10Hz_ch2pga1.bin,250,3772,30188,1,0xA3,1,0,0,192,0,0,110329.762101,-27.179718,140211.828053,136516.414583,122212.819755,0.000000,0.000000,0.000000
15.184018,10uVrms10Hz_ch2pga1.bin,250,3773,30189,1,0xA3,1,0,0,192,0,0,110329.583287,-26.732683,140210.889280,136515.967548,122212.618589,0.000000,0.000000,0.000000
15.188018,10uVrms10Hz_ch2pga1.bin,250,3774,30190,1,0xA3,1,0,0,192,0,0,110329.292715,-24.832785,140209.950507,136515.408754,122212.193906,0.000000,0.000000,0.000000
15.192017,10uVrms10Hz_ch2pga1.bin,250,3775,30191,1,0xA3,1,0,0,192,0,0,110328.510404,-22.865832,140208.408237,136514.492333,122211.456299,0.000000,0.000000,0.000000
15.196021,10uVrms10Hz_ch2pga1.bin,250,3776,30192,1,0xA3,1,0,0,192,0,0,110328.778625,-21.502376,140208.028257,136514.581740,122211.635113,0.000000,0.000000,0.000000
15.200021,10uVrms10Hz_ch2pga1.bin,250,3777,30193,1,0xA3,1,0,0,192,0,0,110329.449177,-20.161271,140208.072960,136515.118182,122212.305665,0.000000,0.000000,0.000000
15.204025,10uVrms10Hz_ch2pga1.bin,250,3778,30194,1,0xA3,1,0,0,192,0,0,110329.404473,-17.926097,140207.313001,136514.939368,122212.216258,0.000000,0.000000,0.000000
15.208024,10uVrms10Hz_ch2pga1.bin,250,3779,30195,1,0xA3,1,0,0,192,0,0,110328.376293,-16.294420,140205.614269,136513.754725,122211.121023,0.000000,0.000000,0.000000
15.212028,10uVrms10Hz_ch2pga1.bin,250,3780,30196,1,0xA3,1,0,0,192,0,0,110327.772796,-15.512109,140204.228461,136512.905359,122210.428119,0.000000,0.000000,0.000000
15.216028,10uVrms10Hz_ch2pga1.bin,250,3781,30197,1,0xA3,1,0,0,192,0,0,110328.488052,-14.618039,140204.228461,136513.464153,122211.121023,0.000000,0.000000,0.000000
15.220030,10uVrms10Hz_ch2pga1.bin,250,3782,30198,1,0xA3,1,0,0,192,0,0,110329.248011,-13.925135,140204.340219,136514.067650,122211.836278,0.000000,0.000000,0.000000
15.224030,10uVrms10Hz_ch2pga1.bin,250,3783,30199,1,0xA3,1,0,0,192,0,0,110329.113901,-14.014542,140203.490853,136513.620615,122211.523354,0.000000,0.000000,0.000000
15.228033,10uVrms10Hz_ch2pga1.bin,250,3784,30200,1,0xA3,1,0,0,192,0,0,110328.733921,-14.841557,140202.306211,136512.972414,122211.121023,0.000000,0.000000,0.000000
15.232034,10uVrms10Hz_ch2pga1.bin,250,3785,30201,1,0xA3,1,0,0,192,0,0,110328.823328,-16.026199,140201.769769,136512.950063,122211.210430,0.000000,0.000000,0.000000
15.236037,10uVrms10Hz_ch2pga1.bin,250,3786,30202,1,0xA3,1,0,0,192,0,0,110329.180956,-17.009676,140201.434493,136513.195932,122211.523354,0.000000,0.000000,0.000000
15.240036,10uVrms10Hz_ch2pga1.bin,250,3787,30203,1,0xA3,1,0,0,192,0,0,110330.298543,-18.686056,140201.836824,136514.179409,122212.596238,0.000000,0.000000,0.000000
15.244039,10uVrms10Hz_ch2pga1.bin,250,3788,30204,1,0xA3,1,0,0,192,0,0,110331.237316,-20.273030,140202.105045,136514.849961,122213.445604,0.000000,0.000000,0.000000
15.248042,10uVrms10Hz_ch2pga1.bin,250,3789,30205,1,0xA3,1,0,0,192,0,0,110331.013799,-21.815300,140201.143920,136514.425278,122213.132679,0.000000,0.000000,0.000000
15.252042,10uVrms10Hz_ch2pga1.bin,250,3790,30206,1,0xA3,1,0,0,192,0,0,110330.879688,-24.005771,140200.361609,136514.134705,122212.931514,0.000000,0.000000,0.000000
15.256045,10uVrms10Hz_ch2pga1.bin,250,3791,30207,1,0xA3,1,0,0,192,0,0,110331.438482,-25.659800,140200.249851,136514.559388,122213.535011,0.000000,0.000000,0.000000
15.260044,10uVrms10Hz_ch2pga1.bin,250,3792,30208,1,0xA3,1,0,0,192,0,0,110332.645476,-26.665628,140200.875700,136515.565217,122214.809060,0.000000,0.000000,0.000000
15.264047,10uVrms10Hz_ch2pga1.bin,250,3793,30209,1,0xA3,1,0,0,192,0,0,110333.360732,-27.850270,140200.830996,136516.012251,122215.390205,0.000000,0.000000,0.000000
15.268046,10uVrms10Hz_ch2pga1.bin,250,3794,30210,1,0xA3,1,0,0,192,0,0,110333.137214,-28.453767,140199.847519,136515.676975,122215.054929,0.000000,0.000000,0.000000
15.272050,10uVrms10Hz_ch2pga1.bin,250,3795,30211,1,0xA3,1,0,0,192,0,0,110333.405435,-28.319657,140199.378133,136515.788734,122215.166688,0.000000,0.000000,0.000000
15.276050,10uVrms10Hz_ch2pga1.bin,250,3796,30212,1,0xA3,1,0,0,192,0,0,110333.628953,-27.805567,140198.908746,136515.833437,122215.434909,0.000000,0.000000,0.000000
15.280053,10uVrms10Hz_ch2pga1.bin,250,3797,30213,1,0xA3,1,0,0,192,0,0,110333.807766,-27.291477,140198.372304,136515.900493,122215.613723,0.000000,0.000000,0.000000
15.284052,10uVrms10Hz_ch2pga1.bin,250,3798,30214,1,0xA3,1,0,0,192,0,0,110334.098339,-25.749207,140198.014677,136515.878141,122215.881944,0.000000,0.000000,0.000000
15.288056,10uVrms10Hz_ch2pga1.bin,250,3799,30215,1,0xA3,1,0,0,192,0,0,110333.874822,-24.162233,140197.075903,136515.408754,122215.591371,0.000000,0.000000,0.000000
15.292055,10uVrms10Hz_ch2pga1.bin,250,3800,30216,1,0xA3,1,0,0,192,0,0,110334.053636,-23.223460,140196.517110,136515.431106,122215.613723,0.000000,0.000000,0.000000
15.296058,10uVrms10Hz_ch2pga1.bin,250,3801,30217,1,0xA3,1,0,0,192,0,0,110334.143043,-21.547079,140195.935965,136515.341699,122215.658426,0.000000,0.000000,0.000000
15.300061,10uVrms10Hz_ch2pga1.bin,250,3802,30218,1,0xA3,1,0,0,192,0,0,110334.299505,-19.334257,140195.466578,136515.341699,122215.859592,0.000000,0.000000,0.000000
15.304061,10uVrms10Hz_ch2pga1.bin,250,3803,30219,1,0xA3,1,0,0,192,0,0,110334.165394,-17.859042,140194.505453,136515.006423,122215.591371,0.000000,0.000000,0.000000
15.308061,10uVrms10Hz_ch2pga1.bin,250,3804,30220,1,0xA3,1,0,0,192,0,0,110333.763063,-16.853213,140193.432570,136514.402926,122215.077281,0.000000,0.000000,0.000000
15.312065,10uVrms10Hz_ch2pga1.bin,250,3805,30221,1,0xA3,1,0,0,192,0,0,110333.919525,-15.176833,140192.940831,136514.492333,122215.367854,0.000000,0.000000,0.000000
15.316064,10uVrms10Hz_ch2pga1.bin,250,3806,30222,1,0xA3,1,0,0,192,0,0,110333.763063,-14.483929,140192.091465,136514.157057,122215.166688,0.000000,0.000000,0.000000
15.320067,10uVrms10Hz_ch2pga1.bin,250,3807,30223,1,0xA3,1,0,0,192,0,0,110333.919525,-14.126301,140191.599727,136514.179409,122215.278447,0.000000,0.000000,0.000000
15.324070,10uVrms10Hz_ch2pga1.bin,250,3808,30224,1,0xA3,1,0,0,192,0,0,110334.701836,-14.461577,140191.599727,136514.738202,122215.948999,0.000000,0.000000,0.000000
15.328069,10uVrms10Hz_ch2pga1.bin,250,3809,30225,1,0xA3,1,0,0,192,0,0,110335.305333,-14.953315,140191.666782,136515.229940,122216.485441,0.000000,0.000000,0.000000
15.332072,10uVrms10Hz_ch2pga1.bin,250,3810,30226,1,0xA3,1,0,0,192,0,0,110335.215926,-16.227365,140190.996230,136515.028775,122216.463089,0.000000,0.000000,0.000000
15.336071,10uVrms10Hz_ch2pga1.bin,250,3811,30227,1,0xA3,1,0,0,192,0,0,110335.886478,-17.300248,140190.951526,136515.475810,122217.133641,0.000000,0.000000,0.000000
15.340073,10uVrms10Hz_ch2pga1.bin,250,3812,30228,1,0xA3,1,0,0,192,0,0,110336.065292,-18.417835,140190.348029,136515.408754,122217.200696,0.000000,0.000000,0.000000
15.344074,10uVrms10Hz_ch2pga1.bin,250,3813,30229,1,0xA3,1,0,0,192,0,0,110336.311162,-19.803643,140189.878643,136515.453458,122217.357159,0.000000,0.000000,0.000000
15.348077,10uVrms10Hz_ch2pga1.bin,250,3814,30230,1,0xA3,1,0,0,192,0,0,110336.758196,-22.061169,140189.543366,136515.520513,122217.670083,0.000000,0.000000,0.000000
15.352080,10uVrms10Hz_ch2pga1.bin,250,3815,30231,1,0xA3,1,0,0,192,0,0,110337.160528,-23.782253,140189.208090,136515.654624,122218.050063,0.000000,0.000000,0.000000
15.356080,10uVrms10Hz_ch2pga1.bin,250,3816,30232,1,0xA3,1,0,0,192,0,0,110337.786376,-25.078654,140189.096332,136516.146362,122218.675911,0.000000,0.000000,0.000000
15.360082,10uVrms10Hz_ch2pga1.bin,250,3817,30233,1,0xA3,1,0,0,192,0,0,110338.546336,-26.643276,140189.252794,136516.816914,122219.502926,0.000000,0.000000,0.000000
15.364082,10uVrms10Hz_ch2pga1.bin,250,3818,30234,1,0xA3,1,0,0,192,0,0,110338.903964,-27.872622,140189.029276,136516.995728,122219.681740,0.000000,0.000000,0.000000
15.368085,10uVrms10Hz_ch2pga1.bin,250,3819,30235,1,0xA3,1,0,0,192,0,0,110338.188708,-28.409064,140187.576413,136516.101658,122218.899429,0.000000,0.000000,0.000000
15.372085,10uVrms10Hz_ch2pga1.bin,250,3820,30236,1,0xA3,1,0,0,192,0,0,110337.987542,-28.319657,140186.525881,136515.587568,122218.541801,0.000000,0.000000,0.000000
15.376087,10uVrms10Hz_ch2pga1.bin,250,3821,30237,1,0xA3,1,0,0,192,0,0,110338.255763,-28.453767,140186.123550,136515.699327,122218.765318,0.000000,0.000000,0.000000
15.380087,10uVrms10Hz_ch2pga1.bin,250,3822,30238,1,0xA3,1,0,0,192,0,0,110339.574516,-27.738512,140186.794102,136516.928673,122220.106423,0.000000,0.000000,0.000000
15.384090,10uVrms10Hz_ch2pga1.bin,250,3823,30239,1,0xA3,1,0,0,192,0,0,110339.574516,-25.816262,140186.034143,136516.682804,122220.017016,0.000000,0.000000,0.000000
15.388093,10uVrms10Hz_ch2pga1.bin,250,3824,30240,1,0xA3,1,0,0,192,0,0,110338.948667,-24.586916,140184.715390,136515.811086,122219.234705,0.000000,0.000000,0.000000
15.392094,10uVrms10Hz_ch2pga1.bin,250,3825,30241,1,0xA3,1,0,0,192,0,0,110338.725150,-23.424625,140183.843672,136515.408754,122219.011188,0.000000,0.000000,0.000000
15.396094,10uVrms10Hz_ch2pga1.bin,250,3826,30242,1,0xA3,1,0,0,192,0,0,110339.283943,-21.144748,140183.731914,136515.967548,122219.637036,0.000000,0.000000,0.000000
15.400097,10uVrms10Hz_ch2pga1.bin,250,3827,30243,1,0xA3,1,0,0,192,0,0,110339.775681,-19.021332,140183.441341,136516.258121,122220.017016,0.000000,0.000000,0.000000
15.404097,10uVrms10Hz_ch2pga1.bin,250,3828,30244,1,0xA3,1,0,0,192,0,0,110339.999199,-18.060207,140182.971954,136516.146362,122220.084071,0.000000,0.000000,0.000000
15.408100,10uVrms10Hz_ch2pga1.bin,250,3829,30245,1,0xA3,1,0,0,192,0,0,110339.350998,-16.719103,140181.541443,136515.296996,122219.413519,0.000000,0.000000,0.000000
15.412099,10uVrms10Hz_ch2pga1.bin,250,3830,30246,1,0xA3,1,0,0,192,0,0,110339.149833,-15.333295,140180.692077,136514.894664,122219.167650,0.000000,0.000000,0.000000
15.416101,10uVrms10Hz_ch2pga1.bin,250,3831,30247,1,0xA3,1,0,0,192,0,0,110339.909792,-15.020370,140180.870891,136515.565217,122219.905257,0.000000,0.000000,0.000000
15.420104,10uVrms10Hz_ch2pga1.bin,250,3832,30248,1,0xA3,1,0,0,192,0,0,110340.021551,-14.394522,140180.200338,136515.408754,122219.972312,0.000000,0.000000,0.000000
15.424103,10uVrms10Hz_ch2pga1.bin,250,3833,30249,1,0xA3,1,0,0,192,0,0,110339.328647,-14.103949,140178.836882,136514.604092,122219.190001,0.000000,0.000000,0.000000
15.428106,10uVrms10Hz_ch2pga1.bin,250,3834,30250,1,0xA3,1,0,0,192,0,0,110339.261591,-14.729798,140177.965164,136514.268816,122218.944132,0.000000,0.000000,0.000000
15.432109,10uVrms10Hz_ch2pga1.bin,250,3835,30251,1,0xA3,1,0,0,192,0,0,110339.507461,-16.115606,140177.652240,136514.469981,122219.279408,0.000000,0.000000,0.000000
15.436109,10uVrms10Hz_ch2pga1.bin,250,3836,30252,1,0xA3,1,0,0,192,0,0,110340.133309,-17.076731,140177.629888,136514.917016,122219.815850,0.000000,0.000000,0.000000
15.440109,10uVrms10Hz_ch2pga1.bin,250,3837,30253,1,0xA3,1,0,0,192,0,0,110340.960324,-18.417835,140177.763999,136515.520513,122220.620513,0.000000,0.000000,0.000000
15.444112,10uVrms10Hz_ch2pga1.bin,250,3838,30254,1,0xA3,1,0,0,192,0,0,110341.116786,-20.429492,140177.160501,136515.453458,122220.754623,0.000000,0.000000,0.000000
15.448115,10uVrms10Hz_ch2pga1.bin,250,3839,30255,1,0xA3,1,0,0,192,0,0,110341.563821,-21.792948,140176.869929,136515.811086,122221.022844,0.000000,0.000000,0.000000
15.452114,10uVrms10Hz_ch2pga1.bin,250,3840,30256,1,0xA3,1,0,0,192,0,0,110341.630876,-23.379922,140176.266432,136515.676975,122221.134603,0.000000,0.000000,0.000000
15.456116,10uVrms10Hz_ch2pga1.bin,250,3841,30257,1,0xA3,1,0,0,192,0,0,110341.943800,-25.190413,140175.908804,136515.811086,122221.425176,0.000000,0.000000,0.000000
15.460117,10uVrms10Hz_ch2pga1.bin,250,3842,30258,1,0xA3,1,0,0,192,0,0,110342.748463,-27.224422,140175.998211,136516.481638,122222.207487,0.000000,0.000000,0.000000
15.464118,10uVrms10Hz_ch2pga1.bin,250,3843,30259,1,0xA3,1,0,0,192,0,0,110342.860222,-27.514994,140175.573528,136516.414583,122222.319245,0.000000,0.000000,0.000000
15.468121,10uVrms10Hz_ch2pga1.bin,250,3844,30260,1,0xA3,1,0,0,192,0,0,110343.016684,-28.140843,140175.014734,136516.302824,122222.319245,0.000000,0.000000,0.000000
15.472120,10uVrms10Hz_ch2pga1.bin,250,3845,30261,1,0xA3,1,0,0,192,0,0,110342.726111,-28.587878,140174.053609,136515.922844,122222.028673,0.000000,0.000000,0.000000
15.476123,10uVrms10Hz_ch2pga1.bin,250,3846,30262,1,0xA3,1,0,0,192,0,0,110343.486071,-28.073788,140173.986554,136516.481638,122222.699225,0.000000,0.000000,0.000000
15.480122,10uVrms10Hz_ch2pga1.bin,250,3847,30263,1,0xA3,1,0,0,192,0,0,110344.424844,-27.067959,140174.277127,136517.241597,122223.593295,0.000000,0.000000,0.000000
15.484124,10uVrms10Hz_ch2pga1.bin,250,3848,30264,1,0xA3,1,0,0,192,0,0,110345.050693,-25.928020,140174.210072,136517.688632,122224.152088,0.000000,0.000000,0.000000
15.488127,10uVrms10Hz_ch2pga1.bin,250,3849,30265,1,0xA3,1,0,0,192,0,0,110344.335437,-24.721026,140172.891319,136516.772211,122223.392129,0.000000,0.000000,0.000000
15.492128,10uVrms10Hz_ch2pga1.bin,250,3850,30266,1,0xA3,1,0,0,192,0,0,110343.374312,-22.910535,140171.147883,136515.632272,122222.408652,0.000000,0.000000,0.000000
15.496130,10uVrms10Hz_ch2pga1.bin,250,3851,30267,1,0xA3,1,0,0,192,0,0,110343.575478,-21.323562,140170.432627,136515.565217,122222.542763,0.000000,0.000000,0.000000
15.500129,10uVrms10Hz_ch2pga1.bin,250,3852,30268,1,0xA3,1,0,0,192,0,0,110343.687236,-19.714236,140169.963241,136515.475810,122222.565114,0.000000,0.000000,0.000000
15.504131,10uVrms10Hz_ch2pga1.bin,250,3853,30269,1,0xA3,1,0,0,192,0,0,110343.933105,-17.769635,140169.627964,136515.475810,122222.654521,0.000000,0.000000,0.000000
15.508134,10uVrms10Hz_ch2pga1.bin,250,3854,30270,1,0xA3,1,0,0,192,0,0,110343.575478,-15.892088,140168.577433,136515.118182,122222.431004,0.000000,0.000000,0.000000
15.512136,10uVrms10Hz_ch2pga1.bin,250,3855,30271,1,0xA3,1,0,0,192,0,0,110343.620181,-15.646219,140167.839825,136515.006423,122222.408652,0.000000,0.000000,0.000000
15.516134,10uVrms10Hz_ch2pga1.bin,250,3856,30272,1,0xA3,1,0,0,192,0,0,110344.290733,-14.998019,140167.884529,136515.475810,122223.101556,0.000000,0.000000,0.000000
15.520137,10uVrms10Hz_ch2pga1.bin,250,3857,30273,1,0xA3,1,0,0,192,0,0,110344.044864,-14.215708,140167.035162,136515.140533,122222.878039,0.000000,0.000000,0.000000
15.524139,10uVrms10Hz_ch2pga1.bin,250,3858,30274,1,0xA3,1,0,0,192,0,0,110344.491899,-14.372170,140166.655183,136515.408754,122223.235667,0.000000,0.000000,0.000000
15.528138,10uVrms10Hz_ch2pga1.bin,250,3859,30275,1,0xA3,1,0,0,192,0,0,110345.676541,-15.377998,140167.281032,136516.369879,122224.397957,0.000000,0.000000,0.000000
15.532140,10uVrms10Hz_ch2pga1.bin,250,3860,30276,1,0xA3,1,0,0,192,0,0,110346.034169,-15.892088,140166.856349,136516.481638,122224.599123,0.000000,0.000000,0.000000
15.536142,10uVrms10Hz_ch2pga1.bin,250,3861,30277,1,0xA3,1,0,0,192,0,0,110346.637666,-17.121434,140166.766942,136516.973376,122225.269675,0.000000,0.000000,0.000000
15.540144,10uVrms10Hz_ch2pga1.bin,250,3862,30278,1,0xA3,1,0,0,192,0,0,110346.771777,-18.954277,140166.230500,136516.906321,122225.426137,0.000000,0.000000,0.000000
15.544146,10uVrms10Hz_ch2pga1.bin,250,3863,30279,1,0xA3,1,0,0,192,0,0,110346.615314,-20.921230,140165.492892,136516.571045,122225.113213,0.000000,0.000000,0.000000
15.548145,10uVrms10Hz_ch2pga1.bin,250,3864,30280,1,0xA3,1,0,0,192,0,0,110346.123576,-22.195280,140164.174139,136515.878141,122224.509716,0.000000,0.000000,0.000000
15.552147,10uVrms10Hz_ch2pga1.bin,250,3865,30281,1,0xA3,1,0,0,192,0,0,110346.056521,-24.206936,140163.458884,136515.587568,122224.397957,0.000000,0.000000,0.000000
15.556149,10uVrms10Hz_ch2pga1.bin,250,3866,30282,1,0xA3,1,0,0,192,0,0,110346.816480,-25.682151,140163.615346,136516.302824,122225.224972,0.000000,0.000000,0.000000
15.560148,10uVrms10Hz_ch2pga1.bin,250,3867,30283,1,0xA3,1,0,0,192,0,0,110347.867012,-26.710331,140163.995326,136517.196894,122226.297855,0.000000,0.000000,0.000000
15.564149,10uVrms10Hz_ch2pga1.bin,250,3868,30284,1,0xA3,1,0,0,192,0,0,110348.537564,-27.470291,140163.972974,136517.710984,122226.923704,0.000000,0.000000,0.000000
15.568151,10uVrms10Hz_ch2pga1.bin,250,3869,30285,1,0xA3,1,0,0,192,0,0,110348.805785,-28.163195,140163.436532,136517.710984,122226.990759,0.000000,0.000000,0.000000
15.572152,10uVrms10Hz_ch2pga1.bin,250,3870,30286,1,0xA3,1,0,0,192,0,0,110348.515213,-28.520823,140162.475407,136517.107487,122226.610780,0.000000,0.000000,0.000000
15.576155,10uVrms10Hz_ch2pga1.bin,250,3871,30287,1,0xA3,1,0,0,192,0,0,110348.850489,-27.850270,140162.028372,136517.286301,122226.789594,0.000000,0.000000,0.000000
15.580157,10uVrms10Hz_ch2pga1.bin,250,3872,30288,1,0xA3,1,0,0,192,0,0,110349.811614,-27.269125,140162.207186,136518.158019,122227.817774,0.000000,0.000000,0.000000
15.584156,10uVrms10Hz_ch2pga1.bin,250,3873,30289,1,0xA3,1,0,0,192,0,0,110349.543393,-26.196241,140161.268413,136517.621577,122227.437794,0.000000,0.000000,0.000000
15.588158,10uVrms10Hz_ch2pga1.bin,250,3874,30290,1,0xA3,1,0,0,192,0,0,110349.185765,-24.251640,140160.463750,136517.219245,122227.169573,0.000000,0.000000,0.000000
15.592161,10uVrms10Hz_ch2pga1.bin,250,3875,30291,1,0xA3,1,0,0,192,0,0,110349.543393,-23.223460,140160.039067,136517.308652,122227.527201,0.000000,0.000000,0.000000
15.596159,10uVrms10Hz_ch2pga1.bin,250,3876,30292,1,0xA3,1,0,0,192,0,0,110350.057483,-21.681190,140159.837902,136517.710984,122227.907181,0.000000,0.000000,0.000000
15.600160,10uVrms10Hz_ch2pga1.bin,250,3877,30293,1,0xA3,1,0,0,192,0,0,110350.526869,-19.446015,140159.592032,136517.956853,122228.242457,0.000000,0.000000,0.000000
15.604162,10uVrms10Hz_ch2pga1.bin,250,3878,30294,1,0xA3,1,0,0,192,0,0,110350.258648,-17.546117,140158.496797,136517.487466,122227.862477,0.000000,0.000000,0.000000
15.608164,10uVrms10Hz_ch2pga1.bin,250,3879,30295,1,0xA3,1,0,0,192,0,0,110349.789262,-16.897917,140157.334507,136516.861618,122227.370739,0.000000,0.000000,0.000000
15.612166,10uVrms10Hz_ch2pga1.bin,250,3880,30296,1,0xA3,1,0,0,192,0,0,110349.476337,-15.243888,140156.507492,136516.459286,122227.102518,0.000000,0.000000,0.000000
15.616165,10uVrms10Hz_ch2pga1.bin,250,3881,30297,1,0xA3,1,0,0,192,0,0,110349.968076,-14.595687,140156.283975,136516.682804,122227.527201,0.000000,0.000000,0.000000
15.620168,10uVrms10Hz_ch2pga1.bin,250,3882,30298,1,0xA3,1,0,0,192,0,0,110349.789262,-14.774501,140155.300498,136516.302824,122227.370739,0.000000,0.000000,0.000000
15.624170,10uVrms10Hz_ch2pga1.bin,250,3883,30299,1,0xA3,1,0,0,192,0,0,110349.923372,-14.550984,140154.719353,136516.235769,122227.415442,0.000000,0.000000,0.000000
15.628169,10uVrms10Hz_ch2pga1.bin,250,3884,30300,1,0xA3,1,0,0,192,0,0,110350.437462,-14.506280,140154.607594,136516.571045,122227.817774,0.000000,0.000000,0.000000
15.632171,10uVrms10Hz_ch2pga1.bin,250,3885,30301,1,0xA3,1,0,0,192,0,0,110350.079834,-15.936792,140153.668821,136516.034603,122227.504849,0.000000,0.000000,0.000000
15.636174,10uVrms10Hz_ch2pga1.bin,250,3886,30302,1,0xA3,1,0,0,192,0,0,110350.213945,-17.635524,140153.110027,136516.101658,122227.661312,0.000000,0.000000,0.000000
15.640176,10uVrms10Hz_ch2pga1.bin,250,3887,30303,1,0xA3,1,0,0,192,0,0,110350.616276,-18.619001,140152.841806,136516.258121,122228.018939,0.000000,0.000000,0.000000
15.644175,10uVrms10Hz_ch2pga1.bin,250,3888,30304,1,0xA3,1,0,0,192,0,0,110351.108015,-20.250678,140152.685344,136516.593397,122228.465974,0.000000,0.000000,0.000000
15.648178,10uVrms10Hz_ch2pga1.bin,250,3889,30305,1,0xA3,1,0,0,192,0,0,110351.331532,-22.150576,140152.081847,136516.459286,122228.465974,0.000000,0.000000,0.000000
15.652178,10uVrms10Hz_ch2pga1.bin,250,3890,30306,1,0xA3,1,0,0,192,0,0,110351.577401,-23.849308,140151.567757,136516.436934,122228.555381,0.000000,0.000000,0.000000
15.656180,10uVrms10Hz_ch2pga1.bin,250,3891,30307,1,0xA3,1,0,0,192,0,0,110351.756215,-25.391579,140151.187778,136516.571045,122228.801250,0.000000,0.000000,0.000000
15.660183,10uVrms10Hz_ch2pga1.bin,250,3892,30308,1,0xA3,1,0,0,192,0,0,110352.605581,-26.777387,140151.411295,136517.308652,122229.784727,0.000000,0.000000,0.000000
15.664182,10uVrms10Hz_ch2pga1.bin,250,3893,30309,1,0xA3,1,0,0,192,0,0,110353.298485,-27.827919,140151.299536,136517.800391,122230.388224,0.000000,0.000000,0.000000
15.668184,10uVrms10Hz_ch2pga1.bin,250,3894,30310,1,0xA3,1,0,0,192,0,0,110353.432596,-28.006732,140150.696039,136517.755687,122230.365872,0.000000,0.000000,0.000000
15.672186,10uVrms10Hz_ch2pga1.bin,250,3895,30311,1,0xA3,1,0,0,192,0,0,110352.985561,-28.409064,140149.533749,136517.085135,122229.829431,0.000000,0.000000,0.000000
15.676188,10uVrms10Hz_ch2pga1.bin,250,3896,30312,1,0xA3,1,0,0,192,0,0,110353.253782,-27.984381,140149.131417,136517.196894,122230.075300,0.000000,0.000000,0.000000
15.680187,10uVrms10Hz_ch2pga1.bin,250,3897,30313,1,0xA3,1,0,0,192,0,0,110354.036093,-26.956201,140149.265528,136517.710984,122230.790555,0.000000,0.000000,0.000000
15.684190,10uVrms10Hz_ch2pga1.bin,250,3898,30314,1,0xA3,1,0,0,192,0,0,110353.857279,-25.682151,140148.416162,136517.420411,122230.567038,0.000000,0.000000,0.000000
15.688190,10uVrms10Hz_ch2pga1.bin,250,3899,30315,1,0xA3,1,0,0,192,0,0,110354.036093,-24.788082,140147.902071,136517.487466,122230.656445,0.000000,0.000000,0.000000
15.692193,10uVrms10Hz_ch2pga1.bin,250,3900,30316,1,0xA3,1,0,0,192,0,0,110354.080796,-23.402274,140147.365630,136517.375708,122230.745852,0.000000,0.000000,0.000000
15.696192,10uVrms10Hz_ch2pga1.bin,250,3901,30317,1,0xA3,1,0,0,192,0,0,110354.661942,-21.055341,140147.231519,136517.822742,122231.371701,0.000000,0.000000,0.000000
15.700195,10uVrms10Hz_ch2pga1.bin,250,3902,30318,1,0xA3,1,0,0,192,0,0,110355.086625,-19.602478,140146.806836,136517.912149,122231.684625,0.000000,0.000000,0.000000
15.704195,10uVrms10Hz_ch2pga1.bin,250,3903,30319,1,0xA3,1,0,0,192,0,0,110354.639590,-17.970800,140145.622194,136517.263949,122231.148183,0.000000,0.000000,0.000000
15.708198,10uVrms10Hz_ch2pga1.bin,250,3904,30320,1,0xA3,1,0,0,192,0,0,110354.259610,-16.137958,140144.549310,136516.727507,122230.790555,0.000000,0.000000,0.000000
15.712198,10uVrms10Hz_ch2pga1.bin,250,3905,30321,1,0xA3,1,0,0,192,0,0,110353.767872,-15.176833,140143.364668,136515.989900,122230.209410,0.000000,0.000000,0.000000
15.716200,10uVrms10Hz_ch2pga1.bin,250,3906,30322,1,0xA3,1,0,0,192,0,0,110354.036093,-14.998019,140143.029392,136516.302824,122230.410576,0.000000,0.000000,0.000000
15.720203,10uVrms10Hz_ch2pga1.bin,250,3907,30323,1,0xA3,1,0,0,192,0,0,110354.594886,-14.372170,140142.984688,136516.794562,122230.969369,0.000000,0.000000,0.000000
15.724205,10uVrms10Hz_ch2pga1.bin,250,3908,30324,1,0xA3,1,0,0,192,0,0,110354.617238,-13.723969,140142.202377,136516.459286,122230.857611,0.000000,0.000000,0.000000
15.728204,10uVrms10Hz_ch2pga1.bin,250,3909,30325,1,0xA3,1,0,0,192,0,0,110354.840755,-14.886260,140141.688287,136516.481638,122231.036425,0.000000,0.000000,0.000000
15.732207,10uVrms10Hz_ch2pga1.bin,250,3910,30326,1,0xA3,1,0,0,192,0,0,110355.220735,-16.339123,140141.353011,136516.638100,122231.371701,0.000000,0.000000,0.000000
15.736206,10uVrms10Hz_ch2pga1.bin,250,3911,30327,1,0xA3,1,0,0,192,0,0,110356.114805,-17.233193,140141.598880,136517.263949,122232.243419,0.000000,0.000000,0.000000
15.740208,10uVrms10Hz_ch2pga1.bin,250,3912,30328,1,0xA3,1,0,0,192,0,0,110356.807709,-18.440187,140141.531825,136517.755687,122232.757509,0.000000,0.000000,0.000000
15.744210,10uVrms10Hz_ch2pga1.bin,250,3913,30329,1,0xA3,1,0,0,192,0,0,110356.830060,-20.295382,140140.928328,136517.710984,122232.757509,0.000000,0.000000,0.000000
15.748213,10uVrms10Hz_ch2pga1.bin,250,3914,30330,1,0xA3,1,0,0,192,0,0,110356.763005,-21.927059,140140.146017,136517.420411,122232.690454,0.000000,0.000000,0.000000
15.752212,10uVrms10Hz_ch2pga1.bin,250,3915,30331,1,0xA3,1,0,0,192,0,0,110356.897116,-23.871660,140139.631927,136517.375708,122232.757509,0.000000,0.000000,0.000000
15.756214,10uVrms10Hz_ch2pga1.bin,250,3916,30332,1,0xA3,1,0,0,192,0,0,110357.321799,-25.637448,140139.363706,136517.666280,122233.115137,0.000000,0.000000,0.000000
15.760216,10uVrms10Hz_ch2pga1.bin,250,3917,30333,1,0xA3,1,0,0,192,0,0,110358.707607,-26.889145,140140.078962,136518.895626,122234.478593,0.000000,0.000000,0.000000
15.764215,10uVrms10Hz_ch2pga1.bin,250,3918,30334,1,0xA3,1,0,0,192,0,0,110359.109938,-27.470291,140139.810741,136519.163847,122234.813869,0.000000,0.000000,0.000000
15.768218,10uVrms10Hz_ch2pga1.bin,250,3919,30335,1,0xA3,1,0,0,192,0,0,110358.417034,-28.096139,140138.402581,136518.202722,122233.964503,0.000000,0.000000,0.000000
15.772219,10uVrms10Hz_ch2pga1.bin,250,3920,30336,1,0xA3,1,0,0,192,0,0,110358.372331,-28.744340,140137.732029,136518.001556,122233.942151,0.000000,0.000000,0.000000
15.776221,10uVrms10Hz_ch2pga1.bin,250,3921,30337,1,0xA3,1,0,0,192,0,0,110358.975828,-28.409064,140137.575567,136518.537998,122234.500945,0.000000,0.000000,0.000000
15.780220,10uVrms10Hz_ch2pga1.bin,250,3922,30338,1,0xA3,1,0,0,192,0,0,110359.154642,-26.911497,140136.905015,136518.426239,122234.545648,0.000000,0.000000,0.000000
15.784223,10uVrms10Hz_ch2pga1.bin,250,3923,30339,1,0xA3,1,0,0,192,0,0,110359.244049,-26.151538,140136.279166,136518.202722,122234.568000,0.000000,0.000000,0.000000
15.788225,10uVrms10Hz_ch2pga1.bin,250,3924,30340,1,0xA3,1,0,0,192,0,0,110358.729959,-25.212765,140135.161579,136517.554522,122234.009206,0.000000,0.000000,0.000000
15.792225,10uVrms10Hz_ch2pga1.bin,250,3925,30341,1,0xA3,1,0,0,192,0,0,110358.484089,-22.955239,140134.356916,136517.263949,122233.830392,0.000000,0.000000,0.000000
15.796227,10uVrms10Hz_ch2pga1.bin,250,3926,30342,1,0xA3,1,0,0,192,0,0,110358.797014,-21.323562,140133.976936,136517.532170,122234.098613,0.000000,0.000000,0.000000
15.800229,10uVrms10Hz_ch2pga1.bin,250,3927,30343,1,0xA3,1,0,0,192,0,0,110359.355807,-19.714236,140133.641660,136517.867446,122234.545648,0.000000,0.000000,0.000000
15.804228,10uVrms10Hz_ch2pga1.bin,250,3928,30344,1,0xA3,1,0,0,192,0,0,110359.489918,-17.881393,140133.038163,136517.710984,122234.724462,0.000000,0.000000,0.000000
15.808230,10uVrms10Hz_ch2pga1.bin,250,3929,30345,1,0xA3,1,0,0,192,0,0,110358.774662,-16.115606,140131.630003,136516.727507,122233.919799,0.000000,0.000000,0.000000
15.812233,10uVrms10Hz_ch2pga1.bin,250,3930,30346,1,0xA3,1,0,0,192,0,0,110358.685255,-15.668571,140130.825341,136516.503990,122233.651578,0.000000,0.000000,0.000000
15.816233,10uVrms10Hz_ch2pga1.bin,250,3931,30347,1,0xA3,1,0,0,192,0,0,110359.087586,-15.042722,140130.557120,136516.794562,122234.143317,0.000000,0.000000,0.000000
15.820236,10uVrms10Hz_ch2pga1.bin,250,3932,30348,1,0xA3,1,0,0,192,0,0,110359.512269,-14.550984,140130.288899,136517.040431,122234.500945,0.000000,0.000000,0.000000
15.824237,10uVrms10Hz_ch2pga1.bin,250,3933,30349,1,0xA3,1,0,0,192,0,0,110359.422863,-14.863908,140129.506588,136516.682804,122234.344482,0.000000,0.000000,0.000000
15.828236,10uVrms10Hz_ch2pga1.bin,250,3934,30350,1,0xA3,1,0,0,192,0,0,110359.400511,-15.333295,140128.746629,136516.481638,122234.098613,0.000000,0.000000,0.000000
15.832239,10uVrms10Hz_ch2pga1.bin,250,3935,30351,1,0xA3,1,0,0,192,0,0,110359.556973,-15.959144,140128.299594,136516.526341,122234.255075,0.000000,0.000000,0.000000
15.836241,10uVrms10Hz_ch2pga1.bin,250,3936,30352,1,0xA3,1,0,0,192,0,0,110359.735787,-17.076731,140127.830207,136516.526341,122234.478593,0.000000,0.000000,0.000000
15.840241,10uVrms10Hz_ch2pga1.bin,250,3937,30353,1,0xA3,1,0,0,192,0,0,110360.339284,-18.976629,140127.718449,136516.928673,122235.037386,0.000000,0.000000,0.000000
15.844244,10uVrms10Hz_ch2pga1.bin,250,3938,30354,1,0xA3,1,0,0,192,0,0,110360.428691,-20.831823,140127.114952,136516.816914,122234.992683,0.000000,0.000000,0.000000
15.848244,10uVrms10Hz_ch2pga1.bin,250,3939,30355,1,0xA3,1,0,0,192,0,0,110359.691083,-22.441149,140125.729144,136515.922844,122234.210372,0.000000,0.000000,0.000000
15.852247,10uVrms10Hz_ch2pga1.bin,250,3940,30356,1,0xA3,1,0,0,192,0,0,110360.093415,-24.475157,140125.349164,136516.079307,122234.500945,0.000000,0.000000,0.000000
15.856246,10uVrms10Hz_ch2pga1.bin,250,3941,30357,1,0xA3,1,0,0,192,0,0,110361.143947,-25.793910,140125.729144,136517.018080,122235.573828,0.000000,0.000000,0.000000
15.860249,10uVrms10Hz_ch2pga1.bin,250,3942,30358,1,0xA3,1,0,0,192,0,0,110360.831022,-26.576221,140124.745667,136516.503990,122235.260904,0.000000,0.000000,0.000000
15.864249,10uVrms10Hz_ch2pga1.bin,250,3943,30359,1,0xA3,1,0,0,192,0,0,110361.121595,-27.559698,140124.343336,136516.638100,122235.484421,0.000000,0.000000,0.000000
15.868252,10uVrms10Hz_ch2pga1.bin,250,3944,30360,1,0xA3,1,0,0,192,0,0,110361.412168,-28.431416,140123.851597,136516.705155,122235.730290,0.000000,0.000000,0.000000
15.872252,10uVrms10Hz_ch2pga1.bin,250,3945,30361,1,0xA3,1,0,0,192,0,0,110361.479223,-28.319657,140123.158693,136516.481638,122235.730290,0.000000,0.000000,0.000000
15.876255,10uVrms10Hz_ch2pga1.bin,250,3946,30362,1,0xA3,1,0,0,192,0,0,110362.149775,-28.207898,140123.359859,136517.085135,122236.467898,0.000000,0.000000,0.000000
15.880255,10uVrms10Hz_ch2pga1.bin,250,3947,30363,1,0xA3,1,0,0,192,0,0,110362.797976,-27.403235,140123.359859,136517.576873,122237.004340,0.000000,0.000000,0.000000
15.884258,10uVrms10Hz_ch2pga1.bin,250,3948,30364,1,0xA3,1,0,0,192,0,0,110362.529755,-26.196241,140122.264624,136516.995728,122236.624360,0.000000,0.000000,0.000000
15.888258,10uVrms10Hz_ch2pga1.bin,250,3949,30365,1,0xA3,1,0,0,192,0,0,110361.121595,-24.341047,140120.118856,136515.408754,122235.149145,0.000000,0.000000,0.000000
15.892261,10uVrms10Hz_ch2pga1.bin,250,3950,30366,1,0xA3,1,0,0,192,0,0,110360.898077,-22.709370,140119.224787,136514.961720,122234.880924,0.000000,0.000000,0.000000
15.896261,10uVrms10Hz_ch2pga1.bin,250,3951,30367,1,0xA3,1,0,0,192,0,0,110360.965133,-21.412969,140118.576586,136514.961720,122235.059738,0.000000,0.000000,0.000000
15.900264,10uVrms10Hz_ch2pga1.bin,250,3952,30368,1,0xA3,1,0,0,192,0,0,110361.859202,-19.378960,140118.934214,136515.721679,122235.953808,0.000000,0.000000,0.000000
15.904267,10uVrms10Hz_ch2pga1.bin,250,3953,30369,1,0xA3,1,0,0,192,0,0,110362.328589,-17.635524,140118.621290,136516.079307,122236.289084,0.000000,0.000000,0.000000
15.908267,10uVrms10Hz_ch2pga1.bin,250,3954,30370,1,0xA3,1,0,0,192,0,0,110361.948609,-16.674399,140117.503703,136515.475810,122235.864401,0.000000,0.000000,0.000000
15.912269,10uVrms10Hz_ch2pga1.bin,250,3955,30371,1,0xA3,1,0,0,192,0,0,110361.322761,-15.735626,140116.050839,136514.469981,122235.015035,0.000000,0.000000,0.000000
15.916268,10uVrms10Hz_ch2pga1.bin,250,3956,30372,1,0xA3,1,0,0,192,0,0,110361.255705,-14.349818,140115.313232,136514.224112,122234.836221,0.000000,0.000000,0.000000
15.920272,10uVrms10Hz_ch2pga1.bin,250,3957,30373,1,0xA3,1,0,0,192,0,0,110361.970961,-14.506280,140115.380287,136514.849961,122235.484421,0.000000,0.000000,0.000000
15.924271,10uVrms10Hz_ch2pga1.bin,250,3958,30374,1,0xA3,1,0,0,192,0,0,110361.613333,-14.685094,140114.441514,136514.335871,122235.149145,0.000000,0.000000,0.000000
15.928275,10uVrms10Hz_ch2pga1.bin,250,3959,30375,1,0xA3,1,0,0,192,0,0,110360.965133,-14.886260,140113.033354,136513.508856,122234.478593,0.000000,0.000000,0.000000
15.932275,10uVrms10Hz_ch2pga1.bin,250,3960,30376,1,0xA3,1,0,0,192,0,0,110361.233354,-16.406178,140112.563968,136513.598263,122234.657407,0.000000,0.000000,0.000000
15.936279,10uVrms10Hz_ch2pga1.bin,250,3961,30377,1,0xA3,1,0,0,192,0,0,110362.417996,-17.479062,140113.189816,136514.626443,122235.886753,0.000000,0.000000,0.000000
15.940279,10uVrms10Hz_ch2pga1.bin,250,3962,30378,1,0xA3,1,0,0,192,0,0,110363.490880,-18.529594,140113.614500,136515.565217,122236.914933,0.000000,0.000000,0.000000
15.944282,10uVrms10Hz_ch2pga1.bin,250,3963,30379,1,0xA3,1,0,0,192,0,0,110363.870859,-20.161271,140113.078058,136515.609920,122237.116098,0.000000,0.000000,0.000000
15.948281,10uVrms10Hz_ch2pga1.bin,250,3964,30380,1,0xA3,1,0,0,192,0,0,110364.317894,-22.463500,140112.921596,136515.855789,122237.563133,0.000000,0.000000,0.000000
15.952284,10uVrms10Hz_ch2pga1.bin,250,3965,30381,1,0xA3,1,0,0,192,0,0,110364.429653,-23.983419,140112.251043,136515.744030,122237.652540,0.000000,0.000000,0.000000
15.956284,10uVrms10Hz_ch2pga1.bin,250,3966,30382,1,0xA3,1,0,0,192,0,0,110364.407301,-25.391579,140111.625195,136515.587568,122237.674892,0.000000,0.000000,0.000000
15.960287,10uVrms10Hz_ch2pga1.bin,250,3967,30383,1,0xA3,1,0,0,192,0,0,110365.547240,-26.643276,140112.027526,136516.638100,122238.792479,0.000000,0.000000,0.000000
15.964287,10uVrms10Hz_ch2pga1.bin,250,3968,30384,1,0xA3,1,0,0,192,0,0,110365.971923,-28.029084,140111.781657,136516.883969,122239.127755,0.000000,0.000000,0.000000
15.968291,10uVrms10Hz_ch2pga1.bin,250,3969,30385,1,0xA3,1,0,0,192,0,0,110365.144908,-28.163195,140110.127628,136515.744030,122238.166630,0.000000,0.000000,0.000000
15.972290,10uVrms10Hz_ch2pga1.bin,250,3970,30386,1,0xA3,1,0,0,192,0,0,110365.368426,-28.319657,140109.591186,136515.721679,122238.300741,0.000000,0.000000,0.000000
15.976293,10uVrms10Hz_ch2pga1.bin,250,3971,30387,1,0xA3,1,0,0,192,0,0,110365.949571,-28.140843,140109.635890,136516.235769,122238.971293,0.000000,0.000000,0.000000
15.980292,10uVrms10Hz_ch2pga1.bin,250,3972,30388,1,0xA3,1,0,0,192,0,0,110366.173089,-27.626753,140109.188855,136516.280472,122239.105403,0.000000,0.000000,0.000000
15.984294,10uVrms10Hz_ch2pga1.bin,250,3973,30389,1,0xA3,1,0,0,192,0,0,110366.687179,-25.749207,140108.987689,136516.526341,122239.485383,0.000000,0.000000,0.000000
15.988297,10uVrms10Hz_ch2pga1.bin,250,3974,30390,1,0xA3,1,0,0,192,0,0,110366.754234,-24.698675,140108.361840,136516.392231,122239.485383,0.000000,0.000000,0.000000
15.992296,10uVrms10Hz_ch2pga1.bin,250,3975,30391,1,0xA3,1,0,0,192,0,0,110367.290676,-23.469329,140108.160675,136516.749859,122239.910066,0.000000,0.000000,0.000000
15.996299,10uVrms10Hz_ch2pga1.bin,250,3976,30392,1,0xA3,1,0,0,192,0,0,110367.223620,-21.189451,140107.333660,136516.459286,122239.843011,0.000000,0.000000,0.000000
16.000302,10uVrms10Hz_ch2pga1.bin,250,3977,30393,1,0xA3,1,0,0,192,0,0,110367.469490,-19.378960,140106.886625,136516.571045,122240.066528,0.000000,0.000000,0.000000
16.004301,10uVrms10Hz_ch2pga1.bin,250,3978,30394,1,0xA3,1,0,0,192,0,0,110367.849469,-17.926097,140106.528997,136516.794562,122240.357101,0.000000,0.000000,0.000000
16.008305,10uVrms10Hz_ch2pga1.bin,250,3979,30395,1,0xA3,1,0,0,192,0,0,110366.687179,-16.473234,140104.718506,136515.475810,122239.239514,0.000000,0.000000,0.000000
16.012305,10uVrms10Hz_ch2pga1.bin,250,3980,30396,1,0xA3,1,0,0,192,0,0,110366.731882,-15.556812,140104.137361,136515.319347,122239.261866,0.000000,0.000000,0.000000
16.016305,10uVrms10Hz_ch2pga1.bin,250,3981,30397,1,0xA3,1,0,0,192,0,0,110367.178917,-15.221536,140103.846788,136515.587568,122239.619493,0.000000,0.000000,0.000000
16.020307,10uVrms10Hz_ch2pga1.bin,250,3982,30398,1,0xA3,1,0,0,192,0,0,110367.782414,-14.394522,140103.712678,136515.922844,122240.111232,0.000000,0.000000,0.000000
16.024310,10uVrms10Hz_ch2pga1.bin,250,3983,30399,1,0xA3,1,0,0,192,0,0,110367.961228,-14.081597,140103.422105,136516.034603,122240.357101,0.000000,0.000000,0.000000
16.028310,10uVrms10Hz_ch2pga1.bin,250,3984,30400,1,0xA3,1,0,0,192,0,0,110367.938876,-15.109777,140102.617443,136515.788734,122240.200639,0.000000,0.000000,0.000000
16.032313,10uVrms10Hz_ch2pga1.bin,250,3985,30401,1,0xA3,1,0,0,192,0,0,110368.162394,-16.696751,140102.013946,136515.788734,122240.245342,0.000000,0.000000,0.000000
16.036314,10uVrms10Hz_ch2pga1.bin,250,3986,30402,1,0xA3,1,0,0,192,0,0,110368.631780,-17.367303,140101.745725,136516.012251,122240.692377,0.000000,0.000000,0.000000
16.040314,10uVrms10Hz_ch2pga1.bin,250,3987,30403,1,0xA3,1,0,0,192,0,0,110369.190574,-18.686056,140101.522207,136516.325176,122241.184115,0.000000,0.000000,0.000000
16.044317,10uVrms10Hz_ch2pga1.bin,250,3988,30404,1,0xA3,1,0,0,192,0,0,110369.525850,-20.474195,140101.253986,136516.593397,122241.541743,0.000000,0.000000,0.000000
16.048317,10uVrms10Hz_ch2pga1.bin,250,3989,30405,1,0xA3,1,0,0,192,0,0,110369.659960,-22.307038,140100.829303,136516.571045,122241.586447,0.000000,0.000000,0.000000
16.052321,10uVrms10Hz_ch2pga1.bin,250,3990,30406,1,0xA3,1,0,0,192,0,0,110369.972885,-23.826957,140100.337565,136516.615748,122241.877019,0.000000,0.000000,0.000000
16.056321,10uVrms10Hz_ch2pga1.bin,250,3991,30407,1,0xA3,1,0,0,192,0,0,110370.643437,-25.324523,140100.270510,136517.129838,122242.547572,0.000000,0.000000,0.000000
16.060324,10uVrms10Hz_ch2pga1.bin,250,3992,30408,1,0xA3,1,0,0,192,0,0,110371.649265,-26.799738,140100.672841,136518.090963,122243.486345,0.000000,0.000000,0.000000
16.064324,10uVrms10Hz_ch2pga1.bin,250,3993,30409,1,0xA3,1,0,0,192,0,0,110371.626914,-27.470291,140099.957585,136517.889798,122243.441641,0.000000,0.000000,0.000000
16.068326,10uVrms10Hz_ch2pga1.bin,250,3994,30410,1,0xA3,1,0,0,192,0,0,110371.381044,-28.342009,140099.063516,136517.420411,122243.084013,0.000000,0.000000,0.000000
16.072329,10uVrms10Hz_ch2pga1.bin,250,3995,30411,1,0xA3,1,0,0,192,0,0,110371.939838,-28.744340,140098.884702,136517.800391,122243.553400,0.000000,0.000000,0.000000
16.076328,10uVrms10Hz_ch2pga1.bin,250,3996,30412,1,0xA3,1,0,0,192,0,0,110371.828079,-27.894974,140098.057687,136517.487466,122243.441641,0.000000,0.000000,0.000000
16.080331,10uVrms10Hz_ch2pga1.bin,250,3997,30413,1,0xA3,1,0,0,192,0,0,110371.917486,-26.687980,140097.498894,136517.375708,122243.531048,0.000000,0.000000,0.000000
16.084331,10uVrms10Hz_ch2pga1.bin,250,3998,30414,1,0xA3,1,0,0,192,0,0,110372.208059,-26.106834,140097.096562,136517.487466,122243.709862,0.000000,0.000000,0.000000
16.088335,10uVrms10Hz_ch2pga1.bin,250,3999,30415,1,0xA3,1,0,0,192,0,0,110371.559858,-25.168061,140095.554292,136516.682804,122242.860496,0.000000,0.000000,0.000000
16.092335,10uVrms10Hz_ch2pga1.bin,250,4000,30416,1,0xA3,1,0,0,192,0,0,110371.425748,-23.089349,140094.704926,136516.347528,122242.681682,0.000000,0.000000,0.000000
16.096335,10uVrms10Hz_ch2pga1.bin,250,4001,30417,1,0xA3,1,0,0,192,0,0,110371.515155,-21.167099,140094.146132,136516.280472,122242.793441,0.000000,0.000000,0.000000
16.100338,10uVrms10Hz_ch2pga1.bin,250,4002,30418,1,0xA3,1,0,0,192,0,0,110371.112823,-19.580126,140093.140304,136515.699327,122242.435813,0.000000,0.000000,0.000000
16.104341,10uVrms10Hz_ch2pga1.bin,250,4003,30419,1,0xA3,1,0,0,192,0,0,110370.509326,-17.680228,140091.910958,136514.894664,122241.809964,0.000000,0.000000,0.000000
16.108340,10uVrms10Hz_ch2pga1.bin,250,4004,30420,1,0xA3,1,0,0,192,0,0,110370.129347,-15.825033,140090.748668,136514.179409,122241.251171,0.000000,0.000000,0.000000
16.112344,10uVrms10Hz_ch2pga1.bin,250,4005,30421,1,0xA3,1,0,0,192,0,0,110370.576382,-15.355647,140090.569854,136514.469981,122241.631150,0.000000,0.000000,0.000000
16.116343,10uVrms10Hz_ch2pga1.bin,250,4006,30422,1,0xA3,1,0,0,192,0,0,110370.978713,-14.729798,140090.145171,136514.626443,122241.944075,0.000000,0.000000,0.000000
16.120346,10uVrms10Hz_ch2pga1.bin,250,4007,30423,1,0xA3,1,0,0,192,0,0,110370.978713,-14.059246,140089.474618,136514.537036,122241.944075,0.000000,0.000000,0.000000
16.124346,10uVrms10Hz_ch2pga1.bin,250,4008,30424,1,0xA3,1,0,0,192,0,0,110371.045768,-14.595687,140088.826418,136514.402926,122242.033482,0.000000,0.000000,0.000000
16.128348,10uVrms10Hz_ch2pga1.bin,250,4009,30425,1,0xA3,1,0,0,192,0,0,110370.844603,-15.154481,140087.954700,136514.022946,122241.787612,0.000000,0.000000,0.000000
16.132347,10uVrms10Hz_ch2pga1.bin,250,4010,30426,1,0xA3,1,0,0,192,0,0,110370.822251,-16.115606,140087.217093,136513.933539,122241.675854,0.000000,0.000000,0.000000
16.136350,10uVrms10Hz_ch2pga1.bin,250,4011,30427,1,0xA3,1,0,0,192,0,0,110371.693969,-17.344952,140087.306499,136514.514685,122242.435813,0.000000,0.000000,0.000000
16.140353,10uVrms10Hz_ch2pga1.bin,250,4012,30428,1,0xA3,1,0,0,192,0,0,110372.364521,-18.976629,140087.217093,136515.028775,122243.106365,0.000000,0.000000,0.000000
16.144354,10uVrms10Hz_ch2pga1.bin,250,4013,30429,1,0xA3,1,0,0,192,0,0,110372.878611,-20.273030,140087.082982,136515.252292,122243.508697,0.000000,0.000000,0.000000
16.148357,10uVrms10Hz_ch2pga1.bin,250,4014,30430,1,0xA3,1,0,0,192,0,0,110372.811556,-21.882355,140086.390078,136515.118182,122243.352234,0.000000,0.000000,0.000000
16.152357,10uVrms10Hz_ch2pga1.bin,250,4015,30431,1,0xA3,1,0,0,192,0,0,110372.833908,-23.894012,140085.674822,136514.961720,122243.329883,0.000000,0.000000,0.000000
16.156357,10uVrms10Hz_ch2pga1.bin,250,4016,30432,1,0xA3,1,0,0,192,0,0,110373.280942,-25.793910,140085.339546,136515.185237,122243.665159,0.000000,0.000000,0.000000
16.160360,10uVrms10Hz_ch2pga1.bin,250,4017,30433,1,0xA3,1,0,0,192,0,0,110374.264419,-26.419759,140085.697174,136516.012251,122244.648635,0.000000,0.000000,0.000000
16.164360,10uVrms10Hz_ch2pga1.bin,250,4018,30434,1,0xA3,1,0,0,192,0,0,110373.705626,-27.447939,140084.490180,136515.162885,122243.978083,0.000000,0.000000,0.000000
16.168362,10uVrms10Hz_ch2pga1.bin,250,4019,30435,1,0xA3,1,0,0,192,0,0,110373.213887,-28.476119,140083.283186,136514.380574,122243.419290,0.000000,0.000000,0.000000
16.172365,10uVrms10Hz_ch2pga1.bin,250,4020,30436,1,0xA3,1,0,0,192,0,0,110373.146832,-28.677285,140082.478523,136514.246464,122243.441641,0.000000,0.000000,0.000000
16.176365,10uVrms10Hz_ch2pga1.bin,250,4021,30437,1,0xA3,1,0,0,192,0,0,110373.772681,-28.185546,140082.433820,136514.648795,122243.911028,0.000000,0.000000,0.000000
16.180368,10uVrms10Hz_ch2pga1.bin,250,4022,30438,1,0xA3,1,0,0,192,0,0,110374.800861,-27.202070,140082.813799,136515.587568,122244.939208,0.000000,0.000000,0.000000
16.184368,10uVrms10Hz_ch2pga1.bin,250,4023,30439,1,0xA3,1,0,0,192,0,0,110374.443233,-25.905669,140081.696212,136515.028775,122244.447470,0.000000,0.000000,0.000000
16.188371,10uVrms10Hz_ch2pga1.bin,250,4024,30440,1,0xA3,1,0,0,192,0,0,110373.951495,-24.385750,140080.600977,136514.425278,122243.978083,0.000000,0.000000,0.000000
16.192372,10uVrms10Hz_ch2pga1.bin,250,4025,30441,1,0xA3,1,0,0,192,0,0,110373.549163,-22.843480,140079.438686,136513.710022,122243.419290,0.000000,0.000000,0.000000
16.196372,10uVrms10Hz_ch2pga1.bin,250,4026,30442,1,0xA3,1,0,0,192,0,0,110374.264419,-21.301210,140079.438686,136514.291167,122244.179249,0.000000,0.000000,0.000000
16.200374,10uVrms10Hz_ch2pga1.bin,250,4027,30443,1,0xA3,1,0,0,192,0,0,110374.644399,-19.870698,140079.058707,136514.469981,122244.536877,0.000000,0.000000,0.000000
16.204374,10uVrms10Hz_ch2pga1.bin,250,4028,30444,1,0xA3,1,0,0,192,0,0,110374.554992,-17.747283,140078.276396,136514.246464,122244.447470,0.000000,0.000000,0.000000
16.208377,10uVrms10Hz_ch2pga1.bin,250,4029,30445,1,0xA3,1,0,0,192,0,0,110374.152660,-16.629696,140077.203512,136513.531208,122243.888676,0.000000,0.000000,0.000000
16.212377,10uVrms10Hz_ch2pga1.bin,250,4030,30446,1,0xA3,1,0,0,192,0,0,110374.040902,-15.847385,140076.532960,136513.397098,122243.821621,0.000000,0.000000,0.000000
16.216380,10uVrms10Hz_ch2pga1.bin,250,4031,30447,1,0xA3,1,0,0,192,0,0,110374.666750,-14.461577,140076.376498,136513.777077,122244.268656,0.000000,0.000000,0.000000
16.220380,10uVrms10Hz_ch2pga1.bin,250,4032,30448,1,0xA3,1,0,0,192,0,0,110375.471413,-14.483929,140076.421201,136514.291167,122245.006263,0.000000,0.000000,0.000000
16.224384,10uVrms10Hz_ch2pga1.bin,250,4033,30449,1,0xA3,1,0,0,192,0,0,110375.314951,-14.618039,140075.616539,136513.978243,122244.939208,0.000000,0.000000,0.000000
16.228384,10uVrms10Hz_ch2pga1.bin,250,4034,30450,1,0xA3,1,0,0,192,0,0,110375.113785,-15.087426,140074.655414,136513.553560,122244.559228,0.000000,0.000000,0.000000
16.232387,10uVrms10Hz_ch2pga1.bin,250,4035,30451,1,0xA3,1,0,0,192,0,0,110375.091434,-16.093254,140073.962510,136513.397098,122244.536877,0.000000,0.000000,0.000000
16.236387,10uVrms10Hz_ch2pga1.bin,250,4036,30452,1,0xA3,1,0,0,192,0,0,110375.761986,-17.769635,140073.962510,136513.933539,122245.229781,0.000000,0.000000,0.000000
16.240390,10uVrms10Hz_ch2pga1.bin,250,4037,30453,1,0xA3,1,0,0,192,0,0,110376.343131,-18.842518,140073.850751,136514.358222,122245.766222,0.000000,0.000000,0.000000
16.244390,10uVrms10Hz_ch2pga1.bin,250,4038,30454,1,0xA3,1,0,0,192,0,0,110375.761986,-20.138919,140072.531998,136513.620615,122245.006263,0.000000,0.000000,0.000000
16.248393,10uVrms10Hz_ch2pga1.bin,250,4039,30455,1,0xA3,1,0,0,192,0,0,110376.231372,-22.195280,140072.241426,136513.844132,122245.363891,0.000000,0.000000,0.000000
16.252392,10uVrms10Hz_ch2pga1.bin,250,4040,30456,1,0xA3,1,0,0,192,0,0,110376.901925,-24.519861,140072.241426,136514.246464,122246.012092,0.000000,0.000000,0.000000
16.256394,10uVrms10Hz_ch2pga1.bin,250,4041,30457,1,0xA3,1,0,0,192,0,0,110377.237201,-25.279820,140071.906149,136514.402926,122246.280313,0.000000,0.000000,0.000000
16.260395,10uVrms10Hz_ch2pga1.bin,250,4042,30458,1,0xA3,1,0,0,192,0,0,110377.885401,-26.620924,140071.839094,136514.894664,122246.839106,0.000000,0.000000,0.000000
16.264398,10uVrms10Hz_ch2pga1.bin,250,4043,30459,1,0xA3,1,0,0,192,0,0,110377.997160,-27.582049,140071.257949,136514.805257,122246.973217,0.000000,0.000000,0.000000
16.268398,10uVrms10Hz_ch2pga1.bin,250,4044,30460,1,0xA3,1,0,0,192,0,0,110377.527773,-28.029084,140070.207417,136514.201760,122246.526182,0.000000,0.000000,0.000000
16.272398,10uVrms10Hz_ch2pga1.bin,250,4045,30461,1,0xA3,1,0,0,192,0,0,110377.728939,-28.453767,140069.782734,136514.358222,122246.794403,0.000000,0.000000,0.000000
16.276402,10uVrms10Hz_ch2pga1.bin,250,4046,30462,1,0xA3,1,0,0,192,0,0,110378.555954,-28.364360,140069.849789,136514.961720,122247.509658,0.000000,0.000000,0.000000
16.280402,10uVrms10Hz_ch2pga1.bin,250,4047,30463,1,0xA3,1,0,0,192,0,0,110379.114747,-27.246773,140069.626272,136515.229940,122247.979045,0.000000,0.000000,0.000000
16.284405,10uVrms10Hz_ch2pga1.bin,250,4048,30464,1,0xA3,1,0,0,192,0,0,110378.846526,-25.860965,140068.598092,136514.782906,122247.666121,0.000000,0.000000,0.000000
16.288405,10uVrms10Hz_ch2pga1.bin,250,4049,30465,1,0xA3,1,0,0,192,0,0,110378.108919,-24.765730,140067.167580,136513.911188,122246.861458,0.000000,0.000000,0.000000
16.292409,10uVrms10Hz_ch2pga1.bin,250,4050,30466,1,0xA3,1,0,0,192,0,0,110377.684236,-23.826957,140066.094697,136513.330042,122246.459126,0.000000,0.000000,0.000000
16.296408,10uVrms10Hz_ch2pga1.bin,250,4051,30467,1,0xA3,1,0,0,192,0,0,110377.751291,-21.435320,140065.424144,136513.151228,122246.392071,0.000000,0.000000,0.000000
16.300412,10uVrms10Hz_ch2pga1.bin,250,4052,30468,1,0xA3,1,0,0,192,0,0,110378.488898,-19.043684,140065.535903,136513.687670,122247.084975,0.000000,0.000000,0.000000
16.304411,10uVrms10Hz_ch2pga1.bin,250,4053,30469,1,0xA3,1,0,0,192,0,0,110377.863050,-17.635524,140064.239502,136512.994766,122246.459126,0.000000,0.000000,0.000000
16.308414,10uVrms10Hz_ch2pga1.bin,250,4054,30470,1,0xA3,1,0,0,192,0,0,110377.237201,-16.607344,140062.786639,136512.100697,122245.721519,0.000000,0.000000,0.000000
16.312414,10uVrms10Hz_ch2pga1.bin,250,4055,30471,1,0xA3,1,0,0,192,0,0,110377.460718,-15.579164,140062.317252,136512.055993,122245.788574,0.000000,0.000000,0.000000
16.316418,10uVrms10Hz_ch2pga1.bin,250,4056,30472,1,0xA3,1,0,0,192,0,0,110377.527773,-14.774501,140061.624348,136512.011290,122245.877981,0.000000,0.000000,0.000000
16.320418,10uVrms10Hz_ch2pga1.bin,250,4057,30473,1,0xA3,1,0,0,192,0,0,110377.706587,-14.528632,140061.244369,136511.988938,122246.101499,0.000000,0.000000,0.000000
16.324418,10uVrms10Hz_ch2pga1.bin,250,4058,30474,1,0xA3,1,0,0,192,0,0,110377.438366,-14.372170,140060.439706,136511.608958,122245.788574,0.000000,0.000000,0.000000
16.328422,10uVrms10Hz_ch2pga1.bin,250,4059,30475,1,0xA3,1,0,0,192,0,0,110376.857221,-14.975667,140059.120953,136510.893703,122245.140374,0.000000,0.000000,0.000000
16.332421,10uVrms10Hz_ch2pga1.bin,250,4060,30476,1,0xA3,1,0,0,192,0,0,110377.281904,-16.137958,140058.830380,136511.072516,122245.498002,0.000000,0.000000,0.000000
16.336424,10uVrms10Hz_ch2pga1.bin,250,4061,30477,1,0xA3,1,0,0,192,0,0,110379.047692,-17.233193,140059.836209,136512.704194,122247.241437,0.000000,0.000000,0.000000
16.340424,10uVrms10Hz_ch2pga1.bin,250,4062,30478,1,0xA3,1,0,0,192,0,0,110380.053520,-18.462539,140060.104430,136513.441801,122248.113155,0.000000,0.000000,0.000000
16.344428,10uVrms10Hz_ch2pga1.bin,250,4063,30479,1,0xA3,1,0,0,192,0,0,110379.897058,-20.384789,140059.210360,136513.106525,122247.800231,0.000000,0.000000,0.000000
16.348428,10uVrms10Hz_ch2pga1.bin,250,4064,30480,1,0xA3,1,0,0,192,0,0,110379.830003,-22.441149,140058.495104,136512.815952,122247.755527,0.000000,0.000000,0.000000
16.352431,10uVrms10Hz_ch2pga1.bin,250,4065,30481,1,0xA3,1,0,0,192,0,0,110380.209982,-24.050474,140058.115125,136513.017118,122248.046100,0.000000,0.000000,0.000000
16.356432,10uVrms10Hz_ch2pga1.bin,250,4066,30482,1,0xA3,1,0,0,192,0,0,110380.634665,-25.257468,140057.779849,136513.397098,122248.582542,0.000000,0.000000,0.000000
16.360434,10uVrms10Hz_ch2pga1.bin,250,4067,30483,1,0xA3,1,0,0,192,0,0,110381.305218,-26.799738,140057.735145,136513.844132,122249.141335,0.000000,0.000000,0.000000
16.364434,10uVrms10Hz_ch2pga1.bin,250,4068,30484,1,0xA3,1,0,0,192,0,0,110381.640494,-27.336180,140057.422221,136513.955891,122249.364853,0.000000,0.000000,0.000000
16.368437,10uVrms10Hz_ch2pga1.bin,250,4069,30485,1,0xA3,1,0,0,192,0,0,110380.969942,-28.274953,140056.103468,136513.218284,122248.694301,0.000000,0.000000,0.000000
16.372437,10uVrms10Hz_ch2pga1.bin,250,4070,30486,1,0xA3,1,0,0,192,0,0,110380.925238,-29.034913,140055.432916,136512.905359,122248.537838,0.000000,0.000000,0.000000
16.376440,10uVrms10Hz_ch2pga1.bin,250,4071,30487,1,0xA3,1,0,0,192,0,0,110381.372273,-28.185546,140055.075288,136513.106525,122248.917818,0.000000,0.000000,0.000000
16.380440,10uVrms10Hz_ch2pga1.bin,250,4072,30488,1,0xA3,1,0,0,192,0,0,110382.422805,-27.000904,140055.477619,136513.978243,122249.968350,0.000000,0.000000,0.000000
16.384444,10uVrms10Hz_ch2pga1.bin,250,4073,30489,1,0xA3,1,0,0,192,0,0,110382.646322,-26.173890,140055.097640,136514.067650,122250.258923,0.000000,0.000000,0.000000
16.388444,10uVrms10Hz_ch2pga1.bin,250,4074,30490,1,0xA3,1,0,0,192,0,0,110382.378101,-24.743378,140054.136515,136513.553560,122249.856591,0.000000,0.000000,0.000000
16.392444,10uVrms10Hz_ch2pga1.bin,250,4075,30491,1,0xA3,1,0,0,192,0,0,110381.975770,-22.888184,140052.974224,136512.972414,122249.387205,0.000000,0.000000,0.000000
16.396448,10uVrms10Hz_ch2pga1.bin,250,4076,30492,1,0xA3,1,0,0,192,0,0,110381.640494,-21.167099,140052.013099,136512.525380,122249.186039,0.000000,0.000000,0.000000
16.400448,10uVrms10Hz_ch2pga1.bin,250,4077,30493,1,0xA3,1,0,0,192,0,0,110381.551087,-19.937754,140051.208436,136512.346566,122249.007225,0.000000,0.000000,0.000000
16.404451,10uVrms10Hz_ch2pga1.bin,250,4078,30494,1,0xA3,1,0,0,192,0,0,110382.378101,-17.926097,140051.387250,136512.905359,122249.722481,0.000000,0.000000,0.000000
16.408451,10uVrms10Hz_ch2pga1.bin,250,4079,30495,1,0xA3,1,0,0,192,0,0,110382.243991,-16.026199,140050.560236,136512.547731,122249.454260,0.000000,0.000000,0.000000
16.412461,10uVrms10Hz_ch2pga1.bin,250,4080,30496,1,0xA3,1,0,0,192,0,0,110382.378101,-15.556812,140049.889684,136512.435973,122249.431908,0.000000,0.000000,0.000000
16.416460,10uVrms10Hz_ch2pga1.bin,250,4081,30497,1,0xA3,1,0,0,192,0,0,110382.020473,-14.953315,140048.883855,136511.988938,122249.051929,0.000000,0.000000,0.000000
16.420461,10uVrms10Hz_ch2pga1.bin,250,4082,30498,1,0xA3,1,0,0,192,0,0,110382.378101,-14.394522,140048.414469,136512.100697,122249.342501,0.000000,0.000000,0.000000
16.424461,10uVrms10Hz_ch2pga1.bin,250,4083,30499,1,0xA3,1,0,0,192,0,0,110382.691026,-14.461577,140048.123896,136512.324214,122249.610722,0.000000,0.000000,0.000000
16.428464,10uVrms10Hz_ch2pga1.bin,250,4084,30500,1,0xA3,1,0,0,192,0,0,110381.416976,-15.109777,140046.201646,136510.737240,122248.291969,0.000000,0.000000,0.000000
16.432464,10uVrms10Hz_ch2pga1.bin,250,4085,30501,1,0xA3,1,0,0,192,0,0,110381.975770,-16.182661,140045.978129,136511.027813,122248.694301,0.000000,0.000000,0.000000
16.436467,10uVrms10Hz_ch2pga1.bin,250,4086,30502,1,0xA3,1,0,0,192,0,0,110383.316875,-17.009676,140046.715736,136512.324214,122250.035405,0.000000,0.000000,0.000000
16.440467,10uVrms10Hz_ch2pga1.bin,250,4087,30503,1,0xA3,1,0,0,192,0,0,110384.523869,-18.931925,140047.319233,136513.330042,122251.242399,0.000000,0.000000,0.000000
16.444470,10uVrms10Hz_ch2pga1.bin,250,4088,30504,1,0xA3,1,0,0,192,0,0,110384.926200,-20.362437,140047.028661,136513.553560,122251.600027,0.000000,0.000000,0.000000
16.448469,10uVrms10Hz_ch2pga1.bin,250,4089,30505,1,0xA3,1,0,0,192,0,0,110384.479165,-22.083521,140045.799315,136512.905359,122251.085937,0.000000,0.000000,0.000000
16.452473,10uVrms10Hz_ch2pga1.bin,250,4090,30506,1,0xA3,1,0,0,192,0,0,110384.993255,-24.005771,140045.575798,136513.173580,122251.532972,0.000000,0.000000,0.000000
16.456473,10uVrms10Hz_ch2pga1.bin,250,4091,30507,1,0xA3,1,0,0,192,0,0,110385.663807,-25.860965,140045.598149,136513.754725,122252.158821,0.000000,0.000000,0.000000
16.460476,10uVrms10Hz_ch2pga1.bin,250,4092,30508,1,0xA3,1,0,0,192,0,0,110385.775566,-26.531518,140044.994652,136513.687670,122252.248228,0.000000,0.000000,0.000000
16.464476,10uVrms10Hz_ch2pga1.bin,250,4093,30509,1,0xA3,1,0,0,192,0,0,110385.194421,-27.805567,140043.698251,136513.061821,122251.711786,0.000000,0.000000,0.000000
16.468479,10uVrms10Hz_ch2pga1.bin,250,4094,30510,1,0xA3,1,0,0,192,0,0,110384.412110,-28.431416,140042.133629,136512.055993,122250.728309,0.000000,0.000000,0.000000
16.472478,10uVrms10Hz_ch2pga1.bin,250,4095,30511,1,0xA3,1,0,0,192,0,0,110384.747386,-28.364360,140041.843057,136512.190104,122251.041234,0.000000,0.000000,0.000000
16.476481,10uVrms10Hz_ch2pga1.bin,250,4096,30512,1,0xA3,1,0,0,192,0,0,110384.926200,-27.760863,140041.284263,136512.190104,122251.130641,0.000000,0.000000,0.000000
16.480483,10uVrms10Hz_ch2pga1.bin,250,4097,30513,1,0xA3,1,0,0,192,0,0,110385.820270,-27.179718,140041.552484,136512.927711,122252.047062,0.000000,0.000000,0.000000
16.484484,10uVrms10Hz_ch2pga1.bin,250,4098,30514,1,0xA3,1,0,0,192,0,0,110385.976732,-26.129186,140041.150153,136512.905359,122252.248228,0.000000,0.000000,0.000000
16.488487,10uVrms10Hz_ch2pga1.bin,250,4099,30515,1,0xA3,1,0,0,192,0,0,110385.932028,-24.586916,140040.434897,136512.659490,122252.069414,0.000000,0.000000,0.000000
16.492486,10uVrms10Hz_ch2pga1.bin,250,4100,30516,1,0xA3,1,0,0,192,0,0,110385.484993,-22.888184,140039.160848,136511.988938,122251.555324,0.000000,0.000000,0.000000
16.496487,10uVrms10Hz_ch2pga1.bin,250,4101,30517,1,0xA3,1,0,0,192,0,0,110385.529697,-21.390617,140038.534999,136511.877179,122251.577675,0.000000,0.000000,0.000000
16.500490,10uVrms10Hz_ch2pga1.bin,250,4102,30518,1,0xA3,1,0,0,192,0,0,110385.820270,-19.066036,140038.110316,136511.921883,122251.734138,0.000000,0.000000,0.000000
16.504491,10uVrms10Hz_ch2pga1.bin,250,4103,30519,1,0xA3,1,0,0,192,0,0,110385.842621,-17.613173,140037.417412,136511.720717,122251.734138,0.000000,0.000000,0.000000
16.508494,10uVrms10Hz_ch2pga1.bin,250,4104,30520,1,0xA3,1,0,0,192,0,0,110385.999084,-16.696751,140036.970377,136511.854827,122251.890600,0.000000,0.000000,0.000000
16.512494,10uVrms10Hz_ch2pga1.bin,250,4105,30521,1,0xA3,1,0,0,192,0,0,110385.619104,-15.869737,140035.875142,136511.385441,122251.488268,0.000000,0.000000,0.000000
16.516498,10uVrms10Hz_ch2pga1.bin,250,4106,30522,1,0xA3,1,0,0,192,0,0,110385.261476,-14.953315,140034.846961,136510.804296,122251.085937,0.000000,0.000000,0.000000
16.520497,10uVrms10Hz_ch2pga1.bin,250,4107,30523,1,0xA3,1,0,0,192,0,0,110385.172069,-14.260411,140034.019947,136510.513723,122250.929475,0.000000,0.000000,0.000000
16.524501,10uVrms10Hz_ch2pga1.bin,250,4108,30524,1,0xA3,1,0,0,192,0,0,110386.043787,-14.349818,140034.288168,136511.273682,122251.823545,0.000000,0.000000,0.000000
16.528501,10uVrms10Hz_ch2pga1.bin,250,4109,30525,1,0xA3,1,0,0,192,0,0,110386.602581,-15.065074,140034.087002,136511.564255,122252.270579,0.000000,0.000000,0.000000
16.532504,10uVrms10Hz_ch2pga1.bin,250,4110,30526,1,0xA3,1,0,0,192,0,0,110386.826098,-15.914440,140033.639967,136511.653662,122252.471745,0.000000,0.000000,0.000000
16.536504,10uVrms10Hz_ch2pga1.bin,250,4111,30527,1,0xA3,1,0,0,192,0,0,110387.407243,-17.456710,140033.572912,136512.055993,122252.985835,0.000000,0.000000,0.000000
16.540507,10uVrms10Hz_ch2pga1.bin,250,4112,30528,1,0xA3,1,0,0,192,0,0,110388.278961,-19.021332,140033.751726,136512.748897,122253.835201,0.000000,0.000000,0.000000
16.544507,10uVrms10Hz_ch2pga1.bin,250,4113,30529,1,0xA3,1,0,0,192,0,0,110388.569534,-20.138919,140033.215284,136512.883008,122253.924608,0.000000,0.000000,0.000000
16.548510,10uVrms10Hz_ch2pga1.bin,250,4114,30530,1,0xA3,1,0,0,192,0,0,110388.614237,-22.239983,140032.678843,136512.771249,122253.924608,0.000000,0.000000,0.000000
16.552510,10uVrms10Hz_ch2pga1.bin,250,4115,30531,1,0xA3,1,0,0,192,0,0,110388.793051,-24.519861,140032.187104,136512.681842,122254.148126,0.000000,0.000000,0.000000
16.556510,10uVrms10Hz_ch2pga1.bin,250,4116,30532,1,0xA3,1,0,0,192,0,0,110389.307141,-25.749207,140031.918883,136512.994766,122254.639864,0.000000,0.000000,0.000000
16.560514,10uVrms10Hz_ch2pga1.bin,250,4117,30533,1,0xA3,1,0,0,192,0,0,110390.178859,-27.112663,140032.187104,136513.844132,122255.578637,0.000000,0.000000,0.000000
16.564513,10uVrms10Hz_ch2pga1.bin,250,4118,30534,1,0xA3,1,0,0,192,0,0,110390.268266,-27.917325,140031.605959,136513.665318,122255.600989,0.000000,0.000000,0.000000
16.568516,10uVrms10Hz_ch2pga1.bin,250,4119,30535,1,0xA3,1,0,0,192,0,0,110389.754176,-28.431416,140030.376613,136512.883008,122254.885733,0.000000,0.000000,0.000000
16.572516,10uVrms10Hz_ch2pga1.bin,250,4120,30536,1,0xA3,1,0,0,192,0,0,110390.514135,-28.565526,140030.510724,136513.553560,122255.578637,0.000000,0.000000,0.000000
16.576520,10uVrms10Hz_ch2pga1.bin,250,4121,30537,1,0xA3,1,0,0,192,0,0,110391.296446,-28.096139,140030.667186,136514.268816,122256.405652,0.000000,0.000000,0.000000
16.580520,10uVrms10Hz_ch2pga1.bin,250,4122,30538,1,0xA3,1,0,0,192,0,0,110391.810536,-27.090311,140030.443668,136514.581740,122256.897390,0.000000,0.000000,0.000000
16.584524,10uVrms10Hz_ch2pga1.bin,250,4123,30539,1,0xA3,1,0,0,192,0,0,110391.296446,-25.749207,140029.169619,136513.888836,122256.316245,0.000000,0.000000,0.000000
16.588523,10uVrms10Hz_ch2pga1.bin,250,4124,30540,1,0xA3,1,0,0,192,0,0,110390.871763,-24.631619,140028.096735,136513.285339,122255.824506,0.000000,0.000000,0.000000
16.592527,10uVrms10Hz_ch2pga1.bin,250,4125,30541,1,0xA3,1,0,0,192,0,0,110390.357673,-23.335218,140026.822686,136512.592435,122255.265713,0.000000,0.000000,0.000000
16.596527,10uVrms10Hz_ch2pga1.bin,250,4126,30542,1,0xA3,1,0,0,192,0,0,110390.581191,-20.876527,140026.487410,136512.748897,122255.489230,0.000000,0.000000,0.000000
16.600530,10uVrms10Hz_ch2pga1.bin,250,4127,30543,1,0xA3,1,0,0,192,0,0,110390.961170,-19.222498,140026.241541,136512.815952,122255.846858,0.000000,0.000000,0.000000
16.604530,10uVrms10Hz_ch2pga1.bin,250,4128,30544,1,0xA3,1,0,0,192,0,0,110391.050577,-18.194318,140025.660396,136512.659490,122255.802155,0.000000,0.000000,0.000000
16.608532,10uVrms10Hz_ch2pga1.bin,250,4129,30545,1,0xA3,1,0,0,192,0,0,110390.312970,-16.853213,140024.185181,136511.787772,122254.997492,0.000000,0.000000,0.000000
16.612532,10uVrms10Hz_ch2pga1.bin,250,4130,30546,1,0xA3,1,0,0,192,0,0,110390.067101,-15.579164,140023.179352,136511.318386,122254.639864,0.000000,0.000000,0.000000
16.616536,10uVrms10Hz_ch2pga1.bin,250,4131,30547,1,0xA3,1,0,0,192,0,0,110390.804708,-14.886260,140023.313463,136512.033641,122255.377471,0.000000,0.000000,0.000000
16.620536,10uVrms10Hz_ch2pga1.bin,250,4132,30548,1,0xA3,1,0,0,192,0,0,110391.765833,-14.506280,140023.581684,136512.883008,122256.472707,0.000000,0.000000,0.000000
16.624538,10uVrms10Hz_ch2pga1.bin,250,4133,30549,1,0xA3,1,0,0,192,0,0,110391.676426,-14.774501,140022.799373,136512.547731,122256.338596,0.000000,0.000000,0.000000
16.628538,10uVrms10Hz_ch2pga1.bin,250,4134,30550,1,0xA3,1,0,0,192,0,0,110390.871763,-15.243888,140021.391213,136511.608958,122255.422175,0.000000,0.000000,0.000000
16.632541,10uVrms10Hz_ch2pga1.bin,250,4135,30551,1,0xA3,1,0,0,192,0,0,110390.402377,-16.249716,140020.318329,136511.005461,122254.885733,0.000000,0.000000,0.000000
16.636542,10uVrms10Hz_ch2pga1.bin,250,4136,30552,1,0xA3,1,0,0,192,0,0,110391.408205,-17.479062,140020.497143,136511.720717,122255.802155,0.000000,0.000000,0.000000
16.640545,10uVrms10Hz_ch2pga1.bin,250,4137,30553,1,0xA3,1,0,0,192,0,0,110392.816365,-18.864870,140021.279454,136513.039470,122257.187963,0.000000,0.000000,0.000000
16.644545,10uVrms10Hz_ch2pga1.bin,250,4138,30554,1,0xA3,1,0,0,192,0,0,110392.771661,-20.965934,140020.497143,136512.771249,122257.076204,0.000000,0.000000,0.000000
16.648544,10uVrms10Hz_ch2pga1.bin,250,4139,30555,1,0xA3,1,0,0,192,0,0,110392.570496,-22.418797,140019.580722,136512.368917,122256.785631,0.000000,0.000000,0.000000
16.652549,10uVrms10Hz_ch2pga1.bin,250,4140,30556,1,0xA3,1,0,0,192,0,0,110392.861068,-23.983419,140019.267797,136512.458324,122257.076204,0.000000,0.000000,0.000000
16.656548,10uVrms10Hz_ch2pga1.bin,250,4141,30557,1,0xA3,1,0,0,192,0,0,110393.643379,-25.436282,140019.357204,136513.061821,122257.813811,0.000000,0.000000,0.000000
16.660552,10uVrms10Hz_ch2pga1.bin,250,4142,30558,1,0xA3,1,0,0,192,0,0,110394.470394,-26.755035,140019.580722,136513.799429,122258.685529,0.000000,0.000000,0.000000
16.664552,10uVrms10Hz_ch2pga1.bin,250,4143,30559,1,0xA3,1,0,0,192,0,0,110394.313931,-27.179718,140018.686652,136513.419449,122258.484364,0.000000,0.000000,0.000000
16.668556,10uVrms10Hz_ch2pga1.bin,250,4144,30560,1,0xA3,1,0,0,192,0,0,110393.531621,-27.716160,140017.233789,136512.391269,122257.657349,0.000000,0.000000,0.000000
16.672556,10uVrms10Hz_ch2pga1.bin,250,4145,30561,1,0xA3,1,0,0,192,0,0,110393.732786,-28.565526,140016.719699,136512.391269,122257.746756,0.000000,0.000000,0.000000
16.676556,10uVrms10Hz_ch2pga1.bin,250,4146,30562,1,0xA3,1,0,0,192,0,0,110394.001007,-28.073788,140016.295016,136512.637138,122257.970273,0.000000,0.000000,0.000000
16.680559,10uVrms10Hz_ch2pga1.bin,250,4147,30563,1,0xA3,1,0,0,192,0,0,110394.604504,-26.978552,140016.138554,136512.972414,122258.484364,0.000000,0.000000,0.000000
16.684559,10uVrms10Hz_ch2pga1.bin,250,4148,30564,1,0xA3,1,0,0,192,0,0,110395.051539,-26.308000,140015.982091,136513.307691,122258.931398,0.000000,0.000000,0.000000
16.688562,10uVrms10Hz_ch2pga1.bin,250,4149,30565,1,0xA3,1,0,0,192,0,0,110394.626856,-25.190413,140014.976263,136512.793601,122258.506715,0.000000,0.000000,0.000000
16.692562,10uVrms10Hz_ch2pga1.bin,250,4150,30566,1,0xA3,1,0,0,192,0,0,110394.649208,-22.888184,140014.283359,136512.659490,122258.417308,0.000000,0.000000,0.000000
16.696565,10uVrms10Hz_ch2pga1.bin,250,4151,30567,1,0xA3,1,0,0,192,0,0,110394.783318,-21.122396,140013.635159,136512.614787,122258.350253,0.000000,0.000000,0.000000
16.700565,10uVrms10Hz_ch2pga1.bin,250,4152,30568,1,0xA3,1,0,0,192,0,0,110395.118594,-19.825995,140013.277531,136512.726545,122258.618474,0.000000,0.000000,0.000000
16.704569,10uVrms10Hz_ch2pga1.bin,250,4153,30569,1,0xA3,1,0,0,192,0,0,110394.760966,-17.993152,140012.137592,136512.190104,122258.260846,0.000000,0.000000,0.000000
16.708568,10uVrms10Hz_ch2pga1.bin,250,4154,30570,1,0xA3,1,0,0,192,0,0,110394.716263,-16.450882,140011.444688,136511.899531,122258.193791,0.000000,0.000000,0.000000
16.712571,10uVrms10Hz_ch2pga1.bin,250,4155,30571,1,0xA3,1,0,0,192,0,0,110395.498574,-15.601516,140011.601150,136512.503028,122258.953750,0.000000,0.000000,0.000000
16.716574,10uVrms10Hz_ch2pga1.bin,250,4156,30572,1,0xA3,1,0,0,192,0,0,110396.102071,-14.729798,140011.489391,136512.972414,122259.579599,0.000000,0.000000,0.000000
16.720573,10uVrms10Hz_ch2pga1.bin,250,4157,30573,1,0xA3,1,0,0,192,0,0,110395.945609,-14.394522,140010.684729,136512.637138,122259.356081,0.000000,0.000000,0.000000
16.724576,10uVrms10Hz_ch2pga1.bin,250,4158,30574,1,0xA3,1,0,0,192,0,0,110396.057367,-14.416873,140010.036528,136512.480676,122259.311378,0.000000,0.000000,0.000000
16.728575,10uVrms10Hz_ch2pga1.bin,250,4159,30575,1,0xA3,1,0,0,192,0,0,110396.437347,-15.467405,140009.701252,136512.614787,122259.601951,0.000000,0.000000,0.000000
16.732578,10uVrms10Hz_ch2pga1.bin,250,4160,30576,1,0xA3,1,0,0,192,0,0,110396.772623,-16.361475,140009.433031,136512.838304,122259.914875,0.000000,0.000000,0.000000
16.736581,10uVrms10Hz_ch2pga1.bin,250,4161,30577,1,0xA3,1,0,0,192,0,0,110398.024321,-17.300248,140009.991825,136514.022946,122261.233628,0.000000,0.000000,0.000000
16.740581,10uVrms10Hz_ch2pga1.bin,250,4162,30578,1,0xA3,1,0,0,192,0,0,110398.873687,-19.066036,140010.148287,136514.738202,122262.038291,0.000000,0.000000,0.000000
16.744581,10uVrms10Hz_ch2pga1.bin,250,4163,30579,1,0xA3,1,0,0,192,0,0,110399.030149,-20.585954,140009.567142,136514.693499,122262.060642,0.000000,0.000000,0.000000
16.748584,10uVrms10Hz_ch2pga1.bin,250,4164,30580,1,0xA3,1,0,0,192,0,0,110399.052501,-22.262335,140008.807182,136514.447629,122261.948884,0.000000,0.000000,0.000000
16.752587,10uVrms10Hz_ch2pga1.bin,250,4165,30581,1,0xA3,1,0,0,192,0,0,110399.298370,-24.341047,140008.516610,136514.671147,122262.284160,0.000000,0.000000,0.000000
16.756587,10uVrms10Hz_ch2pga1.bin,250,4166,30582,1,0xA3,1,0,0,192,0,0,110400.192440,-26.129186,140008.717775,136515.319347,122263.155878,0.000000,0.000000,0.000000
16.760590,10uVrms10Hz_ch2pga1.bin,250,4167,30583,1,0xA3,1,0,0,192,0,0,110400.617123,-27.067959,140008.427203,136515.542865,122263.468802,0.000000,0.000000,0.000000
16.764590,10uVrms10Hz_ch2pga1.bin,250,4168,30584,1,0xA3,1,0,0,192,0,0,110400.483012,-27.738512,140007.577837,136515.229940,122263.200581,0.000000,0.000000,0.000000
16.768593,10uVrms10Hz_ch2pga1.bin,250,4169,30585,1,0xA3,1,0,0,192,0,0,110401.019454,-28.520823,140007.466078,136515.587568,122263.759375,0.000000,0.000000,0.000000
16.772593,10uVrms10Hz_ch2pga1.bin,250,4170,30586,1,0xA3,1,0,0,192,0,0,110401.198268,-28.967857,140006.884933,136515.721679,122263.915837,0.000000,0.000000,0.000000
16.776595,10uVrms10Hz_ch2pga1.bin,250,4171,30587,1,0xA3,1,0,0,192,0,0,110401.198268,-27.984381,140006.348491,136515.587568,122263.938189,0.000000,0.000000,0.000000
16.780595,10uVrms10Hz_ch2pga1.bin,250,4172,30588,1,0xA3,1,0,0,192,0,0,110401.242971,-27.313828,140005.812049,136515.453458,122264.049947,0.000000,0.000000,0.000000
16.784599,10uVrms10Hz_ch2pga1.bin,250,4173,30589,1,0xA3,1,0,0,192,0,0,110400.930047,-26.308000,140004.761517,136514.894664,122263.535857,0.000000,0.000000,0.000000
16.788599,10uVrms10Hz_ch2pga1.bin,250,4174,30590,1,0xA3,1,0,0,192,0,0,110400.974751,-24.408102,140003.956854,136514.648795,122263.491154,0.000000,0.000000,0.000000
16.792602,10uVrms10Hz_ch2pga1.bin,250,4175,30591,1,0xA3,1,0,0,192,0,0,110401.019454,-23.290515,140003.398061,136514.469981,122263.491154,0.000000,0.000000,0.000000
16.796601,10uVrms10Hz_ch2pga1.bin,250,4176,30592,1,0xA3,1,0,0,192,0,0,110401.064157,-21.681190,140002.772212,136514.447629,122263.535857,0.000000,0.000000,0.000000
16.800605,10uVrms10Hz_ch2pga1.bin,250,4177,30593,1,0xA3,1,0,0,192,0,0,110400.907695,-19.781291,140001.922846,136514.112353,122263.334692,0.000000,0.000000,0.000000
16.804605,10uVrms10Hz_ch2pga1.bin,250,4178,30594,1,0xA3,1,0,0,192,0,0,110400.907695,-17.635524,140001.252294,136513.955891,122263.245285,0.000000,0.000000,0.000000
16.808608,10uVrms10Hz_ch2pga1.bin,250,4179,30595,1,0xA3,1,0,0,192,0,0,110400.460660,-16.607344,140000.157058,136513.307691,122262.731194,0.000000,0.000000,0.000000
16.812608,10uVrms10Hz_ch2pga1.bin,250,4180,30596,1,0xA3,1,0,0,192,0,0,110400.527716,-16.026199,139999.642968,136513.285339,122262.865305,0.000000,0.000000,0.000000
16.816608,10uVrms10Hz_ch2pga1.bin,250,4181,30597,1,0xA3,1,0,0,192,0,0,110401.019454,-14.998019,139999.195933,136513.508856,122263.155878,0.000000,0.000000,0.000000
16.820611,10uVrms10Hz_ch2pga1.bin,250,4182,30598,1,0xA3,1,0,0,192,0,0,110401.466489,-14.550984,139998.972416,136513.821781,122263.669968,0.000000,0.000000,0.000000
16.824611,10uVrms10Hz_ch2pga1.bin,250,4183,30599,1,0xA3,1,0,0,192,0,0,110401.913524,-14.752150,139998.860657,136514.067650,122264.161706,0.000000,0.000000,0.000000
16.828615,10uVrms10Hz_ch2pga1.bin,250,4184,30600,1,0xA3,1,0,0,192,0,0,110402.204096,-15.199184,139998.346567,136514.134705,122264.251113,0.000000,0.000000,0.000000
16.832615,10uVrms10Hz_ch2pga1.bin,250,4185,30601,1,0xA3,1,0,0,192,0,0,110402.584076,-16.294420,139998.033643,136514.335871,122264.541686,0.000000,0.000000,0.000000
16.836618,10uVrms10Hz_ch2pga1.bin,250,4186,30602,1,0xA3,1,0,0,192,0,0,110403.634608,-17.702579,139998.570085,136515.364051,122265.793383,0.000000,0.000000,0.000000
16.840618,10uVrms10Hz_ch2pga1.bin,250,4187,30603,1,0xA3,1,0,0,192,0,0,110404.171050,-18.619001,139998.480678,136515.744030,122266.240418,0.000000,0.000000,0.000000
16.844622,10uVrms10Hz_ch2pga1.bin,250,4188,30604,1,0xA3,1,0,0,192,0,0,110404.081643,-20.585954,139997.676015,136515.498161,122266.128659,0.000000,0.000000,0.000000
16.848622,10uVrms10Hz_ch2pga1.bin,250,4189,30605,1,0xA3,1,0,0,192,0,0,110404.282808,-22.307038,139997.184277,136515.453458,122266.240418,0.000000,0.000000,0.000000
16.852625,10uVrms10Hz_ch2pga1.bin,250,4190,30606,1,0xA3,1,0,0,192,0,0,110404.349864,-24.341047,139996.491373,136515.296996,122266.195714,0.000000,0.000000,0.000000
16.856625,10uVrms10Hz_ch2pga1.bin,250,4191,30607,1,0xA3,1,0,0,192,0,0,110404.707491,-25.682151,139996.178448,136515.565217,122266.486287,0.000000,0.000000,0.000000
16.860628,10uVrms10Hz_ch2pga1.bin,250,4192,30608,1,0xA3,1,0,0,192,0,0,110405.199230,-26.665628,139995.977283,136515.922844,122266.910970,0.000000,0.000000,0.000000
16.864629,10uVrms10Hz_ch2pga1.bin,250,4193,30609,1,0xA3,1,0,0,192,0,0,110405.668616,-28.319657,139995.798469,136516.258121,122267.492115,0.000000,0.000000,0.000000
16.868629,10uVrms10Hz_ch2pga1.bin,250,4194,30610,1,0xA3,1,0,0,192,0,0,110405.154526,-28.632581,139994.569123,136515.364051,122266.776860,0.000000,0.000000,0.000000
16.872633,10uVrms10Hz_ch2pga1.bin,250,4195,30611,1,0xA3,1,0,0,192,0,0,110404.752195,-28.409064,139993.585646,136514.894664,122266.419232,0.000000,0.000000,0.000000
16.876633,10uVrms10Hz_ch2pga1.bin,250,4196,30612,1,0xA3,1,0,0,192,0,0,110405.489802,-28.096139,139993.540943,136515.520513,122267.022729,0.000000,0.000000,0.000000
16.880634,10uVrms10Hz_ch2pga1.bin,250,4197,30613,1,0xA3,1,0,0,192,0,0,110405.713320,-27.202070,139993.049204,136515.542865,122267.156839,0.000000,0.000000,0.000000
16.884637,10uVrms10Hz_ch2pga1.bin,250,4198,30614,1,0xA3,1,0,0,192,0,0,110405.601561,-25.682151,139992.199838,136515.296996,122266.978025,0.000000,0.000000,0.000000
16.888637,10uVrms10Hz_ch2pga1.bin,250,4199,30615,1,0xA3,1,0,0,192,0,0,110405.065119,-24.564564,139990.970492,136514.581740,122266.441584,0.000000,0.000000,0.000000
16.892640,10uVrms10Hz_ch2pga1.bin,250,4200,30616,1,0xA3,1,0,0,192,0,0,110405.221581,-23.558736,139990.501106,136514.559388,122266.508639,0.000000,0.000000,0.000000
16.896640,10uVrms10Hz_ch2pga1.bin,250,4201,30617,1,0xA3,1,0,0,192,0,0,110405.713320,-21.144748,139990.344644,136514.894664,122266.955674,0.000000,0.000000,0.000000
16.900643,10uVrms10Hz_ch2pga1.bin,250,4202,30618,1,0xA3,1,0,0,192,0,0,110406.272113,-18.954277,139990.344644,136515.296996,122267.447412,0.000000,0.000000,0.000000
16.904643,10uVrms10Hz_ch2pga1.bin,250,4203,30619,1,0xA3,1,0,0,192,0,0,110405.936837,-17.769635,139989.271760,136514.805257,122267.067432,0.000000,0.000000,0.000000
16.908644,10uVrms10Hz_ch2pga1.bin,250,4204,30620,1,0xA3,1,0,0,192,0,0,110405.310988,-16.517937,139987.885952,136514.000595,122266.419232,0.000000,0.000000,0.000000
16.912648,10uVrms10Hz_ch2pga1.bin,250,4205,30621,1,0xA3,1,0,0,192,0,0,110405.668616,-15.087426,139987.528324,136514.112353,122266.709805,0.000000,0.000000,0.000000
16.916649,10uVrms10Hz_ch2pga1.bin,250,4206,30622,1,0xA3,1,0,0,192,0,0,110406.406224,-14.707446,139987.461269,136514.626443,122267.380357,0.000000,0.000000,0.000000
16.920649,10uVrms10Hz_ch2pga1.bin,250,4207,30623,1,0xA3,1,0,0,192,0,0,110406.428576,-14.662743,139986.924827,136514.604092,122267.469764,0.000000,0.000000,0.000000
16.924653,10uVrms10Hz_ch2pga1.bin,250,4208,30624,1,0xA3,1,0,0,192,0,0,110406.473279,-14.506280,139986.388385,136514.469981,122267.559171,0.000000,0.000000,0.000000
16.928653,10uVrms10Hz_ch2pga1.bin,250,4209,30625,1,0xA3,1,0,0,192,0,0,110406.652093,-14.752150,139985.918999,136514.492333,122267.626226,0.000000,0.000000,0.000000
16.932654,10uVrms10Hz_ch2pga1.bin,250,4210,30626,1,0xA3,1,0,0,192,0,0,110406.897962,-16.696751,139985.494316,136514.581740,122267.849743,0.000000,0.000000,0.000000
16.936658,10uVrms10Hz_ch2pga1.bin,250,4211,30627,1,0xA3,1,0,0,192,0,0,110407.143831,-17.769635,139984.980226,136514.693499,122268.028557,0.000000,0.000000,0.000000
16.940659,10uVrms10Hz_ch2pga1.bin,250,4212,30628,1,0xA3,1,0,0,192,0,0,110407.724977,-18.797815,139984.756708,136514.984071,122268.475592,0.000000,0.000000,0.000000
16.944659,10uVrms10Hz_ch2pga1.bin,250,4213,30629,1,0xA3,1,0,0,192,0,0,110408.060253,-20.340085,139984.555542,136515.185237,122268.766165,0.000000,0.000000,0.000000
16.948664,10uVrms10Hz_ch2pga1.bin,250,4214,30630,1,0xA3,1,0,0,192,0,0,110408.149660,-22.910535,139983.907342,136515.095830,122268.855572,0.000000,0.000000,0.000000
16.952664,10uVrms10Hz_ch2pga1.bin,250,4215,30631,1,0xA3,1,0,0,192,0,0,110408.954322,-24.452806,139983.996749,136515.766382,122269.548476,0.000000,0.000000,0.000000
16.956667,10uVrms10Hz_ch2pga1.bin,250,4216,30632,1,0xA3,1,0,0,192,0,0,110410.809517,-25.682151,139985.136688,136517.420411,122271.314263,0.000000,0.000000,0.000000
16.960668,10uVrms10Hz_ch2pga1.bin,250,4217,30633,1,0xA3,1,0,0,192,0,0,110411.278903,-27.224422,139984.957874,136517.666280,122271.783650,0.000000,0.000000,0.000000
16.964668,10uVrms10Hz_ch2pga1.bin,250,4218,30634,1,0xA3,1,0,0,192,0,0,110411.234200,-28.163195,139984.399080,136517.465115,122271.738946,0.000000,0.000000,0.000000
16.968672,10uVrms10Hz_ch2pga1.bin,250,4219,30635,1,0xA3,1,0,0,192,0,0,110411.144793,-28.163195,139983.639121,136517.085135,122271.604836,0.000000,0.000000,0.000000
16.972673,10uVrms10Hz_ch2pga1.bin,250,4220,30636,1,0xA3,1,0,0,192,0,0,110411.144793,-28.721988,139982.834458,136516.883969,122271.448374,0.000000,0.000000,0.000000
16.976672,10uVrms10Hz_ch2pga1.bin,250,4221,30637,1,0xA3,1,0,0,192,0,0,110411.413014,-28.543174,139982.499182,136517.152190,122271.738946,0.000000,0.000000,0.000000
16.980676,10uVrms10Hz_ch2pga1.bin,250,4222,30638,1,0xA3,1,0,0,192,0,0,110411.591828,-27.291477,139982.007444,136517.129838,122271.850705,0.000000,0.000000,0.000000
16.984676,10uVrms10Hz_ch2pga1.bin,250,4223,30639,1,0xA3,1,0,0,192,0,0,110411.725938,-25.749207,139981.515706,136517.174542,122271.940112,0.000000,0.000000,0.000000
16.988679,10uVrms10Hz_ch2pga1.bin,250,4224,30640,1,0xA3,1,0,0,192,0,0,110412.284732,-24.788082,139981.292188,136517.532170,122272.364795,0.000000,0.000000,0.000000
16.992680,10uVrms10Hz_ch2pga1.bin,250,4225,30641,1,0xA3,1,0,0,192,0,0,110412.217677,-23.178756,139980.487525,136517.308652,122272.320092,0.000000,0.000000,0.000000
16.996680,10uVrms10Hz_ch2pga1.bin,250,4226,30642,1,0xA3,1,0,0,192,0,0,110412.105918,-21.234155,139979.772270,136517.040431,122272.230685,0.000000,0.000000,0.000000
17.000684,10uVrms10Hz_ch2pga1.bin,250,4227,30643,1,0xA3,1,0,0,192,0,0,110411.994159,-19.893050,139979.034662,136516.794562,122272.051871,0.000000,0.000000,0.000000
17.004684,10uVrms10Hz_ch2pga1.bin,250,4228,30644,1,0xA3,1,0,0,192,0,0,110411.860049,-18.194318,139978.095889,136516.414583,122271.828353,0.000000,0.000000,0.000000
17.008687,10uVrms10Hz_ch2pga1.bin,250,4229,30645,1,0xA3,1,0,0,192,0,0,110411.658883,-16.540289,139977.179468,136516.034603,122271.560133,0.000000,0.000000,0.000000
17.012687,10uVrms10Hz_ch2pga1.bin,250,4230,30646,1,0xA3,1,0,0,192,0,0,110411.815345,-15.802681,139976.687729,136516.034603,122271.716595,0.000000,0.000000,0.000000
17.016691,10uVrms10Hz_ch2pga1.bin,250,4231,30647,1,0xA3,1,0,0,192,0,0,110412.329435,-15.109777,139976.531267,136516.369879,122272.208333,0.000000,0.000000,0.000000
17.020691,10uVrms10Hz_ch2pga1.bin,250,4232,30648,1,0xA3,1,0,0,192,0,0,110411.994159,-14.394522,139975.570142,136515.922844,122271.828353,0.000000,0.000000,0.000000
17.024691,10uVrms10Hz_ch2pga1.bin,250,4233,30649,1,0xA3,1,0,0,192,0,0,110411.904752,-14.573336,139974.810183,136515.699327,122271.738946,0.000000,0.000000,0.000000
17.028694,10uVrms10Hz_ch2pga1.bin,250,4234,30650,1,0xA3,1,0,0,192,0,0,110411.636531,-15.467405,139973.826706,136515.118182,122271.314263,0.000000,0.000000,0.000000
17.032694,10uVrms10Hz_ch2pga1.bin,250,4235,30651,1,0xA3,1,0,0,192,0,0,110411.860049,-16.473234,139973.379672,136515.207589,122271.537781,0.000000,0.000000,0.000000
17.036697,10uVrms10Hz_ch2pga1.bin,250,4236,30652,1,0xA3,1,0,0,192,0,0,110412.776470,-17.724931,139973.580837,136515.945196,122272.476554,0.000000,0.000000,0.000000
17.040697,10uVrms10Hz_ch2pga1.bin,250,4237,30653,1,0xA3,1,0,0,192,0,0,110413.447022,-18.976629,139973.670244,136516.571045,122273.080051,0.000000,0.000000,0.000000
17.044701,10uVrms10Hz_ch2pga1.bin,250,4238,30654,1,0xA3,1,0,0,192,0,0,110413.581133,-20.831823,139973.156154,136516.481638,122273.147106,0.000000,0.000000,0.000000
17.048701,10uVrms10Hz_ch2pga1.bin,250,4239,30655,1,0xA3,1,0,0,192,0,0,110413.871706,-22.664666,139972.664416,136516.593397,122273.281217,0.000000,0.000000,0.000000
17.052702,10uVrms10Hz_ch2pga1.bin,250,4240,30656,1,0xA3,1,0,0,192,0,0,110414.341092,-24.050474,139972.440898,136516.816914,122273.772955,0.000000,0.000000,0.000000
17.056705,10uVrms10Hz_ch2pga1.bin,250,4241,30657,1,0xA3,1,0,0,192,0,0,110415.324569,-25.905669,139972.753823,136517.755687,122274.801135,0.000000,0.000000,0.000000
17.060706,10uVrms10Hz_ch2pga1.bin,250,4242,30658,1,0xA3,1,0,0,192,0,0,110415.548086,-27.045608,139972.306788,136517.800391,122274.890542,0.000000,0.000000,0.000000
17.064709,10uVrms10Hz_ch2pga1.bin,250,4243,30659,1,0xA3,1,0,0,192,0,0,110415.346920,-27.425587,139971.368015,136517.353356,122274.599969,0.000000,0.000000,0.000000
17.068709,10uVrms10Hz_ch2pga1.bin,250,4244,30660,1,0xA3,1,0,0,192,0,0,110414.899886,-27.939677,139970.317483,136516.861618,122274.108231,0.000000,0.000000,0.000000
17.072712,10uVrms10Hz_ch2pga1.bin,250,4245,30661,1,0xA3,1,0,0,192,0,0,110414.922237,-28.543174,139969.646931,136516.794562,122274.108231,0.000000,0.000000,0.000000
17.076711,10uVrms10Hz_ch2pga1.bin,250,4246,30662,1,0xA3,1,0,0,192,0,0,110414.788127,-27.984381,139968.842268,136516.459286,122273.951769,0.000000,0.000000,0.000000
17.080714,10uVrms10Hz_ch2pga1.bin,250,4247,30663,1,0xA3,1,0,0,192,0,0,110415.458679,-27.224422,139968.864620,136516.928673,122274.689376,0.000000,0.000000,0.000000
17.084714,10uVrms10Hz_ch2pga1.bin,250,4248,30664,1,0xA3,1,0,0,192,0,0,110415.458679,-26.531518,139968.149364,136516.705155,122274.599969,0.000000,0.000000,0.000000
17.088718,10uVrms10Hz_ch2pga1.bin,250,4249,30665,1,0xA3,1,0,0,192,0,0,110415.391624,-25.033951,139967.389405,136516.369879,122274.398804,0.000000,0.000000,0.000000
17.092718,10uVrms10Hz_ch2pga1.bin,250,4250,30666,1,0xA3,1,0,0,192,0,0,110415.995121,-23.022294,139967.299998,136516.749859,122274.845839,0.000000,0.000000,0.000000
17.096718,10uVrms10Hz_ch2pga1.bin,250,4251,30667,1,0xA3,1,0,0,192,0,0,110416.464508,-21.435320,139967.143536,136517.219245,122275.404632,0.000000,0.000000,0.000000
17.100722,10uVrms10Hz_ch2pga1.bin,250,4252,30668,1,0xA3,1,0,0,192,0,0,110416.665673,-19.557774,139966.674149,136517.263949,122275.672853,0.000000,0.000000,0.000000
17.104722,10uVrms10Hz_ch2pga1.bin,250,4253,30669,1,0xA3,1,0,0,192,0,0,110416.464508,-17.702579,139965.802431,136516.816914,122275.337577,0.000000,0.000000,0.000000
17.108725,10uVrms10Hz_ch2pga1.bin,250,4254,30670,1,0xA3,1,0,0,192,0,0,110416.822135,-16.540289,139965.400100,136516.839266,122275.561094,0.000000,0.000000,0.000000
17.112726,10uVrms10Hz_ch2pga1.bin,250,4255,30671,1,0xA3,1,0,0,192,0,0,110417.269170,-15.914440,139965.265989,136517.152190,122276.008129,0.000000,0.000000,0.000000
17.116729,10uVrms10Hz_ch2pga1.bin,250,4256,30672,1,0xA3,1,0,0,192,0,0,110418.006778,-14.841557,139965.355396,136517.800391,122276.678681,0.000000,0.000000,0.000000
17.120729,10uVrms10Hz_ch2pga1.bin,250,4257,30673,1,0xA3,1,0,0,192,0,0,110418.409109,-14.483929,139964.997768,136518.068612,122277.036309,0.000000,0.000000,0.000000
17.124732,10uVrms10Hz_ch2pga1.bin,250,4258,30674,1,0xA3,1,0,0,192,0,0,110418.252647,-14.774501,139964.170754,136517.822742,122276.835144,0.000000,0.000000,0.000000
17.128732,10uVrms10Hz_ch2pga1.bin,250,4259,30675,1,0xA3,1,0,0,192,0,0,110418.498516,-15.243888,139963.679016,136517.822742,122276.946902,0.000000,0.000000,0.000000
17.132735,10uVrms10Hz_ch2pga1.bin,250,4260,30676,1,0xA3,1,0,0,192,0,0,110418.967903,-16.048551,139963.477850,136518.158019,122277.438641,0.000000,0.000000,0.000000
17.136734,10uVrms10Hz_ch2pga1.bin,250,4261,30677,1,0xA3,1,0,0,192,0,0,110419.258475,-17.456710,139962.941408,136518.359184,122277.729213,0.000000,0.000000,0.000000
17.140737,10uVrms10Hz_ch2pga1.bin,250,4262,30678,1,0xA3,1,0,0,192,0,0,110419.459641,-19.177794,139962.472022,136518.359184,122277.863324,0.000000,0.000000,0.000000
17.144736,10uVrms10Hz_ch2pga1.bin,250,4263,30679,1,0xA3,1,0,0,192,0,0,110419.057310,-20.720065,139961.622655,136517.710984,122277.393937,0.000000,0.000000,0.000000
17.148740,10uVrms10Hz_ch2pga1.bin,250,4264,30680,1,0xA3,1,0,0,192,0,0,110418.900847,-22.687018,139960.862696,136517.420411,122277.192771,0.000000,0.000000,0.000000
17.152743,10uVrms10Hz_ch2pga1.bin,250,4265,30681,1,0xA3,1,0,0,192,0,0,110419.660807,-24.609268,139960.862696,136518.046260,122277.975082,0.000000,0.000000,0.000000
17.156743,10uVrms10Hz_ch2pga1.bin,250,4266,30682,1,0xA3,1,0,0,192,0,0,110420.309007,-25.883317,139960.817993,136518.627405,122278.578579,0.000000,0.000000,0.000000
17.160743,10uVrms10Hz_ch2pga1.bin,250,4267,30683,1,0xA3,1,0,0,192,0,0,110420.688987,-26.486814,139960.661530,136518.806219,122279.047966,0.000000,0.000000,0.000000
17.164747,10uVrms10Hz_ch2pga1.bin,250,4268,30684,1,0xA3,1,0,0,192,0,0,110420.823097,-27.626753,139960.058033,136518.761516,122278.980911,0.000000,0.000000,0.000000
17.168747,10uVrms10Hz_ch2pga1.bin,250,4269,30685,1,0xA3,1,0,0,192,0,0,110420.554876,-28.900802,139958.962798,136518.225074,122278.556228,0.000000,0.000000,0.000000
17.172750,10uVrms10Hz_ch2pga1.bin,250,4270,30686,1,0xA3,1,0,0,192,0,0,110420.152545,-28.766692,139957.956970,136517.755687,122278.131545,0.000000,0.000000,0.000000
17.176750,10uVrms10Hz_ch2pga1.bin,250,4271,30687,1,0xA3,1,0,0,192,0,0,110420.823097,-27.805567,139957.979321,136518.292129,122278.757393,0.000000,0.000000,0.000000
17.180753,10uVrms10Hz_ch2pga1.bin,250,4272,30688,1,0xA3,1,0,0,192,0,0,110420.867801,-27.135015,139957.331121,136518.247426,122278.802097,0.000000,0.000000,0.000000
17.184753,10uVrms10Hz_ch2pga1.bin,250,4273,30689,1,0xA3,1,0,0,192,0,0,110420.599580,-26.062131,139956.302941,136517.733335,122278.422117,0.000000,0.000000,0.000000
17.188757,10uVrms10Hz_ch2pga1.bin,250,4274,30690,1,0xA3,1,0,0,192,0,0,110420.420766,-24.229288,139955.453575,136517.241597,122278.176248,0.000000,0.000000,0.000000
17.192757,10uVrms10Hz_ch2pga1.bin,250,4275,30691,1,0xA3,1,0,0,192,0,0,110420.577228,-23.335218,139954.894781,136517.263949,122278.198600,0.000000,0.000000,0.000000
17.196759,10uVrms10Hz_ch2pga1.bin,250,4276,30692,1,0xA3,1,0,0,192,0,0,110420.577228,-21.278858,139954.179525,136517.174542,122278.243303,0.000000,0.000000,0.000000
17.200759,10uVrms10Hz_ch2pga1.bin,250,4277,30693,1,0xA3,1,0,0,192,0,0,110420.711339,-19.043684,139953.732491,136517.196894,122278.377414,0.000000,0.000000,0.000000
17.204763,10uVrms10Hz_ch2pga1.bin,250,4278,30694,1,0xA3,1,0,0,192,0,0,110420.912504,-17.814338,139953.330159,136517.152190,122278.578579,0.000000,0.000000,0.000000
17.208762,10uVrms10Hz_ch2pga1.bin,250,4279,30695,1,0xA3,1,0,0,192,0,0,110421.158373,-16.830862,139952.927828,136517.308652,122278.735042,0.000000,0.000000,0.000000
17.212766,10uVrms10Hz_ch2pga1.bin,250,4280,30696,1,0xA3,1,0,0,192,0,0,110421.605408,-15.579164,139952.726662,136517.621577,122279.137373,0.000000,0.000000,0.000000
17.216766,10uVrms10Hz_ch2pga1.bin,250,4281,30697,1,0xA3,1,0,0,192,0,0,110422.700644,-15.065074,139953.061938,136518.381536,122280.120850,0.000000,0.000000,0.000000
17.220766,10uVrms10Hz_ch2pga1.bin,250,4282,30698,1,0xA3,1,0,0,192,0,0,110423.192382,-14.930964,139952.883124,136518.716812,122280.679643,0.000000,0.000000,0.000000
17.224769,10uVrms10Hz_ch2pga1.bin,250,4283,30699,1,0xA3,1,0,0,192,0,0,110423.840582,-15.020370,139952.681959,136519.096792,122281.171381,0.000000,0.000000,0.000000
17.228769,10uVrms10Hz_ch2pga1.bin,250,4284,30700,1,0xA3,1,0,0,192,0,0,110423.326492,-15.087426,139951.407909,136518.381536,122280.523181,0.000000,0.000000,0.000000
17.232772,10uVrms10Hz_ch2pga1.bin,250,4285,30701,1,0xA3,1,0,0,192,0,0,110423.147678,-16.473234,139950.603247,136518.090963,122280.411422,0.000000,0.000000,0.000000
17.236775,10uVrms10Hz_ch2pga1.bin,250,4286,30702,1,0xA3,1,0,0,192,0,0,110424.220562,-17.635524,139951.050282,136518.940330,122281.439602,0.000000,0.000000,0.000000
17.240774,10uVrms10Hz_ch2pga1.bin,250,4287,30703,1,0xA3,1,0,0,192,0,0,110424.824059,-19.066036,139950.916171,136519.320309,122282.110155,0.000000,0.000000,0.000000
17.244777,10uVrms10Hz_ch2pga1.bin,250,4288,30704,1,0xA3,1,0,0,192,0,0,110424.555838,-20.831823,139950.066805,136519.029737,122281.864285,0.000000,0.000000,0.000000
17.248777,10uVrms10Hz_ch2pga1.bin,250,4289,30705,1,0xA3,1,0,0,192,0,0,110424.377024,-22.687018,139949.172735,136518.649757,122281.461954,0.000000,0.000000,0.000000
17.252780,10uVrms10Hz_ch2pga1.bin,250,4290,30706,1,0xA3,1,0,0,192,0,0,110425.606370,-24.788082,139949.709177,136519.655585,122282.646596,0.000000,0.000000,0.000000
17.256779,10uVrms10Hz_ch2pga1.bin,250,4291,30707,1,0xA3,1,0,0,192,0,0,110426.858068,-25.860965,139950.335026,136520.750821,122283.875942,0.000000,0.000000,0.000000
17.260782,10uVrms10Hz_ch2pga1.bin,250,4292,30708,1,0xA3,1,0,0,192,0,0,110427.685082,-27.090311,139950.536191,136521.622539,122284.770012,0.000000,0.000000,0.000000
17.264783,10uVrms10Hz_ch2pga1.bin,250,4293,30709,1,0xA3,1,0,0,192,0,0,110427.685082,-27.984381,139949.865639,136521.466076,122284.725308,0.000000,0.000000,0.000000
17.268786,10uVrms10Hz_ch2pga1.bin,250,4294,30710,1,0xA3,1,0,0,192,0,0,110427.461565,-28.342009,139948.949218,136521.063745,122284.434736,0.000000,0.000000,0.000000
17.272785,10uVrms10Hz_ch2pga1.bin,250,4295,30711,1,0xA3,1,0,0,192,0,0,110427.729785,-28.431416,139948.524535,136521.153152,122284.613550,0.000000,0.000000,0.000000
17.276788,10uVrms10Hz_ch2pga1.bin,250,4296,30712,1,0xA3,1,0,0,192,0,0,110428.154469,-28.118491,139948.301017,136521.488428,122284.993529,0.000000,0.000000,0.000000
17.280789,10uVrms10Hz_ch2pga1.bin,250,4297,30713,1,0xA3,1,0,0,192,0,0,110428.802669,-27.246773,139948.233962,136522.002518,122285.574675,0.000000,0.000000,0.000000
17.284792,10uVrms10Hz_ch2pga1.bin,250,4298,30714,1,0xA3,1,0,0,192,0,0,110428.579152,-25.838614,139947.339892,136521.555483,122285.395861,0.000000,0.000000,0.000000
17.288792,10uVrms10Hz_ch2pga1.bin,250,4299,30715,1,0xA3,1,0,0,192,0,0,110428.020358,-24.765730,139946.065843,136520.706117,122284.725308,0.000000,0.000000,0.000000
17.292796,10uVrms10Hz_ch2pga1.bin,250,4300,30716,1,0xA3,1,0,0,192,0,0,110427.729785,-23.491681,139945.060015,136520.281434,122284.367681,0.000000,0.000000,0.000000
17.296796,10uVrms10Hz_ch2pga1.bin,250,4301,30717,1,0xA3,1,0,0,192,0,0,110427.573323,-21.368265,139944.277704,136519.946158,122284.255922,0.000000,0.000000,0.000000
17.300796,10uVrms10Hz_ch2pga1.bin,250,4302,30718,1,0xA3,1,0,0,192,0,0,110427.573323,-19.244850,139943.651855,136519.812047,122284.345329,0.000000,0.000000,0.000000
17.304800,10uVrms10Hz_ch2pga1.bin,250,4303,30719,1,0xA3,1,0,0,192,0,0,110428.422689,-17.859042,139943.741262,136520.549655,122284.993529,0.000000,0.000000,0.000000
17.308800,10uVrms10Hz_ch2pga1.bin,250,4304,30720,1,0xA3,1,0,0,192,0,0,110428.132117,-16.674399,139942.780137,136519.968510,122284.591198,0.000000,0.000000,0.000000
17.312803,10uVrms10Hz_ch2pga1.bin,250,4305,30721,1,0xA3,1,0,0,192,0,0,110427.305102,-15.467405,139941.304922,136518.962681,122283.764184,0.000000,0.000000,0.000000
17.316804,10uVrms10Hz_ch2pga1.bin,250,4306,30722,1,0xA3,1,0,0,192,0,0,110427.595675,-14.886260,139940.969646,136519.163847,122284.166515,0.000000,0.000000,0.000000
17.320804,10uVrms10Hz_ch2pga1.bin,250,4307,30723,1,0xA3,1,0,0,192,0,0,110428.199172,-14.193356,139940.880239,136519.610882,122284.680605,0.000000,0.000000,0.000000
17.324807,10uVrms10Hz_ch2pga1.bin,250,4308,30724,1,0xA3,1,0,0,192,0,0,110428.422689,-14.573336,139940.477908,136519.700289,122284.837067,0.000000,0.000000,0.000000
17.328807,10uVrms10Hz_ch2pga1.bin,250,4309,30725,1,0xA3,1,0,0,192,0,0,110428.445041,-15.780330,139939.740300,136519.499123,122284.725308,0.000000,0.000000,0.000000
17.332810,10uVrms10Hz_ch2pga1.bin,250,4310,30726,1,0xA3,1,0,0,192,0,0,110428.869724,-16.540289,139939.472079,136519.834399,122285.149992,0.000000,0.000000,0.000000
17.336811,10uVrms10Hz_ch2pga1.bin,250,4311,30727,1,0xA3,1,0,0,192,0,0,110429.696739,-17.344952,139939.606190,136520.460248,122285.954654,0.000000,0.000000,0.000000
17.340814,10uVrms10Hz_ch2pga1.bin,250,4312,30728,1,0xA3,1,0,0,192,0,0,110430.032015,-19.200146,139939.270914,136520.572007,122286.200523,0.000000,0.000000,0.000000
17.344814,10uVrms10Hz_ch2pga1.bin,250,4313,30729,1,0xA3,1,0,0,192,0,0,110430.188477,-20.943582,139938.689768,136520.572007,122286.200523,0.000000,0.000000,0.000000
17.348817,10uVrms10Hz_ch2pga1.bin,250,4314,30730,1,0xA3,1,0,0,192,0,0,110430.702567,-22.888184,139938.533306,136520.929635,122286.804020,0.000000,0.000000,0.000000
17.352818,10uVrms10Hz_ch2pga1.bin,250,4315,30731,1,0xA3,1,0,0,192,0,0,110430.657864,-24.273992,139937.840402,136520.840228,122286.736965,0.000000,0.000000,0.000000
17.356818,10uVrms10Hz_ch2pga1.bin,250,4316,30732,1,0xA3,1,0,0,192,0,0,110431.149602,-25.950372,139937.661588,136521.153152,122287.139297,0.000000,0.000000,0.000000
17.360821,10uVrms10Hz_ch2pga1.bin,250,4317,30733,1,0xA3,1,0,0,192,0,0,110431.216657,-27.179718,139937.035739,136521.063745,122287.228703,0.000000,0.000000,0.000000
17.364824,10uVrms10Hz_ch2pga1.bin,250,4318,30734,1,0xA3,1,0,0,192,0,0,110431.551933,-28.096139,139936.700463,136521.063745,122287.407517,0.000000,0.000000,0.000000
17.368824,10uVrms10Hz_ch2pga1.bin,250,4319,30735,1,0xA3,1,0,0,192,0,0,110431.708395,-28.386712,139936.119318,136520.951986,122287.474573,0.000000,0.000000,0.000000
17.372827,10uVrms10Hz_ch2pga1.bin,250,4320,30736,1,0xA3,1,0,0,192,0,0,110431.998968,-28.789043,139935.806394,136521.197855,122287.765145,0.000000,0.000000,0.000000
17.376826,10uVrms10Hz_ch2pga1.bin,250,4321,30737,1,0xA3,1,0,0,192,0,0,110432.267189,-28.073788,139935.404062,136521.309614,122288.078070,0.000000,0.000000,0.000000
17.380829,10uVrms10Hz_ch2pga1.bin,250,4322,30738,1,0xA3,1,0,0,192,0,0,110432.557762,-26.799738,139935.046434,136521.421373,122288.301587,0.000000,0.000000,0.000000
17.384828,10uVrms10Hz_ch2pga1.bin,250,4323,30739,1,0xA3,1,0,0,192,0,0,110432.177782,-26.084483,139933.951199,136520.884931,122287.854552,0.000000,0.000000,0.000000
17.388831,10uVrms10Hz_ch2pga1.bin,250,4324,30740,1,0xA3,1,0,0,192,0,0,110431.909561,-25.123358,139932.990074,136520.326138,122287.474573,0.000000,0.000000,0.000000
17.392834,10uVrms10Hz_ch2pga1.bin,250,4325,30741,1,0xA3,1,0,0,192,0,0,110432.021320,-22.619963,139932.386577,136520.259082,122287.519276,0.000000,0.000000,0.000000
17.396833,10uVrms10Hz_ch2pga1.bin,250,4326,30742,1,0xA3,1,0,0,192,0,0,110431.797802,-20.876527,139931.425452,136519.901454,122287.318110,0.000000,0.000000,0.000000
17.400836,10uVrms10Hz_ch2pga1.bin,250,4327,30743,1,0xA3,1,0,0,192,0,0,110432.535410,-20.094216,139931.425452,136520.482600,122288.078070,0.000000,0.000000,0.000000
17.404836,10uVrms10Hz_ch2pga1.bin,250,4328,30744,1,0xA3,1,0,0,192,0,0,110432.490706,-17.814338,139930.821955,136520.326138,122287.966311,0.000000,0.000000,0.000000
17.408840,10uVrms10Hz_ch2pga1.bin,250,4329,30745,1,0xA3,1,0,0,192,0,0,110432.378948,-16.249716,139929.972589,136519.990861,122287.631035,0.000000,0.000000,0.000000
17.412840,10uVrms10Hz_ch2pga1.bin,250,4330,30746,1,0xA3,1,0,0,192,0,0,110432.647169,-16.115606,139929.413795,136519.990861,122287.742794,0.000000,0.000000,0.000000
17.416840,10uVrms10Hz_ch2pga1.bin,250,4331,30747,1,0xA3,1,0,0,192,0,0,110432.982445,-15.132129,139929.234982,136520.326138,122288.234532,0.000000,0.000000,0.000000
17.420844,10uVrms10Hz_ch2pga1.bin,250,4332,30748,1,0xA3,1,0,0,192,0,0,110433.004797,-14.327466,139928.787947,136520.281434,122288.301587,0.000000,0.000000,0.000000
17.424846,10uVrms10Hz_ch2pga1.bin,250,4333,30749,1,0xA3,1,0,0,192,0,0,110433.295369,-14.506280,139928.229153,136520.281434,122288.435698,0.000000,0.000000,0.000000
17.428845,10uVrms10Hz_ch2pga1.bin,250,4334,30750,1,0xA3,1,0,0,192,0,0,110433.116555,-15.467405,139927.335083,136519.923806,122288.122773,0.000000,0.000000,0.000000
17.432848,10uVrms10Hz_ch2pga1.bin,250,4335,30751,1,0xA3,1,0,0,192,0,0,110432.825983,-16.495585,139926.463366,136519.476771,122287.787497,0.000000,0.000000,0.000000
17.436848,10uVrms10Hz_ch2pga1.bin,250,4336,30752,1,0xA3,1,0,0,192,0,0,110433.541238,-17.948449,139926.463366,136520.057917,122288.502753,0.000000,0.000000,0.000000
17.440852,10uVrms10Hz_ch2pga1.bin,250,4337,30753,1,0xA3,1,0,0,192,0,0,110433.988273,-19.647181,139926.239848,136520.326138,122288.927436,0.000000,0.000000,0.000000
17.444852,10uVrms10Hz_ch2pga1.bin,250,4338,30754,1,0xA3,1,0,0,192,0,0,110433.854163,-20.697713,139925.457537,136519.946158,122288.703918,0.000000,0.000000,0.000000
17.448852,10uVrms10Hz_ch2pga1.bin,250,4339,30755,1,0xA3,1,0,0,192,0,0,110434.077680,-22.396445,139924.965799,136519.946158,122288.838029,0.000000,0.000000,0.000000
17.452856,10uVrms10Hz_ch2pga1.bin,250,4340,30756,1,0xA3,1,0,0,192,0,0,110434.278846,-24.452806,139924.429357,136520.013213,122288.994491,0.000000,0.000000,0.000000
17.456856,10uVrms10Hz_ch2pga1.bin,250,4341,30757,1,0xA3,1,0,0,192,0,0,110434.211791,-25.860965,139923.624694,136519.879103,122288.994491,0.000000,0.000000,0.000000
17.460859,10uVrms10Hz_ch2pga1.bin,250,4342,30758,1,0xA3,1,0,0,192,0,0,110434.614122,-26.710331,139923.378825,136520.169675,122289.374471,0.000000,0.000000,0.000000
17.464858,10uVrms10Hz_ch2pga1.bin,250,4343,30759,1,0xA3,1,0,0,192,0,0,110434.636474,-28.096139,139922.842383,136519.946158,122289.329767,0.000000,0.000000,0.000000
17.468861,10uVrms10Hz_ch2pga1.bin,250,4344,30760,1,0xA3,1,0,0,192,0,0,110434.792936,-28.878450,139922.328293,136519.923806,122289.396822,0.000000,0.000000,0.000000
17.472861,10uVrms10Hz_ch2pga1.bin,250,4345,30761,1,0xA3,1,0,0,192,0,0,110435.061157,-28.856099,139921.858907,136520.102620,122289.530933,0.000000,0.000000,0.000000
17.476864,10uVrms10Hz_ch2pga1.bin,250,4346,30762,1,0xA3,1,0,0,192,0,0,110435.821116,-28.096139,139921.970665,136520.750821,122290.313244,0.000000,0.000000,0.000000
17.480864,10uVrms10Hz_ch2pga1.bin,250,4347,30763,1,0xA3,1,0,0,192,0,0,110437.005758,-27.269125,139922.328293,136521.577835,122291.319072,0.000000,0.000000,0.000000
17.484868,10uVrms10Hz_ch2pga1.bin,250,4348,30764,1,0xA3,1,0,0,192,0,0,110437.586904,-26.062131,139922.216535,136522.002518,122291.833162,0.000000,0.000000,0.000000
17.488869,10uVrms10Hz_ch2pga1.bin,250,4349,30765,1,0xA3,1,0,0,192,0,0,110437.072814,-24.251640,139921.076596,136521.331966,122291.274369,0.000000,0.000000,0.000000
17.492869,10uVrms10Hz_ch2pga1.bin,250,4350,30766,1,0xA3,1,0,0,192,0,0,110436.603427,-23.245811,139920.048416,136520.728469,122290.872037,0.000000,0.000000,0.000000
17.496872,10uVrms10Hz_ch2pga1.bin,250,4351,30767,1,0xA3,1,0,0,192,0,0,110436.894000,-21.792948,139919.579029,136520.884931,122291.207314,0.000000,0.000000,0.000000
17.500872,10uVrms10Hz_ch2pga1.bin,250,4352,30768,1,0xA3,1,0,0,192,0,0,110437.296331,-19.311905,139919.243753,136521.063745,122291.497886,0.000000,0.000000,0.000000
17.504876,10uVrms10Hz_ch2pga1.bin,250,4353,30769,1,0xA3,1,0,0,192,0,0,110437.028110,-17.657876,139918.372035,136520.572007,122291.140258,0.000000,0.000000,0.000000
17.508877,10uVrms10Hz_ch2pga1.bin,250,4354,30770,1,0xA3,1,0,0,192,0,0,110435.977578,-16.674399,139916.628599,136519.365013,122289.955616,0.000000,0.000000,0.000000
17.512878,10uVrms10Hz_ch2pga1.bin,250,4355,30771,1,0xA3,1,0,0,192,0,0,110436.134040,-15.959144,139915.958047,136519.320309,122290.067375,0.000000,0.000000,0.000000
17.516881,10uVrms10Hz_ch2pga1.bin,250,4356,30772,1,0xA3,1,0,0,192,0,0,110437.251627,-15.020370,139916.382730,136520.214379,122291.207314,0.000000,0.000000,0.000000
17.520882,10uVrms10Hz_ch2pga1.bin,250,4357,30773,1,0xA3,1,0,0,192,0,0,110437.341034,-14.729798,139915.779233,136520.236731,122291.252017,0.000000,0.000000,0.000000
17.524883,10uVrms10Hz_ch2pga1.bin,250,4358,30774,1,0xA3,1,0,0,192,0,0,110437.229276,-14.618039,139914.952219,136519.901454,122290.961444,0.000000,0.000000,0.000000
17.528886,10uVrms10Hz_ch2pga1.bin,250,4359,30775,1,0xA3,1,0,0,192,0,0,110436.961055,-15.065074,139914.035797,136519.320309,122290.670872,0.000000,0.000000,0.000000
17.532887,10uVrms10Hz_ch2pga1.bin,250,4360,30776,1,0xA3,1,0,0,192,0,0,110437.117517,-16.473234,139913.566411,136519.297957,122290.804982,0.000000,0.000000,0.000000
17.536890,10uVrms10Hz_ch2pga1.bin,250,4361,30777,1,0xA3,1,0,0,192,0,0,110438.190401,-18.082559,139913.946390,136520.370841,122291.922569,0.000000,0.000000,0.000000
17.540890,10uVrms10Hz_ch2pga1.bin,250,4362,30778,1,0xA3,1,0,0,192,0,0,110438.950360,-18.998981,139914.147556,136521.041393,122292.637825,0.000000,0.000000,0.000000
17.544893,10uVrms10Hz_ch2pga1.bin,250,4363,30779,1,0xA3,1,0,0,192,0,0,110439.084470,-20.541251,139913.611114,136520.929635,122292.704880,0.000000,0.000000,0.000000
17.548893,10uVrms10Hz_ch2pga1.bin,250,4364,30780,1,0xA3,1,0,0,192,0,0,110439.151525,-22.932887,139912.962914,136520.773172,122292.660177,0.000000,0.000000,0.000000
17.552896,10uVrms10Hz_ch2pga1.bin,250,4365,30781,1,0xA3,1,0,0,192,0,0,110440.112650,-24.452806,139913.231134,136521.510780,122293.509543,0.000000,0.000000,0.000000
17.556896,10uVrms10Hz_ch2pga1.bin,250,4366,30782,1,0xA3,1,0,0,192,0,0,110440.649092,-25.682151,139913.231134,136522.047222,122294.157743,0.000000,0.000000,0.000000
17.560900,10uVrms10Hz_ch2pga1.bin,250,4367,30783,1,0xA3,1,0,0,192,0,0,110440.872610,-27.067959,139912.784100,136522.091925,122294.358909,0.000000,0.000000,0.000000
17.564903,10uVrms10Hz_ch2pga1.bin,250,4368,30784,1,0xA3,1,0,0,192,0,0,110441.431403,-27.917325,139912.582934,136522.360146,122294.738889,0.000000,0.000000,0.000000
17.568902,10uVrms10Hz_ch2pga1.bin,250,4369,30785,1,0xA3,1,0,0,192,0,0,110441.274941,-28.252602,139911.711216,136522.024870,122294.470668,0.000000,0.000000,0.000000
17.572906,10uVrms10Hz_ch2pga1.bin,250,4370,30786,1,0xA3,1,0,0,192,0,0,110441.364348,-28.476119,139911.107719,136521.980166,122294.515371,0.000000,0.000000,0.000000
17.576906,10uVrms10Hz_ch2pga1.bin,250,4371,30787,1,0xA3,1,0,0,192,0,0,110442.437232,-28.230250,139911.465347,136522.807181,122295.543551,0.000000,0.000000,0.000000
17.580907,10uVrms10Hz_ch2pga1.bin,250,4372,30788,1,0xA3,1,0,0,192,0,0,110442.593694,-27.157366,139911.040664,136522.874236,122295.834124,0.000000,0.000000,0.000000
17.584906,10uVrms10Hz_ch2pga1.bin,250,4373,30789,1,0xA3,1,0,0,192,0,0,110442.034900,-26.263297,139909.744263,136522.158980,122295.185924,0.000000,0.000000,0.000000
17.588906,10uVrms10Hz_ch2pga1.bin,250,4374,30790,1,0xA3,1,0,0,192,0,0,110441.610217,-24.944544,139908.626676,136521.488428,122294.738889,0.000000,0.000000,0.000000
17.592906,10uVrms10Hz_ch2pga1.bin,250,4375,30791,1,0xA3,1,0,0,192,0,0,110441.386700,-23.402274,139907.687902,136521.108449,122294.448316,0.000000,0.000000,0.000000
17.596909,10uVrms10Hz_ch2pga1.bin,250,4376,30792,1,0xA3,1,0,0,192,0,0,110441.654921,-21.234155,139907.285571,136521.242559,122294.649482,0.000000,0.000000,0.000000
17.600910,10uVrms10Hz_ch2pga1.bin,250,4377,30793,1,0xA3,1,0,0,192,0,0,110442.146659,-19.311905,139907.106757,136521.600187,122295.096517,0.000000,0.000000,0.000000
17.604910,10uVrms10Hz_ch2pga1.bin,250,4378,30794,1,0xA3,1,0,0,192,0,0,110442.370176,-18.194318,139906.637371,136521.622539,122295.230627,0.000000,0.000000,0.000000
17.608914,10uVrms10Hz_ch2pga1.bin,250,4379,30795,1,0xA3,1,0,0,192,0,0,110441.699624,-16.450882,139905.251563,136520.817876,122294.493020,0.000000,0.000000,0.000000
17.612914,10uVrms10Hz_ch2pga1.bin,250,4380,30796,1,0xA3,1,0,0,192,0,0,110441.498458,-15.646219,139904.402196,136520.437896,122294.358909,0.000000,0.000000,0.000000
17.616915,10uVrms10Hz_ch2pga1.bin,250,4381,30797,1,0xA3,1,0,0,192,0,0,110441.766679,-15.355647,139904.022217,136520.661414,122294.716537,0.000000,0.000000,0.000000
17.620920,10uVrms10Hz_ch2pga1.bin,250,4382,30798,1,0xA3,1,0,0,192,0,0,110442.280769,-14.752150,139903.753996,136520.996690,122295.163572,0.000000,0.000000,0.000000
17.624921,10uVrms10Hz_ch2pga1.bin,250,4383,30799,1,0xA3,1,0,0,192,0,0,110442.169011,-14.461577,139902.971685,136520.616710,122294.828296,0.000000,0.000000,0.000000
17.628921,10uVrms10Hz_ch2pga1.bin,250,4384,30800,1,0xA3,1,0,0,192,0,0,110441.274941,-15.243888,139901.362360,136519.521475,122293.911874,0.000000,0.000000,0.000000
17.632924,10uVrms10Hz_ch2pga1.bin,250,4385,30801,1,0xA3,1,0,0,192,0,0,110441.699624,-16.652048,139901.004732,136519.655585,122294.180095,0.000000,0.000000,0.000000
17.636924,10uVrms10Hz_ch2pga1.bin,250,4386,30802,1,0xA3,1,0,0,192,0,0,110441.967845,-17.523766,139900.736511,136519.834399,122294.627130,0.000000,0.000000,0.000000
17.640928,10uVrms10Hz_ch2pga1.bin,250,4387,30803,1,0xA3,1,0,0,192,0,0,110442.951322,-18.909574,139901.049435,136520.750821,122295.632958,0.000000,0.000000,0.000000
17.644929,10uVrms10Hz_ch2pga1.bin,250,4388,30804,1,0xA3,1,0,0,192,0,0,110443.308949,-21.077693,139900.758862,136520.884931,122295.834124,0.000000,0.000000,0.000000
17.648929,10uVrms10Hz_ch2pga1.bin,250,4389,30805,1,0xA3,1,0,0,192,0,0,110442.705452,-22.731721,139899.350703,136520.080268,122295.007110,0.000000,0.000000,0.000000
17.652930,10uVrms10Hz_ch2pga1.bin,250,4390,30806,1,0xA3,1,0,0,192,0,0,110442.996025,-24.609268,139898.926020,136520.214379,122295.342386,0.000000,0.000000,0.000000
17.656934,10uVrms10Hz_ch2pga1.bin,250,4391,30807,1,0xA3,1,0,0,192,0,0,110443.890095,-26.196241,139899.194241,136520.996690,122296.303511,0.000000,0.000000,0.000000
17.660934,10uVrms10Hz_ch2pga1.bin,250,4392,30808,1,0xA3,1,0,0,192,0,0,110444.761813,-27.313828,139899.440110,136521.779001,122297.175229,0.000000,0.000000,0.000000
17.664935,10uVrms10Hz_ch2pga1.bin,250,4393,30809,1,0xA3,1,0,0,192,0,0,110444.739461,-28.006732,139898.702502,136521.466076,122297.018766,0.000000,0.000000,0.000000
17.668939,10uVrms10Hz_ch2pga1.bin,250,4394,30810,1,0xA3,1,0,0,192,0,0,110444.717109,-28.587878,139897.987247,136521.264911,122296.750546,0.000000,0.000000,0.000000
17.672939,10uVrms10Hz_ch2pga1.bin,250,4395,30811,1,0xA3,1,0,0,192,0,0,110444.493592,-29.057264,139897.160232,136520.929635,122296.616435,0.000000,0.000000,0.000000
17.676940,10uVrms10Hz_ch2pga1.bin,250,4396,30812,1,0xA3,1,0,0,192,0,0,110445.342958,-28.252602,139897.316694,136521.644890,122297.599912,0.000000,0.000000,0.000000
17.680944,10uVrms10Hz_ch2pga1.bin,250,4397,30813,1,0xA3,1,0,0,192,0,0,110446.237028,-26.978552,139897.406101,136522.382498,122298.359871,0.000000,0.000000,0.000000
17.684946,10uVrms10Hz_ch2pga1.bin,250,4398,30814,1,0xA3,1,0,0,192,0,0,110446.013510,-25.905669,139896.333218,136521.846056,122297.912836,0.000000,0.000000,0.000000
17.688945,10uVrms10Hz_ch2pga1.bin,250,4399,30815,1,0xA3,1,0,0,192,0,0,110445.477068,-24.855137,139895.103872,136520.951986,122297.242284,0.000000,0.000000,0.000000
17.692949,10uVrms10Hz_ch2pga1.bin,250,4400,30816,1,0xA3,1,0,0,192,0,0,110445.298254,-23.156404,139894.321561,136520.616710,122297.108173,0.000000,0.000000,0.000000
17.696950,10uVrms10Hz_ch2pga1.bin,250,4401,30817,1,0xA3,1,0,0,192,0,0,110446.304083,-21.211803,139894.701540,136521.600187,122298.248112,0.000000,0.000000,0.000000
17.700950,10uVrms10Hz_ch2pga1.bin,250,4402,30818,1,0xA3,1,0,0,192,0,0,110446.929932,-19.624829,139894.656837,136522.002518,122298.806906,0.000000,0.000000,0.000000
17.704954,10uVrms10Hz_ch2pga1.bin,250,4403,30819,1,0xA3,1,0,0,192,0,0,110446.281731,-17.523766,139893.382788,136521.175504,122297.957540,0.000000,0.000000,0.000000
17.708955,10uVrms10Hz_ch2pga1.bin,250,4404,30820,1,0xA3,1,0,0,192,0,0,110445.298254,-16.137958,139891.751111,136519.990861,122296.907008,0.000000,0.000000,0.000000
17.712956,10uVrms10Hz_ch2pga1.bin,250,4405,30821,1,0xA3,1,0,0,192,0,0,110445.432365,-15.959144,139891.125262,136519.968510,122296.951711,0.000000,0.000000,0.000000
17.716960,10uVrms10Hz_ch2pga1.bin,250,4406,30822,1,0xA3,1,0,0,192,0,0,110446.527600,-15.310943,139891.460538,136520.996690,122298.158705,0.000000,0.000000,0.000000
17.720960,10uVrms10Hz_ch2pga1.bin,250,4407,30823,1,0xA3,1,0,0,192,0,0,110447.064042,-14.506280,139891.304076,136521.443725,122298.739851,0.000000,0.000000,0.000000
17.724961,10uVrms10Hz_ch2pga1.bin,250,4408,30824,1,0xA3,1,0,0,192,0,0,110447.287560,-14.662743,139890.722930,136521.264911,122298.739851,0.000000,0.000000,0.000000
17.728964,10uVrms10Hz_ch2pga1.bin,250,4409,30825,1,0xA3,1,0,0,192,0,0,110447.242856,-15.735626,139890.030026,136521.041393,122298.516333,0.000000,0.000000,0.000000
17.732965,10uVrms10Hz_ch2pga1.bin,250,4410,30826,1,0xA3,1,0,0,192,0,0,110447.041690,-16.674399,139889.270067,136520.817876,122298.449278,0.000000,0.000000,0.000000
17.736965,10uVrms10Hz_ch2pga1.bin,250,4411,30827,1,0xA3,1,0,0,192,0,0,110447.756946,-17.724931,139889.359474,136521.399021,122299.164534,0.000000,0.000000,0.000000
17.740969,10uVrms10Hz_ch2pga1.bin,250,4412,30828,1,0xA3,1,0,0,192,0,0,110448.360443,-19.356608,139889.247715,136521.957815,122299.700975,0.000000,0.000000,0.000000
17.744970,10uVrms10Hz_ch2pga1.bin,250,4413,30829,1,0xA3,1,0,0,192,0,0,110448.069870,-20.340085,139888.241887,136521.220207,122299.164534,0.000000,0.000000,0.000000
17.748970,10uVrms10Hz_ch2pga1.bin,250,4414,30830,1,0xA3,1,0,0,192,0,0,110447.756946,-22.821128,139887.146652,136520.527303,122298.717499,0.000000,0.000000,0.000000
17.752974,10uVrms10Hz_ch2pga1.bin,250,4415,30831,1,0xA3,1,0,0,192,0,0,110447.779298,-25.190413,139886.498451,136520.616710,122298.806906,0.000000,0.000000,0.000000
17.756975,10uVrms10Hz_ch2pga1.bin,250,4416,30832,1,0xA3,1,0,0,192,0,0,110448.695719,-26.017427,139886.677265,136521.510780,122299.812734,0.000000,0.000000,0.000000
17.760979,10uVrms10Hz_ch2pga1.bin,250,4417,30833,1,0xA3,1,0,0,192,0,0,110449.030995,-26.531518,139886.409044,136521.734297,122300.103307,0.000000,0.000000,0.000000
17.764979,10uVrms10Hz_ch2pga1.bin,250,4418,30834,1,0xA3,1,0,0,192,0,0,110448.583961,-27.738512,139885.269105,136520.929635,122299.477458,0.000000,0.000000,0.000000
17.768979,10uVrms10Hz_ch2pga1.bin,250,4419,30835,1,0xA3,1,0,0,192,0,0,110447.958112,-28.766692,139883.928001,136520.035565,122298.695147,0.000000,0.000000,0.000000
17.772982,10uVrms10Hz_ch2pga1.bin,250,4420,30836,1,0xA3,1,0,0,192,0,0,110448.829830,-28.923154,139884.151518,136520.683765,122299.522161,0.000000,0.000000,0.000000
17.776983,10uVrms10Hz_ch2pga1.bin,250,4421,30837,1,0xA3,1,0,0,192,0,0,110449.589789,-28.319657,139884.330332,136521.488428,122300.527990,0.000000,0.000000,0.000000
17.780983,10uVrms10Hz_ch2pga1.bin,250,4422,30838,1,0xA3,1,0,0,192,0,0,110450.103879,-27.269125,139884.106815,136521.890759,122301.019728,0.000000,0.000000,0.000000
17.784986,10uVrms10Hz_ch2pga1.bin,250,4423,30839,1,0xA3,1,0,0,192,0,0,110449.589789,-25.592744,139882.877469,136521.086097,122300.237417,0.000000,0.000000,0.000000
17.788987,10uVrms10Hz_ch2pga1.bin,250,4424,30840,1,0xA3,1,0,0,192,0,0,110449.120402,-24.296343,139881.804585,136520.281434,122299.589217,0.000000,0.000000,0.000000
17.792991,10uVrms10Hz_ch2pga1.bin,250,4425,30841,1,0xA3,1,0,0,192,0,0,110449.455678,-23.402274,139881.402254,136520.504951,122299.835086,0.000000,0.000000,0.000000
17.796991,10uVrms10Hz_ch2pga1.bin,250,4426,30842,1,0xA3,1,0,0,192,0,0,110450.416803,-21.547079,139881.670475,136521.510780,122300.975025,0.000000,0.000000,0.000000
17.800991,10uVrms10Hz_ch2pga1.bin,250,4427,30843,1,0xA3,1,0,0,192,0,0,110450.752079,-19.244850,139881.379902,136521.667242,122301.399708,0.000000,0.000000,0.000000
17.804995,10uVrms10Hz_ch2pga1.bin,250,4428,30844,1,0xA3,1,0,0,192,0,0,110450.282693,-17.412007,139880.262315,136520.884931,122300.751507,0.000000,0.000000,0.000000
17.808995,10uVrms10Hz_ch2pga1.bin,250,4429,30845,1,0xA3,1,0,0,192,0,0,110449.858010,-16.920269,139879.055321,136520.057917,122300.080955,0.000000,0.000000,0.000000
17.812999,10uVrms10Hz_ch2pga1.bin,250,4430,30846,1,0xA3,1,0,0,192,0,0,110449.410975,-15.735626,139878.049493,136519.655585,122299.768031,0.000000,0.000000,0.000000
17.816999,10uVrms10Hz_ch2pga1.bin,250,4431,30847,1,0xA3,1,0,0,192,0,0,110450.752079,-14.908612,139878.652990,136520.929635,122301.176190,0.000000,0.000000,0.000000
17.821000,10uVrms10Hz_ch2pga1.bin,250,4432,30848,1,0xA3,1,0,0,192,0,0,110451.534390,-14.573336,139878.720045,136521.555483,122301.891446,0.000000,0.000000,0.000000
17.825003,10uVrms10Hz_ch2pga1.bin,250,4433,30849,1,0xA3,1,0,0,192,0,0,110451.288521,-14.819205,139877.825975,136521.019042,122301.422060,0.000000,0.000000,0.000000
17.829003,10uVrms10Hz_ch2pga1.bin,250,4434,30850,1,0xA3,1,0,0,192,0,0,110450.662673,-15.333295,139876.663685,136520.281434,122300.818563,0.000000,0.000000,0.000000
17.833007,10uVrms10Hz_ch2pga1.bin,250,4435,30851,1,0xA3,1,0,0,192,0,0,110450.640321,-16.406178,139875.926077,136520.147324,122300.818563,0.000000,0.000000,0.000000
17.837007,10uVrms10Hz_ch2pga1.bin,250,4436,30852,1,0xA3,1,0,0,192,0,0,110451.981425,-18.261373,139876.618981,136521.399021,122302.204370,0.000000,0.000000,0.000000
17.841007,10uVrms10Hz_ch2pga1.bin,250,4437,30853,1,0xA3,1,0,0,192,0,0,110453.277826,-19.468367,139877.222478,136522.538960,122303.523123,0.000000,0.000000,0.000000
17.845011,10uVrms10Hz_ch2pga1.bin,250,4438,30854,1,0xA3,1,0,0,192,0,0,110452.942550,-20.764768,139876.194298,136521.890759,122303.053737,0.000000,0.000000,0.000000
17.849011,10uVrms10Hz_ch2pga1.bin,250,4439,30855,1,0xA3,1,0,0,192,0,0,110452.428460,-22.865832,139874.942601,136521.063745,122302.383184,0.000000,0.000000,0.000000
17.853014,10uVrms10Hz_ch2pga1.bin,250,4440,30856,1,0xA3,1,0,0,192,0,0,110452.897847,-24.698675,139874.719083,136521.510780,122302.874923,0.000000,0.000000,0.000000
17.857014,10uVrms10Hz_ch2pga1.bin,250,4441,30857,1,0xA3,1,0,0,192,0,0,110454.574227,-25.793910,139875.836670,136523.298919,122304.752469,0.000000,0.000000,0.000000
17.861017,10uVrms10Hz_ch2pga1.bin,250,4442,30858,1,0xA3,1,0,0,192,0,0,110455.669463,-27.470291,139876.283705,136524.192989,122305.847704,0.000000,0.000000,0.000000
17.865017,10uVrms10Hz_ch2pga1.bin,250,4443,30859,1,0xA3,1,0,0,192,0,0,110454.909503,-28.230250,139874.853194,136523.164809,122304.864228,0.000000,0.000000,0.000000
17.869021,10uVrms10Hz_ch2pga1.bin,250,4444,30860,1,0xA3,1,0,0,192,0,0,110453.948379,-28.543174,139873.065054,136521.823704,122303.567827,0.000000,0.000000,0.000000
17.873021,10uVrms10Hz_ch2pga1.bin,250,4445,30861,1,0xA3,1,0,0,192,0,0,110453.836620,-29.101968,139872.215688,136521.577835,122303.456068,0.000000,0.000000,0.000000
17.877021,10uVrms10Hz_ch2pga1.bin,250,4446,30862,1,0xA3,1,0,0,192,0,0,110455.065966,-28.789043,139872.774482,136522.784829,122304.774821,0.000000,0.000000,0.000000
17.881025,10uVrms10Hz_ch2pga1.bin,250,4447,30863,1,0xA3,1,0,0,192,0,0,110456.071794,-27.358532,139873.176813,136523.634195,122305.735946,0.000000,0.000000,0.000000
17.885025,10uVrms10Hz_ch2pga1.bin,250,4448,30864,1,0xA3,1,0,0,192,0,0,110455.557704,-25.793910,139872.014523,136522.896588,122305.020690,0.000000,0.000000,0.000000
17.889029,10uVrms10Hz_ch2pga1.bin,250,4449,30865,1,0xA3,1,0,0,192,0,0,110454.417765,-24.855137,139870.159328,136521.466076,122303.768992,0.000000,0.000000,0.000000
17.893030,10uVrms10Hz_ch2pga1.bin,250,4450,30866,1,0xA3,1,0,0,192,0,0,110454.551876,-23.379922,139869.578183,136521.510780,122303.880751,0.000000,0.000000,0.000000
17.897029,10uVrms10Hz_ch2pga1.bin,250,4451,30867,1,0xA3,1,0,0,192,0,0,110455.110669,-21.144748,139869.578183,136522.091925,122304.640710,0.000000,0.000000,0.000000
17.901032,10uVrms10Hz_ch2pga1.bin,250,4452,30868,1,0xA3,1,0,0,192,0,0,110455.356538,-19.378960,139869.198203,136522.181332,122304.886580,0.000000,0.000000,0.000000
17.905032,10uVrms10Hz_ch2pga1.bin,250,4453,30869,1,0xA3,1,0,0,192,0,0,110455.133021,-17.791986,139868.170023,136521.644890,122304.372489,0.000000,0.000000,0.000000
17.909035,10uVrms10Hz_ch2pga1.bin,250,4454,30870,1,0xA3,1,0,0,192,0,0,110454.060137,-16.629696,139866.381884,136520.281434,122303.120792,0.000000,0.000000,0.000000
17.913035,10uVrms10Hz_ch2pga1.bin,250,4455,30871,1,0xA3,1,0,0,192,0,0,110454.238951,-15.959144,139865.934849,136520.214379,122303.277254,0.000000,0.000000,0.000000
17.917039,10uVrms10Hz_ch2pga1.bin,250,4456,30872,1,0xA3,1,0,0,192,0,0,110455.356538,-15.109777,139866.381884,136521.309614,122304.484248,0.000000,0.000000,0.000000
17.921038,10uVrms10Hz_ch2pga1.bin,250,4457,30873,1,0xA3,1,0,0,192,0,0,110456.205904,-14.908612,139866.493642,136521.957815,122305.333614,0.000000,0.000000,0.000000
17.925042,10uVrms10Hz_ch2pga1.bin,250,4458,30874,1,0xA3,1,0,0,192,0,0,110455.803573,-14.506280,139865.420759,136521.331966,122304.841876,0.000000,0.000000,0.000000
17.929042,10uVrms10Hz_ch2pga1.bin,250,4459,30875,1,0xA3,1,0,0,192,0,0,110455.356538,-14.975667,139864.191413,136520.549655,122304.283082,0.000000,0.000000,0.000000
17.933046,10uVrms10Hz_ch2pga1.bin,250,4460,30876,1,0xA3,1,0,0,192,0,0,110455.870628,-17.032027,139863.967896,136520.929635,122304.640710,0.000000,0.000000,0.000000
17.937046,10uVrms10Hz_ch2pga1.bin,250,4461,30877,1,0xA3,1,0,0,192,0,0,110456.876457,-17.881393,139864.325523,136521.779001,122305.735946,0.000000,0.000000,0.000000
17.941046,10uVrms10Hz_ch2pga1.bin,250,4462,30878,1,0xA3,1,0,0,192,0,0,110457.077622,-18.686056,139863.878489,136521.957815,122305.959463,0.000000,0.000000,0.000000
17.945050,10uVrms10Hz_ch2pga1.bin,250,4463,30879,1,0xA3,1,0,0,192,0,0,110456.787050,-20.921230,139862.850308,136521.376669,122305.490077,0.000000,0.000000,0.000000
17.949049,10uVrms10Hz_ch2pga1.bin,250,4464,30880,1,0xA3,1,0,0,192,0,0,110456.407070,-23.066998,139861.844480,136520.795524,122304.975986,0.000000,0.000000,0.000000
17.953052,10uVrms10Hz_ch2pga1.bin,250,4465,30881,1,0xA3,1,0,0,192,0,0,110456.384718,-24.721026,139861.240983,136520.639062,122305.065393,0.000000,0.000000,0.000000
17.957052,10uVrms10Hz_ch2pga1.bin,250,4466,30882,1,0xA3,1,0,0,192,0,0,110457.479954,-26.442111,139861.576259,136521.644890,122306.250036,0.000000,0.000000,0.000000
17.961056,10uVrms10Hz_ch2pga1.bin,250,4467,30883,1,0xA3,1,0,0,192,0,0,110458.664596,-27.403235,139862.067997,136522.717774,122307.367623,0.000000,0.000000,0.000000
17.965057,10uVrms10Hz_ch2pga1.bin,250,4468,30884,1,0xA3,1,0,0,192,0,0,110458.999872,-27.537346,139861.732721,136522.807181,122307.568789,0.000000,0.000000,0.000000
17.969058,10uVrms10Hz_ch2pga1.bin,250,4469,30885,1,0xA3,1,0,0,192,0,0,110458.195210,-28.185546,139860.190451,136521.689594,122306.562960,0.000000,0.000000,0.000000
17.973061,10uVrms10Hz_ch2pga1.bin,250,4470,30886,1,0xA3,1,0,0,192,0,0,110458.508134,-29.079616,139859.855175,136521.890759,122306.764126,0.000000,0.000000,0.000000
17.977061,10uVrms10Hz_ch2pga1.bin,250,4471,30887,1,0xA3,1,0,0,192,0,0,110459.603369,-28.342009,139860.413969,136522.963643,122307.971120,0.000000,0.000000,0.000000
17.981064,10uVrms10Hz_ch2pga1.bin,250,4472,30888,1,0xA3,1,0,0,192,0,0,110460.184515,-27.135015,139860.391617,136523.455381,122308.574617,0.000000,0.000000,0.000000
17.985065,10uVrms10Hz_ch2pga1.bin,250,4473,30889,1,0xA3,1,0,0,192,0,0,110459.804535,-25.972724,139859.274030,136522.896588,122308.127582,0.000000,0.000000,0.000000
17.989066,10uVrms10Hz_ch2pga1.bin,250,4474,30890,1,0xA3,1,0,0,192,0,0,110459.357500,-24.743378,139857.977629,136522.158980,122307.546437,0.000000,0.000000,0.000000
17.993069,10uVrms10Hz_ch2pga1.bin,250,4475,30891,1,0xA3,1,0,0,192,0,0,110459.268093,-23.245811,139857.217669,136522.047222,122307.479382,0.000000,0.000000,0.000000
17.997069,10uVrms10Hz_ch2pga1.bin,250,4476,30892,1,0xA3,1,0,0,192,0,0,110459.916294,-21.703541,139857.105911,136522.404850,122308.127582,0.000000,0.000000,0.000000
18.001073,10uVrms10Hz_ch2pga1.bin,250,4477,30893,1,0xA3,1,0,0,192,0,0,110460.475087,-19.825995,139857.016504,136522.851884,122308.686376,0.000000,0.000000,0.000000
18.005073,10uVrms10Hz_ch2pga1.bin,250,4478,30894,1,0xA3,1,0,0,192,0,0,110460.229218,-17.814338,139856.010675,136522.382498,122308.149934,0.000000,0.000000,0.000000
18.009074,10uVrms10Hz_ch2pga1.bin,250,4479,30895,1,0xA3,1,0,0,192,0,0,110459.290445,-16.808510,139854.468405,136521.264911,122307.121754,0.000000,0.000000,0.000000
18.013078,10uVrms10Hz_ch2pga1.bin,250,4480,30896,1,0xA3,1,0,0,192,0,0,110459.178686,-16.406178,139853.708446,136520.929635,122306.942940,0.000000,0.000000,0.000000
18.017079,10uVrms10Hz_ch2pga1.bin,250,4481,30897,1,0xA3,1,0,0,192,0,0,110459.916294,-15.176833,139853.820205,136521.711946,122307.881713,0.000000,0.000000,0.000000
18.021079,10uVrms10Hz_ch2pga1.bin,250,4482,30898,1,0xA3,1,0,0,192,0,0,110460.162163,-14.305115,139853.417873,136521.913111,122308.194637,0.000000,0.000000,0.000000
18.025083,10uVrms10Hz_ch2pga1.bin,250,4483,30899,1,0xA3,1,0,0,192,0,0,110459.960997,-14.416873,139852.389693,136521.264911,122307.725251,0.000000,0.000000,0.000000
18.029083,10uVrms10Hz_ch2pga1.bin,250,4484,30900,1,0xA3,1,0,0,192,0,0,110459.759831,-15.668571,139851.629734,136520.884931,122307.412326,0.000000,0.000000,0.000000
18.033083,10uVrms10Hz_ch2pga1.bin,250,4485,30901,1,0xA3,1,0,0,192,0,0,110460.251570,-16.741455,139851.428568,136521.220207,122307.904065,0.000000,0.000000,0.000000
18.037087,10uVrms10Hz_ch2pga1.bin,250,4486,30902,1,0xA3,1,0,0,192,0,0,110461.033881,-17.546117,139851.585031,136521.890759,122308.775783,0.000000,0.000000,0.000000
18.041087,10uVrms10Hz_ch2pga1.bin,250,4487,30903,1,0xA3,1,0,0,192,0,0,110461.927950,-19.423664,139851.808548,136522.606015,122309.602797,0.000000,0.000000,0.000000
18.045090,10uVrms10Hz_ch2pga1.bin,250,4488,30904,1,0xA3,1,0,0,192,0,0,110462.486744,-21.144748,139851.674438,136522.941291,122310.027480,0.000000,0.000000,0.000000
18.049090,10uVrms10Hz_ch2pga1.bin,250,4489,30905,1,0xA3,1,0,0,192,0,0,110461.950302,-22.418797,139850.378036,136522.114277,122309.200466,0.000000,0.000000,0.000000
18.053094,10uVrms10Hz_ch2pga1.bin,250,4490,30906,1,0xA3,1,0,0,192,0,0,110462.263227,-24.519861,139849.975705,136522.293091,122309.535742,0.000000,0.000000,0.000000
18.057094,10uVrms10Hz_ch2pga1.bin,250,4491,30907,1,0xA3,1,0,0,192,0,0,110463.961959,-26.397407,139851.026237,136524.036527,122311.435640,0.000000,0.000000,0.000000
18.061094,10uVrms10Hz_ch2pga1.bin,250,4492,30908,1,0xA3,1,0,0,192,0,0,110464.945436,-26.978552,139851.294458,136524.997652,122312.329710,0.000000,0.000000,0.000000
18.065098,10uVrms10Hz_ch2pga1.bin,250,4493,30909,1,0xA3,1,0,0,192,0,0,110464.744270,-27.872622,139850.467443,136524.572968,122312.039137,0.000000,0.000000,0.000000
18.069098,10uVrms10Hz_ch2pga1.bin,250,4494,30910,1,0xA3,1,0,0,192,0,0,110463.850200,-28.990209,139848.880470,136523.410678,122310.988605,0.000000,0.000000,0.000000
18.073102,10uVrms10Hz_ch2pga1.bin,250,4495,30911,1,0xA3,1,0,0,192,0,0,110464.230180,-28.856099,139848.656952,136523.701251,122311.435640,0.000000,0.000000,0.000000
18.077103,10uVrms10Hz_ch2pga1.bin,250,4496,30912,1,0xA3,1,0,0,192,0,0,110465.146601,-27.984381,139848.902822,136524.461210,122312.441468,0.000000,0.000000,0.000000
18.081105,10uVrms10Hz_ch2pga1.bin,250,4497,30913,1,0xA3,1,0,0,192,0,0,110465.303063,-27.358532,139848.344028,136524.505913,122312.486172,0.000000,0.000000,0.000000
18.085105,10uVrms10Hz_ch2pga1.bin,250,4498,30914,1,0xA3,1,0,0,192,0,0,110464.856029,-25.726855,139847.159386,136523.768306,122311.882675,0.000000,0.000000,0.000000
18.089106,10uVrms10Hz_ch2pga1.bin,250,4499,30915,1,0xA3,1,0,0,192,0,0,110464.185476,-24.229288,139845.862985,136522.851884,122311.234474,0.000000,0.000000,0.000000
18.093111,10uVrms10Hz_ch2pga1.bin,250,4500,30916,1,0xA3,1,0,0,192,0,0,110464.565456,-23.066998,139845.594764,136523.142457,122311.636806,0.000000,0.000000,0.000000
18.097112,10uVrms10Hz_ch2pga1.bin,250,4501,30917,1,0xA3,1,0,0,192,0,0,110465.280712,-21.457672,139845.751226,136523.857713,122312.486172,0.000000,0.000000,0.000000
18.101113,10uVrms10Hz_ch2pga1.bin,250,4502,30918,1,0xA3,1,0,0,192,0,0,110464.967787,-19.177794,139844.633639,136523.254216,122311.994433,0.000000,0.000000,0.000000
18.105114,10uVrms10Hz_ch2pga1.bin,250,4503,30919,1,0xA3,1,0,0,192,0,0,110464.699566,-17.680228,139843.761921,136522.762477,122311.614454,0.000000,0.000000,0.000000
18.109115,10uVrms10Hz_ch2pga1.bin,250,4504,30920,1,0xA3,1,0,0,192,0,0,110464.408994,-16.786158,139842.778444,136522.293091,122311.167419,0.000000,0.000000,0.000000
18.113120,10uVrms10Hz_ch2pga1.bin,250,4505,30921,1,0xA3,1,0,0,192,0,0,110464.319587,-15.601516,139842.174947,136522.091925,122311.145067,0.000000,0.000000,0.000000
18.117121,10uVrms10Hz_ch2pga1.bin,250,4506,30922,1,0xA3,1,0,0,192,0,0,110465.057194,-14.863908,139842.242002,136522.829533,122311.994433,0.000000,0.000000,0.000000
18.121121,10uVrms10Hz_ch2pga1.bin,250,4507,30923,1,0xA3,1,0,0,192,0,0,110465.794802,-14.238060,139842.242002,136523.298919,122312.620282,0.000000,0.000000,0.000000
18.125125,10uVrms10Hz_ch2pga1.bin,250,4508,30924,1,0xA3,1,0,0,192,0,0,110465.928912,-14.662743,139841.638505,136523.164809,122312.553227,0.000000,0.000000,0.000000
18.129125,10uVrms10Hz_ch2pga1.bin,250,4509,30925,1,0xA3,1,0,0,192,0,0,110465.370119,-15.355647,139840.498567,136522.516608,122311.949730,0.000000,0.000000,0.000000
18.133125,10uVrms10Hz_ch2pga1.bin,250,4510,30926,1,0xA3,1,0,0,192,0,0,110465.548933,-16.517937,139840.029180,136522.628367,122312.173247,0.000000,0.000000,0.000000
18.137129,10uVrms10Hz_ch2pga1.bin,250,4511,30927,1,0xA3,1,0,0,192,0,0,110466.420650,-18.149614,139840.207994,136523.388326,122313.000262,0.000000,0.000000,0.000000
18.141129,10uVrms10Hz_ch2pga1.bin,250,4512,30928,1,0xA3,1,0,0,192,0,0,110466.577113,-19.535422,139839.671552,136523.343623,122313.156724,0.000000,0.000000,0.000000
18.145133,10uVrms10Hz_ch2pga1.bin,250,4513,30929,1,0xA3,1,0,0,192,0,0,110466.912389,-20.362437,139839.269221,136523.410678,122313.380241,0.000000,0.000000,0.000000
18.149133,10uVrms10Hz_ch2pga1.bin,250,4514,30930,1,0xA3,1,0,0,192,0,0,110466.890037,-23.178756,139838.621020,136523.120105,122313.246131,0.000000,0.000000,0.000000
18.153133,10uVrms10Hz_ch2pga1.bin,250,4515,30931,1,0xA3,1,0,0,192,0,0,110467.068851,-25.458634,139838.062227,136523.187160,122313.313186,0.000000,0.000000,0.000000
18.157137,10uVrms10Hz_ch2pga1.bin,250,4516,30932,1,0xA3,1,0,0,192,0,0,110468.141735,-26.509166,139838.419855,136524.215341,122314.497828,0.000000,0.000000,0.000000
18.161137,10uVrms10Hz_ch2pga1.bin,250,4517,30933,1,0xA3,1,0,0,192,0,0,110468.812287,-27.425587,139838.553965,136524.796486,122315.213084,0.000000,0.000000,0.000000
18.165141,10uVrms10Hz_ch2pga1.bin,250,4518,30934,1,0xA3,1,0,0,192,0,0,110469.058156,-28.163195,139837.995172,136524.774134,122315.168381,0.000000,0.000000,0.000000
18.169141,10uVrms10Hz_ch2pga1.bin,250,4519,30935,1,0xA3,1,0,0,192,0,0,110468.633473,-28.677285,139836.922288,136524.081230,122314.631939,0.000000,0.000000,0.000000
18.173141,10uVrms10Hz_ch2pga1.bin,250,4520,30936,1,0xA3,1,0,0,192,0,0,110468.566418,-28.967857,139836.207032,136523.969471,122314.631939,0.000000,0.000000,0.000000
18.177144,10uVrms10Hz_ch2pga1.bin,250,4521,30937,1,0xA3,1,0,0,192,0,0,110469.281673,-28.766692,139836.296439,136524.796486,122315.593064,0.000000,0.000000,0.000000
18.181145,10uVrms10Hz_ch2pga1.bin,250,4522,30938,1,0xA3,1,0,0,192,0,0,110469.773412,-27.380884,139836.139977,136525.064707,122315.928340,0.000000,0.000000,0.000000
18.185148,10uVrms10Hz_ch2pga1.bin,250,4523,30939,1,0xA3,1,0,0,192,0,0,110468.991101,-25.749207,139834.642410,136523.880064,122314.855456,0.000000,0.000000,0.000000
18.189148,10uVrms10Hz_ch2pga1.bin,250,4524,30940,1,0xA3,1,0,0,192,0,0,110468.074679,-24.944544,139832.966030,136522.606015,122313.648462,0.000000,0.000000,0.000000
18.193151,10uVrms10Hz_ch2pga1.bin,250,4525,30941,1,0xA3,1,0,0,192,0,0,110468.477011,-23.290515,139832.809567,136522.941291,122314.073145,0.000000,0.000000,0.000000
18.197151,10uVrms10Hz_ch2pga1.bin,250,4526,30942,1,0xA3,1,0,0,192,0,0,110469.706357,-21.256506,139833.480120,136524.125934,122315.615416,0.000000,0.000000,0.000000
18.201154,10uVrms10Hz_ch2pga1.bin,250,4527,30943,1,0xA3,1,0,0,192,0,0,110470.756888,-19.133091,139833.748341,136524.930596,122316.576540,0.000000,0.000000,0.000000
18.205154,10uVrms10Hz_ch2pga1.bin,250,4528,30944,1,0xA3,1,0,0,192,0,0,110469.706357,-17.747283,139831.982553,136523.745954,122315.414250,0.000000,0.000000,0.000000
18.209158,10uVrms10Hz_ch2pga1.bin,250,4529,30945,1,0xA3,1,0,0,192,0,0,110468.409956,-16.696751,139830.105007,136522.293091,122314.050794,0.000000,0.000000,0.000000
18.213157,10uVrms10Hz_ch2pga1.bin,250,4530,30946,1,0xA3,1,0,0,192,0,0,110469.102859,-15.534461,139830.015600,136522.829533,122314.721346,0.000000,0.000000,0.000000
18.217158,10uVrms10Hz_ch2pga1.bin,250,4531,30947,1,0xA3,1,0,0,192,0,0,110470.645130,-14.908612,139830.775559,136524.192989,122316.397727,0.000000,0.000000,0.000000
18.221162,10uVrms10Hz_ch2pga1.bin,250,4532,30948,1,0xA3,1,0,0,192,0,0,110471.360385,-14.774501,139830.842614,136524.841189,122317.112982,0.000000,0.000000,0.000000
18.225163,10uVrms10Hz_ch2pga1.bin,250,4533,30949,1,0xA3,1,0,0,192,0,0,110470.935702,-14.685094,139829.657972,136524.036527,122316.308320,0.000000,0.000000,0.000000
18.229163,10uVrms10Hz_ch2pga1.bin,250,4534,30950,1,0xA3,1,0,0,192,0,0,110470.488667,-15.646219,139828.383923,136523.298919,122315.660119,0.000000,0.000000,0.000000
18.233167,10uVrms10Hz_ch2pga1.bin,250,4535,30951,1,0xA3,1,0,0,192,0,0,110470.756888,-17.009676,139828.003943,136523.522437,122316.062450,0.000000,0.000000,0.000000
18.237167,10uVrms10Hz_ch2pga1.bin,250,4536,30952,1,0xA3,1,0,0,192,0,0,110471.181571,-17.635524,139827.869833,136523.969471,122316.621244,0.000000,0.000000,0.000000
18.241171,10uVrms10Hz_ch2pga1.bin,250,4537,30953,1,0xA3,1,0,0,192,0,0,110472.276807,-19.110739,139828.339219,136524.863541,122317.582369,0.000000,0.000000,0.000000
18.245171,10uVrms10Hz_ch2pga1.bin,250,4538,30954,1,0xA3,1,0,0,192,0,0,110472.209752,-21.390617,139827.512205,136524.461210,122317.403555,0.000000,0.000000,0.000000
18.249172,10uVrms10Hz_ch2pga1.bin,250,4539,30955,1,0xA3,1,0,0,192,0,0,110471.986234,-23.044646,139826.551080,136523.947120,122317.001224,0.000000,0.000000,0.000000
18.253176,10uVrms10Hz_ch2pga1.bin,250,4540,30956,1,0xA3,1,0,0,192,0,0,110472.232103,-24.385750,139826.193452,136524.237692,122317.381203,0.000000,0.000000,0.000000
18.257176,10uVrms10Hz_ch2pga1.bin,250,4541,30957,1,0xA3,1,0,0,192,0,0,110473.394394,-26.285648,139826.685190,136525.332928,122318.677604,0.000000,0.000000,0.000000
18.261177,10uVrms10Hz_ch2pga1.bin,250,4542,30958,1,0xA3,1,0,0,192,0,0,110474.266112,-27.246773,139826.796949,136525.981128,122319.392860,0.000000,0.000000,0.000000
18.265181,10uVrms10Hz_ch2pga1.bin,250,4543,30959,1,0xA3,1,0,0,192,0,0,110473.372042,-27.649105,139825.277030,136524.774134,122318.275273,0.000000,0.000000,0.000000
18.269181,10uVrms10Hz_ch2pga1.bin,250,4544,30960,1,0xA3,1,0,0,192,0,0,110472.455621,-28.252602,139823.578298,136523.522437,122317.112982,0.000000,0.000000,0.000000
18.273182,10uVrms10Hz_ch2pga1.bin,250,4545,30961,1,0xA3,1,0,0,192,0,0,110472.902656,-29.079616,139823.399484,136523.902416,122317.604721,0.000000,0.000000,0.000000
18.277186,10uVrms10Hz_ch2pga1.bin,250,4546,30962,1,0xA3,1,0,0,192,0,0,110473.617911,-28.476119,139823.488891,136524.729431,122318.610549,0.000000,0.000000,0.000000
18.281186,10uVrms10Hz_ch2pga1.bin,250,4547,30963,1,0xA3,1,0,0,192,0,0,110474.064946,-26.844442,139823.243022,136524.975300,122318.968177,0.000000,0.000000,0.000000
18.285189,10uVrms10Hz_ch2pga1.bin,250,4548,30964,1,0xA3,1,0,0,192,0,0,110473.461449,-26.419759,139821.879566,136524.014175,122318.141162,0.000000,0.000000,0.000000
18.289189,10uVrms10Hz_ch2pga1.bin,250,4549,30965,1,0xA3,1,0,0,192,0,0,110472.857952,-24.743378,139820.560813,136523.053050,122317.291796,0.000000,0.000000,0.000000
18.293190,10uVrms10Hz_ch2pga1.bin,250,4550,30966,1,0xA3,1,0,0,192,0,0,110473.103821,-23.245811,139820.136130,136523.187160,122317.582369,0.000000,0.000000,0.000000
18.297194,10uVrms10Hz_ch2pga1.bin,250,4551,30967,1,0xA3,1,0,0,192,0,0,110474.020243,-21.703541,139820.381999,136524.170637,122318.677604,0.000000,0.000000,0.000000
18.301194,10uVrms10Hz_ch2pga1.bin,250,4552,30968,1,0xA3,1,0,0,192,0,0,110473.774374,-19.602478,139819.398522,136523.634195,122318.364680,0.000000,0.000000,0.000000
18.305194,10uVrms10Hz_ch2pga1.bin,250,4553,30969,1,0xA3,1,0,0,192,0,0,110472.925007,-17.859042,139817.945659,136522.494256,122317.358851,0.000000,0.000000,0.000000
18.309198,10uVrms10Hz_ch2pga1.bin,250,4554,30970,1,0xA3,1,0,0,192,0,0,110472.612083,-16.517937,139816.828072,136521.846056,122316.755354,0.000000,0.000000,0.000000
18.313198,10uVrms10Hz_ch2pga1.bin,250,4555,30971,1,0xA3,1,0,0,192,0,0,110473.193228,-16.182661,139816.783369,136522.382498,122317.425907,0.000000,0.000000,0.000000
18.317199,10uVrms10Hz_ch2pga1.bin,250,4556,30972,1,0xA3,1,0,0,192,0,0,110474.623740,-15.109777,139817.543328,136523.813009,122318.968177,0.000000,0.000000,0.000000
18.321202,10uVrms10Hz_ch2pga1.bin,250,4557,30973,1,0xA3,1,0,0,192,0,0,110474.802554,-14.282763,139816.917479,136523.790658,122319.102287,0.000000,0.000000,0.000000
18.325202,10uVrms10Hz_ch2pga1.bin,250,4558,30974,1,0xA3,1,0,0,192,0,0,110473.796725,-14.685094,139815.263450,136522.471905,122317.917645,0.000000,0.000000,0.000000
18.329205,10uVrms10Hz_ch2pga1.bin,250,4559,30975,1,0xA3,1,0,0,192,0,0,110473.349690,-15.735626,139814.168215,136521.823704,122317.314148,0.000000,0.000000,0.000000
18.333208,10uVrms10Hz_ch2pga1.bin,250,4560,30976,1,0xA3,1,0,0,192,0,0,110474.288464,-16.763806,139814.347029,136522.561312,122318.163514,0.000000,0.000000,0.000000
18.337208,10uVrms10Hz_ch2pga1.bin,250,4561,30977,1,0xA3,1,0,0,192,0,0,110475.115478,-17.859042,139814.347029,136523.276567,122319.012880,0.000000,0.000000,0.000000
18.341208,10uVrms10Hz_ch2pga1.bin,250,4562,30978,1,0xA3,1,0,0,192,0,0,110475.607216,-19.356608,139814.190567,136523.589492,122319.504619,0.000000,0.000000,0.000000
18.345211,10uVrms10Hz_ch2pga1.bin,250,4563,30979,1,0xA3,1,0,0,192,0,0,110475.562513,-20.943582,139813.520014,136523.321271,122319.303453,0.000000,0.000000,0.000000
18.349211,10uVrms10Hz_ch2pga1.bin,250,4564,30980,1,0xA3,1,0,0,192,0,0,110475.361347,-23.066998,139812.693000,136522.918940,122318.990529,0.000000,0.000000,0.000000
18.353215,10uVrms10Hz_ch2pga1.bin,250,4565,30981,1,0xA3,1,0,0,192,0,0,110475.383699,-25.123358,139812.111855,136522.784829,122319.035232,0.000000,0.000000,0.000000
18.357215,10uVrms10Hz_ch2pga1.bin,250,4566,30982,1,0xA3,1,0,0,192,0,0,110476.143658,-26.665628,139812.111855,136523.522437,122319.929302,0.000000,0.000000,0.000000
18.361219,10uVrms10Hz_ch2pga1.bin,250,4567,30983,1,0xA3,1,0,0,192,0,0,110476.434231,-27.269125,139811.731875,136523.745954,122320.219874,0.000000,0.000000,0.000000
18.365219,10uVrms10Hz_ch2pga1.bin,250,4568,30984,1,0xA3,1,0,0,192,0,0,110476.098955,-27.805567,139810.569584,136522.941291,122319.594026,0.000000,0.000000,0.000000
18.369219,10uVrms10Hz_ch2pga1.bin,250,4569,30985,1,0xA3,1,0,0,192,0,0,110475.763679,-29.191375,139809.474349,136522.270739,122319.057584,0.000000,0.000000,0.000000
18.373222,10uVrms10Hz_ch2pga1.bin,250,4570,30986,1,0xA3,1,0,0,192,0,0,110475.964844,-29.079616,139809.139073,136522.561312,122319.459915,0.000000,0.000000,0.000000
18.377222,10uVrms10Hz_ch2pga1.bin,250,4571,30987,1,0xA3,1,0,0,192,0,0,110477.060080,-28.207898,139809.429646,136523.589492,122320.644557,0.000000,0.000000,0.000000
18.381226,10uVrms10Hz_ch2pga1.bin,250,4572,30988,1,0xA3,1,0,0,192,0,0,110477.037728,-27.336180,139808.893204,136523.276567,122320.666909,0.000000,0.000000,0.000000
18.385226,10uVrms10Hz_ch2pga1.bin,250,4573,30989,1,0xA3,1,0,0,192,0,0,110476.255417,-26.039779,139807.306230,136522.203684,122319.370508,0.000000,0.000000,0.000000
18.389229,10uVrms10Hz_ch2pga1.bin,250,4574,30990,1,0xA3,1,0,0,192,0,0,110475.562513,-24.609268,139805.875719,136521.264911,122318.387032,0.000000,0.000000,0.000000
18.393229,10uVrms10Hz_ch2pga1.bin,250,4575,30991,1,0xA3,1,0,0,192,0,0,110475.853086,-23.066998,139805.518091,136521.443725,122318.923473,0.000000,0.000000,0.000000
18.397230,10uVrms10Hz_ch2pga1.bin,250,4576,30992,1,0xA3,1,0,0,192,0,0,110476.613045,-21.703541,139805.741608,136522.226036,122320.085764,0.000000,0.000000,0.000000
18.401233,10uVrms10Hz_ch2pga1.bin,250,4577,30993,1,0xA3,1,0,0,192,0,0,110477.238894,-19.468367,139805.540442,136522.561312,122320.555151,0.000000,0.000000,0.000000
18.405234,10uVrms10Hz_ch2pga1.bin,250,4578,30994,1,0xA3,1,0,0,192,0,0,110476.680100,-17.412007,139804.244041,136521.622539,122319.728136,0.000000,0.000000,0.000000
18.409237,10uVrms10Hz_ch2pga1.bin,250,4579,30995,1,0xA3,1,0,0,192,0,0,110475.428402,-16.607344,139802.366495,136520.259082,122318.208218,0.000000,0.000000,0.000000
18.413237,10uVrms10Hz_ch2pga1.bin,250,4580,30996,1,0xA3,1,0,0,192,0,0,110475.540161,-15.869737,139801.807702,136520.303786,122318.431735,0.000000,0.000000,0.000000
18.417238,10uVrms10Hz_ch2pga1.bin,250,4581,30997,1,0xA3,1,0,0,192,0,0,110477.149487,-15.199184,139802.724123,136521.868408,122320.242226,0.000000,0.000000,0.000000
18.421242,10uVrms10Hz_ch2pga1.bin,250,4582,30998,1,0xA3,1,0,0,192,0,0,110477.350652,-14.550984,139802.321792,136521.957815,122320.488095,0.000000,0.000000,0.000000
18.425242,10uVrms10Hz_ch2pga1.bin,250,4583,30999,1,0xA3,1,0,0,192,0,0,110477.015376,-14.796853,139801.293612,136521.331966,122319.795191,0.000000,0.000000,0.000000
18.429245,10uVrms10Hz_ch2pga1.bin,250,4584,31000,1,0xA3,1,0,0,192,0,0,110476.478934,-15.266240,139799.907804,136520.370841,122318.990529,0.000000,0.000000,0.000000
18.433246,10uVrms10Hz_ch2pga1.bin,250,4585,31001,1,0xA3,1,0,0,192,0,0,110476.925969,-16.696751,139799.728990,136520.639062,122319.392860,0.000000,0.000000,0.000000
18.437248,10uVrms10Hz_ch2pga1.bin,250,4586,31002,1,0xA3,1,0,0,192,0,0,110477.752984,-18.484890,139800.064266,136521.600187,122320.532799,0.000000,0.000000,0.000000
18.441249,10uVrms10Hz_ch2pga1.bin,250,4587,31003,1,0xA3,1,0,0,192,0,0,110479.228199,-19.714236,139800.712466,136522.762477,122321.963310,0.000000,0.000000,0.000000
18.445251,10uVrms10Hz_ch2pga1.bin,250,4588,31004,1,0xA3,1,0,0,192,0,0,110479.496419,-20.831823,139800.310135,136522.784829,122322.008014,0.000000,0.000000,0.000000
18.449252,10uVrms10Hz_ch2pga1.bin,250,4589,31005,1,0xA3,1,0,0,192,0,0,110478.468239,-23.066998,139798.521996,136521.667242,122320.823371,0.000000,0.000000,0.000000
18.453252,10uVrms10Hz_ch2pga1.bin,250,4590,31006,1,0xA3,1,0,0,192,0,0,110479.339957,-25.525689,139798.812568,136522.494256,122321.829200,0.000000,0.000000,0.000000
18.457256,10uVrms10Hz_ch2pga1.bin,250,4591,31007,1,0xA3,1,0,0,192,0,0,110480.614007,-26.464462,139799.393713,136523.522437,122323.103249,0.000000,0.000000,0.000000
18.461256,10uVrms10Hz_ch2pga1.bin,250,4592,31008,1,0xA3,1,0,0,192,0,0,110481.083393,-26.956201,139799.170196,136523.902416,122323.505580,0.000000,0.000000,0.000000
18.465260,10uVrms10Hz_ch2pga1.bin,250,4593,31009,1,0xA3,1,0,0,192,0,0,110480.256379,-28.096139,139797.672629,136522.829533,122322.544456,0.000000,0.000000,0.000000
18.469260,10uVrms10Hz_ch2pga1.bin,250,4594,31010,1,0xA3,1,0,0,192,0,0,110479.585826,-28.610229,139796.331525,136521.779001,122321.650386,0.000000,0.000000,0.000000
18.473259,10uVrms10Hz_ch2pga1.bin,250,4595,31011,1,0xA3,1,0,0,192,0,0,110480.032861,-28.610229,139796.175063,136522.293091,122322.186828,0.000000,0.000000,0.000000
18.477263,10uVrms10Hz_ch2pga1.bin,250,4596,31012,1,0xA3,1,0,0,192,0,0,110480.748117,-28.565526,139796.264470,136523.008347,122323.125601,0.000000,0.000000,0.000000
18.481264,10uVrms10Hz_ch2pga1.bin,250,4597,31013,1,0xA3,1,0,0,192,0,0,110481.217504,-27.336180,139796.040952,136523.276567,122323.550284,0.000000,0.000000,0.000000
18.485267,10uVrms10Hz_ch2pga1.bin,250,4598,31014,1,0xA3,1,0,0,192,0,0,110480.658710,-25.570393,139794.789255,136522.382498,122322.767973,0.000000,0.000000,0.000000
18.489267,10uVrms10Hz_ch2pga1.bin,250,4599,31015,1,0xA3,1,0,0,192,0,0,110480.546951,-24.676323,139793.805778,136521.957815,122322.343290,0.000000,0.000000,0.000000
18.493271,10uVrms10Hz_ch2pga1.bin,250,4600,31016,1,0xA3,1,0,0,192,0,0,110480.882227,-23.581088,139793.425798,136522.114277,122322.589159,0.000000,0.000000,0.000000
18.497270,10uVrms10Hz_ch2pga1.bin,250,4601,31017,1,0xA3,1,0,0,192,0,0,110481.038690,-21.301210,139793.001115,136522.337794,122322.969139,0.000000,0.000000,0.000000
18.501274,10uVrms10Hz_ch2pga1.bin,250,4602,31018,1,0xA3,1,0,0,192,0,0,110481.217504,-19.378960,139792.464674,136522.382498,122323.192656,0.000000,0.000000,0.000000
18.505274,10uVrms10Hz_ch2pga1.bin,250,4603,31019,1,0xA3,1,0,0,192,0,0,110481.061041,-18.082559,139791.727066,136522.047222,122322.991490,0.000000,0.000000,0.000000
18.509274,10uVrms10Hz_ch2pga1.bin,250,4604,31020,1,0xA3,1,0,0,192,0,0,110481.105745,-17.032027,139791.145921,136521.935463,122322.991490,0.000000,0.000000,0.000000
18.513278,10uVrms10Hz_ch2pga1.bin,250,4605,31021,1,0xA3,1,0,0,192,0,0,110481.217504,-15.690923,139790.497720,136521.913111,122323.013842,0.000000,0.000000,0.000000
18.517278,10uVrms10Hz_ch2pga1.bin,250,4606,31022,1,0xA3,1,0,0,192,0,0,110481.575131,-14.908612,139790.229499,136522.136629,122323.438525,0.000000,0.000000,0.000000
18.521281,10uVrms10Hz_ch2pga1.bin,250,4607,31023,1,0xA3,1,0,0,192,0,0,110481.753945,-14.618039,139789.715409,136522.047222,122323.550284,0.000000,0.000000,0.000000
18.525281,10uVrms10Hz_ch2pga1.bin,250,4608,31024,1,0xA3,1,0,0,192,0,0,110481.396317,-14.752150,139788.664877,136521.510780,122323.013842,0.000000,0.000000,0.000000
18.529285,10uVrms10Hz_ch2pga1.bin,250,4609,31025,1,0xA3,1,0,0,192,0,0,110481.552780,-15.445054,139788.284898,136521.533132,122323.013842,0.000000,0.000000,0.000000
18.533285,10uVrms10Hz_ch2pga1.bin,250,4610,31026,1,0xA3,1,0,0,192,0,0,110482.156277,-16.741455,139788.150787,136522.069573,122323.662043,0.000000,0.000000,0.000000
18.537285,10uVrms10Hz_ch2pga1.bin,250,4611,31027,1,0xA3,1,0,0,192,0,0,110482.715070,-18.015504,139788.039029,136522.516608,122324.243188,0.000000,0.000000,0.000000
18.541288,10uVrms10Hz_ch2pga1.bin,250,4612,31028,1,0xA3,1,0,0,192,0,0,110483.005643,-19.155443,139787.547290,136522.628367,122324.489057,0.000000,0.000000,0.000000
18.545288,10uVrms10Hz_ch2pga1.bin,250,4613,31029,1,0xA3,1,0,0,192,0,0,110483.363271,-21.211803,139787.212014,136522.717774,122324.690223,0.000000,0.000000,0.000000
18.549292,10uVrms10Hz_ch2pga1.bin,250,4614,31030,1,0xA3,1,0,0,192,0,0,110483.966768,-23.603439,139787.122607,136523.120105,122325.137258,0.000000,0.000000,0.000000
18.553292,10uVrms10Hz_ch2pga1.bin,250,4615,31031,1,0xA3,1,0,0,192,0,0,110484.346747,-25.101006,139786.876738,136523.388326,122325.561941,0.000000,0.000000,0.000000
18.557295,10uVrms10Hz_ch2pga1.bin,250,4616,31032,1,0xA3,1,0,0,192,0,0,110484.749079,-26.196241,139786.675572,136523.656547,122326.076031,0.000000,0.000000,0.000000
18.561294,10uVrms10Hz_ch2pga1.bin,250,4617,31033,1,0xA3,1,0,0,192,0,0,110485.464334,-27.559698,139786.675572,136524.192989,122326.835990,0.000000,0.000000,0.000000
18.565297,10uVrms10Hz_ch2pga1.bin,250,4618,31034,1,0xA3,1,0,0,192,0,0,110486.224294,-28.476119,139786.742628,136524.662375,122327.417135,0.000000,0.000000,0.000000
18.569297,10uVrms10Hz_ch2pga1.bin,250,4619,31035,1,0xA3,1,0,0,192,0,0,110485.620797,-28.654933,139785.468578,136523.835361,122326.679528,0.000000,0.000000,0.000000
18.573300,10uVrms10Hz_ch2pga1.bin,250,4620,31036,1,0xA3,1,0,0,192,0,0,110485.889018,-28.967857,139785.178006,136524.036527,122327.037156,0.000000,0.000000,0.000000
18.577300,10uVrms10Hz_ch2pga1.bin,250,4621,31037,1,0xA3,1,0,0,192,0,0,110486.514866,-28.476119,139785.110950,136524.684727,122327.752411,0.000000,0.000000,0.000000
18.581304,10uVrms10Hz_ch2pga1.bin,250,4622,31038,1,0xA3,1,0,0,192,0,0,110487.140715,-26.799738,139784.999192,136525.064707,122328.221798,0.000000,0.000000,0.000000
18.585303,10uVrms10Hz_ch2pga1.bin,250,4623,31039,1,0xA3,1,0,0,192,0,0,110486.626625,-26.039779,139783.903956,136524.394155,122327.640653,0.000000,0.000000,0.000000
18.589307,10uVrms10Hz_ch2pga1.bin,250,4624,31040,1,0xA3,1,0,0,192,0,0,110486.358404,-25.078654,139782.920480,136523.902416,122327.260673,0.000000,0.000000,0.000000
18.593306,10uVrms10Hz_ch2pga1.bin,250,4625,31041,1,0xA3,1,0,0,192,0,0,110486.201942,-23.156404,139782.115817,136523.634195,122327.148914,0.000000,0.000000,0.000000
18.597310,10uVrms10Hz_ch2pga1.bin,250,4626,31042,1,0xA3,1,0,0,192,0,0,110487.252474,-21.234155,139782.473445,136524.640024,122328.244150,0.000000,0.000000,0.000000
18.601310,10uVrms10Hz_ch2pga1.bin,250,4627,31043,1,0xA3,1,0,0,192,0,0,110487.163067,-19.803643,139781.624079,136524.394155,122328.020632,0.000000,0.000000,0.000000
18.605311,10uVrms10Hz_ch2pga1.bin,250,4628,31044,1,0xA3,1,0,0,192,0,0,110486.783087,-17.903745,139780.662954,136523.835361,122327.461839,0.000000,0.000000,0.000000
18.609315,10uVrms10Hz_ch2pga1.bin,250,4629,31045,1,0xA3,1,0,0,192,0,0,110486.805439,-16.584992,139780.014753,136523.611844,122327.417135,0.000000,0.000000,0.000000
18.613315,10uVrms10Hz_ch2pga1.bin,250,4630,31046,1,0xA3,1,0,0,192,0,0,110486.939549,-16.160309,139779.500663,136523.611844,122327.573597,0.000000,0.000000,0.000000
18.617318,10uVrms10Hz_ch2pga1.bin,250,4631,31047,1,0xA3,1,0,0,192,0,0,110486.827791,-15.132129,139778.718352,136523.433030,122327.484190,0.000000,0.000000,0.000000
18.621318,10uVrms10Hz_ch2pga1.bin,250,4632,31048,1,0xA3,1,0,0,192,0,0,110486.783087,-14.394522,139778.003097,136523.187160,122327.484190,0.000000,0.000000,0.000000
18.625321,10uVrms10Hz_ch2pga1.bin,250,4633,31049,1,0xA3,1,0,0,192,0,0,110487.498343,-15.020370,139777.868986,136523.634195,122328.042984,0.000000,0.000000,0.000000
18.629321,10uVrms10Hz_ch2pga1.bin,250,4634,31050,1,0xA3,1,0,0,192,0,0,110487.811267,-16.227365,139777.444303,136523.745954,122328.333557,0.000000,0.000000,0.000000
18.633323,10uVrms10Hz_ch2pga1.bin,250,4635,31051,1,0xA3,1,0,0,192,0,0,110488.258302,-16.584992,139777.198434,136524.081230,122328.758240,0.000000,0.000000,0.000000
18.637323,10uVrms10Hz_ch2pga1.bin,250,4636,31052,1,0xA3,1,0,0,192,0,0,110488.772392,-18.015504,139777.198434,136524.572968,122329.317033,0.000000,0.000000,0.000000
18.641327,10uVrms10Hz_ch2pga1.bin,250,4637,31053,1,0xA3,1,0,0,192,0,0,110489.666462,-19.960105,139777.533710,136525.265872,122330.166399,0.000000,0.000000,0.000000
18.645327,10uVrms10Hz_ch2pga1.bin,250,4638,31054,1,0xA3,1,0,0,192,0,0,110489.666462,-21.636486,139776.818454,136525.064707,122329.942882,0.000000,0.000000,0.000000
18.649330,10uVrms10Hz_ch2pga1.bin,250,4639,31055,1,0xA3,1,0,0,192,0,0,110489.107668,-23.134053,139775.477350,136524.304748,122329.317033,0.000000,0.000000,0.000000
18.653330,10uVrms10Hz_ch2pga1.bin,250,4640,31056,1,0xA3,1,0,0,192,0,0,110489.130020,-24.676323,139774.873853,136524.192989,122329.384089,0.000000,0.000000,0.000000
18.657333,10uVrms10Hz_ch2pga1.bin,250,4641,31057,1,0xA3,1,0,0,192,0,0,110490.091145,-26.509166,139775.075018,136524.908245,122330.278158,0.000000,0.000000,0.000000
18.661332,10uVrms10Hz_ch2pga1.bin,250,4642,31058,1,0xA3,1,0,0,192,0,0,110490.046442,-27.470291,139774.404466,136524.707079,122330.255806,0.000000,0.000000,0.000000
18.665335,10uVrms10Hz_ch2pga1.bin,250,4643,31059,1,0xA3,1,0,0,192,0,0,110490.001738,-28.073788,139773.711562,136524.528265,122330.076993,0.000000,0.000000,0.000000
18.669337,10uVrms10Hz_ch2pga1.bin,250,4644,31060,1,0xA3,1,0,0,192,0,0,110490.068793,-28.945506,139773.175120,136524.394155,122330.054641,0.000000,0.000000,0.000000
18.673337,10uVrms10Hz_ch2pga1.bin,250,4645,31061,1,0xA3,1,0,0,192,0,0,110490.582883,-28.990209,139772.973955,136524.729431,122330.479324,0.000000,0.000000,0.000000
18.677340,10uVrms10Hz_ch2pga1.bin,250,4646,31062,1,0xA3,1,0,0,192,0,0,110490.985215,-27.917325,139772.549272,136524.863541,122330.859303,0.000000,0.000000,0.000000
18.681339,10uVrms10Hz_ch2pga1.bin,250,4647,31063,1,0xA3,1,0,0,192,0,0,110490.560532,-27.246773,139771.498740,136524.282396,122330.412269,0.000000,0.000000,0.000000
18.685342,10uVrms10Hz_ch2pga1.bin,250,4648,31064,1,0xA3,1,0,0,192,0,0,110490.448773,-26.464462,139770.671725,136524.014175,122330.255806,0.000000,0.000000,0.000000
18.689343,10uVrms10Hz_ch2pga1.bin,250,4649,31065,1,0xA3,1,0,0,192,0,0,110489.800572,-24.452806,139769.330621,136523.097754,122329.451144,0.000000,0.000000,0.000000
18.693346,10uVrms10Hz_ch2pga1.bin,250,4650,31066,1,0xA3,1,0,0,192,0,0,110490.158200,-22.910535,139769.017696,136523.321271,122329.741716,0.000000,0.000000,0.000000
18.697345,10uVrms10Hz_ch2pga1.bin,250,4651,31067,1,0xA3,1,0,0,192,0,0,110491.119325,-21.234155,139769.218862,136524.170637,122330.658138,0.000000,0.000000,0.000000
18.701348,10uVrms10Hz_ch2pga1.bin,250,4652,31068,1,0xA3,1,0,0,192,0,0,110491.409898,-19.356608,139768.972993,136524.416506,122330.993414,0.000000,0.000000,0.000000
18.705348,10uVrms10Hz_ch2pga1.bin,250,4653,31069,1,0xA3,1,0,0,192,0,0,110491.119325,-17.993152,139768.011868,136523.902416,122330.591083,0.000000,0.000000,0.000000
18.709351,10uVrms10Hz_ch2pga1.bin,250,4654,31070,1,0xA3,1,0,0,192,0,0,110490.940511,-17.054379,139767.073095,136523.522437,122330.322862,0.000000,0.000000,0.000000
18.713351,10uVrms10Hz_ch2pga1.bin,250,4655,31071,1,0xA3,1,0,0,192,0,0,110491.253436,-15.690923,139766.648412,136523.611844,122330.591083,0.000000,0.000000,0.000000
18.717354,10uVrms10Hz_ch2pga1.bin,250,4656,31072,1,0xA3,1,0,0,192,0,0,110491.231084,-14.506280,139765.866101,136523.410678,122330.546379,0.000000,0.000000,0.000000
18.721354,10uVrms10Hz_ch2pga1.bin,250,4657,31073,1,0xA3,1,0,0,192,0,0,110491.789877,-14.685094,139765.910804,136523.969471,122331.149876,0.000000,0.000000,0.000000
18.725357,10uVrms10Hz_ch2pga1.bin,250,4658,31074,1,0xA3,1,0,0,192,0,0,110492.214561,-15.020370,139765.575528,136524.282396,122331.552207,0.000000,0.000000,0.000000
18.729360,10uVrms10Hz_ch2pga1.bin,250,4659,31075,1,0xA3,1,0,0,192,0,0,110491.946340,-15.780330,139764.569700,136523.790658,122331.283987,0.000000,0.000000,0.000000
18.733359,10uVrms10Hz_ch2pga1.bin,250,4660,31076,1,0xA3,1,0,0,192,0,0,110492.393374,-16.920269,139764.390886,136523.969471,122331.641614,0.000000,0.000000,0.000000
18.737362,10uVrms10Hz_ch2pga1.bin,250,4661,31077,1,0xA3,1,0,0,192,0,0,110493.578017,-18.529594,139764.837921,136524.997652,122332.759202,0.000000,0.000000,0.000000
18.741361,10uVrms10Hz_ch2pga1.bin,250,4662,31078,1,0xA3,1,0,0,192,0,0,110493.689775,-20.027161,139764.301479,136525.020003,122332.938015,0.000000,0.000000,0.000000
18.745363,10uVrms10Hz_ch2pga1.bin,250,4663,31079,1,0xA3,1,0,0,192,0,0,110492.996871,-20.988286,139762.915671,136524.014175,122332.066298,0.000000,0.000000,0.000000
18.749365,10uVrms10Hz_ch2pga1.bin,250,4664,31080,1,0xA3,1,0,0,192,0,0,110492.862761,-23.491681,139762.021601,136523.678899,122331.820428,0.000000,0.000000,0.000000
18.753367,10uVrms10Hz_ch2pga1.bin,250,4665,31081,1,0xA3,1,0,0,192,0,0,110493.175685,-25.257468,139761.731029,136523.902416,122332.133353,0.000000,0.000000,0.000000
18.757366,10uVrms10Hz_ch2pga1.bin,250,4666,31082,1,0xA3,1,0,0,192,0,0,110493.510962,-26.799738,139761.418104,136524.081230,122332.401574,0.000000,0.000000,0.000000
18.761368,10uVrms10Hz_ch2pga1.bin,250,4667,31083,1,0xA3,1,0,0,192,0,0,110493.510962,-27.313828,139760.792255,136523.947120,122332.334518,0.000000,0.000000,0.000000
18.765371,10uVrms10Hz_ch2pga1.bin,250,4668,31084,1,0xA3,1,0,0,192,0,0,110493.957996,-28.297305,139760.456979,136524.192989,122332.736850,0.000000,0.000000,0.000000
18.769370,10uVrms10Hz_ch2pga1.bin,250,4669,31085,1,0xA3,1,0,0,192,0,0,110494.293272,-28.878450,139760.032296,136524.327099,122333.049774,0.000000,0.000000,0.000000
18.773372,10uVrms10Hz_ch2pga1.bin,250,4670,31086,1,0xA3,1,0,0,192,0,0,110494.494438,-28.610229,139759.540558,136524.282396,122333.161533,0.000000,0.000000,0.000000
18.777374,10uVrms10Hz_ch2pga1.bin,250,4671,31087,1,0xA3,1,0,0,192,0,0,110495.097935,-28.543174,139759.451151,136524.729431,122333.765030,0.000000,0.000000,0.000000
18.781374,10uVrms10Hz_ch2pga1.bin,250,4672,31088,1,0xA3,1,0,0,192,0,0,110495.187342,-27.403235,139758.914709,136524.751782,122333.787382,0.000000,0.000000,0.000000
18.785376,10uVrms10Hz_ch2pga1.bin,250,4673,31089,1,0xA3,1,0,0,192,0,0,110494.561493,-25.905669,139757.595956,136523.902416,122333.116829,0.000000,0.000000,0.000000
18.789378,10uVrms10Hz_ch2pga1.bin,250,4674,31090,1,0xA3,1,0,0,192,0,0,110493.578017,-24.631619,139756.008983,136522.740126,122332.021594,0.000000,0.000000,0.000000
18.793378,10uVrms10Hz_ch2pga1.bin,250,4675,31091,1,0xA3,1,0,0,192,0,0,110493.689775,-23.446977,139755.360782,136522.740126,122332.021594,0.000000,0.000000,0.000000
18.797380,10uVrms10Hz_ch2pga1.bin,250,4676,31092,1,0xA3,1,0,0,192,0,0,110494.114459,-21.010637,139755.070210,136523.008347,122332.446277,0.000000,0.000000,0.000000
18.801383,10uVrms10Hz_ch2pga1.bin,250,4677,31093,1,0xA3,1,0,0,192,0,0,110494.427383,-19.021332,139754.779637,136523.231864,122332.736850,0.000000,0.000000,0.000000
18.805385,10uVrms10Hz_ch2pga1.bin,250,4678,31094,1,0xA3,1,0,0,192,0,0,110494.449735,-17.903745,139754.131436,136523.053050,122332.736850,0.000000,0.000000,0.000000
18.809383,10uVrms10Hz_ch2pga1.bin,250,4679,31095,1,0xA3,1,0,0,192,0,0,110494.069755,-16.696751,139752.946794,136522.382498,122332.289815,0.000000,0.000000,0.000000
18.813386,10uVrms10Hz_ch2pga1.bin,250,4680,31096,1,0xA3,1,0,0,192,0,0,110494.002700,-15.310943,139752.164483,136522.181332,122332.088649,0.000000,0.000000,0.000000
18.817387,10uVrms10Hz_ch2pga1.bin,250,4681,31097,1,0xA3,1,0,0,192,0,0,110494.650900,-15.199184,139752.097428,136522.606015,122332.736850,0.000000,0.000000,0.000000
18.821390,10uVrms10Hz_ch2pga1.bin,250,4682,31098,1,0xA3,1,0,0,192,0,0,110494.963825,-15.042722,139751.717448,136522.740126,122333.027422,0.000000,0.000000,0.000000
18.825389,10uVrms10Hz_ch2pga1.bin,250,4683,31099,1,0xA3,1,0,0,192,0,0,110494.270921,-14.886260,139750.443399,136521.868408,122332.222760,0.000000,0.000000,0.000000
18.829392,10uVrms10Hz_ch2pga1.bin,250,4684,31100,1,0xA3,1,0,0,192,0,0,110493.578017,-15.735626,139749.102294,136521.041393,122331.462801,0.000000,0.000000,0.000000
18.833392,10uVrms10Hz_ch2pga1.bin,250,4685,31101,1,0xA3,1,0,0,192,0,0,110494.293272,-17.412007,139749.035239,136521.488428,122332.133353,0.000000,0.000000,0.000000
18.837396,10uVrms10Hz_ch2pga1.bin,250,4686,31102,1,0xA3,1,0,0,192,0,0,110495.321453,-18.417835,139749.325812,136522.427201,122333.116829,0.000000,0.000000,0.000000
18.841395,10uVrms10Hz_ch2pga1.bin,250,4687,31103,1,0xA3,1,0,0,192,0,0,110495.187342,-19.602478,139748.543501,136522.114277,122333.005071,0.000000,0.000000,0.000000
18.845398,10uVrms10Hz_ch2pga1.bin,250,4688,31104,1,0xA3,1,0,0,192,0,0,110495.232046,-21.167099,139747.917652,136521.935463,122333.005071,0.000000,0.000000,0.000000
18.849398,10uVrms10Hz_ch2pga1.bin,250,4689,31105,1,0xA3,1,0,0,192,0,0,110495.209694,-23.223460,139747.135341,136521.734297,122332.915664,0.000000,0.000000,0.000000
18.853398,10uVrms10Hz_ch2pga1.bin,250,4690,31106,1,0xA3,1,0,0,192,0,0,110495.880246,-24.944544,139747.202396,136522.382498,122333.586216,0.000000,0.000000,0.000000
18.857401,10uVrms10Hz_ch2pga1.bin,250,4691,31107,1,0xA3,1,0,0,192,0,0,110497.310758,-26.397407,139747.962356,136523.678899,122334.949672,0.000000,0.000000,0.000000
18.861401,10uVrms10Hz_ch2pga1.bin,250,4692,31108,1,0xA3,1,0,0,192,0,0,110497.757792,-27.649105,139747.738838,136523.857713,122335.374355,0.000000,0.000000,0.000000
18.865405,10uVrms10Hz_ch2pga1.bin,250,4693,31109,1,0xA3,1,0,0,192,0,0,110497.333109,-28.319657,139746.576548,136523.187160,122334.860265,0.000000,0.000000,0.000000
18.869405,10uVrms10Hz_ch2pga1.bin,250,4694,31110,1,0xA3,1,0,0,192,0,0,110497.266054,-28.856099,139745.883644,136522.941291,122334.726155,0.000000,0.000000,0.000000
18.873407,10uVrms10Hz_ch2pga1.bin,250,4695,31111,1,0xA3,1,0,0,192,0,0,110497.578979,-29.146671,139745.570719,136523.075402,122335.016727,0.000000,0.000000,0.000000
18.877407,10uVrms10Hz_ch2pga1.bin,250,4696,31112,1,0xA3,1,0,0,192,0,0,110497.757792,-28.252602,139745.056629,136523.164809,122335.128486,0.000000,0.000000,0.000000
18.881410,10uVrms10Hz_ch2pga1.bin,250,4697,31113,1,0xA3,1,0,0,192,0,0,110497.310758,-26.866794,139743.961394,136522.538960,122334.770858,0.000000,0.000000,0.000000
18.885410,10uVrms10Hz_ch2pga1.bin,250,4698,31114,1,0xA3,1,0,0,192,0,0,110497.891903,-26.196241,139743.737876,136522.963643,122335.307300,0.000000,0.000000,0.000000
18.889414,10uVrms10Hz_ch2pga1.bin,250,4699,31115,1,0xA3,1,0,0,192,0,0,110498.182476,-25.123358,139743.380249,136523.120105,122335.530818,0.000000,0.000000,0.000000
18.893414,10uVrms10Hz_ch2pga1.bin,250,4700,31116,1,0xA3,1,0,0,192,0,0,110498.495400,-22.977591,139742.933214,136523.164809,122335.642576,0.000000,0.000000,0.000000
18.897417,10uVrms10Hz_ch2pga1.bin,250,4701,31117,1,0xA3,1,0,0,192,0,0,110498.584807,-20.943582,139742.329717,136523.030698,122335.530818,0.000000,0.000000,0.000000
18.901416,10uVrms10Hz_ch2pga1.bin,250,4702,31118,1,0xA3,1,0,0,192,0,0,110498.853028,-19.893050,139741.949737,136523.343623,122335.955501,0.000000,0.000000,0.000000
18.905419,10uVrms10Hz_ch2pga1.bin,250,4703,31119,1,0xA3,1,0,0,192,0,0,110498.718917,-18.283725,139741.145074,136522.963643,122335.754335,0.000000,0.000000,0.000000
18.909422,10uVrms10Hz_ch2pga1.bin,250,4704,31120,1,0xA3,1,0,0,192,0,0,110498.093069,-16.652048,139739.759266,136522.114277,122334.994376,0.000000,0.000000,0.000000
18.913421,10uVrms10Hz_ch2pga1.bin,250,4705,31121,1,0xA3,1,0,0,192,0,0,110498.316586,-16.003847,139739.267528,136522.114277,122335.061431,0.000000,0.000000,0.000000
18.917424,10uVrms10Hz_ch2pga1.bin,250,4706,31122,1,0xA3,1,0,0,192,0,0,110499.322414,-14.975667,139739.602804,136523.008347,122336.044908,0.000000,0.000000,0.000000
18.921424,10uVrms10Hz_ch2pga1.bin,250,4707,31123,1,0xA3,1,0,0,192,0,0,110499.545932,-14.461577,139739.088714,136523.097754,122336.246073,0.000000,0.000000,0.000000
18.925427,10uVrms10Hz_ch2pga1.bin,250,4708,31124,1,0xA3,1,0,0,192,0,0,110499.076545,-14.930964,139738.060534,136522.516608,122335.799038,0.000000,0.000000,0.000000
18.929427,10uVrms10Hz_ch2pga1.bin,250,4709,31125,1,0xA3,1,0,0,192,0,0,110499.255359,-15.847385,139737.591147,136522.404850,122335.977852,0.000000,0.000000,0.000000
18.933431,10uVrms10Hz_ch2pga1.bin,250,4710,31126,1,0xA3,1,0,0,192,0,0,110500.015318,-16.741455,139737.591147,136522.918940,122336.536646,0.000000,0.000000,0.000000
18.937431,10uVrms10Hz_ch2pga1.bin,250,4711,31127,1,0xA3,1,0,0,192,0,0,110500.283539,-17.859042,139737.054706,136523.053050,122336.693108,0.000000,0.000000,0.000000
18.941431,10uVrms10Hz_ch2pga1.bin,250,4712,31128,1,0xA3,1,0,0,192,0,0,110500.663519,-19.244850,139736.808836,136523.276567,122337.140143,0.000000,0.000000,0.000000
18.945435,10uVrms10Hz_ch2pga1.bin,250,4713,31129,1,0xA3,1,0,0,192,0,0,110500.708222,-21.323562,139736.182988,136523.097754,122337.028384,0.000000,0.000000,0.000000
18.949434,10uVrms10Hz_ch2pga1.bin,250,4714,31130,1,0xA3,1,0,0,192,0,0,110501.132905,-23.670495,139736.004174,136523.410678,122337.475419,0.000000,0.000000,0.000000
18.953437,10uVrms10Hz_ch2pga1.bin,250,4715,31131,1,0xA3,1,0,0,192,0,0,110502.317548,-24.966896,139736.294746,136524.304748,122338.637710,0.000000,0.000000,0.000000
18.957440,10uVrms10Hz_ch2pga1.bin,250,4716,31132,1,0xA3,1,0,0,192,0,0,110503.390431,-26.755035,139736.630023,136525.221169,122339.531779,0.000000,0.000000,0.000000
18.961440,10uVrms10Hz_ch2pga1.bin,250,4717,31133,1,0xA3,1,0,0,192,0,0,110503.323376,-27.649105,139735.892415,136524.975300,122339.352965,0.000000,0.000000,0.000000
18.965443,10uVrms10Hz_ch2pga1.bin,250,4718,31134,1,0xA3,1,0,0,192,0,0,110502.518713,-28.207898,139734.372497,136524.036527,122338.548303,0.000000,0.000000,0.000000
18.969442,10uVrms10Hz_ch2pga1.bin,250,4719,31135,1,0xA3,1,0,0,192,0,0,110502.474010,-28.990209,139733.791351,136523.969471,122338.503599,0.000000,0.000000,0.000000
18.973445,10uVrms10Hz_ch2pga1.bin,250,4720,31136,1,0xA3,1,0,0,192,0,0,110503.077507,-29.303133,139733.701944,136524.371803,122339.107096,0.000000,0.000000,0.000000
18.977445,10uVrms10Hz_ch2pga1.bin,250,4721,31137,1,0xA3,1,0,0,192,0,0,110503.256321,-28.207898,139733.210206,136524.416506,122339.285910,0.000000,0.000000,0.000000
18.981449,10uVrms10Hz_ch2pga1.bin,250,4722,31138,1,0xA3,1,0,0,192,0,0,110503.301024,-27.559698,139732.562006,136524.215341,122339.196503,0.000000,0.000000,0.000000
18.985449,10uVrms10Hz_ch2pga1.bin,250,4723,31139,1,0xA3,1,0,0,192,0,0,110502.630472,-26.464462,139731.243253,136523.388326,122338.503599,0.000000,0.000000,0.000000
18.989449,10uVrms10Hz_ch2pga1.bin,250,4724,31140,1,0xA3,1,0,0,192,0,0,110501.959920,-24.721026,139729.857445,136522.449553,122337.721288,0.000000,0.000000,0.000000
18.993459,10uVrms10Hz_ch2pga1.bin,250,4725,31141,1,0xA3,1,0,0,192,0,0,110502.742231,-23.089349,139729.902148,136523.008347,122338.414192,0.000000,0.000000,0.000000
18.997460,10uVrms10Hz_ch2pga1.bin,250,4726,31142,1,0xA3,1,0,0,192,0,0,110503.569245,-21.614134,139730.103314,136523.634195,122339.218855,0.000000,0.000000,0.000000
19.001461,10uVrms10Hz_ch2pga1.bin,250,4727,31143,1,0xA3,1,0,0,192,0,0,110503.681004,-19.669533,139729.499817,136523.611844,122339.308262,0.000000,0.000000,0.000000
19.005461,10uVrms10Hz_ch2pga1.bin,250,4728,31144,1,0xA3,1,0,0,192,0,0,110502.786934,-17.769635,139727.912843,136522.606015,122338.436544,0.000000,0.000000,0.000000
19.009464,10uVrms10Hz_ch2pga1.bin,250,4729,31145,1,0xA3,1,0,0,192,0,0,110502.719879,-16.920269,139727.331698,136522.494256,122338.347137,0.000000,0.000000,0.000000
19.013464,10uVrms10Hz_ch2pga1.bin,250,4730,31146,1,0xA3,1,0,0,192,0,0,110503.099859,-16.294420,139726.862311,136522.561312,122338.548303,0.000000,0.000000,0.000000
19.017464,10uVrms10Hz_ch2pga1.bin,250,4731,31147,1,0xA3,1,0,0,192,0,0,110503.502190,-14.729798,139726.504683,136522.762477,122338.816524,0.000000,0.000000,0.000000
19.021468,10uVrms10Hz_ch2pga1.bin,250,4732,31148,1,0xA3,1,0,0,192,0,0,110503.681004,-14.729798,139726.012945,136522.851884,122339.062393,0.000000,0.000000,0.000000
19.025468,10uVrms10Hz_ch2pga1.bin,250,4733,31149,1,0xA3,1,0,0,192,0,0,110503.904521,-15.333295,139725.565910,136522.851884,122339.241207,0.000000,0.000000,0.000000
19.029471,10uVrms10Hz_ch2pga1.bin,250,4734,31150,1,0xA3,1,0,0,192,0,0,110504.329205,-15.936792,139725.409448,136523.209512,122339.688241,0.000000,0.000000,0.000000
19.033472,10uVrms10Hz_ch2pga1.bin,250,4735,31151,1,0xA3,1,0,0,192,0,0,110504.217446,-16.674399,139724.560082,136522.874236,122339.509428,0.000000,0.000000,0.000000
19.037472,10uVrms10Hz_ch2pga1.bin,250,4736,31152,1,0xA3,1,0,0,192,0,0,110504.776239,-18.395483,139724.381268,136523.231864,122339.911759,0.000000,0.000000,0.000000
19.041475,10uVrms10Hz_ch2pga1.bin,250,4737,31153,1,0xA3,1,0,0,192,0,0,110505.156219,-19.803643,139724.068344,136523.522437,122340.314090,0.000000,0.000000,0.000000
19.045478,10uVrms10Hz_ch2pga1.bin,250,4738,31154,1,0xA3,1,0,0,192,0,0,110504.128039,-20.854175,139722.324908,136522.315443,122339.196503,0.000000,0.000000,0.000000
19.049478,10uVrms10Hz_ch2pga1.bin,250,4739,31155,1,0xA3,1,0,0,192,0,0,110504.060984,-23.335218,139721.542597,136522.047222,122339.040041,0.000000,0.000000,0.000000
19.053478,10uVrms10Hz_ch2pga1.bin,250,4740,31156,1,0xA3,1,0,0,192,0,0,110504.396260,-25.346875,139721.162617,136522.047222,122339.285910,0.000000,0.000000,0.000000
19.057481,10uVrms10Hz_ch2pga1.bin,250,4741,31157,1,0xA3,1,0,0,192,0,0,110505.402088,-26.285648,139721.564949,136522.918940,122340.314090,0.000000,0.000000,0.000000
19.061481,10uVrms10Hz_ch2pga1.bin,250,4742,31158,1,0xA3,1,0,0,192,0,0,110506.318510,-27.291477,139721.743762,136523.835361,122341.252863,0.000000,0.000000,0.000000
19.065483,10uVrms10Hz_ch2pga1.bin,250,4743,31159,1,0xA3,1,0,0,192,0,0,110506.117344,-28.252602,139720.983803,136523.567140,122341.096401,0.000000,0.000000,0.000000
19.069487,10uVrms10Hz_ch2pga1.bin,250,4744,31160,1,0xA3,1,0,0,192,0,0,110506.407917,-28.945506,139720.603824,136523.500085,122341.141105,0.000000,0.000000,0.000000
19.073486,10uVrms10Hz_ch2pga1.bin,250,4745,31161,1,0xA3,1,0,0,192,0,0,110506.765544,-28.476119,139720.246196,136523.634195,122341.431677,0.000000,0.000000,0.000000
19.077489,10uVrms10Hz_ch2pga1.bin,250,4746,31162,1,0xA3,1,0,0,192,0,0,110506.765544,-28.096139,139719.597995,136523.589492,122341.431677,0.000000,0.000000,0.000000
19.081489,10uVrms10Hz_ch2pga1.bin,250,4747,31163,1,0xA3,1,0,0,192,0,0,110507.413745,-27.514994,139719.597995,136524.081230,122342.035174,0.000000,0.000000,0.000000
19.085493,10uVrms10Hz_ch2pga1.bin,250,4748,31164,1,0xA3,1,0,0,192,0,0,110507.033765,-26.151538,139718.480408,136523.477733,122341.521084,0.000000,0.000000,0.000000
19.089493,10uVrms10Hz_ch2pga1.bin,250,4749,31165,1,0xA3,1,0,0,192,0,0,110506.609082,-24.497509,139717.429876,136522.941291,122341.141105,0.000000,0.000000,0.000000
19.093496,10uVrms10Hz_ch2pga1.bin,250,4750,31166,1,0xA3,1,0,0,192,0,0,110506.676137,-22.999942,139716.669917,136522.829533,122341.118753,0.000000,0.000000,0.000000
19.097495,10uVrms10Hz_ch2pga1.bin,250,4751,31167,1,0xA3,1,0,0,192,0,0,110506.720841,-21.100044,139716.133475,136522.851884,122341.185808,0.000000,0.000000,0.000000
19.101498,10uVrms10Hz_ch2pga1.bin,250,4752,31168,1,0xA3,1,0,0,192,0,0,110506.698489,-19.200146,139715.395868,136522.583663,122341.006994,0.000000,0.000000,0.000000
19.105498,10uVrms10Hz_ch2pga1.bin,250,4753,31169,1,0xA3,1,0,0,192,0,0,110506.251454,-17.859042,139714.211226,136521.935463,122340.492904,0.000000,0.000000,0.000000
19.109501,10uVrms10Hz_ch2pga1.bin,250,4754,31170,1,0xA3,1,0,0,192,0,0,110506.698489,-16.830862,139713.853598,136522.114277,122340.895236,0.000000,0.000000,0.000000
19.113500,10uVrms10Hz_ch2pga1.bin,250,4755,31171,1,0xA3,1,0,0,192,0,0,110507.033765,-15.579164,139713.428915,136522.181332,122341.118753,0.000000,0.000000,0.000000
19.117503,10uVrms10Hz_ch2pga1.bin,250,4756,31172,1,0xA3,1,0,0,192,0,0,110506.810248,-14.908612,139712.624252,136521.935463,122340.984643,0.000000,0.000000,0.000000
19.121502,10uVrms10Hz_ch2pga1.bin,250,4757,31173,1,0xA3,1,0,0,192,0,0,110507.480800,-15.176833,139712.736011,136522.449553,122341.655195,0.000000,0.000000,0.000000
19.125506,10uVrms10Hz_ch2pga1.bin,250,4758,31174,1,0xA3,1,0,0,192,0,0,110507.033765,-15.109777,139711.685479,136521.846056,122341.141105,0.000000,0.000000,0.000000
19.129505,10uVrms10Hz_ch2pga1.bin,250,4759,31175,1,0xA3,1,0,0,192,0,0,110507.011414,-15.668571,139710.925519,136521.555483,122340.939939,0.000000,0.000000,0.000000
19.133509,10uVrms10Hz_ch2pga1.bin,250,4760,31176,1,0xA3,1,0,0,192,0,0,110507.972538,-17.076731,139710.970223,136522.337794,122341.856360,0.000000,0.000000,0.000000
19.137509,10uVrms10Hz_ch2pga1.bin,250,4761,31177,1,0xA3,1,0,0,192,0,0,110508.173704,-18.239021,139710.702002,136522.538960,122342.124581,0.000000,0.000000,0.000000
19.141513,10uVrms10Hz_ch2pga1.bin,250,4762,31178,1,0xA3,1,0,0,192,0,0,110509.000719,-19.513071,139710.925519,136523.276567,122342.884541,0.000000,0.000000,0.000000
19.145513,10uVrms10Hz_ch2pga1.bin,250,4763,31179,1,0xA3,1,0,0,192,0,0,110509.358346,-21.390617,139710.545540,136523.500085,122343.197465,0.000000,0.000000,0.000000
19.149516,10uVrms10Hz_ch2pga1.bin,250,4764,31180,1,0xA3,1,0,0,192,0,0,110509.537160,-23.692846,139709.964395,136523.365974,122343.219817,0.000000,0.000000,0.000000
19.153516,10uVrms10Hz_ch2pga1.bin,250,4765,31181,1,0xA3,1,0,0,192,0,0,110509.671271,-25.145710,139709.427953,136523.298919,122343.286872,0.000000,0.000000,0.000000
19.157519,10uVrms10Hz_ch2pga1.bin,250,4766,31182,1,0xA3,1,0,0,192,0,0,110509.805381,-26.263297,139708.891511,136523.298919,122343.465686,0.000000,0.000000,0.000000
19.161518,10uVrms10Hz_ch2pga1.bin,250,4767,31183,1,0xA3,1,0,0,192,0,0,110510.431230,-27.157366,139708.757401,136523.634195,122344.024479,0.000000,0.000000,0.000000
19.165522,10uVrms10Hz_ch2pga1.bin,250,4768,31184,1,0xA3,1,0,0,192,0,0,110510.699451,-28.185546,139708.422124,136523.790658,122344.270349,0.000000,0.000000,0.000000
19.169522,10uVrms10Hz_ch2pga1.bin,250,4769,31185,1,0xA3,1,0,0,192,0,0,110510.788858,-28.878450,139707.863331,136523.701251,122344.359756,0.000000,0.000000,0.000000
19.173525,10uVrms10Hz_ch2pga1.bin,250,4770,31186,1,0xA3,1,0,0,192,0,0,110511.280596,-29.146671,139707.706869,136523.991823,122344.739735,0.000000,0.000000,0.000000
19.177524,10uVrms10Hz_ch2pga1.bin,250,4771,31187,1,0xA3,1,0,0,192,0,0,110511.437058,-28.543174,139707.192779,136524.014175,122344.851494,0.000000,0.000000,0.000000
19.181527,10uVrms10Hz_ch2pga1.bin,250,4772,31188,1,0xA3,1,0,0,192,0,0,110511.012375,-27.023256,139706.030488,136523.455381,122344.337404,0.000000,0.000000,0.000000
19.185529,10uVrms10Hz_ch2pga1.bin,250,4773,31189,1,0xA3,1,0,0,192,0,0,110510.431230,-25.570393,139704.801142,136522.784829,122343.845665,0.000000,0.000000,0.000000
19.189529,10uVrms10Hz_ch2pga1.bin,250,4774,31190,1,0xA3,1,0,0,192,0,0,110510.163009,-24.966896,139703.884721,136522.293091,122343.398631,0.000000,0.000000,0.000000
19.193532,10uVrms10Hz_ch2pga1.bin,250,4775,31191,1,0xA3,1,0,0,192,0,0,110510.453582,-23.245811,139703.392982,136522.471905,122343.622148,0.000000,0.000000,0.000000
19.197531,10uVrms10Hz_ch2pga1.bin,250,4776,31192,1,0xA3,1,0,0,192,0,0,110511.370003,-20.921230,139703.616500,136523.231864,122344.516218,0.000000,0.000000,0.000000
19.201534,10uVrms10Hz_ch2pga1.bin,250,4777,31193,1,0xA3,1,0,0,192,0,0,110511.682928,-19.490719,139703.191817,136523.187160,122344.762087,0.000000,0.000000,0.000000
19.205534,10uVrms10Hz_ch2pga1.bin,250,4778,31194,1,0xA3,1,0,0,192,0,0,110511.280596,-17.970800,139702.185988,136522.829533,122344.404459,0.000000,0.000000,0.000000
19.209538,10uVrms10Hz_ch2pga1.bin,250,4779,31195,1,0xA3,1,0,0,192,0,0,110511.235893,-16.339123,139701.336622,136522.561312,122344.247997,0.000000,0.000000,0.000000
19.213537,10uVrms10Hz_ch2pga1.bin,250,4780,31196,1,0xA3,1,0,0,192,0,0,110511.839390,-15.623868,139701.291919,136523.008347,122344.806790,0.000000,0.000000,0.000000
19.217542,10uVrms10Hz_ch2pga1.bin,250,4781,31197,1,0xA3,1,0,0,192,0,0,110512.688756,-15.109777,139701.493084,136523.701251,122345.589101,0.000000,0.000000,0.000000
19.221541,10uVrms10Hz_ch2pga1.bin,250,4782,31198,1,0xA3,1,0,0,192,0,0,110512.889922,-14.707446,139701.046050,136523.723602,122345.767915,0.000000,0.000000,0.000000
19.225544,10uVrms10Hz_ch2pga1.bin,250,4783,31199,1,0xA3,1,0,0,192,0,0,110512.621701,-14.953315,139700.084925,136523.298919,122345.454991,0.000000,0.000000,0.000000
19.229544,10uVrms10Hz_ch2pga1.bin,250,4784,31200,1,0xA3,1,0,0,192,0,0,110512.934625,-15.847385,139699.749649,136523.433030,122345.700860,0.000000,0.000000,0.000000
19.233547,10uVrms10Hz_ch2pga1.bin,250,4785,31201,1,0xA3,1,0,0,192,0,0,110513.761640,-16.629696,139699.816704,136524.058878,122346.483171,0.000000,0.000000,0.000000
19.237547,10uVrms10Hz_ch2pga1.bin,250,4786,31202,1,0xA3,1,0,0,192,0,0,110514.141619,-17.747283,139699.570835,136524.237692,122346.729040,0.000000,0.000000,0.000000
19.241551,10uVrms10Hz_ch2pga1.bin,250,4787,31203,1,0xA3,1,0,0,192,0,0,110514.745116,-19.669533,139699.570835,136524.774134,122347.265482,0.000000,0.000000,0.000000
19.245551,10uVrms10Hz_ch2pga1.bin,250,4788,31204,1,0xA3,1,0,0,192,0,0,110514.789820,-21.390617,139698.944986,136524.707079,122347.265482,0.000000,0.000000,0.000000
19.249552,10uVrms10Hz_ch2pga1.bin,250,4789,31205,1,0xA3,1,0,0,192,0,0,110514.298081,-23.111701,139697.737992,136524.036527,122346.796095,0.000000,0.000000,0.000000
19.253554,10uVrms10Hz_ch2pga1.bin,250,4790,31206,1,0xA3,1,0,0,192,0,0,110515.214503,-25.168061,139698.028564,136524.841189,122347.712517,0.000000,0.000000,0.000000
19.257555,10uVrms10Hz_ch2pga1.bin,250,4791,31207,1,0xA3,1,0,0,192,0,0,110515.818000,-26.620924,139697.872102,136525.198817,122348.248959,0.000000,0.000000,0.000000
19.261558,10uVrms10Hz_ch2pga1.bin,250,4792,31208,1,0xA3,1,0,0,192,0,0,110515.773296,-27.291477,139697.134495,136525.020003,122348.204255,0.000000,0.000000,0.000000
19.265558,10uVrms10Hz_ch2pga1.bin,250,4793,31209,1,0xA3,1,0,0,192,0,0,110515.795648,-28.140843,139696.396887,136524.863541,122348.092496,0.000000,0.000000,0.000000
19.269562,10uVrms10Hz_ch2pga1.bin,250,4794,31210,1,0xA3,1,0,0,192,0,0,110515.706241,-28.967857,139695.636928,136524.528265,122347.868979,0.000000,0.000000,0.000000
19.273563,10uVrms10Hz_ch2pga1.bin,250,4795,31211,1,0xA3,1,0,0,192,0,0,110516.153276,-28.967857,139695.391059,136524.774134,122348.248959,0.000000,0.000000,0.000000
19.277563,10uVrms10Hz_ch2pga1.bin,250,4796,31212,1,0xA3,1,0,0,192,0,0,110516.689718,-28.297305,139695.189893,136525.265872,122348.830104,0.000000,0.000000,0.000000
19.281567,10uVrms10Hz_ch2pga1.bin,250,4797,31213,1,0xA3,1,0,0,192,0,0,110517.494380,-26.844442,139695.301652,136525.869370,122349.612415,0.000000,0.000000,0.000000
19.285567,10uVrms10Hz_ch2pga1.bin,250,4798,31214,1,0xA3,1,0,0,192,0,0,110517.136753,-25.860965,139694.161713,136525.310576,122349.120677,0.000000,0.000000,0.000000
19.289567,10uVrms10Hz_ch2pga1.bin,250,4799,31215,1,0xA3,1,0,0,192,0,0,110516.756773,-24.497509,139693.111181,136524.617672,122348.628938,0.000000,0.000000,0.000000
19.293571,10uVrms10Hz_ch2pga1.bin,250,4800,31216,1,0xA3,1,0,0,192,0,0,110516.756773,-22.999942,139692.552388,136524.528265,122348.651290,0.000000,0.000000,0.000000
19.297570,10uVrms10Hz_ch2pga1.bin,250,4801,31217,1,0xA3,1,0,0,192,0,0,110517.270863,-21.278858,139692.328870,136524.863541,122349.075973,0.000000,0.000000,0.000000
19.301574,10uVrms10Hz_ch2pga1.bin,250,4802,31218,1,0xA3,1,0,0,192,0,0,110517.583787,-19.580126,139691.993594,136524.930596,122349.344194,0.000000,0.000000,0.000000
19.305575,10uVrms10Hz_ch2pga1.bin,250,4803,31219,1,0xA3,1,0,0,192,0,0,110517.829657,-17.635524,139691.457152,136525.087059,122349.545360,0.000000,0.000000,0.000000
19.309575,10uVrms10Hz_ch2pga1.bin,250,4804,31220,1,0xA3,1,0,0,192,0,0,110517.315567,-16.808510,139690.317214,136524.528265,122349.165380,0.000000,0.000000,0.000000
19.313579,10uVrms10Hz_ch2pga1.bin,250,4805,31221,1,0xA3,1,0,0,192,0,0,110517.360270,-15.936792,139689.758420,136524.349451,122349.031270,0.000000,0.000000,0.000000
19.317579,10uVrms10Hz_ch2pga1.bin,250,4806,31222,1,0xA3,1,0,0,192,0,0,110518.008471,-14.886260,139689.758420,136524.885893,122349.590063,0.000000,0.000000,0.000000
19.321582,10uVrms10Hz_ch2pga1.bin,250,4807,31223,1,0xA3,1,0,0,192,0,0,110517.941415,-14.819205,139689.020813,136524.774134,122349.612415,0.000000,0.000000,0.000000
19.325582,10uVrms10Hz_ch2pga1.bin,250,4808,31224,1,0xA3,1,0,0,192,0,0,110517.382622,-15.445054,139687.724411,136524.014175,122348.986566,0.000000,0.000000,0.000000
19.329585,10uVrms10Hz_ch2pga1.bin,250,4809,31225,1,0xA3,1,0,0,192,0,0,110517.472029,-16.070902,139687.009156,136523.768306,122348.830104,0.000000,0.000000,0.000000
19.333585,10uVrms10Hz_ch2pga1.bin,250,4810,31226,1,0xA3,1,0,0,192,0,0,110517.717898,-16.674399,139686.673880,136523.880064,122349.143028,0.000000,0.000000,0.000000
19.337588,10uVrms10Hz_ch2pga1.bin,250,4811,31227,1,0xA3,1,0,0,192,0,0,110518.343747,-18.417835,139686.517417,136524.394155,122349.701822,0.000000,0.000000,0.000000
19.341587,10uVrms10Hz_ch2pga1.bin,250,4812,31228,1,0xA3,1,0,0,192,0,0,110518.679023,-19.982457,139686.226845,136524.461210,122350.059450,0.000000,0.000000,0.000000
19.345591,10uVrms10Hz_ch2pga1.bin,250,4813,31229,1,0xA3,1,0,0,192,0,0,110518.723726,-21.167099,139685.712755,136524.282396,122350.059450,0.000000,0.000000,0.000000
19.349590,10uVrms10Hz_ch2pga1.bin,250,4814,31230,1,0xA3,1,0,0,192,0,0,110519.282520,-23.625791,139685.600996,136524.684727,122350.484133,0.000000,0.000000,0.000000
19.353593,10uVrms10Hz_ch2pga1.bin,250,4815,31231,1,0xA3,1,0,0,192,0,0,110519.483685,-25.078654,139685.153961,136524.818838,122350.886464,0.000000,0.000000,0.000000
19.357596,10uVrms10Hz_ch2pga1.bin,250,4816,31232,1,0xA3,1,0,0,192,0,0,110519.662499,-26.062131,139684.617519,136524.841189,122350.975871,0.000000,0.000000,0.000000
19.361596,10uVrms10Hz_ch2pga1.bin,250,4817,31233,1,0xA3,1,0,0,192,0,0,110520.221293,-27.202070,139684.394002,136525.109410,122351.400554,0.000000,0.000000,0.000000
19.365599,10uVrms10Hz_ch2pga1.bin,250,4818,31234,1,0xA3,1,0,0,192,0,0,110519.863665,-28.342009,139683.365822,136524.662375,122350.953519,0.000000,0.000000,0.000000
19.369599,10uVrms10Hz_ch2pga1.bin,250,4819,31235,1,0xA3,1,0,0,192,0,0,110519.506037,-28.811395,139682.382345,136524.125934,122350.551188,0.000000,0.000000,0.000000
19.373599,10uVrms10Hz_ch2pga1.bin,250,4820,31236,1,0xA3,1,0,0,192,0,0,110520.064831,-28.878450,139682.270586,136524.528265,122351.065278,0.000000,0.000000,0.000000
19.377602,10uVrms10Hz_ch2pga1.bin,250,4821,31237,1,0xA3,1,0,0,192,0,0,110520.824790,-28.364360,139682.337642,136525.131762,122351.780534,0.000000,0.000000,0.000000
19.381602,10uVrms10Hz_ch2pga1.bin,250,4822,31238,1,0xA3,1,0,0,192,0,0,110520.601273,-27.470291,139681.421220,136524.796486,122351.512313,0.000000,0.000000,0.000000
19.385605,10uVrms10Hz_ch2pga1.bin,250,4823,31239,1,0xA3,1,0,0,192,0,0,110520.310700,-26.196241,139680.460095,136524.371803,122351.087630,0.000000,0.000000,0.000000
19.389608,10uVrms10Hz_ch2pga1.bin,250,4824,31240,1,0xA3,1,0,0,192,0,0,110520.780087,-24.653971,139680.214226,136524.707079,122351.445258,0.000000,0.000000,0.000000
19.393607,10uVrms10Hz_ch2pga1.bin,250,4825,31241,1,0xA3,1,0,0,192,0,0,110521.495342,-23.268163,139680.191875,136525.176466,122352.205217,0.000000,0.000000,0.000000
19.397610,10uVrms10Hz_ch2pga1.bin,250,4826,31242,1,0xA3,1,0,0,192,0,0,110521.942377,-21.457672,139679.901302,136525.355279,122352.585196,0.000000,0.000000,0.000000
19.401610,10uVrms10Hz_ch2pga1.bin,250,4827,31243,1,0xA3,1,0,0,192,0,0,110521.741211,-19.267201,139679.007232,136525.042355,122352.339327,0.000000,0.000000,0.000000
19.405613,10uVrms10Hz_ch2pga1.bin,250,4828,31244,1,0xA3,1,0,0,192,0,0,110521.227121,-17.903745,139677.733183,136524.260044,122351.713479,0.000000,0.000000,0.000000
19.409613,10uVrms10Hz_ch2pga1.bin,250,4829,31245,1,0xA3,1,0,0,192,0,0,110521.003604,-17.076731,139676.973224,136523.902416,122351.489961,0.000000,0.000000,0.000000
19.413616,10uVrms10Hz_ch2pga1.bin,250,4830,31246,1,0xA3,1,0,0,192,0,0,110521.383584,-15.869737,139676.660299,136524.125934,122351.825237,0.000000,0.000000,0.000000
19.417618,10uVrms10Hz_ch2pga1.bin,250,4831,31247,1,0xA3,1,0,0,192,0,0,110521.137714,-15.400350,139675.766230,136523.790658,122351.624072,0.000000,0.000000,0.000000
19.421618,10uVrms10Hz_ch2pga1.bin,250,4832,31248,1,0xA3,1,0,0,192,0,0,110521.428287,-15.355647,139675.386250,136523.880064,122351.825237,0.000000,0.000000,0.000000
19.425622,10uVrms10Hz_ch2pga1.bin,250,4833,31249,1,0xA3,1,0,0,192,0,0,110521.607101,-15.132129,139674.894512,136523.991823,122351.914644,0.000000,0.000000,0.000000
19.429621,10uVrms10Hz_ch2pga1.bin,250,4834,31250,1,0xA3,1,0,0,192,0,0,110521.607101,-15.825033,139674.156904,136523.790658,122351.847589,0.000000,0.000000,0.000000
19.433625,10uVrms10Hz_ch2pga1.bin,250,4835,31251,1,0xA3,1,0,0,192,0,0,110521.651804,-17.121434,139673.553407,136523.678899,122352.004051,0.000000,0.000000,0.000000
19.437625,10uVrms10Hz_ch2pga1.bin,250,4836,31252,1,0xA3,1,0,0,192,0,0,110522.635281,-18.194318,139673.799276,136524.483562,122352.898121,0.000000,0.000000,0.000000
19.441625,10uVrms10Hz_ch2pga1.bin,250,4837,31253,1,0xA3,1,0,0,192,0,0,110523.082316,-19.490719,139673.553407,136524.751782,122353.233397,0.000000,0.000000,0.000000
19.445628,10uVrms10Hz_ch2pga1.bin,250,4838,31254,1,0xA3,1,0,0,192,0,0,110522.948205,-21.681190,139672.748744,136524.550617,122353.166342,0.000000,0.000000,0.000000
19.449630,10uVrms10Hz_ch2pga1.bin,250,4839,31255,1,0xA3,1,0,0,192,0,0,110522.568226,-23.536384,139671.742916,136523.857713,122352.629900,0.000000,0.000000,0.000000
19.453630,10uVrms10Hz_ch2pga1.bin,250,4840,31256,1,0xA3,1,0,0,192,0,0,110522.925854,-24.721026,139671.541750,136524.170637,122353.032231,0.000000,0.000000,0.000000
19.457634,10uVrms10Hz_ch2pga1.bin,250,4841,31257,1,0xA3,1,0,0,192,0,0,110523.283482,-26.240945,139671.072364,136524.349451,122353.188694,0.000000,0.000000,0.000000
19.461633,10uVrms10Hz_ch2pga1.bin,250,4842,31258,1,0xA3,1,0,0,192,0,0,110524.199903,-27.313828,139671.318233,136524.975300,122354.082763,0.000000,0.000000,0.000000
19.465636,10uVrms10Hz_ch2pga1.bin,250,4843,31259,1,0xA3,1,0,0,192,0,0,110524.468124,-28.207898,139670.915902,136525.087059,122354.306281,0.000000,0.000000,0.000000
19.469636,10uVrms10Hz_ch2pga1.bin,250,4844,31260,1,0xA3,1,0,0,192,0,0,110524.624586,-28.699636,139670.290053,136524.975300,122354.418039,0.000000,0.000000,0.000000
19.473639,10uVrms10Hz_ch2pga1.bin,250,4845,31261,1,0xA3,1,0,0,192,0,0,110525.295138,-28.699636,139670.379460,136525.578797,122355.088592,0.000000,0.000000,0.000000
19.477641,10uVrms10Hz_ch2pga1.bin,250,4846,31262,1,0xA3,1,0,0,192,0,0,110525.652766,-28.297305,139669.977129,136525.779963,122355.334461,0.000000,0.000000,0.000000
19.481641,10uVrms10Hz_ch2pga1.bin,250,4847,31263,1,0xA3,1,0,0,192,0,0,110525.965691,-27.291477,139669.619501,136525.824666,122355.580330,0.000000,0.000000,0.000000
19.485644,10uVrms10Hz_ch2pga1.bin,250,4848,31264,1,0xA3,1,0,0,192,0,0,110525.518656,-25.972724,139668.613672,136525.310576,122355.177999,0.000000,0.000000,0.000000
19.489642,10uVrms10Hz_ch2pga1.bin,250,4849,31265,1,0xA3,1,0,0,192,0,0,110525.093973,-24.944544,139667.406678,136524.796486,122354.641557,0.000000,0.000000,0.000000
19.493646,10uVrms10Hz_ch2pga1.bin,250,4850,31266,1,0xA3,1,0,0,192,0,0,110524.848104,-22.977591,139666.400850,136524.394155,122354.373336,0.000000,0.000000,0.000000
19.497645,10uVrms10Hz_ch2pga1.bin,250,4851,31267,1,0xA3,1,0,0,192,0,0,110525.317490,-21.077693,139666.266739,136524.707079,122354.842722,0.000000,0.000000,0.000000
19.501648,10uVrms10Hz_ch2pga1.bin,250,4852,31268,1,0xA3,1,0,0,192,0,0,110525.652766,-19.691885,139665.909111,136524.885893,122355.066240,0.000000,0.000000,0.000000
19.505651,10uVrms10Hz_ch2pga1.bin,250,4853,31269,1,0xA3,1,0,0,192,0,0,110525.228083,-17.993152,139664.813876,136524.215341,122354.641557,0.000000,0.000000,0.000000
19.509650,10uVrms10Hz_ch2pga1.bin,250,4854,31270,1,0xA3,1,0,0,192,0,0,110525.093973,-16.406178,139664.009213,136523.880064,122354.529798,0.000000,0.000000,0.000000
19.513654,10uVrms10Hz_ch2pga1.bin,250,4855,31271,1,0xA3,1,0,0,192,0,0,110524.959862,-15.825033,139663.137496,136523.522437,122354.172170,0.000000,0.000000,0.000000
19.517653,10uVrms10Hz_ch2pga1.bin,250,4856,31272,1,0xA3,1,0,0,192,0,0,110524.848104,-15.377998,139662.265778,136523.276567,122354.015708,0.000000,0.000000,0.000000
19.521657,10uVrms10Hz_ch2pga1.bin,250,4857,31273,1,0xA3,1,0,0,192,0,0,110524.758697,-14.729798,139661.505818,136523.053050,122353.903949,0.000000,0.000000,0.000000
19.525656,10uVrms10Hz_ch2pga1.bin,250,4858,31274,1,0xA3,1,0,0,192,0,0,110524.646938,-14.796853,139660.678804,136522.628367,122353.568673,0.000000,0.000000,0.000000
19.529659,10uVrms10Hz_ch2pga1.bin,250,4859,31275,1,0xA3,1,0,0,192,0,0,110524.781048,-16.406178,139660.142362,136522.516608,122353.747487,0.000000,0.000000,0.000000
19.533659,10uVrms10Hz_ch2pga1.bin,250,4860,31276,1,0xA3,1,0,0,192,0,0,110525.652766,-17.188489,139660.410583,136523.343623,122354.686260,0.000000,0.000000,0.000000
19.537661,10uVrms10Hz_ch2pga1.bin,250,4861,31277,1,0xA3,1,0,0,192,0,0,110526.770353,-18.104911,139660.790563,136524.349451,122355.759144,0.000000,0.000000,0.000000
19.541663,10uVrms10Hz_ch2pga1.bin,250,4862,31278,1,0xA3,1,0,0,192,0,0,110526.636243,-20.027161,139659.896493,136523.924768,122355.580330,0.000000,0.000000,0.000000
19.545664,10uVrms10Hz_ch2pga1.bin,250,4863,31279,1,0xA3,1,0,0,192,0,0,110526.300967,-21.211803,139659.024775,136523.455381,122355.200350,0.000000,0.000000,0.000000
19.549667,10uVrms10Hz_ch2pga1.bin,250,4864,31280,1,0xA3,1,0,0,192,0,0,110526.479781,-23.379922,139658.443630,136523.567140,122355.267406,0.000000,0.000000,0.000000
19.553666,10uVrms10Hz_ch2pga1.bin,250,4865,31281,1,0xA3,1,0,0,192,0,0,110527.306795,-25.190413,139658.577740,136524.260044,122355.960310,0.000000,0.000000,0.000000
19.557670,10uVrms10Hz_ch2pga1.bin,250,4866,31282,1,0xA3,1,0,0,192,0,0,110528.312624,-26.687980,139658.913016,136525.109410,122356.921434,0.000000,0.000000,0.000000
19.561670,10uVrms10Hz_ch2pga1.bin,250,4867,31283,1,0xA3,1,0,0,192,0,0,110528.625548,-27.716160,139658.555388,136525.198817,122357.212007,0.000000,0.000000,0.000000
19.565673,10uVrms10Hz_ch2pga1.bin,250,4868,31284,1,0xA3,1,0,0,192,0,0,110527.798533,-28.319657,139657.035470,136524.260044,122356.295586,0.000000,0.000000,0.000000
19.569672,10uVrms10Hz_ch2pga1.bin,250,4869,31285,1,0xA3,1,0,0,192,0,0,110527.887940,-28.967857,139656.499028,136524.170637,122356.340289,0.000000,0.000000,0.000000
19.573675,10uVrms10Hz_ch2pga1.bin,250,4870,31286,1,0xA3,1,0,0,192,0,0,110528.223217,-29.034913,139656.119049,136524.304748,122356.630862,0.000000,0.000000,0.000000
19.577674,10uVrms10Hz_ch2pga1.bin,250,4871,31287,1,0xA3,1,0,0,192,0,0,110529.005527,-28.029084,139656.141400,136524.908245,122357.323766,0.000000,0.000000,0.000000
19.581676,10uVrms10Hz_ch2pga1.bin,250,4872,31288,1,0xA3,1,0,0,192,0,0,110529.184341,-27.470291,139655.627310,136524.885893,122357.368469,0.000000,0.000000,0.000000
19.585679,10uVrms10Hz_ch2pga1.bin,250,4873,31289,1,0xA3,1,0,0,192,0,0,110528.714955,-26.308000,139654.442668,136524.125934,122356.809676,0.000000,0.000000,0.000000
19.589678,10uVrms10Hz_ch2pga1.bin,250,4874,31290,1,0xA3,1,0,0,192,0,0,110528.536141,-24.430454,139653.548598,136523.857713,122356.653214,0.000000,0.000000,0.000000
19.593681,10uVrms10Hz_ch2pga1.bin,250,4875,31291,1,0xA3,1,0,0,192,0,0,110528.714955,-23.134053,139653.190970,136524.014175,122356.899083,0.000000,0.000000,0.000000
19.597683,10uVrms10Hz_ch2pga1.bin,250,4876,31292,1,0xA3,1,0,0,192,0,0,110529.609025,-21.547079,139653.369784,136524.729431,122357.726097,0.000000,0.000000,0.000000
19.601683,10uVrms10Hz_ch2pga1.bin,250,4877,31293,1,0xA3,1,0,0,192,0,0,110529.743135,-19.423664,139652.743936,136524.617672,122357.860208,0.000000,0.000000,0.000000
19.605686,10uVrms10Hz_ch2pga1.bin,250,4878,31294,1,0xA3,1,0,0,192,0,0,110529.407859,-17.456710,139651.693404,136524.058878,122357.435524,0.000000,0.000000,0.000000
19.609686,10uVrms10Hz_ch2pga1.bin,250,4879,31295,1,0xA3,1,0,0,192,0,0,110529.117286,-16.517937,139650.709927,136523.544788,122356.988490,0.000000,0.000000,0.000000
19.613688,10uVrms10Hz_ch2pga1.bin,250,4880,31296,1,0xA3,1,0,0,192,0,0,110528.558493,-15.735626,139649.435878,136522.762477,122356.429696,0.000000,0.000000,0.000000
19.617688,10uVrms10Hz_ch2pga1.bin,250,4881,31297,1,0xA3,1,0,0,192,0,0,110528.759658,-14.886260,139649.167657,136522.985995,122356.742620,0.000000,0.000000,0.000000
19.621691,10uVrms10Hz_ch2pga1.bin,250,4882,31298,1,0xA3,1,0,0,192,0,0,110530.100763,-14.886260,139649.704099,136524.192989,122357.994318,0.000000,0.000000,0.000000
19.625691,10uVrms10Hz_ch2pga1.bin,250,4883,31299,1,0xA3,1,0,0,192,0,0,110530.167818,-15.310943,139649.100602,136524.081230,122357.793152,0.000000,0.000000,0.000000
19.629694,10uVrms10Hz_ch2pga1.bin,250,4884,31300,1,0xA3,1,0,0,192,0,0,110529.854894,-15.869737,139648.161829,136523.544788,122357.480228,0.000000,0.000000,0.000000
19.633694,10uVrms10Hz_ch2pga1.bin,250,4885,31301,1,0xA3,1,0,0,192,0,0,110530.234873,-16.719103,139647.871256,136523.790658,122357.837856,0.000000,0.000000,0.000000
19.637698,10uVrms10Hz_ch2pga1.bin,250,4886,31302,1,0xA3,1,0,0,192,0,0,110531.620681,-18.440187,139648.497105,136525.064707,122359.223664,0.000000,0.000000,0.000000
19.641698,10uVrms10Hz_ch2pga1.bin,250,4887,31303,1,0xA3,1,0,0,192,0,0,110532.134771,-19.334257,139648.295939,136525.377631,122359.737754,0.000000,0.000000,0.000000
19.645701,10uVrms10Hz_ch2pga1.bin,250,4888,31304,1,0xA3,1,0,0,192,0,0,110531.665385,-21.301210,139647.133648,136524.505913,122359.067202,0.000000,0.000000,0.000000
19.649701,10uVrms10Hz_ch2pga1.bin,250,4889,31305,1,0xA3,1,0,0,192,0,0,110531.441867,-23.491681,139646.306634,136524.170637,122358.821332,0.000000,0.000000,0.000000
19.653705,10uVrms10Hz_ch2pga1.bin,250,4890,31306,1,0xA3,1,0,0,192,0,0,110531.553626,-24.899840,139645.881951,136524.394155,122359.067202,0.000000,0.000000,0.000000
19.657704,10uVrms10Hz_ch2pga1.bin,250,4891,31307,1,0xA3,1,0,0,192,0,0,110533.274710,-26.263297,139646.798372,136525.824666,122360.654175,0.000000,0.000000,0.000000
19.661708,10uVrms10Hz_ch2pga1.bin,250,4892,31308,1,0xA3,1,0,0,192,0,0,110533.967614,-27.514994,139646.753669,136526.204646,122361.190617,0.000000,0.000000,0.000000
19.665707,10uVrms10Hz_ch2pga1.bin,250,4893,31309,1,0xA3,1,0,0,192,0,0,110533.319414,-28.811395,139645.390213,136525.444686,122360.453010,0.000000,0.000000,0.000000
19.669710,10uVrms10Hz_ch2pga1.bin,250,4894,31310,1,0xA3,1,0,0,192,0,0,110532.894731,-28.945506,139644.317329,136524.908245,122360.005975,0.000000,0.000000,0.000000
19.673710,10uVrms10Hz_ch2pga1.bin,250,4895,31311,1,0xA3,1,0,0,192,0,0,110533.498228,-28.654933,139644.294977,136525.422335,122360.721231,0.000000,0.000000,0.000000
19.677713,10uVrms10Hz_ch2pga1.bin,250,4896,31312,1,0xA3,1,0,0,192,0,0,110533.699393,-28.364360,139643.870294,136525.556445,122360.944748,0.000000,0.000000,0.000000
19.681713,10uVrms10Hz_ch2pga1.bin,250,4897,31313,1,0xA3,1,0,0,192,0,0,110533.408821,-27.447939,139642.819762,136525.020003,122360.542417,0.000000,0.000000,0.000000
19.685716,10uVrms10Hz_ch2pga1.bin,250,4898,31314,1,0xA3,1,0,0,192,0,0,110533.542931,-25.905669,139642.305672,136524.930596,122360.542417,0.000000,0.000000,0.000000
19.689716,10uVrms10Hz_ch2pga1.bin,250,4899,31315,1,0xA3,1,0,0,192,0,0,110533.878207,-24.586916,139642.037451,136525.020003,122360.900044,0.000000,0.000000,0.000000
19.693720,10uVrms10Hz_ch2pga1.bin,250,4900,31316,1,0xA3,1,0,0,192,0,0,110534.057021,-23.178756,139641.389251,136525.131762,122360.989451,0.000000,0.000000,0.000000
19.697719,10uVrms10Hz_ch2pga1.bin,250,4901,31317,1,0xA3,1,0,0,192,0,0,110534.571111,-21.167099,139641.188085,136525.534093,122361.436486,0.000000,0.000000,0.000000
19.701722,10uVrms10Hz_ch2pga1.bin,250,4902,31318,1,0xA3,1,0,0,192,0,0,110534.816980,-19.289553,139640.852809,136525.578797,122361.771762,0.000000,0.000000,0.000000
19.705723,10uVrms10Hz_ch2pga1.bin,250,4903,31319,1,0xA3,1,0,0,192,0,0,110534.571111,-17.836690,139640.003443,136525.176466,122361.503541,0.000000,0.000000,0.000000
19.709723,10uVrms10Hz_ch2pga1.bin,250,4904,31320,1,0xA3,1,0,0,192,0,0,110534.414649,-16.540289,139639.176428,136524.796486,122361.145914,0.000000,0.000000,0.000000
19.713726,10uVrms10Hz_ch2pga1.bin,250,4905,31321,1,0xA3,1,0,0,192,0,0,110533.967614,-15.467405,139638.014138,136524.192989,122360.698879,0.000000,0.000000,0.000000
19.717726,10uVrms10Hz_ch2pga1.bin,250,4906,31322,1,0xA3,1,0,0,192,0,0,110534.235835,-15.020370,139637.567103,136524.327099,122361.056507,0.000000,0.000000,0.000000
19.721729,10uVrms10Hz_ch2pga1.bin,250,4907,31323,1,0xA3,1,0,0,192,0,0,110534.571111,-15.042722,139637.164772,136524.505913,122361.190617,0.000000,0.000000,0.000000
19.725729,10uVrms10Hz_ch2pga1.bin,250,4908,31324,1,0xA3,1,0,0,192,0,0,110534.369946,-14.930964,139636.270702,136524.170637,122360.855341,0.000000,0.000000,0.000000
19.729733,10uVrms10Hz_ch2pga1.bin,250,4909,31325,1,0xA3,1,0,0,192,0,0,110534.973443,-15.981495,139636.114240,136524.416506,122361.369431,0.000000,0.000000,0.000000
19.733732,10uVrms10Hz_ch2pga1.bin,250,4910,31326,1,0xA3,1,0,0,192,0,0,110535.688698,-17.412007,139636.225998,136525.020003,122362.084687,0.000000,0.000000,0.000000
19.737735,10uVrms10Hz_ch2pga1.bin,250,4911,31327,1,0xA3,1,0,0,192,0,0,110535.867512,-18.149614,139635.801315,136525.154114,122362.263501,0.000000,0.000000,0.000000
19.741736,10uVrms10Hz_ch2pga1.bin,250,4912,31328,1,0xA3,1,0,0,192,0,0,110535.733402,-19.602478,139634.907246,136524.841189,122361.995280,0.000000,0.000000,0.000000
19.745740,10uVrms10Hz_ch2pga1.bin,250,4913,31329,1,0xA3,1,0,0,192,0,0,110536.158085,-21.904707,139634.661376,136525.243521,122362.464666,0.000000,0.000000,0.000000
19.749740,10uVrms10Hz_ch2pga1.bin,250,4914,31330,1,0xA3,1,0,0,192,0,0,110536.940396,-24.005771,139634.706080,136525.824666,122363.224626,0.000000,0.000000,0.000000
19.753740,10uVrms10Hz_ch2pga1.bin,250,4915,31331,1,0xA3,1,0,0,192,0,0,110537.566245,-25.078654,139634.661376,136526.249349,122363.738716,0.000000,0.000000,0.000000
19.757744,10uVrms10Hz_ch2pga1.bin,250,4916,31332,1,0xA3,1,0,0,192,0,0,110538.326204,-26.799738,139634.773135,136526.830494,122364.498675,0.000000,0.000000,0.000000
19.761744,10uVrms10Hz_ch2pga1.bin,250,4917,31333,1,0xA3,1,0,0,192,0,0,110538.929701,-28.096139,139634.706080,136527.255177,122365.102172,0.000000,0.000000,0.000000
19.765747,10uVrms10Hz_ch2pga1.bin,250,4918,31334,1,0xA3,1,0,0,192,0,0,110538.840294,-28.565526,139633.946121,136526.986957,122364.878654,0.000000,0.000000,0.000000
19.769747,10uVrms10Hz_ch2pga1.bin,250,4919,31335,1,0xA3,1,0,0,192,0,0,110538.482666,-29.213727,139632.962644,136526.428163,122364.431620,0.000000,0.000000,0.000000
19.773750,10uVrms10Hz_ch2pga1.bin,250,4920,31336,1,0xA3,1,0,0,192,0,0,110538.549721,-29.258430,139632.336795,136526.316404,122364.521027,0.000000,0.000000,0.000000
19.777750,10uVrms10Hz_ch2pga1.bin,250,4921,31337,1,0xA3,1,0,0,192,0,0,110538.616776,-27.984381,139631.688595,136526.249349,122364.588082,0.000000,0.000000,0.000000
19.781753,10uVrms10Hz_ch2pga1.bin,250,4922,31338,1,0xA3,1,0,0,192,0,0,110538.683832,-27.112663,139631.062746,136526.226997,122364.655137,0.000000,0.000000,0.000000
19.785753,10uVrms10Hz_ch2pga1.bin,250,4923,31339,1,0xA3,1,0,0,192,0,0,110538.527369,-26.106834,139630.213380,136525.847018,122364.409268,0.000000,0.000000,0.000000
19.789757,10uVrms10Hz_ch2pga1.bin,250,4924,31340,1,0xA3,1,0,0,192,0,0,110538.393259,-24.899840,139629.453421,136525.623500,122364.342213,0.000000,0.000000,0.000000
19.793756,10uVrms10Hz_ch2pga1.bin,250,4925,31341,1,0xA3,1,0,0,192,0,0,110538.639128,-23.156404,139628.984034,136525.757611,122364.565730,0.000000,0.000000,0.000000
19.797760,10uVrms10Hz_ch2pga1.bin,250,4926,31342,1,0xA3,1,0,0,192,0,0,110539.264977,-20.876527,139629.006386,136526.249349,122365.236282,0.000000,0.000000,0.000000
19.801760,10uVrms10Hz_ch2pga1.bin,250,4927,31343,1,0xA3,1,0,0,192,0,0,110539.622605,-19.714236,139628.760517,136526.428163,122365.415096,0.000000,0.000000,0.000000
19.805763,10uVrms10Hz_ch2pga1.bin,250,4928,31344,1,0xA3,1,0,0,192,0,0,110539.130867,-18.082559,139627.397060,136525.601149,122364.699841,0.000000,0.000000,0.000000
19.809762,10uVrms10Hz_ch2pga1.bin,250,4929,31345,1,0xA3,1,0,0,192,0,0,110538.795590,-16.473234,139626.391232,136525.020003,122364.297509,0.000000,0.000000,0.000000
19.813764,10uVrms10Hz_ch2pga1.bin,250,4930,31346,1,0xA3,1,0,0,192,0,0,110538.616776,-15.690923,139625.653625,136524.751782,122364.141047,0.000000,0.000000,0.000000
19.817767,10uVrms10Hz_ch2pga1.bin,250,4931,31347,1,0xA3,1,0,0,192,0,0,110539.153218,-15.221536,139625.474811,136525.154114,122364.677489,0.000000,0.000000,0.000000
19.821766,10uVrms10Hz_ch2pga1.bin,250,4932,31348,1,0xA3,1,0,0,192,0,0,110539.533198,-14.930964,139625.273645,136525.467038,122365.057468,0.000000,0.000000,0.000000
19.825769,10uVrms10Hz_ch2pga1.bin,250,4933,31349,1,0xA3,1,0,0,192,0,0,110539.153218,-14.998019,139624.200761,136524.975300,122364.610434,0.000000,0.000000,0.000000
19.829769,10uVrms10Hz_ch2pga1.bin,250,4934,31350,1,0xA3,1,0,0,192,0,0,110539.354384,-16.093254,139623.709023,136525.020003,122364.699841,0.000000,0.000000,0.000000
19.833772,10uVrms10Hz_ch2pga1.bin,250,4935,31351,1,0xA3,1,0,0,192,0,0,110540.002584,-16.853213,139623.597264,136525.422335,122365.303338,0.000000,0.000000,0.000000
19.837771,10uVrms10Hz_ch2pga1.bin,250,4936,31352,1,0xA3,1,0,0,192,0,0,110540.047288,-18.060207,139622.993767,136525.288224,122365.348041,0.000000,0.000000,0.000000
19.841774,10uVrms10Hz_ch2pga1.bin,250,4937,31353,1,0xA3,1,0,0,192,0,0,110540.717840,-20.295382,139622.993767,136525.712907,122365.929186,0.000000,0.000000,0.000000
19.845777,10uVrms10Hz_ch2pga1.bin,250,4938,31354,1,0xA3,1,0,0,192,0,0,110541.410744,-21.703541,139623.194933,136526.472867,122366.778553,0.000000,0.000000,0.000000
19.849777,10uVrms10Hz_ch2pga1.bin,250,4939,31355,1,0xA3,1,0,0,192,0,0,110541.790724,-23.066998,139622.837305,136526.629329,122367.002070,0.000000,0.000000,0.000000
19.853780,10uVrms10Hz_ch2pga1.bin,250,4940,31356,1,0xA3,1,0,0,192,0,0,110541.768372,-25.212765,139622.144401,136526.450515,122366.845608,0.000000,0.000000,0.000000
19.857779,10uVrms10Hz_ch2pga1.bin,250,4941,31357,1,0xA3,1,0,0,192,0,0,110542.617738,-26.665628,139622.323215,136527.121067,122367.739677,0.000000,0.000000,0.000000
19.861782,10uVrms10Hz_ch2pga1.bin,250,4942,31358,1,0xA3,1,0,0,192,0,0,110543.332994,-27.537346,139622.390270,136527.746916,122368.477285,0.000000,0.000000,0.000000
19.865782,10uVrms10Hz_ch2pga1.bin,250,4943,31359,1,0xA3,1,0,0,192,0,0,110543.377697,-28.587878,139621.809125,136527.590454,122368.432581,0.000000,0.000000,0.000000
19.869784,10uVrms10Hz_ch2pga1.bin,250,4944,31360,1,0xA3,1,0,0,192,0,0,110543.377697,-29.034913,139621.138573,136527.501047,122368.365526,0.000000,0.000000,0.000000
19.873786,10uVrms10Hz_ch2pga1.bin,250,4945,31361,1,0xA3,1,0,0,192,0,0,110544.092953,-28.878450,139621.049166,136527.992785,122368.969023,0.000000,0.000000,0.000000
19.877786,10uVrms10Hz_ch2pga1.bin,250,4946,31362,1,0xA3,1,0,0,192,0,0,110544.987023,-28.207898,139621.339738,136528.819799,122369.840741,0.000000,0.000000,0.000000
19.881785,10uVrms10Hz_ch2pga1.bin,250,4947,31363,1,0xA3,1,0,0,192,0,0,110545.188189,-27.313828,139620.825648,136528.819799,122369.930148,0.000000,0.000000,0.000000
19.885788,10uVrms10Hz_ch2pga1.bin,250,4948,31364,1,0xA3,1,0,0,192,0,0,110544.808209,-26.173890,139619.663358,136528.238654,122369.617224,0.000000,0.000000,0.000000
19.889790,10uVrms10Hz_ch2pga1.bin,250,4949,31365,1,0xA3,1,0,0,192,0,0,110544.428229,-24.430454,139618.568122,136527.724564,122369.125485,0.000000,0.000000,0.000000
19.893792,10uVrms10Hz_ch2pga1.bin,250,4950,31366,1,0xA3,1,0,0,192,0,0,110544.629395,-23.066998,139618.277550,136527.813971,122369.438410,0.000000,0.000000,0.000000
19.897792,10uVrms10Hz_ch2pga1.bin,250,4951,31367,1,0xA3,1,0,0,192,0,0,110544.897616,-21.390617,139617.785811,136527.925730,122369.550169,0.000000,0.000000,0.000000
19.901795,10uVrms10Hz_ch2pga1.bin,250,4952,31368,1,0xA3,1,0,0,192,0,0,110544.987023,-19.155443,139617.227018,136527.925730,122369.572520,0.000000,0.000000,0.000000
19.905794,10uVrms10Hz_ch2pga1.bin,250,4953,31369,1,0xA3,1,0,0,192,0,0,110543.645918,-17.903745,139615.193009,136526.405811,122368.209064,0.000000,0.000000,0.000000
19.909797,10uVrms10Hz_ch2pga1.bin,250,4954,31370,1,0xA3,1,0,0,192,0,0,110543.310642,-16.875565,139614.187181,136525.869370,122367.762029,0.000000,0.000000,0.000000
19.913800,10uVrms10Hz_ch2pga1.bin,250,4955,31371,1,0xA3,1,0,0,192,0,0,110543.668270,-15.467405,139613.874257,136526.048183,122368.052602,0.000000,0.000000,0.000000
19.917799,10uVrms10Hz_ch2pga1.bin,250,4956,31372,1,0xA3,1,0,0,192,0,0,110544.092953,-14.796853,139613.650739,136526.316404,122368.544340,0.000000,0.000000,0.000000
19.921801,10uVrms10Hz_ch2pga1.bin,250,4957,31373,1,0xA3,1,0,0,192,0,0,110544.718802,-15.176833,139613.650739,136526.785791,122369.259596,0.000000,0.000000,0.000000
19.925801,10uVrms10Hz_ch2pga1.bin,250,4958,31374,1,0xA3,1,0,0,192,0,0,110545.076430,-15.243888,139613.203704,136526.964605,122369.416058,0.000000,0.000000,0.000000
19.929804,10uVrms10Hz_ch2pga1.bin,250,4959,31375,1,0xA3,1,0,0,192,0,0,110545.210540,-15.422702,139612.734318,136526.919901,122369.505465,0.000000,0.000000,0.000000
19.933807,10uVrms10Hz_ch2pga1.bin,250,4960,31376,1,0xA3,1,0,0,192,0,0,110545.322299,-16.786158,139612.175524,136526.919901,122369.661927,0.000000,0.000000,0.000000
19.937806,10uVrms10Hz_ch2pga1.bin,250,4961,31377,1,0xA3,1,0,0,192,0,0,110545.992851,-18.462539,139612.242579,136527.478695,122370.332479,0.000000,0.000000,0.000000
19.941809,10uVrms10Hz_ch2pga1.bin,250,4962,31378,1,0xA3,1,0,0,192,0,0,110546.194017,-19.624829,139611.706138,136527.501047,122370.421886,0.000000,0.000000,0.000000
19.945809,10uVrms10Hz_ch2pga1.bin,250,4963,31379,1,0xA3,1,0,0,192,0,0,110545.724630,-21.032989,139610.521495,136526.808143,122369.863093,0.000000,0.000000,0.000000
19.949812,10uVrms10Hz_ch2pga1.bin,250,4964,31380,1,0xA3,1,0,0,192,0,0,110546.126962,-23.871660,139610.230923,136527.009308,122370.198369,0.000000,0.000000,0.000000
19.953811,10uVrms10Hz_ch2pga1.bin,250,4965,31381,1,0xA3,1,0,0,192,0,0,110546.551645,-25.302172,139610.007405,136527.366936,122370.623052,0.000000,0.000000,0.000000
19.957814,10uVrms10Hz_ch2pga1.bin,250,4966,31382,1,0xA3,1,0,0,192,0,0,110546.864569,-26.218593,139609.806240,136527.545750,122370.913625,0.000000,0.000000,0.000000
19.961817,10uVrms10Hz_ch2pga1.bin,250,4967,31383,1,0xA3,1,0,0,192,0,0,110547.356308,-27.559698,139609.627426,136527.970433,122371.360660,0.000000,0.000000,0.000000
19.965816,10uVrms10Hz_ch2pga1.bin,250,4968,31384,1,0xA3,1,0,0,192,0,0,110547.177494,-28.364360,139608.755708,136527.590454,122371.181846,0.000000,0.000000,0.000000
19.969818,10uVrms10Hz_ch2pga1.bin,250,4969,31385,1,0xA3,1,0,0,192,0,0,110546.395183,-28.431416,139607.191086,136526.517570,122370.287776,0.000000,0.000000,0.000000
19.973820,10uVrms10Hz_ch2pga1.bin,250,4970,31386,1,0xA3,1,0,0,192,0,0,110547.088087,-28.632581,139607.168734,136527.098715,122370.913625,0.000000,0.000000,0.000000
19.977822,10uVrms10Hz_ch2pga1.bin,250,4971,31387,1,0xA3,1,0,0,192,0,0,110548.272729,-28.297305,139607.660472,136528.149247,122371.941805,0.000000,0.000000,0.000000
19.981820,10uVrms10Hz_ch2pga1.bin,250,4972,31388,1,0xA3,1,0,0,192,0,0,110548.406839,-27.336180,139607.034624,136528.104544,122372.075915,0.000000,0.000000,0.000000
19.985823,10uVrms10Hz_ch2pga1.bin,250,4973,31389,1,0xA3,1,0,0,192,0,0,110547.713935,-25.928020,139605.693519,136527.277529,122371.338308,0.000000,0.000000,0.000000
19.989824,10uVrms10Hz_ch2pga1.bin,250,4974,31390,1,0xA3,1,0,0,192,0,0,110547.423363,-24.765730,139604.821801,136526.875198,122371.025383,0.000000,0.000000,0.000000
19.993826,10uVrms10Hz_ch2pga1.bin,250,4975,31391,1,0xA3,1,0,0,192,0,0,110547.669232,-23.335218,139604.374766,136526.875198,122371.248901,0.000000,0.000000,0.000000
19.997827,10uVrms10Hz_ch2pga1.bin,250,4976,31392,1,0xA3,1,0,0,192,0,0,110547.602177,-21.256506,139603.726566,136526.741087,122371.226549,0.000000,0.000000,0.000000
20.001826,10uVrms10Hz_ch2pga1.bin,250,4977,31393,1,0xA3,1,0,0,192,0,0,110547.758639,-19.423664,139603.234828,136526.763439,122371.315956,0.000000,0.000000,0.000000
20.005828,10uVrms10Hz_ch2pga1.bin,250,4978,31394,1,0xA3,1,0,0,192,0,0,110548.116267,-18.149614,139602.854848,136526.919901,122371.517122,0.000000,0.000000,0.000000
20.009830,10uVrms10Hz_ch2pga1.bin,250,4979,31395,1,0xA3,1,0,0,192,0,0,110547.959805,-16.629696,139602.027833,136526.584625,122371.405363,0.000000,0.000000,0.000000
20.013832,10uVrms10Hz_ch2pga1.bin,250,4980,31396,1,0xA3,1,0,0,192,0,0,110548.630357,-15.668571,139602.005482,136527.098715,122371.986508,0.000000,0.000000,0.000000
20.017833,10uVrms10Hz_ch2pga1.bin,250,4981,31397,1,0xA3,1,0,0,192,0,0,110549.211502,-15.355647,139601.893723,136527.523398,122372.433543,0.000000,0.000000,0.000000
20.021832,10uVrms10Hz_ch2pga1.bin,250,4982,31398,1,0xA3,1,0,0,192,0,0,110549.077392,-15.221536,139601.044357,136527.165771,122372.321784,0.000000,0.000000,0.000000
20.025834,10uVrms10Hz_ch2pga1.bin,250,4983,31399,1,0xA3,1,0,0,192,0,0,110548.295081,-15.154481,139599.546790,136526.226997,122371.494770,0.000000,0.000000,0.000000
20.029836,10uVrms10Hz_ch2pga1.bin,250,4984,31400,1,0xA3,1,0,0,192,0,0,110548.451543,-16.115606,139599.122107,136526.271701,122371.695936,0.000000,0.000000,0.000000
20.033838,10uVrms10Hz_ch2pga1.bin,250,4985,31401,1,0xA3,1,0,0,192,0,0,110549.122095,-17.344952,139599.166811,136526.741087,122372.299433,0.000000,0.000000,0.000000
20.037836,10uVrms10Hz_ch2pga1.bin,250,4986,31402,1,0xA3,1,0,0,192,0,0,110550.127923,-18.417835,139599.502087,136527.590454,122373.282909,0.000000,0.000000,0.000000
20.041838,10uVrms10Hz_ch2pga1.bin,250,4987,31403,1,0xA3,1,0,0,192,0,0,110550.485551,-19.468367,139599.010348,136527.702212,122373.551130,0.000000,0.000000,0.000000
20.045840,10uVrms10Hz_ch2pga1.bin,250,4988,31404,1,0xA3,1,0,0,192,0,0,110550.954938,-21.904707,139598.719776,136528.015137,122373.864055,0.000000,0.000000,0.000000
20.049843,10uVrms10Hz_ch2pga1.bin,250,4989,31405,1,0xA3,1,0,0,192,0,0,110550.798476,-23.625791,139597.982168,136527.702212,122373.640537,0.000000,0.000000,0.000000
20.053845,10uVrms10Hz_ch2pga1.bin,250,4990,31406,1,0xA3,1,0,0,192,0,0,110550.843179,-24.810433,139597.490430,136527.657509,122373.752296,0.000000,0.000000,0.000000
20.057843,10uVrms10Hz_ch2pga1.bin,250,4991,31407,1,0xA3,1,0,0,192,0,0,110552.072525,-26.866794,139598.160982,136528.819799,122374.959290,0.000000,0.000000,0.000000
20.061845,10uVrms10Hz_ch2pga1.bin,250,4992,31408,1,0xA3,1,0,0,192,0,0,110552.743077,-27.939677,139598.049223,136529.244483,122375.562787,0.000000,0.000000,0.000000
20.065846,10uVrms10Hz_ch2pga1.bin,250,4993,31409,1,0xA3,1,0,0,192,0,0,110552.586615,-27.984381,139597.155154,136528.842151,122375.361621,0.000000,0.000000,0.000000
20.069848,10uVrms10Hz_ch2pga1.bin,250,4994,31410,1,0xA3,1,0,0,192,0,0,110553.033650,-28.811395,139596.998692,136529.199779,122375.674546,0.000000,0.000000,0.000000
20.073850,10uVrms10Hz_ch2pga1.bin,250,4995,31411,1,0xA3,1,0,0,192,0,0,110552.921891,-29.034913,139596.194029,136528.998613,122375.629842,0.000000,0.000000,0.000000
20.077851,10uVrms10Hz_ch2pga1.bin,250,4996,31412,1,0xA3,1,0,0,192,0,0,110552.720726,-28.096139,139595.277607,136528.640985,122375.428677,0.000000,0.000000,0.000000
20.081853,10uVrms10Hz_ch2pga1.bin,250,4997,31413,1,0xA3,1,0,0,192,0,0,110553.547740,-26.844442,139595.411718,136529.222131,122376.166284,0.000000,0.000000,0.000000
20.085851,10uVrms10Hz_ch2pga1.bin,250,4998,31414,1,0xA3,1,0,0,192,0,0,110553.368926,-26.129186,139594.472945,136528.819799,122375.875711,0.000000,0.000000,0.000000
20.089852,10uVrms10Hz_ch2pga1.bin,250,4999,31415,1,0xA3,1,0,0,192,0,0,110553.100705,-24.832785,139593.511820,136528.350413,122375.607491,0.000000,0.000000,0.000000
20.093854,10uVrms10Hz_ch2pga1.bin,250,5000,31416,1,0xA3,1,0,0,192,0,0,110552.899539,-22.932887,139592.707157,136528.104544,122375.406325,0.000000,0.000000,0.000000
20.097856,10uVrms10Hz_ch2pga1.bin,250,5001,31417,1,0xA3,1,0,0,192,0,0,110552.877188,-21.167099,139592.014253,136527.948081,122375.294566,0.000000,0.000000,0.000000
20.101857,10uVrms10Hz_ch2pga1.bin,250,5002,31418,1,0xA3,1,0,0,192,0,0,110552.631319,-19.490719,139591.120183,136527.635157,122375.093400,0.000000,0.000000,0.000000
20.105860,10uVrms10Hz_ch2pga1.bin,250,5003,31419,1,0xA3,1,0,0,192,0,0,110552.027822,-17.903745,139589.801431,136526.808143,122374.355793,0.000000,0.000000,0.000000
20.109858,10uVrms10Hz_ch2pga1.bin,250,5004,31420,1,0xA3,1,0,0,192,0,0,110551.737249,-16.450882,139588.862658,136526.361108,122373.953462,0.000000,0.000000,0.000000
20.113861,10uVrms10Hz_ch2pga1.bin,250,5005,31421,1,0xA3,1,0,0,192,0,0,110552.139580,-15.892088,139588.616788,136526.696384,122374.333441,0.000000,0.000000,0.000000
20.117864,10uVrms10Hz_ch2pga1.bin,250,5006,31422,1,0xA3,1,0,0,192,0,0,110552.676022,-15.109777,139588.393271,136527.009308,122374.758124,0.000000,0.000000,0.000000
20.121862,10uVrms10Hz_ch2pga1.bin,250,5007,31423,1,0xA3,1,0,0,192,0,0,110552.407801,-14.841557,139587.588608,136526.696384,122374.534607,0.000000,0.000000,0.000000
20.125864,10uVrms10Hz_ch2pga1.bin,250,5008,31424,1,0xA3,1,0,0,192,0,0,110552.676022,-15.199184,139587.163925,136526.763439,122374.758124,0.000000,0.000000,0.000000
20.129866,10uVrms10Hz_ch2pga1.bin,250,5009,31425,1,0xA3,1,0,0,192,0,0,110553.234816,-16.227365,139587.052166,136527.143419,122375.339270,0.000000,0.000000,0.000000
20.133869,10uVrms10Hz_ch2pga1.bin,250,5010,31426,1,0xA3,1,0,0,192,0,0,110553.972423,-16.853213,139587.208629,136527.813971,122376.032174,0.000000,0.000000,0.000000
20.137868,10uVrms10Hz_ch2pga1.bin,250,5011,31427,1,0xA3,1,0,0,192,0,0,110554.799438,-17.859042,139587.320387,136528.439820,122376.725078,0.000000,0.000000,0.000000
20.141869,10uVrms10Hz_ch2pga1.bin,250,5012,31428,1,0xA3,1,0,0,192,0,0,110555.224121,-19.736588,139586.940408,136528.596282,122376.993299,0.000000,0.000000,0.000000
20.145872,10uVrms10Hz_ch2pga1.bin,250,5013,31429,1,0xA3,1,0,0,192,0,0,110554.754734,-21.815300,139585.711062,136527.948081,122376.479208,0.000000,0.000000,0.000000
20.149873,10uVrms10Hz_ch2pga1.bin,250,5014,31430,1,0xA3,1,0,0,192,0,0,110555.201769,-23.446977,139585.532248,136528.238654,122376.970947,0.000000,0.000000,0.000000
20.153875,10uVrms10Hz_ch2pga1.bin,250,5015,31431,1,0xA3,1,0,0,192,0,0,110555.760562,-25.078654,139585.420489,136528.663337,122377.485037,0.000000,0.000000,0.000000
20.157874,10uVrms10Hz_ch2pga1.bin,250,5016,31432,1,0xA3,1,0,0,192,0,0,110556.319356,-26.531518,139585.264027,136529.043317,122377.954423,0.000000,0.000000,0.000000
4294.395093,10uVrms10Hz_ch2pga1.bin,250,5017,26265,1,0xA3,1,0,0,192,0,0,41775.293648,-20.049512,56580.036879,54201.990366,48797.182739,0.000000,0.000000,0.000000
4294.399092,10uVrms10Hz_ch2pga1.bin,250,5018,26266,1,0xA3,1,0,0,192,0,0,41777.685285,-20.116568,56582.942605,54204.851389,48799.194396,0.000000,0.000000,0.000000
4294.403095,10uVrms10Hz_ch2pga1.bin,250,5019,26267,1,0xA3,1,0,0,192,0,0,41780.009866,-20.138919,56585.848331,54207.779467,48801.206052,0.000000,0.000000,0.000000
4294.407097,10uVrms10Hz_ch2pga1.bin,250,5020,26268,1,0xA3,1,0,0,192,0,0,41782.356799,-20.273030,56588.776410,54210.662842,48803.195357,0.000000,0.000000,0.000000
4294.411096,10uVrms10Hz_ch2pga1.bin,250,5021,26269,1,0xA3,1,0,0,192,0,0,41784.703732,-20.250678,56591.615081,54213.523865,48805.139959,0.000000,0.000000,0.000000
4294.415100,10uVrms10Hz_ch2pga1.bin,250,5022,26270,1,0xA3,1,0,0,192,0,0,41786.849499,-20.340085,56594.364345,54216.295481,48807.017505,0.000000,0.000000,0.000000
4294.419100,10uVrms10Hz_ch2pga1.bin,250,5023,26271,1,0xA3,1,0,0,192,0,0,41789.062321,-20.474195,56597.046554,54219.044745,48808.805645,0.000000,0.000000,0.000000
4294.423104,10uVrms10Hz_ch2pga1.bin,250,5024,26272,1,0xA3,1,0,0,192,0,0,41791.252792,-20.496547,56599.907577,54221.883416,48810.683191,0.000000,0.000000,0.000000
4294.427103,10uVrms10Hz_ch2pga1.bin,250,5025,26273,1,0xA3,1,0,0,192,0,0,41793.577373,-20.541251,56602.790952,54224.677384,48812.650144,0.000000,0.000000,0.000000
4294.431105,10uVrms10Hz_ch2pga1.bin,250,5026,26274,1,0xA3,1,0,0,192,0,0,41795.991361,-20.608306,56605.607271,54227.516055,48814.617097,0.000000,0.000000,0.000000
4294.435105,10uVrms10Hz_ch2pga1.bin,250,5027,26275,1,0xA3,1,0,0,192,0,0,41798.338294,-20.608306,56608.490646,54230.466485,48816.561699,0.000000,0.000000,0.000000
4294.439109,10uVrms10Hz_ch2pga1.bin,250,5028,26276,1,0xA3,1,0,0,192,0,0,41800.551116,-20.608306,56611.306965,54233.327508,48818.506300,0.000000,0.000000,0.000000
4294.443109,10uVrms10Hz_ch2pga1.bin,250,5029,26277,1,0xA3,1,0,0,192,0,0,41802.763939,-20.630658,56614.167988,54236.076772,48820.406199,0.000000,0.000000,0.000000
4294.447112,10uVrms10Hz_ch2pga1.bin,250,5030,26278,1,0xA3,1,0,0,192,0,0,41805.043817,-20.541251,56617.029011,54238.870740,48822.328448,0.000000,0.000000,0.000000
4294.451112,10uVrms10Hz_ch2pga1.bin,250,5031,26279,1,0xA3,1,0,0,192,0,0,41807.368398,-20.474195,56619.845331,54241.843522,48824.250698,0.000000,0.000000,0.000000
4294.455112,10uVrms10Hz_ch2pga1.bin,250,5032,26280,1,0xA3,1,0,0,192,0,0,41809.715331,-20.474195,56622.795761,54244.771600,48826.307058,0.000000,0.000000,0.000000
4294.459115,10uVrms10Hz_ch2pga1.bin,250,5033,26281,1,0xA3,1,0,0,192,0,0,41812.151670,-20.384789,56625.723839,54247.587919,48828.341067,0.000000,0.000000,0.000000
4294.463116,10uVrms10Hz_ch2pga1.bin,250,5034,26282,1,0xA3,1,0,0,192,0,0,41814.498603,-20.340085,56628.629565,54250.538349,48830.240965,0.000000,0.000000,0.000000
4294.467118,10uVrms10Hz_ch2pga1.bin,250,5035,26283,1,0xA3,1,0,0,192,0,0,41816.711426,-20.205975,56631.401181,54253.354669,48832.252622,0.000000,0.000000,0.000000
4294.471119,10uVrms10Hz_ch2pga1.bin,250,5036,26284,1,0xA3,1,0,0,192,0,0,41819.058359,-20.161271,56634.239852,54256.305099,48834.264278,0.000000,0.000000,0.000000
4294.475122,10uVrms10Hz_ch2pga1.bin,250,5037,26285,1,0xA3,1,0,0,192,0,0,41821.338236,-20.161271,56637.056172,54259.054363,48836.164176,0.000000,0.000000,0.000000
4294.479122,10uVrms10Hz_ch2pga1.bin,250,5038,26286,1,0xA3,1,0,0,192,0,0,41823.640466,-20.071864,56639.783084,54261.803627,48837.952316,0.000000,0.000000,0.000000
4294.483125,10uVrms10Hz_ch2pga1.bin,250,5039,26287,1,0xA3,1,0,0,192,0,0,41825.830936,-20.049512,56642.644107,54264.709353,48839.829862,0.000000,0.000000,0.000000
4294.487125,10uVrms10Hz_ch2pga1.bin,250,5040,26288,1,0xA3,1,0,0,192,0,0,41828.222573,-20.071864,56645.549834,54267.637432,48841.863871,0.000000,0.000000,0.000000
4294.491128,10uVrms10Hz_ch2pga1.bin,250,5041,26289,1,0xA3,1,0,0,192,0,0,41830.569506,-20.049512,56648.477912,54270.543158,48843.830824,0.000000,0.000000,0.000000
4294.495128,10uVrms10Hz_ch2pga1.bin,250,5042,26290,1,0xA3,1,0,0,192,0,0,41832.916439,-20.004809,56651.271880,54273.381829,48845.775425,0.000000,0.000000,0.000000
4294.499131,10uVrms10Hz_ch2pga1.bin,250,5043,26291,1,0xA3,1,0,0,192,0,0,41835.062206,-20.161271,56654.088199,54276.153445,48847.630620,0.000000,0.000000,0.000000
4294.503131,10uVrms10Hz_ch2pga1.bin,250,5044,26292,1,0xA3,1,0,0,192,0,0,41837.364435,-20.250678,56656.792760,54278.925061,48849.552870,0.000000,0.000000,0.000000
4294.507135,10uVrms10Hz_ch2pga1.bin,250,5045,26293,1,0xA3,1,0,0,192,0,0,41839.644313,-20.273030,56659.653783,54281.808436,48851.497471,0.000000,0.000000,0.000000
4294.511135,10uVrms10Hz_ch2pga1.bin,250,5046,26294,1,0xA3,1,0,0,192,0,0,41842.035949,-20.273030,56662.604213,54284.758866,48853.531480,0.000000,0.000000,0.000000
4294.515138,10uVrms10Hz_ch2pga1.bin,250,5047,26295,1,0xA3,1,0,0,192,0,0,41844.427586,-20.384789,56665.487587,54287.798703,48855.610192,0.000000,0.000000,0.000000
4294.519138,10uVrms10Hz_ch2pga1.bin,250,5048,26296,1,0xA3,1,0,0,192,0,0,41846.796870,-20.384789,56668.415666,54290.570319,48857.510090,0.000000,0.000000,0.000000
4294.523141,10uVrms10Hz_ch2pga1.bin,250,5049,26297,1,0xA3,1,0,0,192,0,0,41849.009693,-20.429492,56671.187282,54293.274879,48859.298229,0.000000,0.000000,0.000000
4294.527141,10uVrms10Hz_ch2pga1.bin,250,5050,26298,1,0xA3,1,0,0,192,0,0,41851.200163,-20.518899,56673.981249,54296.091199,48861.242831,0.000000,0.000000,0.000000
4294.531143,10uVrms10Hz_ch2pga1.bin,250,5051,26299,1,0xA3,1,0,0,192,0,0,41853.457689,-20.585954,56676.842272,54298.974574,48863.120377,0.000000,0.000000,0.000000
4294.535146,10uVrms10Hz_ch2pga1.bin,250,5052,26300,1,0xA3,1,0,0,192,0,0,41855.670512,-20.630658,56679.502130,54301.723838,48864.908516,0.000000,0.000000,0.000000
4294.539145,10uVrms10Hz_ch2pga1.bin,250,5053,26301,1,0xA3,1,0,0,192,0,0,41857.860982,-20.697713,56682.340801,54304.473102,48866.875470,0.000000,0.000000,0.000000
4294.543148,10uVrms10Hz_ch2pga1.bin,250,5054,26302,1,0xA3,1,0,0,192,0,0,41860.252619,-20.630658,56685.246527,54307.401180,48868.909478,0.000000,0.000000,0.000000
4294.547147,10uVrms10Hz_ch2pga1.bin,250,5055,26303,1,0xA3,1,0,0,192,0,0,41862.644255,-20.518899,56688.174605,54310.373962,48870.943487,0.000000,0.000000,0.000000
4294.551151,10uVrms10Hz_ch2pga1.bin,250,5056,26304,1,0xA3,1,0,0,192,0,0,41865.058243,-20.496547,56691.147387,54313.324392,48872.955143,0.000000,0.000000,0.000000
4294.555150,10uVrms10Hz_ch2pga1.bin,250,5057,26305,1,0xA3,1,0,0,192,0,0,41867.248714,-20.474195,56694.008410,54316.096008,48874.855042,0.000000,0.000000,0.000000
4294.559153,10uVrms10Hz_ch2pga1.bin,250,5058,26306,1,0xA3,1,0,0,192,0,0,41869.394481,-20.474195,56696.780026,54318.822920,48876.687884,0.000000,0.000000,0.000000
4294.563156,10uVrms10Hz_ch2pga1.bin,250,5059,26307,1,0xA3,1,0,0,192,0,0,41871.763766,-20.407140,56699.618697,54321.683943,48878.632486,0.000000,0.000000,0.000000
4294.567155,10uVrms10Hz_ch2pga1.bin,250,5060,26308,1,0xA3,1,0,0,192,0,0,41874.110699,-20.250678,56702.502072,54324.589670,48880.688846,0.000000,0.000000,0.000000
4294.571156,10uVrms10Hz_ch2pga1.bin,250,5061,26309,1,0xA3,1,0,0,192,0,0,41876.547039,-20.183623,56705.452502,54327.473044,48882.633448,0.000000,0.000000,0.000000
4294.575160,10uVrms10Hz_ch2pga1.bin,250,5062,26310,1,0xA3,1,0,0,192,0,0,41878.849268,-20.071864,56708.268821,54330.401123,48884.600401,0.000000,0.000000,0.000000
4294.579159,10uVrms10Hz_ch2pga1.bin,250,5063,26311,1,0xA3,1,0,0,192,0,0,41880.995035,-20.094216,56711.018085,54333.195090,48886.410892,0.000000,0.000000,0.000000
4294.583163,10uVrms10Hz_ch2pga1.bin,250,5064,26312,1,0xA3,1,0,0,192,0,0,41883.207858,-20.094216,56713.789701,54335.922003,48888.310790,0.000000,0.000000,0.000000
4294.587161,10uVrms10Hz_ch2pga1.bin,250,5065,26313,1,0xA3,1,0,0,192,0,0,41885.398328,-19.960105,56716.606021,54338.626564,48890.143633,0.000000,0.000000,0.000000
4294.591165,10uVrms10Hz_ch2pga1.bin,250,5066,26314,1,0xA3,1,0,0,192,0,0,41887.588799,-20.004809,56719.310582,54341.442883,48891.954124,0.000000,0.000000,0.000000
4294.595165,10uVrms10Hz_ch2pga1.bin,250,5067,26315,1,0xA3,1,0,0,192,0,0,41889.823973,-20.094216,56722.104549,54344.192147,48893.831670,0.000000,0.000000,0.000000
4294.599169,10uVrms10Hz_ch2pga1.bin,250,5068,26316,1,0xA3,1,0,0,192,0,0,41892.215610,-20.094216,56725.010276,54347.075522,48895.843327,0.000000,0.000000,0.000000
4294.603168,10uVrms10Hz_ch2pga1.bin,250,5069,26317,1,0xA3,1,0,0,192,0,0,41894.495487,-20.094216,56727.804244,54349.936545,48897.810280,0.000000,0.000000,0.000000
4294.607170,10uVrms10Hz_ch2pga1.bin,250,5070,26318,1,0xA3,1,0,0,192,0,0,41896.797717,-20.250678,56730.687618,54352.752864,48899.754882,0.000000,0.000000,0.000000
4294.611172,10uVrms10Hz_ch2pga1.bin,250,5071,26319,1,0xA3,1,0,0,192,0,0,41899.077594,-20.340085,56733.526289,54355.502129,48901.654780,0.000000,0.000000,0.000000
4294.615174,10uVrms10Hz_ch2pga1.bin,250,5072,26320,1,0xA3,1,0,0,192,0,0,41901.424527,-20.407140,56736.320257,54358.363152,48903.577030,0.000000,0.000000,0.000000
4294.619174,10uVrms10Hz_ch2pga1.bin,250,5073,26321,1,0xA3,1,0,0,192,0,0,41903.704405,-20.474195,56739.091873,54361.201823,48905.499279,0.000000,0.000000,0.000000
4294.623176,10uVrms10Hz_ch2pga1.bin,250,5074,26322,1,0xA3,1,0,0,192,0,0,41905.850172,-20.474195,56741.774082,54363.884032,48907.265067,0.000000,0.000000,0.000000
4294.627176,10uVrms10Hz_ch2pga1.bin,250,5075,26323,1,0xA3,1,0,0,192,0,0,41908.219457,-20.563602,56744.635105,54366.722703,48909.254372,0.000000,0.000000,0.000000
4294.631179,10uVrms10Hz_ch2pga1.bin,250,5076,26324,1,0xA3,1,0,0,192,0,0,41910.611093,-20.608306,56747.518480,54369.673133,48911.310732,0.000000,0.000000,0.000000
4294.635182,10uVrms10Hz_ch2pga1.bin,250,5077,26325,1,0xA3,1,0,0,192,0,0,41912.890971,-20.630658,56750.334799,54372.511804,48913.232982,0.000000,0.000000,0.000000
4294.639181,10uVrms10Hz_ch2pga1.bin,250,5078,26326,1,0xA3,1,0,0,192,0,0,41915.126145,-20.675361,56753.285229,54375.372827,48915.110528,0.000000,0.000000,0.000000
4294.643184,10uVrms10Hz_ch2pga1.bin,250,5079,26327,1,0xA3,1,0,0,192,0,0,41917.316616,-20.653009,56756.123900,54378.189147,48917.032778,0.000000,0.000000,0.000000
4294.647184,10uVrms10Hz_ch2pga1.bin,250,5080,26328,1,0xA3,1,0,0,192,0,0,41919.551790,-20.585954,56758.806109,54381.050169,48918.865621,0.000000,0.000000,0.000000
4294.651187,10uVrms10Hz_ch2pga1.bin,250,5081,26329,1,0xA3,1,0,0,192,0,0,41921.831667,-20.585954,56761.533022,54383.732378,48920.787871,0.000000,0.000000,0.000000
4294.655186,10uVrms10Hz_ch2pga1.bin,250,5082,26330,1,0xA3,1,0,0,192,0,0,41924.133897,-20.496547,56764.461100,54386.571050,48922.732472,0.000000,0.000000,0.000000
4294.659190,10uVrms10Hz_ch2pga1.bin,250,5083,26331,1,0xA3,1,0,0,192,0,0,41926.369071,-20.384789,56767.299771,54389.409721,48924.565315,0.000000,0.000000,0.000000
4294.663190,10uVrms10Hz_ch2pga1.bin,250,5084,26332,1,0xA3,1,0,0,192,0,0,41928.716004,-20.317733,56770.093739,54392.315447,48926.509917,0.000000,0.000000,0.000000
4294.667194,10uVrms10Hz_ch2pga1.bin,250,5085,26333,1,0xA3,1,0,0,192,0,0,41931.062937,-20.317733,56772.999465,54395.176470,48928.499222,0.000000,0.000000,0.000000
4294.671196,10uVrms10Hz_ch2pga1.bin,250,5086,26334,1,0xA3,1,0,0,192,0,0,41933.454573,-20.205975,56775.927544,54398.082197,48930.555582,0.000000,0.000000,0.000000
4294.675196,10uVrms10Hz_ch2pga1.bin,250,5087,26335,1,0xA3,1,0,0,192,0,0,41935.890913,-20.183623,56778.833270,54400.965571,48932.567239,0.000000,0.000000,0.000000
4294.679199,10uVrms10Hz_ch2pga1.bin,250,5088,26336,1,0xA3,1,0,0,192,0,0,41938.237846,-20.161271,56781.649590,54403.871298,48934.601247,0.000000,0.000000,0.000000
4294.683202,10uVrms10Hz_ch2pga1.bin,250,5089,26337,1,0xA3,1,0,0,192,0,0,41940.450668,-20.116568,56784.465909,54406.732321,48936.545849,0.000000,0.000000,0.000000
4294.687202,10uVrms10Hz_ch2pga1.bin,250,5090,26338,1,0xA3,1,0,0,192,0,0,41942.797601,-20.094216,56787.461042,54409.638047,48938.535154,0.000000,0.000000,0.000000
4294.691202,10uVrms10Hz_ch2pga1.bin,250,5091,26339,1,0xA3,1,0,0,192,0,0,41945.144534,-20.138919,56790.366769,54412.521422,48940.502107,0.000000,0.000000,0.000000
4294.695202,10uVrms10Hz_ch2pga1.bin,250,5092,26340,1,0xA3,1,0,0,192,0,0,41947.424412,-20.138919,56793.071330,54415.270686,48942.379653,0.000000,0.000000,0.000000
4294.699202,10uVrms10Hz_ch2pga1.bin,250,5093,26341,1,0xA3,1,0,0,192,0,0,41949.681938,-20.094216,56795.910001,54418.019950,48944.324255,0.000000,0.000000,0.000000
4294.703202,10uVrms10Hz_ch2pga1.bin,250,5094,26342,1,0xA3,1,0,0,192,0,0,41951.961815,-20.138919,56798.748672,54420.858622,48946.134746,0.000000,0.000000,0.000000
4294.707202,10uVrms10Hz_ch2pga1.bin,250,5095,26343,1,0xA3,1,0,0,192,0,0,41954.241693,-20.295382,56801.542640,54423.674941,48947.922885,0.000000,0.000000,0.000000
4294.711205,10uVrms10Hz_ch2pga1.bin,250,5096,26344,1,0xA3,1,0,0,192,0,0,41956.409812,-20.362437,56804.291904,54426.513612,48949.889839,0.000000,0.000000,0.000000
4294.715204,10uVrms10Hz_ch2pga1.bin,250,5097,26345,1,0xA3,1,0,0,192,0,0,41958.622634,-20.340085,56807.063520,54429.262877,48951.856792,0.000000,0.000000,0.000000
4294.719208,10uVrms10Hz_ch2pga1.bin,250,5098,26346,1,0xA3,1,0,0,192,0,0,41960.902512,-20.451844,56809.857488,54431.989789,48953.644931,0.000000,0.000000,0.000000
4294.723210,10uVrms10Hz_ch2pga1.bin,250,5099,26347,1,0xA3,1,0,0,192,0,0,41963.160038,-20.496547,56812.673807,54434.739053,48955.589533,0.000000,0.000000,0.000000
4294.727211,10uVrms10Hz_ch2pga1.bin,250,5100,26348,1,0xA3,1,0,0,192,0,0,41965.462267,-20.563602,56815.490127,54437.644780,48957.556486,0.000000,0.000000,0.000000
4294.731213,10uVrms10Hz_ch2pga1.bin,250,5101,26349,1,0xA3,1,0,0,192,0,0,41967.831552,-20.608306,56818.373501,54440.550506,48959.501088,0.000000,0.000000,0.000000
4294.735212,10uVrms10Hz_ch2pga1.bin,250,5102,26350,1,0xA3,1,0,0,192,0,0,41970.022023,-20.608306,56821.167469,54443.344474,48961.356282,0.000000,0.000000,0.000000
4294.739215,10uVrms10Hz_ch2pga1.bin,250,5103,26351,1,0xA3,1,0,0,192,0,0,41972.190142,-20.608306,56823.849678,54446.049035,48963.189125,0.000000,0.000000,0.000000
4294.743214,10uVrms10Hz_ch2pga1.bin,250,5104,26352,1,0xA3,1,0,0,192,0,0,41974.470019,-20.608306,56826.576591,54448.910058,48965.089023,0.000000,0.000000,0.000000
4294.747217,10uVrms10Hz_ch2pga1.bin,250,5105,26353,1,0xA3,1,0,0,192,0,0,41976.861656,-20.585954,56829.571724,54451.815784,48966.988921,0.000000,0.000000,0.000000
4294.751220,10uVrms10Hz_ch2pga1.bin,250,5106,26354,1,0xA3,1,0,0,192,0,0,41979.253292,-20.474195,56832.499802,54454.788566,48969.112337,0.000000,0.000000,0.000000
4294.755220,10uVrms10Hz_ch2pga1.bin,250,5107,26355,1,0xA3,1,0,0,192,0,0,41981.667280,-20.474195,56835.427880,54457.783699,48971.213400,0.000000,0.000000,0.000000
4294.759223,10uVrms10Hz_ch2pga1.bin,250,5108,26356,1,0xA3,1,0,0,192,0,0,41983.969510,-20.407140,56838.221848,54460.555315,48973.090947,0.000000,0.000000,0.000000
4294.763224,10uVrms10Hz_ch2pga1.bin,250,5109,26357,1,0xA3,1,0,0,192,0,0,41986.137629,-20.340085,56841.015816,54463.371634,48974.946141,0.000000,0.000000,0.000000
4294.767226,10uVrms10Hz_ch2pga1.bin,250,5110,26358,1,0xA3,1,0,0,192,0,0,41988.439858,-20.273030,56843.809783,54466.187954,48976.823688,0.000000,0.000000,0.000000
4294.771226,10uVrms10Hz_ch2pga1.bin,250,5111,26359,1,0xA3,1,0,0,192,0,0,41990.809143,-20.205975,56846.715510,54469.138384,48978.812993,0.000000,0.000000,0.000000
4294.775228,10uVrms10Hz_ch2pga1.bin,250,5112,26360,1,0xA3,1,0,0,192,0,0,41993.200779,-20.094216,56849.598885,54472.021759,48980.779946,0.000000,0.000000,0.000000
4294.779231,10uVrms10Hz_ch2pga1.bin,250,5113,26361,1,0xA3,1,0,0,192,0,0,41995.368898,-20.071864,56852.415204,54474.860430,48982.702196,0.000000,0.000000,0.000000
4294.783230,10uVrms10Hz_ch2pga1.bin,250,5114,26362,1,0xA3,1,0,0,192,0,0,41997.782886,-20.138919,56855.276227,54477.699101,48984.713852,0.000000,0.000000,0.000000
4294.787233,10uVrms10Hz_ch2pga1.bin,250,5115,26363,1,0xA3,1,0,0,192,0,0,42000.263929,-20.116568,56858.204305,54480.649531,48986.725509,0.000000,0.000000,0.000000
4294.791232,10uVrms10Hz_ch2pga1.bin,250,5116,26364,1,0xA3,1,0,0,192,0,0,42002.409697,-20.049512,56861.110032,54483.510554,48988.625407,0.000000,0.000000,0.000000
4294.795235,10uVrms10Hz_ch2pga1.bin,250,5117,26365,1,0xA3,1,0,0,192,0,0,42004.533112,-20.094216,56863.926351,54486.215115,48990.525305,0.000000,0.000000,0.000000
4294.799237,10uVrms10Hz_ch2pga1.bin,250,5118,26366,1,0xA3,1,0,0,192,0,0,42006.701231,-20.094216,56866.541505,54488.874972,48992.179334,0.000000,0.000000,0.000000
4294.803237,10uVrms10Hz_ch2pga1.bin,250,5119,26367,1,0xA3,1,0,0,192,0,0,42009.003460,-20.138919,56869.357824,54491.668940,48994.079232,0.000000,0.000000,0.000000
4294.807239,10uVrms10Hz_ch2pga1.bin,250,5120,26368,1,0xA3,1,0,0,192,0,0,42011.193931,-20.250678,56872.129440,54494.440556,48996.046185,0.000000,0.000000,0.000000
4294.811239,10uVrms10Hz_ch2pga1.bin,250,5121,26369,1,0xA3,1,0,0,192,0,0,42013.473809,-20.362437,56874.945760,54497.390985,48998.057842,0.000000,0.000000,0.000000
4294.815242,10uVrms10Hz_ch2pga1.bin,250,5122,26370,1,0xA3,1,0,0,192,0,0,42015.887797,-20.451844,56877.896190,54500.229657,49000.091851,0.000000,0.000000,0.000000
4294.819244,10uVrms10Hz_ch2pga1.bin,250,5123,26371,1,0xA3,1,0,0,192,0,0,42018.234730,-20.541251,56880.801916,54503.113031,49002.036452,0.000000,0.000000,0.000000
4294.823244,10uVrms10Hz_ch2pga1.bin,250,5124,26372,1,0xA3,1,0,0,192,0,0,42020.626366,-20.541251,56883.685291,54505.974054,49003.981054,0.000000,0.000000,0.000000
4294.827247,10uVrms10Hz_ch2pga1.bin,250,5125,26373,1,0xA3,1,0,0,192,0,0,42022.973299,-20.585954,56886.546314,54508.835077,49005.925655,0.000000,0.000000,0.000000
4294.831247,10uVrms10Hz_ch2pga1.bin,250,5126,26374,1,0xA3,1,0,0,192,0,0,42025.342584,-20.630658,56889.407337,54511.740804,49007.937312,0.000000,0.000000,0.000000
4294.835251,10uVrms10Hz_ch2pga1.bin,250,5127,26375,1,0xA3,1,0,0,192,0,0,42027.600110,-20.630658,56892.201304,54514.624178,49009.904265,0.000000,0.000000,0.000000
4294.839251,10uVrms10Hz_ch2pga1.bin,250,5128,26376,1,0xA3,1,0,0,192,0,0,42029.723525,-20.585954,56894.995272,54517.373443,49011.759460,0.000000,0.000000,0.000000
4294.843250,10uVrms10Hz_ch2pga1.bin,250,5129,26377,1,0xA3,1,0,0,192,0,0,42032.070458,-20.608306,56897.900999,54520.323873,49013.659358,0.000000,0.000000,0.000000
4294.847253,10uVrms10Hz_ch2pga1.bin,250,5130,26378,1,0xA3,1,0,0,192,0,0,42034.372687,-20.563602,56900.717318,54523.140192,49015.626311,0.000000,0.000000,0.000000
4294.851254,10uVrms10Hz_ch2pga1.bin,250,5131,26379,1,0xA3,1,0,0,192,0,0,42036.674917,-20.541251,56903.466582,54525.978863,49017.503858,0.000000,0.000000,0.000000
4294.855256,10uVrms10Hz_ch2pga1.bin,250,5132,26380,1,0xA3,1,0,0,192,0,0,42038.887739,-20.518899,56906.282902,54528.817534,49019.403756,0.000000,0.000000,0.000000
4294.859259,10uVrms10Hz_ch2pga1.bin,250,5133,26381,1,0xA3,1,0,0,192,0,0,42041.145265,-20.429492,56909.121573,54531.522095,49021.326005,0.000000,0.000000,0.000000
4294.863259,10uVrms10Hz_ch2pga1.bin,250,5134,26382,1,0xA3,1,0,0,192,0,0,42043.469846,-20.384789,56911.982596,54534.316063,49023.203552,0.000000,0.000000,0.000000
4294.867262,10uVrms10Hz_ch2pga1.bin,250,5135,26383,1,0xA3,1,0,0,192,0,0,42045.682669,-20.250678,56914.821267,54537.110031,49025.148153,0.000000,0.000000,0.000000
4294.871261,10uVrms10Hz_ch2pga1.bin,250,5136,26384,1,0xA3,1,0,0,192,0,0,42048.163712,-20.183623,56917.704642,54540.149868,49027.226865,0.000000,0.000000,0.000000
4294.875264,10uVrms10Hz_ch2pga1.bin,250,5137,26385,1,0xA3,1,0,0,192,0,0,42050.600052,-20.161271,56920.632720,54543.077946,49029.238522,0.000000,0.000000,0.000000
4294.879264,10uVrms10Hz_ch2pga1.bin,250,5138,26386,1,0xA3,1,0,0,192,0,0,42052.879930,-20.138919,56923.560798,54545.938969,49031.183124,0.000000,0.000000,0.000000
4294.883267,10uVrms10Hz_ch2pga1.bin,250,5139,26387,1,0xA3,1,0,0,192,0,0,42055.204511,-20.094216,56926.488876,54548.732936,49033.172429,0.000000,0.000000,0.000000
4294.887268,10uVrms10Hz_ch2pga1.bin,250,5140,26388,1,0xA3,1,0,0,192,0,0,42057.640851,-20.071864,56929.439306,54551.728070,49035.251141,0.000000,0.000000,0.000000
4294.891271,10uVrms10Hz_ch2pga1.bin,250,5141,26389,1,0xA3,1,0,0,192,0,0,42059.943080,-20.049512,56932.322681,54554.633796,49037.240446,0.000000,0.000000,0.000000
4294.895270,10uVrms10Hz_ch2pga1.bin,250,5142,26390,1,0xA3,1,0,0,192,0,0,42062.245309,-20.027161,56935.139000,54557.539523,49039.185047,0.000000,0.000000,0.000000
4294.899274,10uVrms10Hz_ch2pga1.bin,250,5143,26391,1,0xA3,1,0,0,192,0,0,42064.659297,-20.205975,56938.000023,54560.400546,49041.152000,0.000000,0.000000,0.000000
4294.903274,10uVrms10Hz_ch2pga1.bin,250,5144,26392,1,0xA3,1,0,0,192,0,0,42067.006230,-20.205975,56940.905750,54563.350976,49043.141305,0.000000,0.000000,0.000000
4294.907276,10uVrms10Hz_ch2pga1.bin,250,5145,26393,1,0xA3,1,0,0,192,0,0,42069.286108,-20.250678,56943.766773,54566.144943,49045.108259,0.000000,0.000000,0.000000
4294.911276,10uVrms10Hz_ch2pga1.bin,250,5146,26394,1,0xA3,1,0,0,192,0,0,42071.610689,-20.250678,56946.605444,54569.050670,49047.097564,0.000000,0.000000,0.000000
4294.915279,10uVrms10Hz_ch2pga1.bin,250,5147,26395,1,0xA3,1,0,0,192,0,0,42073.756456,-20.340085,56949.377060,54571.777582,49048.908055,0.000000,0.000000,0.000000
4294.919279,10uVrms10Hz_ch2pga1.bin,250,5148,26396,1,0xA3,1,0,0,192,0,0,42076.036334,-20.362437,56952.193379,54574.526846,49050.740898,0.000000,0.000000,0.000000
4294.923281,10uVrms10Hz_ch2pga1.bin,250,5149,26397,1,0xA3,1,0,0,192,0,0,42078.383267,-20.541251,56955.099106,54577.454925,49052.707851,0.000000,0.000000,0.000000
4294.927284,10uVrms10Hz_ch2pga1.bin,250,5150,26398,1,0xA3,1,0,0,192,0,0,42080.685496,-20.608306,56957.937777,54580.360651,49054.697156,0.000000,0.000000,0.000000
4294.931283,10uVrms10Hz_ch2pga1.bin,250,5151,26399,1,0xA3,1,0,0,192,0,0,42083.099484,-20.608306,56960.888207,54583.288729,49056.775868,0.000000,0.000000,0.000000
4294.935286,10uVrms10Hz_ch2pga1.bin,250,5152,26400,1,0xA3,1,0,0,192,0,0,42085.334659,-20.630658,56963.771582,54586.172104,49058.675766,0.000000,0.000000,0.000000
4294.939289,10uVrms10Hz_ch2pga1.bin,250,5153,26401,1,0xA3,1,0,0,192,0,0,42087.502778,-20.697713,56966.543198,54588.943720,49060.530961,0.000000,0.000000,0.000000
4294.943288,10uVrms10Hz_ch2pga1.bin,250,5154,26402,1,0xA3,1,0,0,192,0,0,42089.805007,-20.675361,56969.337165,54591.715336,49062.430859,0.000000,0.000000,0.000000
4294.947291,10uVrms10Hz_ch2pga1.bin,250,5155,26403,1,0xA3,1,0,0,192,0,0,42092.241347,-20.585954,56972.242892,54594.598711,49064.464867,0.000000,0.000000,0.000000
4294.951291,10uVrms10Hz_ch2pga1.bin,250,5156,26404,1,0xA3,1,0,0,192,0,0,42094.610631,-20.608306,56975.126266,54597.504437,49066.454172,0.000000,0.000000,0.000000
4294.955294,10uVrms10Hz_ch2pga1.bin,250,5157,26405,1,0xA3,1,0,0,192,0,0,42096.845806,-20.585954,56978.009641,54600.454867,49068.398774,0.000000,0.000000,0.000000
4294.959294,10uVrms10Hz_ch2pga1.bin,250,5158,26406,1,0xA3,1,0,0,192,0,0,42099.148035,-20.451844,56980.736554,54603.159428,49070.231616,0.000000,0.000000,0.000000
