timestamp_s,source,fs_hz,sample_index,seq,mode,flags,pending,queue_depth,queue_drop_lsb,status0,status1,status2,ch1_V,ch2_V,ch3_V,ch4_V,ch5_V,ch6_V,ch7_V,ch8_V
0.000000,5uVp10hz_ch2pga1.bin,250,0,45985,1,0xA3,1,0,0,192,0,0,45786.425471,-21.055341,67259.967327,66972.680390,60659.073293,0.000000,0.000000,0.000000
0.003997,5uVp10hz_ch2pga1.bin,250,1,45986,1,0xA3,1,0,0,192,0,0,45789.822936,-21.032989,67265.577614,66978.693008,60663.387179,0.000000,0.000000,0.000000
0.007998,5uVp10hz_ch2pga1.bin,250,2,45987,1,0xA3,1,0,0,192,0,0,45793.198049,-20.988286,67271.254957,66984.817386,60667.723417,0.000000,0.000000,0.000000
0.012002,5uVp10hz_ch2pga1.bin,250,3,45988,1,0xA3,1,0,0,192,0,0,45796.528459,-21.055341,67276.865244,66990.874708,60671.970248,0.000000,0.000000,0.000000
0.016002,5uVp10hz_ch2pga1.bin,250,4,45989,1,0xA3,1,0,0,192,0,0,45799.925923,-21.100044,67282.453179,66996.909678,60676.194727,0.000000,0.000000,0.000000
0.020006,5uVp10hz_ch2pga1.bin,250,5,45990,1,0xA3,1,0,0,192,0,0,45803.345740,-21.100044,67288.108170,67003.056407,60680.598021,0.000000,0.000000,0.000000
0.024005,5uVp10hz_ch2pga1.bin,250,6,45991,1,0xA3,1,0,0,192,0,0,45806.854963,-21.077693,67293.785512,67009.136081,60684.889555,0.000000,0.000000,0.000000
0.028009,5uVp10hz_ch2pga1.bin,250,7,45992,1,0xA3,1,0,0,192,0,0,45810.185373,-21.055341,67299.395800,67015.148699,60689.158738,0.000000,0.000000,0.000000
0.032008,5uVp10hz_ch2pga1.bin,250,8,45993,1,0xA3,1,0,0,192,0,0,45813.471079,-21.032989,67304.939032,67021.183670,60693.383217,0.000000,0.000000,0.000000
0.036012,5uVp10hz_ch2pga1.bin,250,9,45994,1,0xA3,1,0,0,192,0,0,45816.823840,-21.032989,67310.482264,67027.173936,60697.630048,0.000000,0.000000,0.000000
0.040011,5uVp10hz_ch2pga1.bin,250,10,45995,1,0xA3,1,0,0,192,0,0,45820.131898,-20.943582,67316.092551,67033.186555,60701.854527,0.000000,0.000000,0.000000
0.044015,5uVp10hz_ch2pga1.bin,250,11,45996,1,0xA3,1,0,0,192,0,0,45823.663473,-20.988286,67321.792245,67039.310932,60706.302524,0.000000,0.000000,0.000000
0.048015,5uVp10hz_ch2pga1.bin,250,12,45997,1,0xA3,1,0,0,192,0,0,45827.172697,-20.943582,67327.514291,67045.457661,60710.750520,0.000000,0.000000,0.000000
0.052015,5uVp10hz_ch2pga1.bin,250,13,45998,1,0xA3,1,0,0,192,0,0,45830.480754,-20.965934,67333.191633,67051.537335,60714.997351,0.000000,0.000000,0.000000
0.056017,5uVp10hz_ch2pga1.bin,250,14,45999,1,0xA3,1,0,0,192,0,0,45833.833516,-20.921230,67338.779569,67057.549953,60719.177127,0.000000,0.000000,0.000000
0.060020,5uVp10hz_ch2pga1.bin,250,15,46000,1,0xA3,1,0,0,192,0,0,45837.141573,-20.898879,67344.434559,67063.562572,60723.491013,0.000000,0.000000,0.000000
0.064021,5uVp10hz_ch2pga1.bin,250,16,46001,1,0xA3,1,0,0,192,0,0,45840.494335,-20.831823,67350.067198,67069.619894,60727.715492,0.000000,0.000000,0.000000
0.068024,5uVp10hz_ch2pga1.bin,250,17,46002,1,0xA3,1,0,0,192,0,0,45843.802392,-20.809472,67355.588078,67075.699568,60732.029378,0.000000,0.000000,0.000000
0.072024,5uVp10hz_ch2pga1.bin,250,18,46003,1,0xA3,1,0,0,192,0,0,45847.177505,-20.854175,67361.131310,67081.756890,60736.298561,0.000000,0.000000,0.000000
0.076024,5uVp10hz_ch2pga1.bin,250,19,46004,1,0xA3,1,0,0,192,0,0,45850.574970,-20.831823,67366.786301,67087.814212,60740.634799,0.000000,0.000000,0.000000
0.080028,5uVp10hz_ch2pga1.bin,250,20,46005,1,0xA3,1,0,0,192,0,0,45854.017138,-20.831823,67372.463644,67093.916237,60745.060444,0.000000,0.000000,0.000000
0.084028,5uVp10hz_ch2pga1.bin,250,21,46006,1,0xA3,1,0,0,192,0,0,45857.436955,-20.831823,67378.140986,67100.018263,60749.307275,0.000000,0.000000,0.000000
0.088031,5uVp10hz_ch2pga1.bin,250,22,46007,1,0xA3,1,0,0,192,0,0,45860.767365,-20.876527,67383.795977,67106.142640,60753.576458,0.000000,0.000000,0.000000
0.092030,5uVp10hz_ch2pga1.bin,250,23,46008,1,0xA3,1,0,0,192,0,0,45864.075422,-20.921230,67389.361560,67112.065852,60757.823288,0.000000,0.000000,0.000000
0.096033,5uVp10hz_ch2pga1.bin,250,24,46009,1,0xA3,1,0,0,192,0,0,45867.405832,-20.921230,67394.971848,67118.033767,60762.047768,0.000000,0.000000,0.000000
0.100034,5uVp10hz_ch2pga1.bin,250,25,46010,1,0xA3,1,0,0,192,0,0,45870.937407,-21.010637,67400.783300,67124.158144,60766.428709,0.000000,0.000000,0.000000
0.104038,5uVp10hz_ch2pga1.bin,250,26,46011,1,0xA3,1,0,0,192,0,0,45874.334872,-21.032989,67406.438291,67130.327225,60770.764947,0.000000,0.000000,0.000000
0.108037,5uVp10hz_ch2pga1.bin,250,27,46012,1,0xA3,1,0,0,192,0,0,45877.709985,-21.032989,67412.048578,67136.429250,60775.123537,0.000000,0.000000,0.000000
0.112040,5uVp10hz_ch2pga1.bin,250,28,46013,1,0xA3,1,0,0,192,0,0,45880.995691,-21.010637,67417.591810,67142.374814,60779.280961,0.000000,0.000000,0.000000
0.116040,5uVp10hz_ch2pga1.bin,250,29,46014,1,0xA3,1,0,0,192,0,0,45884.303749,-21.055341,67423.157394,67148.499191,60783.527792,0.000000,0.000000,0.000000
0.120042,5uVp10hz_ch2pga1.bin,250,30,46015,1,0xA3,1,0,0,192,0,0,45887.589455,-21.010637,67428.812385,67154.556513,60787.752271,0.000000,0.000000,0.000000
0.124042,5uVp10hz_ch2pga1.bin,250,31,46016,1,0xA3,1,0,0,192,0,0,45891.009271,-21.055341,67434.512079,67160.703242,60792.133212,0.000000,0.000000,0.000000
0.128045,5uVp10hz_ch2pga1.bin,250,32,46017,1,0xA3,1,0,0,192,0,0,45894.518495,-20.988286,67440.144718,67166.849971,60796.469450,0.000000,0.000000,0.000000
0.132046,5uVp10hz_ch2pga1.bin,250,33,46018,1,0xA3,1,0,0,192,0,0,45897.938311,-21.032989,67445.732653,67172.929645,60800.783336,0.000000,0.000000,0.000000
0.136049,5uVp10hz_ch2pga1.bin,250,34,46019,1,0xA3,1,0,0,192,0,0,45901.358128,-21.100044,67451.477051,67179.076374,60805.097222,0.000000,0.000000,0.000000
0.140048,5uVp10hz_ch2pga1.bin,250,35,46020,1,0xA3,1,0,0,192,0,0,45904.755592,-21.055341,67457.132041,67185.133696,60809.433460,0.000000,0.000000,0.000000
0.144051,5uVp10hz_ch2pga1.bin,250,36,46021,1,0xA3,1,0,0,192,0,0,45908.197761,-20.921230,67462.831736,67191.302776,60813.903809,0.000000,0.000000,0.000000
0.148051,5uVp10hz_ch2pga1.bin,250,37,46022,1,0xA3,1,0,0,192,0,0,45911.483467,-20.898879,67468.442023,67197.248340,60818.105936,0.000000,0.000000,0.000000
0.152054,5uVp10hz_ch2pga1.bin,250,38,46023,1,0xA3,1,0,0,192,0,0,45914.858580,-20.854175,67474.052310,67203.395069,60822.308064,0.000000,0.000000,0.000000
0.156054,5uVp10hz_ch2pga1.bin,250,39,46024,1,0xA3,1,0,0,192,0,0,45918.278396,-20.876527,67479.617894,67209.564149,60826.666653,0.000000,0.000000,0.000000
0.160056,5uVp10hz_ch2pga1.bin,250,40,46025,1,0xA3,1,0,0,192,0,0,45921.720564,-20.921230,67485.339940,67215.688527,60831.069946,0.000000,0.000000,0.000000
0.164059,5uVp10hz_ch2pga1.bin,250,41,46026,1,0xA3,1,0,0,192,0,0,45925.140381,-20.921230,67491.151392,67221.812904,60835.540295,0.000000,0.000000,0.000000
0.168059,5uVp10hz_ch2pga1.bin,250,42,46027,1,0xA3,1,0,0,192,0,0,45928.537846,-20.876527,67496.851087,67227.892578,60839.697719,0.000000,0.000000,0.000000
0.172062,5uVp10hz_ch2pga1.bin,250,43,46028,1,0xA3,1,0,0,192,0,0,45931.845903,-20.809472,67502.439022,67233.905196,60843.966901,0.000000,0.000000,0.000000
0.176061,5uVp10hz_ch2pga1.bin,250,44,46029,1,0xA3,1,0,0,192,0,0,45935.310423,-20.831823,67508.004606,67239.984870,60848.325491,0.000000,0.000000,0.000000
0.180064,5uVp10hz_ch2pga1.bin,250,45,46030,1,0xA3,1,0,0,192,0,0,45938.774943,-20.876527,67513.659596,67246.086895,60852.661729,0.000000,0.000000,0.000000
0.184065,5uVp10hz_ch2pga1.bin,250,46,46031,1,0xA3,1,0,0,192,0,0,45942.239463,-20.943582,67519.314587,67252.121866,60856.953263,0.000000,0.000000,0.000000
0.188068,5uVp10hz_ch2pga1.bin,250,47,46032,1,0xA3,1,0,0,192,0,0,45945.636928,-20.921230,67524.947226,67258.201540,60861.311853,0.000000,0.000000,0.000000
0.192069,5uVp10hz_ch2pga1.bin,250,48,46033,1,0xA3,1,0,0,192,0,0,45949.056745,-20.876527,67530.781031,67264.415324,60865.715146,0.000000,0.000000,0.000000
0.196072,5uVp10hz_ch2pga1.bin,250,49,46034,1,0xA3,1,0,0,192,0,0,45952.387154,-20.921230,67536.301911,67270.517349,60869.917274,0.000000,0.000000,0.000000
0.200072,5uVp10hz_ch2pga1.bin,250,50,46035,1,0xA3,1,0,0,192,0,0,45955.695212,-20.943582,67541.912198,67276.507616,60874.141753,0.000000,0.000000,0.000000
0.204072,5uVp10hz_ch2pga1.bin,250,51,46036,1,0xA3,1,0,0,192,0,0,45959.047973,-20.943582,67547.634244,67282.564938,60878.477991,0.000000,0.000000,0.000000
0.208076,5uVp10hz_ch2pga1.bin,250,52,46037,1,0xA3,1,0,0,192,0,0,45962.512493,-21.032989,67553.356290,67288.778722,60882.881284,0.000000,0.000000,0.000000
0.212076,5uVp10hz_ch2pga1.bin,250,53,46038,1,0xA3,1,0,0,192,0,0,45965.999365,-21.032989,67558.988929,67294.947803,60887.172818,0.000000,0.000000,0.000000
0.216077,5uVp10hz_ch2pga1.bin,250,54,46039,1,0xA3,1,0,0,192,0,0,45969.329774,-21.032989,67564.666271,67300.960422,60891.553760,0.000000,0.000000,0.000000
0.220080,5uVp10hz_ch2pga1.bin,250,55,46040,1,0xA3,1,0,0,192,0,0,45972.771943,-21.100044,67570.388317,67307.151854,60895.889997,0.000000,0.000000,0.000000
0.224081,5uVp10hz_ch2pga1.bin,250,56,46041,1,0xA3,1,0,0,192,0,0,45976.236463,-21.122396,67576.132715,67313.343287,60900.248587,0.000000,0.000000,0.000000
0.228082,5uVp10hz_ch2pga1.bin,250,57,46042,1,0xA3,1,0,0,192,0,0,45979.566872,-21.100044,67581.743002,67319.467664,60904.562473,0.000000,0.000000,0.000000
0.232086,5uVp10hz_ch2pga1.bin,250,58,46043,1,0xA3,1,0,0,192,0,0,45982.763171,-21.100044,67587.152123,67325.413227,60908.675194,0.000000,0.000000,0.000000
0.236085,5uVp10hz_ch2pga1.bin,250,59,46044,1,0xA3,1,0,0,192,0,0,45986.138284,-21.055341,67592.829466,67331.470549,60912.966728,0.000000,0.000000,0.000000
0.240088,5uVp10hz_ch2pga1.bin,250,60,46045,1,0xA3,1,0,0,192,0,0,45989.625156,-20.988286,67598.551512,67337.617278,60917.258263,0.000000,0.000000,0.000000
0.244089,5uVp10hz_ch2pga1.bin,250,61,46046,1,0xA3,1,0,0,192,0,0,45992.977917,-20.943582,67604.251206,67343.696952,60921.616852,0.000000,0.000000,0.000000
0.248092,5uVp10hz_ch2pga1.bin,250,62,46047,1,0xA3,1,0,0,192,0,0,45996.420085,-20.965934,67609.973252,67349.888384,60925.997794,0.000000,0.000000,0.000000
0.252092,5uVp10hz_ch2pga1.bin,250,63,46048,1,0xA3,1,0,0,192,0,0,45999.906957,-20.921230,67615.650594,67356.035113,60930.401087,0.000000,0.000000,0.000000
0.256096,5uVp10hz_ch2pga1.bin,250,64,46049,1,0xA3,1,0,0,192,0,0,46003.326774,-20.898879,67621.238530,67362.047732,60934.625566,0.000000,0.000000,0.000000
0.260095,5uVp10hz_ch2pga1.bin,250,65,46050,1,0xA3,1,0,0,192,0,0,46006.791294,-20.876527,67626.960576,67368.306220,60939.006507,0.000000,0.000000,0.000000
0.264098,5uVp10hz_ch2pga1.bin,250,66,46051,1,0xA3,1,0,0,192,0,0,46010.322869,-20.876527,67632.749677,67374.542356,60943.499207,0.000000,0.000000,0.000000
0.268098,5uVp10hz_ch2pga1.bin,250,67,46052,1,0xA3,1,0,0,192,0,0,46013.832092,-20.876527,67638.561130,67380.756140,60947.902501,0.000000,0.000000,0.000000
0.272101,5uVp10hz_ch2pga1.bin,250,68,46053,1,0xA3,1,0,0,192,0,0,46017.184854,-20.831823,67644.171417,67386.791110,60952.126980,0.000000,0.000000,0.000000
0.276102,5uVp10hz_ch2pga1.bin,250,69,46054,1,0xA3,1,0,0,192,0,0,46020.694077,-20.787120,67649.826407,67392.982543,60956.463218,0.000000,0.000000,0.000000
0.280105,5uVp10hz_ch2pga1.bin,250,70,46055,1,0xA3,1,0,0,192,0,0,46024.002135,-20.809472,67655.548453,67399.084568,60960.821807,0.000000,0.000000,0.000000
0.284104,5uVp10hz_ch2pga1.bin,250,71,46056,1,0xA3,1,0,0,192,0,0,46027.399600,-20.943582,67661.158741,67405.208945,60965.113342,0.000000,0.000000,0.000000
0.288107,5uVp10hz_ch2pga1.bin,250,72,46057,1,0xA3,1,0,0,192,0,0,46030.774713,-20.921230,67666.836083,67411.333323,60969.427228,0.000000,0.000000,0.000000
0.292107,5uVp10hz_ch2pga1.bin,250,73,46058,1,0xA3,1,0,0,192,0,0,46034.172177,-20.921230,67672.446370,67417.390645,60973.718762,0.000000,0.000000,0.000000
0.296111,5uVp10hz_ch2pga1.bin,250,74,46059,1,0xA3,1,0,0,192,0,0,46037.591994,-20.921230,67678.123713,67423.515022,60978.077352,0.000000,0.000000,0.000000
0.300110,5uVp10hz_ch2pga1.bin,250,75,46060,1,0xA3,1,0,0,192,0,0,46041.056514,-20.988286,67683.935165,67429.706454,60982.368886,0.000000,0.000000,0.000000
0.304111,5uVp10hz_ch2pga1.bin,250,76,46061,1,0xA3,1,0,0,192,0,0,46044.565737,-21.055341,67689.791322,67435.920238,60986.928642,0.000000,0.000000,0.000000
0.308115,5uVp10hz_ch2pga1.bin,250,77,46062,1,0xA3,1,0,0,192,0,0,46048.052609,-21.010637,67695.401609,67442.089319,60991.331935,0.000000,0.000000,0.000000
0.312115,5uVp10hz_ch2pga1.bin,250,78,46063,1,0xA3,1,0,0,192,0,0,46051.450074,-21.032989,67700.989544,67448.191345,60995.534062,0.000000,0.000000,0.000000
0.316118,5uVp10hz_ch2pga1.bin,250,79,46064,1,0xA3,1,0,0,192,0,0,46054.825187,-21.100044,67706.599832,67454.271019,60999.847949,0.000000,0.000000,0.000000
0.320118,5uVp10hz_ch2pga1.bin,250,80,46065,1,0xA3,1,0,0,192,0,0,46058.289707,-21.077693,67712.344229,67460.350692,61004.206538,0.000000,0.000000,0.000000
0.324118,5uVp10hz_ch2pga1.bin,250,81,46066,1,0xA3,1,0,0,192,0,0,46061.642468,-21.077693,67718.043923,67466.452718,61008.498073,0.000000,0.000000,0.000000
0.328122,5uVp10hz_ch2pga1.bin,250,82,46067,1,0xA3,1,0,0,192,0,0,46065.106988,-21.077693,67723.743618,67472.711205,61012.923717,0.000000,0.000000,0.000000
0.332122,5uVp10hz_ch2pga1.bin,250,83,46068,1,0xA3,1,0,0,192,0,0,46068.660915,-21.100044,67729.420960,67478.924990,61017.282307,0.000000,0.000000,0.000000
0.336125,5uVp10hz_ch2pga1.bin,250,84,46069,1,0xA3,1,0,0,192,0,0,46072.103083,-21.100044,67735.098302,67485.094070,61021.551490,0.000000,0.000000,0.000000
0.340125,5uVp10hz_ch2pga1.bin,250,85,46070,1,0xA3,1,0,0,192,0,0,46075.522900,-21.055341,67740.887403,67491.240799,61025.932431,0.000000,0.000000,0.000000
0.344129,5uVp10hz_ch2pga1.bin,250,86,46071,1,0xA3,1,0,0,192,0,0,46078.920364,-20.943582,67746.631801,67497.342825,61030.402780,0.000000,0.000000,0.000000
0.348129,5uVp10hz_ch2pga1.bin,250,87,46072,1,0xA3,1,0,0,192,0,0,46082.273126,-20.921230,67752.242088,67503.444850,61034.671962,0.000000,0.000000,0.000000
0.352133,5uVp10hz_ch2pga1.bin,250,88,46073,1,0xA3,1,0,0,192,0,0,46085.692942,-20.876527,67757.852376,67509.546876,61038.896441,0.000000,0.000000,0.000000
0.356133,5uVp10hz_ch2pga1.bin,250,89,46074,1,0xA3,1,0,0,192,0,0,46089.045703,-20.943582,67763.462663,67515.604198,61043.232679,0.000000,0.000000,0.000000
0.360133,5uVp10hz_ch2pga1.bin,250,90,46075,1,0xA3,1,0,0,192,0,0,46092.487872,-20.921230,67769.140005,67521.683872,61047.546566,0.000000,0.000000,0.000000
0.364136,5uVp10hz_ch2pga1.bin,250,91,46076,1,0xA3,1,0,0,192,0,0,46095.862985,-20.876527,67774.884403,67527.808249,61051.838100,0.000000,0.000000,0.000000
0.368137,5uVp10hz_ch2pga1.bin,250,92,46077,1,0xA3,1,0,0,192,0,0,46099.215746,-20.876527,67780.472338,67533.798516,61056.107283,0.000000,0.000000,0.000000
0.372140,5uVp10hz_ch2pga1.bin,250,93,46078,1,0xA3,1,0,0,192,0,0,46102.546155,-20.898879,67786.104977,67539.945245,61060.376465,0.000000,0.000000,0.000000
0.376140,5uVp10hz_ch2pga1.bin,250,94,46079,1,0xA3,1,0,0,192,0,0,46105.898917,-20.876527,67791.715264,67546.091974,61064.712703,0.000000,0.000000,0.000000
0.380143,5uVp10hz_ch2pga1.bin,250,95,46080,1,0xA3,1,0,0,192,0,0,46109.296381,-20.921230,67797.392607,67552.216351,61069.048941,0.000000,0.000000,0.000000
0.384144,5uVp10hz_ch2pga1.bin,250,96,46081,1,0xA3,1,0,0,192,0,0,46112.872660,-20.898879,67803.159356,67558.385432,61073.474586,0.000000,0.000000,0.000000
0.388144,5uVp10hz_ch2pga1.bin,250,97,46082,1,0xA3,1,0,0,192,0,0,46116.203070,-20.876527,67808.791995,67564.487457,61077.788472,0.000000,0.000000,0.000000
0.392147,5uVp10hz_ch2pga1.bin,250,98,46083,1,0xA3,1,0,0,192,0,0,46119.533479,-20.921230,67814.446986,67570.589483,61082.080007,0.000000,0.000000,0.000000
0.396147,5uVp10hz_ch2pga1.bin,250,99,46084,1,0xA3,1,0,0,192,0,0,46122.997999,-20.988286,67820.146680,67576.669157,61086.393893,0.000000,0.000000,0.000000
0.400151,5uVp10hz_ch2pga1.bin,250,100,46085,1,0xA3,1,0,0,192,0,0,46126.306057,-21.055341,67825.779319,67582.815886,61090.685427,0.000000,0.000000,0.000000
0.404150,5uVp10hz_ch2pga1.bin,250,101,46086,1,0xA3,1,0,0,192,0,0,46129.815280,-21.032989,67831.546068,67589.029670,61095.133424,0.000000,0.000000,0.000000
0.408153,5uVp10hz_ch2pga1.bin,250,102,46087,1,0xA3,1,0,0,192,0,0,46133.391559,-21.055341,67837.379873,67595.332861,61099.626124,0.000000,0.000000,0.000000
0.412153,5uVp10hz_ch2pga1.bin,250,103,46088,1,0xA3,1,0,0,192,0,0,46136.923134,-21.100044,67843.034863,67601.524293,61103.940010,0.000000,0.000000,0.000000
0.416157,5uVp10hz_ch2pga1.bin,250,104,46089,1,0xA3,1,0,0,192,0,0,46140.342951,-21.122396,67848.779261,67607.715726,61108.298600,0.000000,0.000000,0.000000
0.420155,5uVp10hz_ch2pga1.bin,250,105,46090,1,0xA3,1,0,0,192,0,0,46143.651009,-21.144748,67854.478955,67613.840103,61112.657189,0.000000,0.000000,0.000000
0.424159,5uVp10hz_ch2pga1.bin,250,106,46091,1,0xA3,1,0,0,192,0,0,46146.981418,-21.144748,67860.089242,67619.919777,61116.926372,0.000000,0.000000,0.000000
0.428159,5uVp10hz_ch2pga1.bin,250,107,46092,1,0xA3,1,0,0,192,0,0,46150.445938,-21.077693,67865.766585,67625.954747,61121.262610,0.000000,0.000000,0.000000
0.432163,5uVp10hz_ch2pga1.bin,250,108,46093,1,0xA3,1,0,0,192,0,0,46153.798699,-20.988286,67871.466279,67632.079124,61125.487089,0.000000,0.000000,0.000000
0.436163,5uVp10hz_ch2pga1.bin,250,109,46094,1,0xA3,1,0,0,192,0,0,46157.263219,-21.010637,67877.277732,67638.225853,61129.868031,0.000000,0.000000,0.000000
0.440166,5uVp10hz_ch2pga1.bin,250,110,46095,1,0xA3,1,0,0,192,0,0,46160.750091,-21.010637,67882.999778,67644.439638,61134.360731,0.000000,0.000000,0.000000
0.444167,5uVp10hz_ch2pga1.bin,250,111,46096,1,0xA3,1,0,0,192,0,0,46164.125204,-21.032989,67888.677120,67650.631070,61138.674617,0.000000,0.000000,0.000000
0.448167,5uVp10hz_ch2pga1.bin,250,112,46097,1,0xA3,1,0,0,192,0,0,46167.477965,-20.921230,67894.265056,67656.666040,61142.832041,0.000000,0.000000,0.000000
0.452170,5uVp10hz_ch2pga1.bin,250,113,46098,1,0xA3,1,0,0,192,0,0,46170.786023,-20.943582,67899.852991,67662.723362,61147.056520,0.000000,0.000000,0.000000
0.456171,5uVp10hz_ch2pga1.bin,250,114,46099,1,0xA3,1,0,0,192,0,0,46174.049377,-20.921230,67905.530334,67668.803036,61151.325703,0.000000,0.000000,0.000000
0.460175,5uVp10hz_ch2pga1.bin,250,115,46100,1,0xA3,1,0,0,192,0,0,46177.491546,-20.876527,67911.252379,67674.994469,61155.706644,0.000000,0.000000,0.000000
0.464175,5uVp10hz_ch2pga1.bin,250,116,46101,1,0xA3,1,0,0,192,0,0,46180.956066,-20.831823,67916.885018,67681.141198,61160.132289,0.000000,0.000000,0.000000
0.468175,5uVp10hz_ch2pga1.bin,250,117,46102,1,0xA3,1,0,0,192,0,0,46184.375882,-20.831823,67922.607064,67687.243223,61164.557934,0.000000,0.000000,0.000000
0.472179,5uVp10hz_ch2pga1.bin,250,118,46103,1,0xA3,1,0,0,192,0,0,46187.795699,-20.854175,67928.373814,67693.501711,61168.916523,0.000000,0.000000,0.000000
0.476180,5uVp10hz_ch2pga1.bin,250,119,46104,1,0xA3,1,0,0,192,0,0,46191.282570,-20.809472,67934.095860,67699.626088,61173.342168,0.000000,0.000000,0.000000
0.480180,5uVp10hz_ch2pga1.bin,250,120,46105,1,0xA3,1,0,0,192,0,0,46194.724739,-20.876527,67939.795554,67705.839872,61177.700758,0.000000,0.000000,0.000000
0.484184,5uVp10hz_ch2pga1.bin,250,121,46106,1,0xA3,1,0,0,192,0,0,46198.211610,-20.898879,67945.562303,67712.008953,61181.992292,0.000000,0.000000,0.000000
0.488184,5uVp10hz_ch2pga1.bin,250,122,46107,1,0xA3,1,0,0,192,0,0,46201.676130,-20.831823,67951.217294,67718.155682,61186.283827,0.000000,0.000000,0.000000
0.492187,5uVp10hz_ch2pga1.bin,250,123,46108,1,0xA3,1,0,0,192,0,0,46205.051243,-20.876527,67956.916988,67724.302411,61190.642416,0.000000,0.000000,0.000000
0.496187,5uVp10hz_ch2pga1.bin,250,124,46109,1,0xA3,1,0,0,192,0,0,46208.426356,-20.921230,67962.616682,67730.426788,61195.023358,0.000000,0.000000,0.000000
0.500191,5uVp10hz_ch2pga1.bin,250,125,46110,1,0xA3,1,0,0,192,0,0,46211.823821,-20.921230,67968.271673,67736.573517,61199.292541,0.000000,0.000000,0.000000
0.504191,5uVp10hz_ch2pga1.bin,250,126,46111,1,0xA3,1,0,0,192,0,0,46215.221286,-21.077693,67973.993719,67742.742598,61203.695834,0.000000,0.000000,0.000000
0.508191,5uVp10hz_ch2pga1.bin,250,127,46112,1,0xA3,1,0,0,192,0,0,46218.663454,-21.055341,67979.715765,67748.866975,61208.009720,0.000000,0.000000,0.000000
0.512195,5uVp10hz_ch2pga1.bin,250,128,46113,1,0xA3,1,0,0,192,0,0,46222.083271,-21.122396,67985.393107,67755.080760,61212.301254,0.000000,0.000000,0.000000
0.516199,5uVp10hz_ch2pga1.bin,250,129,46114,1,0xA3,1,0,0,192,0,0,46225.391328,-21.100044,67990.936339,67761.182785,61216.548085,0.000000,0.000000,0.000000
0.520199,5uVp10hz_ch2pga1.bin,250,130,46115,1,0xA3,1,0,0,192,0,0,46228.744090,-21.055341,67996.591330,67767.217755,61220.906675,0.000000,0.000000,0.000000
0.524204,5uVp10hz_ch2pga1.bin,250,131,46116,1,0xA3,1,0,0,192,0,0,46232.186258,-21.010637,68002.223969,67773.275077,61225.287616,0.000000,0.000000,0.000000
0.528204,5uVp10hz_ch2pga1.bin,250,132,46117,1,0xA3,1,0,0,192,0,0,46235.449612,-21.010637,68007.811904,67779.354751,61229.422688,0.000000,0.000000,0.000000
0.532204,5uVp10hz_ch2pga1.bin,250,133,46118,1,0xA3,1,0,0,192,0,0,46238.690615,-21.100044,68013.399839,67785.367370,61233.647168,0.000000,0.000000,0.000000
0.536207,5uVp10hz_ch2pga1.bin,250,134,46119,1,0xA3,1,0,0,192,0,0,46242.043376,-21.077693,68019.054830,67791.514099,61237.983406,0.000000,0.000000,0.000000
0.540207,5uVp10hz_ch2pga1.bin,250,135,46120,1,0xA3,1,0,0,192,0,0,46245.440841,-20.988286,68024.799228,67797.705531,61242.274940,0.000000,0.000000,0.000000
0.544207,5uVp10hz_ch2pga1.bin,250,136,46121,1,0xA3,1,0,0,192,0,0,46248.860657,-20.988286,68030.521274,67803.807557,61246.700585,0.000000,0.000000,0.000000
0.548207,5uVp10hz_ch2pga1.bin,250,137,46122,1,0xA3,1,0,0,192,0,0,46252.258122,-20.943582,68036.153913,67809.887230,61251.014471,0.000000,0.000000,0.000000
0.552207,5uVp10hz_ch2pga1.bin,250,138,46123,1,0xA3,1,0,0,192,0,0,46255.700290,-20.876527,68041.831255,67816.033959,61255.350709,0.000000,0.000000,0.000000
0.556207,5uVp10hz_ch2pga1.bin,250,139,46124,1,0xA3,1,0,0,192,0,0,46259.164810,-20.876527,68047.486246,67822.135985,61259.597540,0.000000,0.000000,0.000000
0.560210,5uVp10hz_ch2pga1.bin,250,140,46125,1,0xA3,1,0,0,192,0,0,46262.562275,-20.876527,68053.163588,67828.327417,61263.866723,0.000000,0.000000,0.000000
0.564210,5uVp10hz_ch2pga1.bin,250,141,46126,1,0xA3,1,0,0,192,0,0,46266.049147,-20.854175,68058.997393,67834.541202,61268.337071,0.000000,0.000000,0.000000
0.568213,5uVp10hz_ch2pga1.bin,250,142,46127,1,0xA3,1,0,0,192,0,0,46269.580722,-20.787120,68064.741790,67840.866745,61272.740364,0.000000,0.000000,0.000000
0.572213,5uVp10hz_ch2pga1.bin,250,143,46128,1,0xA3,1,0,0,192,0,0,46273.067594,-20.809472,68070.508540,67847.035825,61277.143657,0.000000,0.000000,0.000000
0.576216,5uVp10hz_ch2pga1.bin,250,144,46129,1,0xA3,1,0,0,192,0,0,46276.465058,-20.876527,68076.230586,67853.115499,61281.569302,0.000000,0.000000,0.000000
0.580216,5uVp10hz_ch2pga1.bin,250,145,46130,1,0xA3,1,0,0,192,0,0,46279.817820,-20.831823,68081.863225,67859.239876,61285.883188,0.000000,0.000000,0.000000
0.584219,5uVp10hz_ch2pga1.bin,250,146,46131,1,0xA3,1,0,0,192,0,0,46283.349395,-20.943582,68087.518215,67865.431309,61290.219426,0.000000,0.000000,0.000000
0.588219,5uVp10hz_ch2pga1.bin,250,147,46132,1,0xA3,1,0,0,192,0,0,46286.724508,-20.921230,68093.217909,67871.578038,61294.488609,0.000000,0.000000,0.000000
0.592222,5uVp10hz_ch2pga1.bin,250,148,46133,1,0xA3,1,0,0,192,0,0,46290.077269,-20.988286,68098.872900,67877.702415,61298.824847,0.000000,0.000000,0.000000
0.596224,5uVp10hz_ch2pga1.bin,250,149,46134,1,0xA3,1,0,0,192,0,0,46293.586493,-21.032989,68104.706705,67883.826792,61303.205788,0.000000,0.000000,0.000000
0.600223,5uVp10hz_ch2pga1.bin,250,150,46135,1,0xA3,1,0,0,192,0,0,46297.118068,-20.988286,68110.428751,67890.129983,61307.676136,0.000000,0.000000,0.000000
0.604226,5uVp10hz_ch2pga1.bin,250,151,46136,1,0xA3,1,0,0,192,0,0,46300.582588,-20.943582,68116.128445,67896.343768,61312.034726,0.000000,0.000000,0.000000
0.608226,5uVp10hz_ch2pga1.bin,250,152,46137,1,0xA3,1,0,0,192,0,0,46303.845942,-20.988286,68121.738732,67902.378738,61316.326261,0.000000,0.000000,0.000000
0.612229,5uVp10hz_ch2pga1.bin,250,153,46138,1,0xA3,1,0,0,192,0,0,46307.019889,-21.032989,68127.214909,67908.391356,61320.506036,0.000000,0.000000,0.000000
0.616229,5uVp10hz_ch2pga1.bin,250,154,46139,1,0xA3,1,0,0,192,0,0,46310.350299,-21.100044,68132.825196,67914.493382,61324.819922,0.000000,0.000000,0.000000
0.620232,5uVp10hz_ch2pga1.bin,250,155,46140,1,0xA3,1,0,0,192,0,0,46313.792467,-21.032989,68138.502538,67920.550704,61329.178512,0.000000,0.000000,0.000000
0.624235,5uVp10hz_ch2pga1.bin,250,156,46141,1,0xA3,1,0,0,192,0,0,46317.301691,-21.032989,68144.291639,67926.719785,61333.626509,0.000000,0.000000,0.000000
0.628234,5uVp10hz_ch2pga1.bin,250,157,46142,1,0xA3,1,0,0,192,0,0,46320.766211,-21.032989,68149.946630,67932.933569,61338.052154,0.000000,0.000000,0.000000
0.632237,5uVp10hz_ch2pga1.bin,250,158,46143,1,0xA3,1,0,0,192,0,0,46324.096620,-21.055341,68155.556917,67938.879132,61342.231929,0.000000,0.000000,0.000000
0.636237,5uVp10hz_ch2pga1.bin,250,159,46144,1,0xA3,1,0,0,192,0,0,46327.427030,-21.032989,68161.211908,67945.025861,61346.389353,0.000000,0.000000,0.000000
0.640239,5uVp10hz_ch2pga1.bin,250,160,46145,1,0xA3,1,0,0,192,0,0,46330.824494,-21.010637,68166.911602,67951.105535,61350.747943,0.000000,0.000000,0.000000
0.644239,5uVp10hz_ch2pga1.bin,250,161,46146,1,0xA3,1,0,0,192,0,0,46334.199607,-20.965934,68172.566593,67957.207561,61355.151236,0.000000,0.000000,0.000000
0.648241,5uVp10hz_ch2pga1.bin,250,162,46147,1,0xA3,1,0,0,192,0,0,46337.530017,-20.876527,68178.221583,67963.287234,61359.398067,0.000000,0.000000,0.000000
0.652243,5uVp10hz_ch2pga1.bin,250,163,46148,1,0xA3,1,0,0,192,0,0,46340.882778,-20.921230,68183.764815,67969.366908,61363.667250,0.000000,0.000000,0.000000
0.656246,5uVp10hz_ch2pga1.bin,250,164,46149,1,0xA3,1,0,0,192,0,0,46344.347298,-20.921230,68189.531565,67975.603044,61368.025839,0.000000,0.000000,0.000000
0.660245,5uVp10hz_ch2pga1.bin,250,165,46150,1,0xA3,1,0,0,192,0,0,46347.722411,-20.898879,68195.275962,67981.727421,61372.362077,0.000000,0.000000,0.000000
0.664247,5uVp10hz_ch2pga1.bin,250,166,46151,1,0xA3,1,0,0,192,0,0,46351.209283,-20.876527,68200.953305,67988.030612,61376.854777,0.000000,0.000000,0.000000
0.668250,5uVp10hz_ch2pga1.bin,250,167,46152,1,0xA3,1,0,0,192,0,0,46354.629099,-20.876527,68206.585944,67994.177341,61381.146312,0.000000,0.000000,0.000000
0.672249,5uVp10hz_ch2pga1.bin,250,168,46153,1,0xA3,1,0,0,192,0,0,46358.048916,-20.831823,68212.285638,68000.234663,61385.460198,0.000000,0.000000,0.000000
0.676251,5uVp10hz_ch2pga1.bin,250,169,46154,1,0xA3,1,0,0,192,0,0,46361.491084,-20.876527,68218.030035,68006.470799,61389.796436,0.000000,0.000000,0.000000
0.680254,5uVp10hz_ch2pga1.bin,250,170,46155,1,0xA3,1,0,0,192,0,0,46364.910901,-20.943582,68223.752081,68012.617528,61394.199729,0.000000,0.000000,0.000000
0.684253,5uVp10hz_ch2pga1.bin,250,171,46156,1,0xA3,1,0,0,192,0,0,46368.464828,-20.921230,68229.563534,68018.876016,61398.647726,0.000000,0.000000,0.000000
0.688255,5uVp10hz_ch2pga1.bin,250,172,46157,1,0xA3,1,0,0,192,0,0,46371.974051,-20.921230,68235.285580,68025.045097,61403.006315,0.000000,0.000000,0.000000
0.692258,5uVp10hz_ch2pga1.bin,250,173,46158,1,0xA3,1,0,0,192,0,0,46375.326812,-20.921230,68240.940571,68031.169474,61407.364905,0.000000,0.000000,0.000000
0.696256,5uVp10hz_ch2pga1.bin,250,174,46159,1,0xA3,1,0,0,192,0,0,46378.679574,-20.921230,68246.640265,68037.249148,61411.589384,0.000000,0.000000,0.000000
0.700258,5uVp10hz_ch2pga1.bin,250,175,46160,1,0xA3,1,0,0,192,0,0,46381.965280,-20.965934,68252.317607,68043.351173,61415.858567,0.000000,0.000000,0.000000
0.704259,5uVp10hz_ch2pga1.bin,250,176,46161,1,0xA3,1,0,0,192,0,0,46385.318041,-21.010637,68257.950246,68049.475551,61420.306563,0.000000,0.000000,0.000000
0.708261,5uVp10hz_ch2pga1.bin,250,177,46162,1,0xA3,1,0,0,192,0,0,46388.760209,-21.032989,68263.627589,68055.644631,61424.575746,0.000000,0.000000,0.000000
0.712262,5uVp10hz_ch2pga1.bin,250,178,46163,1,0xA3,1,0,0,192,0,0,46392.135322,-21.077693,68269.282579,68061.701953,61428.867280,0.000000,0.000000,0.000000
0.716264,5uVp10hz_ch2pga1.bin,250,179,46164,1,0xA3,1,0,0,192,0,0,46395.689249,-21.077693,68275.049329,68067.915738,61433.292925,0.000000,0.000000,0.000000
0.720265,5uVp10hz_ch2pga1.bin,250,180,46165,1,0xA3,1,0,0,192,0,0,46399.287879,-21.055341,68280.749023,68074.196577,61437.763274,0.000000,0.000000,0.000000
0.724267,5uVp10hz_ch2pga1.bin,250,181,46166,1,0xA3,1,0,0,192,0,0,46402.819455,-21.077693,68286.605179,68080.410361,61442.233622,0.000000,0.000000,0.000000
0.728266,5uVp10hz_ch2pga1.bin,250,182,46167,1,0xA3,1,0,0,192,0,0,46406.127512,-21.100044,68292.282522,68086.534739,61446.592212,0.000000,0.000000,0.000000
0.732268,5uVp10hz_ch2pga1.bin,250,183,46168,1,0xA3,1,0,0,192,0,0,46409.346163,-21.144748,68297.825754,68092.614412,61450.794339,0.000000,0.000000,0.000000
0.736270,5uVp10hz_ch2pga1.bin,250,184,46169,1,0xA3,1,0,0,192,0,0,46412.743628,-21.122396,68303.391337,68098.649383,61455.085874,0.000000,0.000000,0.000000
0.740269,5uVp10hz_ch2pga1.bin,250,185,46170,1,0xA3,1,0,0,192,0,0,46416.163445,-21.100044,68309.113383,68104.818463,61459.422112,0.000000,0.000000,0.000000
0.744270,5uVp10hz_ch2pga1.bin,250,186,46171,1,0xA3,1,0,0,192,0,0,46419.605613,-21.077693,68314.813077,68110.965192,61463.803053,0.000000,0.000000,0.000000
0.748273,5uVp10hz_ch2pga1.bin,250,187,46172,1,0xA3,1,0,0,192,0,0,46423.047781,-21.032989,68320.579827,68117.156625,61468.161643,0.000000,0.000000,0.000000
0.752273,5uVp10hz_ch2pga1.bin,250,188,46173,1,0xA3,1,0,0,192,0,0,46426.557004,-21.032989,68326.324224,68123.392761,61472.497880,0.000000,0.000000,0.000000
0.756276,5uVp10hz_ch2pga1.bin,250,189,46174,1,0xA3,1,0,0,192,0,0,46429.976821,-20.921230,68332.001567,68129.517138,61476.856470,0.000000,0.000000,0.000000
0.760279,5uVp10hz_ch2pga1.bin,250,190,46175,1,0xA3,1,0,0,192,0,0,46433.262527,-20.854175,68337.611854,68135.641515,61481.192708,0.000000,0.000000,0.000000
0.764279,5uVp10hz_ch2pga1.bin,250,191,46176,1,0xA3,1,0,0,192,0,0,46436.704695,-20.854175,68343.289196,68141.698837,61485.461891,0.000000,0.000000,0.000000
0.768281,5uVp10hz_ch2pga1.bin,250,192,46177,1,0xA3,1,0,0,192,0,0,46440.191567,-20.854175,68349.011242,68147.867918,61489.887536,0.000000,0.000000,0.000000
0.772281,5uVp10hz_ch2pga1.bin,250,193,46178,1,0xA3,1,0,0,192,0,0,46443.432570,-20.831823,68354.621530,68153.992295,61494.089663,0.000000,0.000000,0.000000
0.776285,5uVp10hz_ch2pga1.bin,250,194,46179,1,0xA3,1,0,0,192,0,0,46446.830034,-20.854175,68360.321224,68160.161376,61498.448253,0.000000,0.000000,0.000000
0.780285,5uVp10hz_ch2pga1.bin,250,195,46180,1,0xA3,1,0,0,192,0,0,46450.473368,-20.898879,68366.087973,68166.419864,61502.963305,0.000000,0.000000,0.000000
0.784288,5uVp10hz_ch2pga1.bin,250,196,46181,1,0xA3,1,0,0,192,0,0,46453.982592,-20.898879,68371.877074,68172.656000,61507.456005,0.000000,0.000000,0.000000
0.788288,5uVp10hz_ch2pga1.bin,250,197,46182,1,0xA3,1,0,0,192,0,0,46457.424760,-20.898879,68377.643824,68178.869784,61511.792243,0.000000,0.000000,0.000000
0.792291,5uVp10hz_ch2pga1.bin,250,198,46183,1,0xA3,1,0,0,192,0,0,46460.866928,-20.988286,68383.432925,68185.128272,61516.195536,0.000000,0.000000,0.000000
0.796290,5uVp10hz_ch2pga1.bin,250,199,46184,1,0xA3,1,0,0,192,0,0,46464.331448,-21.055341,68389.177322,68191.319704,61520.665884,0.000000,0.000000,0.000000
0.800293,5uVp10hz_ch2pga1.bin,250,200,46185,1,0xA3,1,0,0,192,0,0,46467.795968,-20.965934,68394.944072,68197.466433,61525.002122,0.000000,0.000000,0.000000
0.804293,5uVp10hz_ch2pga1.bin,250,201,46186,1,0xA3,1,0,0,192,0,0,46471.305192,-20.988286,68400.710821,68203.724921,61529.405415,0.000000,0.000000,0.000000
0.808295,5uVp10hz_ch2pga1.bin,250,202,46187,1,0xA3,1,0,0,192,0,0,46474.792063,-21.032989,68406.365812,68210.005760,61533.808708,0.000000,0.000000,0.000000
0.812294,5uVp10hz_ch2pga1.bin,250,203,46188,1,0xA3,1,0,0,192,0,0,46478.301287,-21.100044,68412.110209,68216.085434,61538.122594,0.000000,0.000000,0.000000
0.816296,5uVp10hz_ch2pga1.bin,250,204,46189,1,0xA3,1,0,0,192,0,0,46481.676400,-21.077693,68417.966366,68222.343922,61542.436481,0.000000,0.000000,0.000000
0.820299,5uVp10hz_ch2pga1.bin,250,205,46190,1,0xA3,1,0,0,192,0,0,46485.073864,-21.077693,68423.688412,68228.535354,61546.839774,0.000000,0.000000,0.000000
0.824301,5uVp10hz_ch2pga1.bin,250,206,46191,1,0xA3,1,0,0,192,0,0,46488.493681,-21.055341,68429.343402,68234.592676,61551.243067,0.000000,0.000000,0.000000
0.828300,5uVp10hz_ch2pga1.bin,250,207,46192,1,0xA3,1,0,0,192,0,0,46491.913497,-21.055341,68434.953690,68240.761757,61555.512249,0.000000,0.000000,0.000000
0.832302,5uVp10hz_ch2pga1.bin,250,208,46193,1,0xA3,1,0,0,192,0,0,46495.333314,-20.988286,68440.720439,68246.975541,61559.848487,0.000000,0.000000,0.000000
0.836304,5uVp10hz_ch2pga1.bin,250,209,46194,1,0xA3,1,0,0,192,0,0,46498.753130,-21.055341,68446.464837,68253.144622,61564.184725,0.000000,0.000000,0.000000
0.840306,5uVp10hz_ch2pga1.bin,250,210,46195,1,0xA3,1,0,0,192,0,0,46502.217650,-20.988286,68452.119827,68259.291351,61568.588018,0.000000,0.000000,0.000000
0.844307,5uVp10hz_ch2pga1.bin,250,211,46196,1,0xA3,1,0,0,192,0,0,46505.637467,-20.876527,68457.752466,68265.415728,61572.879553,0.000000,0.000000,0.000000
0.848305,5uVp10hz_ch2pga1.bin,250,212,46197,1,0xA3,1,0,0,192,0,0,46509.012580,-20.943582,68463.519216,68271.562457,61577.014625,0.000000,0.000000,0.000000
0.852307,5uVp10hz_ch2pga1.bin,250,213,46198,1,0xA3,1,0,0,192,0,0,46512.275934,-20.898879,68469.107151,68277.552724,61581.328511,0.000000,0.000000,0.000000
0.856311,5uVp10hz_ch2pga1.bin,250,214,46199,1,0xA3,1,0,0,192,0,0,46515.606344,-20.921230,68474.650383,68283.654749,61585.709453,0.000000,0.000000,0.000000
0.860310,5uVp10hz_ch2pga1.bin,250,215,46200,1,0xA3,1,0,0,192,0,0,46519.115567,-20.898879,68480.461836,68289.913237,61590.090394,0.000000,0.000000,0.000000
0.864313,5uVp10hz_ch2pga1.bin,250,216,46201,1,0xA3,1,0,0,192,0,0,46522.557735,-20.876527,68486.273289,68296.149373,61594.560742,0.000000,0.000000,0.000000
0.868313,5uVp10hz_ch2pga1.bin,250,217,46202,1,0xA3,1,0,0,192,0,0,46525.932848,-20.876527,68491.972983,68302.340806,61598.896980,0.000000,0.000000,0.000000
0.872316,5uVp10hz_ch2pga1.bin,250,218,46203,1,0xA3,1,0,0,192,0,0,46529.352665,-20.809472,68497.672677,68308.465183,61603.166163,0.000000,0.000000,0.000000
0.876318,5uVp10hz_ch2pga1.bin,250,219,46204,1,0xA3,1,0,0,192,0,0,46532.705426,-20.831823,68503.372371,68314.611912,61607.435346,0.000000,0.000000,0.000000
0.880318,5uVp10hz_ch2pga1.bin,250,220,46205,1,0xA3,1,0,0,192,0,0,46536.102891,-20.876527,68509.049714,68320.758641,61611.816287,0.000000,0.000000,0.000000
0.884320,5uVp10hz_ch2pga1.bin,250,221,46206,1,0xA3,1,0,0,192,0,0,46539.545059,-20.898879,68514.794111,68326.950073,61616.197228,0.000000,0.000000,0.000000
0.888319,5uVp10hz_ch2pga1.bin,250,222,46207,1,0xA3,1,0,0,192,0,0,46543.143690,-20.943582,68520.605564,68333.186209,61620.645225,0.000000,0.000000,0.000000
0.892322,5uVp10hz_ch2pga1.bin,250,223,46208,1,0xA3,1,0,0,192,0,0,46546.518803,-20.876527,68526.327610,68339.467049,61625.003815,0.000000,0.000000,0.000000
0.896324,5uVp10hz_ch2pga1.bin,250,224,46209,1,0xA3,1,0,0,192,0,0,46550.005674,-20.898879,68532.027304,68345.680833,61629.407108,0.000000,0.000000,0.000000
0.900323,5uVp10hz_ch2pga1.bin,250,225,46210,1,0xA3,1,0,0,192,0,0,46553.671360,-21.032989,68537.950516,68352.028728,61634.123325,0.000000,0.000000,0.000000
0.904326,5uVp10hz_ch2pga1.bin,250,226,46211,1,0xA3,1,0,0,192,0,0,46557.247639,-21.077693,68543.851376,68358.309567,61638.638377,0.000000,0.000000,0.000000
0.908328,5uVp10hz_ch2pga1.bin,250,227,46212,1,0xA3,1,0,0,192,0,0,46560.667455,-21.032989,68549.506366,68364.568055,61642.929912,0.000000,0.000000,0.000000
0.912331,5uVp10hz_ch2pga1.bin,250,228,46213,1,0xA3,1,0,0,192,0,0,46564.109623,-21.055341,68555.250764,68370.737135,61647.288501,0.000000,0.000000,0.000000
0.916330,5uVp10hz_ch2pga1.bin,250,229,46214,1,0xA3,1,0,0,192,0,0,46567.618847,-21.100044,68561.039865,68376.950920,61651.647091,0.000000,0.000000,0.000000
0.920332,5uVp10hz_ch2pga1.bin,250,230,46215,1,0xA3,1,0,0,192,0,0,46571.105719,-21.144748,68566.784263,68383.231759,61656.139791,0.000000,0.000000,0.000000
0.924335,5uVp10hz_ch2pga1.bin,250,231,46216,1,0xA3,1,0,0,192,0,0,46574.391425,-21.122396,68572.551012,68389.378488,61660.520732,0.000000,0.000000,0.000000
0.928334,5uVp10hz_ch2pga1.bin,250,232,46217,1,0xA3,1,0,0,192,0,0,46577.744186,-21.077693,68578.228354,68395.525217,61664.789915,0.000000,0.000000,0.000000
0.932336,5uVp10hz_ch2pga1.bin,250,233,46218,1,0xA3,1,0,0,192,0,0,46581.164002,-21.055341,68584.039807,68401.716650,61669.148505,0.000000,0.000000,0.000000
0.936336,5uVp10hz_ch2pga1.bin,250,234,46219,1,0xA3,1,0,0,192,0,0,46584.673226,-21.077693,68589.694798,68407.930434,61673.551798,0.000000,0.000000,0.000000
0.940338,5uVp10hz_ch2pga1.bin,250,235,46220,1,0xA3,1,0,0,192,0,0,46588.093042,-21.055341,68595.394492,68414.054811,61677.955091,0.000000,0.000000,0.000000
0.944340,5uVp10hz_ch2pga1.bin,250,236,46221,1,0xA3,1,0,0,192,0,0,46591.535211,-21.010637,68601.183593,68420.246243,61682.380736,0.000000,0.000000,0.000000
0.948343,5uVp10hz_ch2pga1.bin,250,237,46222,1,0xA3,1,0,0,192,0,0,46595.022082,-20.965934,68606.905639,68426.482379,61686.627567,0.000000,0.000000,0.000000
0.952342,5uVp10hz_ch2pga1.bin,250,238,46223,1,0xA3,1,0,0,192,0,0,46598.374844,-20.921230,68612.560630,68432.584405,61690.896749,0.000000,0.000000,0.000000
0.956344,5uVp10hz_ch2pga1.bin,250,239,46224,1,0xA3,1,0,0,192,0,0,46601.772308,-20.898879,68618.260324,68438.775837,61695.344746,0.000000,0.000000,0.000000
0.960347,5uVp10hz_ch2pga1.bin,250,240,46225,1,0xA3,1,0,0,192,0,0,46605.281532,-20.831823,68624.027073,68445.079029,61699.725688,0.000000,0.000000,0.000000
0.964347,5uVp10hz_ch2pga1.bin,250,241,46226,1,0xA3,1,0,0,192,0,0,46608.746052,-20.809472,68629.816175,68451.270461,61704.218388,0.000000,0.000000,0.000000
0.968349,5uVp10hz_ch2pga1.bin,250,242,46227,1,0xA3,1,0,0,192,0,0,46612.232924,-20.876527,68635.538220,68457.394838,61708.532274,0.000000,0.000000,0.000000
0.972348,5uVp10hz_ch2pga1.bin,250,243,46228,1,0xA3,1,0,0,192,0,0,46615.630388,-20.854175,68641.237915,68463.586271,61712.823808,0.000000,0.000000,0.000000
0.976352,5uVp10hz_ch2pga1.bin,250,244,46229,1,0xA3,1,0,0,192,0,0,46619.005501,-20.876527,68646.982312,68469.911814,61717.249453,0.000000,0.000000,0.000000
0.980351,5uVp10hz_ch2pga1.bin,250,245,46230,1,0xA3,1,0,0,192,0,0,46622.537076,-20.809472,68652.726710,68476.080894,61721.742153,0.000000,0.000000,0.000000
0.984354,5uVp10hz_ch2pga1.bin,250,246,46231,1,0xA3,1,0,0,192,0,0,46626.046300,-20.943582,68658.605218,68482.317030,61726.190150,0.000000,0.000000,0.000000
0.988356,5uVp10hz_ch2pga1.bin,250,247,46232,1,0xA3,1,0,0,192,0,0,46629.510820,-20.921230,68664.394319,68488.508463,61730.660498,0.000000,0.000000,0.000000
0.992356,5uVp10hz_ch2pga1.bin,250,248,46233,1,0xA3,1,0,0,192,0,0,46632.952988,-20.876527,68670.004606,68494.699895,61734.929681,0.000000,0.000000,0.000000
0.996359,5uVp10hz_ch2pga1.bin,250,249,46234,1,0xA3,1,0,0,192,0,0,46636.283398,-20.921230,68675.749004,68500.913680,61739.265919,0.000000,0.000000,0.000000
1.000360,5uVp10hz_ch2pga1.bin,250,250,46235,1,0xA3,1,0,0,192,0,0,46639.725566,-20.988286,68681.493402,68507.149816,61743.624508,0.000000,0.000000,0.000000
1.004363,5uVp10hz_ch2pga1.bin,250,251,46236,1,0xA3,1,0,0,192,0,0,46643.212438,-21.010637,68687.260151,68513.430655,61747.938395,0.000000,0.000000,0.000000
1.008361,5uVp10hz_ch2pga1.bin,250,252,46237,1,0xA3,1,0,0,192,0,0,46646.542847,-20.988286,68692.892790,68519.599736,61752.319336,0.000000,0.000000,0.000000
1.012364,5uVp10hz_ch2pga1.bin,250,253,46238,1,0xA3,1,0,0,192,0,0,46650.052071,-20.988286,68698.614836,68525.813520,61756.812036,0.000000,0.000000,0.000000
1.016367,5uVp10hz_ch2pga1.bin,250,254,46239,1,0xA3,1,0,0,192,0,0,46653.740108,-21.055341,68704.582751,68532.139063,61761.237681,0.000000,0.000000,0.000000
1.020366,5uVp10hz_ch2pga1.bin,250,255,46240,1,0xA3,1,0,0,192,0,0,46657.159925,-21.144748,68710.438907,68538.464606,61765.708029,0.000000,0.000000,0.000000
1.024369,5uVp10hz_ch2pga1.bin,250,256,46241,1,0xA3,1,0,0,192,0,0,46660.490334,-21.055341,68716.205657,68544.700742,61770.066619,0.000000,0.000000,0.000000
1.028369,5uVp10hz_ch2pga1.bin,250,257,46242,1,0xA3,1,0,0,192,0,0,46663.910151,-21.100044,68721.860647,68550.758064,61774.335802,0.000000,0.000000,0.000000
1.032372,5uVp10hz_ch2pga1.bin,250,258,46243,1,0xA3,1,0,0,192,0,0,46667.285264,-21.122396,68727.537990,68556.837738,61778.806150,0.000000,0.000000,0.000000
1.036372,5uVp10hz_ch2pga1.bin,250,259,46244,1,0xA3,1,0,0,192,0,0,46670.772135,-21.010637,68733.215332,68563.029170,61783.164740,0.000000,0.000000,0.000000
1.040375,5uVp10hz_ch2pga1.bin,250,260,46245,1,0xA3,1,0,0,192,0,0,46674.303710,-20.943582,68739.004433,68569.332361,61787.523329,0.000000,0.000000,0.000000
1.044374,5uVp10hz_ch2pga1.bin,250,261,46246,1,0xA3,1,0,0,192,0,0,46677.835286,-20.965934,68744.927645,68575.814366,61792.016029,0.000000,0.000000,0.000000
1.048378,5uVp10hz_ch2pga1.bin,250,262,46247,1,0xA3,1,0,0,192,0,0,46681.322157,-20.965934,68750.716746,68582.005799,61796.441674,0.000000,0.000000,0.000000
1.052377,5uVp10hz_ch2pga1.bin,250,263,46248,1,0xA3,1,0,0,192,0,0,46684.741974,-20.943582,68756.349385,68588.085473,61800.755560,0.000000,0.000000,0.000000
1.056380,5uVp10hz_ch2pga1.bin,250,264,46249,1,0xA3,1,0,0,192,0,0,46688.184142,-20.943582,68762.116134,68594.321609,61805.114150,0.000000,0.000000,0.000000
1.060383,5uVp10hz_ch2pga1.bin,250,265,46250,1,0xA3,1,0,0,192,0,0,46691.603959,-20.943582,68767.882884,68600.624800,61809.562147,0.000000,0.000000,0.000000
1.064382,5uVp10hz_ch2pga1.bin,250,266,46251,1,0xA3,1,0,0,192,0,0,46695.090830,-20.921230,68773.671985,68606.816232,61813.943088,0.000000,0.000000,0.000000
1.068384,5uVp10hz_ch2pga1.bin,250,267,46252,1,0xA3,1,0,0,192,0,0,46698.577702,-20.943582,68779.483438,68613.141775,61818.391085,0.000000,0.000000,0.000000
1.072387,5uVp10hz_ch2pga1.bin,250,268,46253,1,0xA3,1,0,0,192,0,0,46702.086926,-20.898879,68785.272539,68619.355559,61822.816730,0.000000,0.000000,0.000000
1.076386,5uVp10hz_ch2pga1.bin,250,269,46254,1,0xA3,1,0,0,192,0,0,46705.551445,-20.921230,68791.061640,68625.524640,61827.175319,0.000000,0.000000,0.000000
1.080389,5uVp10hz_ch2pga1.bin,250,270,46255,1,0xA3,1,0,0,192,0,0,46708.971262,-20.965934,68796.716630,68631.894886,61831.645668,0.000000,0.000000,0.000000
1.084388,5uVp10hz_ch2pga1.bin,250,271,46256,1,0xA3,1,0,0,192,0,0,46712.435782,-20.876527,68802.505732,68638.086319,61836.071312,0.000000,0.000000,0.000000
1.088391,5uVp10hz_ch2pga1.bin,250,272,46257,1,0xA3,1,0,0,192,0,0,46715.900302,-20.831823,68808.294833,68644.255400,61840.474606,0.000000,0.000000,0.000000
1.092393,5uVp10hz_ch2pga1.bin,250,273,46258,1,0xA3,1,0,0,192,0,0,46719.409525,-20.921230,68814.061582,68650.536239,61844.922602,0.000000,0.000000,0.000000
1.096393,5uVp10hz_ch2pga1.bin,250,274,46259,1,0xA3,1,0,0,192,0,0,46722.985804,-20.921230,68819.850683,68656.794727,61849.258840,0.000000,0.000000,0.000000
1.100396,5uVp10hz_ch2pga1.bin,250,275,46260,1,0xA3,1,0,0,192,0,0,46726.427972,-21.010637,68825.617433,68663.053215,61853.729188,0.000000,0.000000,0.000000
1.104396,5uVp10hz_ch2pga1.bin,250,276,46261,1,0xA3,1,0,0,192,0,0,46729.959548,-21.055341,68831.495941,68669.378757,61858.177185,0.000000,0.000000,0.000000
1.108399,5uVp10hz_ch2pga1.bin,250,277,46262,1,0xA3,1,0,0,192,0,0,46733.401716,-21.100044,68837.240338,68675.525486,61862.558126,0.000000,0.000000,0.000000
1.112399,5uVp10hz_ch2pga1.bin,250,278,46263,1,0xA3,1,0,0,192,0,0,46736.665070,-21.032989,68842.917681,68681.694567,61866.849661,0.000000,0.000000,0.000000
1.116400,5uVp10hz_ch2pga1.bin,250,279,46264,1,0xA3,1,0,0,192,0,0,46740.129590,-21.100044,68848.662078,68687.975407,61871.141195,0.000000,0.000000,0.000000
1.120403,5uVp10hz_ch2pga1.bin,250,280,46265,1,0xA3,1,0,0,192,0,0,46743.772924,-21.144748,68854.540586,68694.368005,61875.790358,0.000000,0.000000,0.000000
1.124403,5uVp10hz_ch2pga1.bin,250,281,46266,1,0xA3,1,0,0,192,0,0,46747.326851,-21.032989,68860.441446,68700.693548,61880.327761,0.000000,0.000000,0.000000
1.128405,5uVp10hz_ch2pga1.bin,250,282,46267,1,0xA3,1,0,0,192,0,0,46750.858426,-21.055341,68866.230547,68707.086146,61884.753406,0.000000,0.000000,0.000000
1.132405,5uVp10hz_ch2pga1.bin,250,283,46268,1,0xA3,1,0,0,192,0,0,46754.412353,-21.010637,68872.064352,68713.366985,61889.268458,0.000000,0.000000,0.000000
1.136408,5uVp10hz_ch2pga1.bin,250,284,46269,1,0xA3,1,0,0,192,0,0,46757.809818,-21.010637,68877.808750,68719.513714,61893.627048,0.000000,0.000000,0.000000
1.140408,5uVp10hz_ch2pga1.bin,250,285,46270,1,0xA3,1,0,0,192,0,0,46761.140227,-20.988286,68883.508444,68725.749850,61898.030341,0.000000,0.000000,0.000000
1.144411,5uVp10hz_ch2pga1.bin,250,286,46271,1,0xA3,1,0,0,192,0,0,46764.515340,-20.965934,68889.252841,68731.963634,61902.344227,0.000000,0.000000,0.000000
1.148412,5uVp10hz_ch2pga1.bin,250,287,46272,1,0xA3,1,0,0,192,0,0,46767.845750,-20.943582,68894.907832,68738.065660,61906.635761,0.000000,0.000000,0.000000
1.152416,5uVp10hz_ch2pga1.bin,250,288,46273,1,0xA3,1,0,0,192,0,0,46771.265566,-20.943582,68900.629878,68744.212389,61910.971999,0.000000,0.000000,0.000000
1.156416,5uVp10hz_ch2pga1.bin,250,289,46274,1,0xA3,1,0,0,192,0,0,46774.819493,-20.943582,68906.374276,68750.560284,61915.397644,0.000000,0.000000,0.000000
1.160419,5uVp10hz_ch2pga1.bin,250,290,46275,1,0xA3,1,0,0,192,0,0,46778.507531,-20.988286,68912.386894,68756.930530,61919.912696,0.000000,0.000000,0.000000
1.164419,5uVp10hz_ch2pga1.bin,250,291,46276,1,0xA3,1,0,0,192,0,0,46781.949699,-20.854175,68918.175995,68763.211370,61924.360693,0.000000,0.000000,0.000000
1.168421,5uVp10hz_ch2pga1.bin,250,292,46277,1,0xA3,1,0,0,192,0,0,46785.280108,-20.831823,68923.920393,68769.536912,61928.786337,0.000000,0.000000,0.000000
1.172421,5uVp10hz_ch2pga1.bin,250,293,46278,1,0xA3,1,0,0,192,0,0,46788.766980,-20.898879,68929.620087,68775.728345,61933.122575,0.000000,0.000000,0.000000
1.176424,5uVp10hz_ch2pga1.bin,250,294,46279,1,0xA3,1,0,0,192,0,0,46792.164445,-20.898879,68935.431540,68781.919777,61937.481165,0.000000,0.000000,0.000000
1.180424,5uVp10hz_ch2pga1.bin,250,295,46280,1,0xA3,1,0,0,192,0,0,46795.673668,-20.876527,68941.220641,68788.200617,61941.839755,0.000000,0.000000,0.000000
1.184427,5uVp10hz_ch2pga1.bin,250,296,46281,1,0xA3,1,0,0,192,0,0,46799.160540,-20.943582,68947.032094,68794.503808,61946.287751,0.000000,0.000000,0.000000
1.188427,5uVp10hz_ch2pga1.bin,250,297,46282,1,0xA3,1,0,0,192,0,0,46802.781522,-20.921230,68952.865899,68800.806999,61950.825155,0.000000,0.000000,0.000000
1.192431,5uVp10hz_ch2pga1.bin,250,298,46283,1,0xA3,1,0,0,192,0,0,46806.357801,-20.943582,68958.677351,68807.177246,61955.340207,0.000000,0.000000,0.000000
1.196430,5uVp10hz_ch2pga1.bin,250,299,46284,1,0xA3,1,0,0,192,0,0,46809.643507,-20.988286,68964.354694,68813.391030,61959.721148,0.000000,0.000000,0.000000
1.200433,5uVp10hz_ch2pga1.bin,250,300,46285,1,0xA3,1,0,0,192,0,0,46813.040972,-20.965934,68970.076740,68819.537759,61964.057386,0.000000,0.000000,0.000000
1.204433,5uVp10hz_ch2pga1.bin,250,301,46286,1,0xA3,1,0,0,192,0,0,46816.505492,-20.988286,68975.843489,68825.751543,61968.393624,0.000000,0.000000,0.000000
1.208436,5uVp10hz_ch2pga1.bin,250,302,46287,1,0xA3,1,0,0,192,0,0,46819.992363,-20.943582,68981.587887,68832.032382,61972.796917,0.000000,0.000000,0.000000
1.212436,5uVp10hz_ch2pga1.bin,250,303,46288,1,0xA3,1,0,0,192,0,0,46823.278069,-20.943582,68987.220526,68838.112056,61977.043748,0.000000,0.000000,0.000000
1.216438,5uVp10hz_ch2pga1.bin,250,304,46289,1,0xA3,1,0,0,192,0,0,46826.630831,-21.032989,68992.942572,68844.169378,61981.379986,0.000000,0.000000,0.000000
1.220441,5uVp10hz_ch2pga1.bin,250,305,46290,1,0xA3,1,0,0,192,0,0,46830.184758,-21.077693,68998.888135,68850.584328,61985.984445,0.000000,0.000000,0.000000
1.224440,5uVp10hz_ch2pga1.bin,250,306,46291,1,0xA3,1,0,0,192,0,0,46833.783388,-21.100044,69004.654884,68856.999278,61990.432441,0.000000,0.000000,0.000000
1.228443,5uVp10hz_ch2pga1.bin,250,307,46292,1,0xA3,1,0,0,192,0,0,46837.270260,-21.122396,69010.376930,68863.168359,61994.791031,0.000000,0.000000,0.000000
1.232443,5uVp10hz_ch2pga1.bin,250,308,46293,1,0xA3,1,0,0,192,0,0,46840.757132,-21.122396,69016.233087,68869.426847,61999.239028,0.000000,0.000000,0.000000
1.236446,5uVp10hz_ch2pga1.bin,250,309,46294,1,0xA3,1,0,0,192,0,0,46844.199300,-21.032989,69021.932781,68875.730038,62003.597617,0.000000,0.000000,0.000000
1.240445,5uVp10hz_ch2pga1.bin,250,310,46295,1,0xA3,1,0,0,192,0,0,46847.663820,-21.055341,69027.744234,68881.943822,62007.978559,0.000000,0.000000,0.000000
1.244448,5uVp10hz_ch2pga1.bin,250,311,46296,1,0xA3,1,0,0,192,0,0,46851.150692,-21.055341,69033.578038,68888.314068,62012.426555,0.000000,0.000000,0.000000
1.248448,5uVp10hz_ch2pga1.bin,250,312,46297,1,0xA3,1,0,0,192,0,0,46854.592860,-20.988286,69039.367139,68894.527853,62016.807497,0.000000,0.000000,0.000000
1.252451,5uVp10hz_ch2pga1.bin,250,313,46298,1,0xA3,1,0,0,192,0,0,46858.035028,-20.921230,69045.133889,68900.763988,62021.255493,0.000000,0.000000,0.000000
1.256451,5uVp10hz_ch2pga1.bin,250,314,46299,1,0xA3,1,0,0,192,0,0,46861.499548,-20.876527,69050.922990,68906.977773,62025.614083,0.000000,0.000000,0.000000
1.260454,5uVp10hz_ch2pga1.bin,250,315,46300,1,0xA3,1,0,0,192,0,0,46864.919364,-20.854175,69056.645036,68913.191557,62029.995024,0.000000,0.000000,0.000000
1.264454,5uVp10hz_ch2pga1.bin,250,316,46301,1,0xA3,1,0,0,192,0,0,46868.383884,-20.831823,69062.389433,68919.450045,62034.465373,0.000000,0.000000,0.000000
1.268457,5uVp10hz_ch2pga1.bin,250,317,46302,1,0xA3,1,0,0,192,0,0,46871.893108,-20.876527,69068.133831,68925.574422,62038.823962,0.000000,0.000000,0.000000
1.272457,5uVp10hz_ch2pga1.bin,250,318,46303,1,0xA3,1,0,0,192,0,0,46875.245869,-20.921230,69073.721766,68931.788206,62043.093145,0.000000,0.000000,0.000000
1.276460,5uVp10hz_ch2pga1.bin,250,319,46304,1,0xA3,1,0,0,192,0,0,46878.710389,-20.898879,69079.644978,68938.046694,62047.585845,0.000000,0.000000,0.000000
1.280459,5uVp10hz_ch2pga1.bin,250,320,46305,1,0xA3,1,0,0,192,0,0,46882.286668,-20.876527,69085.612893,68944.394588,62052.033842,0.000000,0.000000,0.000000
1.284462,5uVp10hz_ch2pga1.bin,250,321,46306,1,0xA3,1,0,0,192,0,0,46885.639429,-20.876527,69091.379642,68950.653076,62056.437135,0.000000,0.000000,0.000000
1.288463,5uVp10hz_ch2pga1.bin,250,322,46307,1,0xA3,1,0,0,192,0,0,46889.081597,-20.854175,69096.989930,68956.889212,62060.795724,0.000000,0.000000,0.000000
1.292467,5uVp10hz_ch2pga1.bin,250,323,46308,1,0xA3,1,0,0,192,0,0,46892.590821,-20.921230,69102.779031,68963.058293,62065.221369,0.000000,0.000000,0.000000
1.296467,5uVp10hz_ch2pga1.bin,250,324,46309,1,0xA3,1,0,0,192,0,0,46896.055341,-20.988286,69108.523428,68969.361484,62069.557607,0.000000,0.000000,0.000000
1.300469,5uVp10hz_ch2pga1.bin,250,325,46310,1,0xA3,1,0,0,192,0,0,46899.564564,-21.032989,69114.312530,68975.664675,62074.027956,0.000000,0.000000,0.000000
1.304469,5uVp10hz_ch2pga1.bin,250,326,46311,1,0xA3,1,0,0,192,0,0,46903.140843,-21.100044,69120.146334,68981.945515,62078.654766,0.000000,0.000000,0.000000
1.308472,5uVp10hz_ch2pga1.bin,250,327,46312,1,0xA3,1,0,0,192,0,0,46906.605363,-21.032989,69125.980139,68988.271058,62083.058059,0.000000,0.000000,0.000000
1.312472,5uVp10hz_ch2pga1.bin,250,328,46313,1,0xA3,1,0,0,192,0,0,46910.002828,-21.077693,69131.791592,68994.529545,62087.371945,0.000000,0.000000,0.000000
1.316475,5uVp10hz_ch2pga1.bin,250,329,46314,1,0xA3,1,0,0,192,0,0,46913.288534,-21.100044,69137.357175,69000.586867,62091.618776,0.000000,0.000000,0.000000
1.320475,5uVp10hz_ch2pga1.bin,250,330,46315,1,0xA3,1,0,0,192,0,0,46916.618943,-21.055341,69143.101573,69006.800652,62095.977366,0.000000,0.000000,0.000000
1.324479,5uVp10hz_ch2pga1.bin,250,331,46316,1,0xA3,1,0,0,192,0,0,46920.016408,-21.055341,69148.890674,69013.036788,62100.358307,0.000000,0.000000,0.000000
1.328479,5uVp10hz_ch2pga1.bin,250,332,46317,1,0xA3,1,0,0,192,0,0,46923.436224,-21.055341,69154.568017,69019.250572,62104.739249,0.000000,0.000000,0.000000
1.332482,5uVp10hz_ch2pga1.bin,250,333,46318,1,0xA3,1,0,0,192,0,0,46926.990151,-21.077693,69160.334766,69025.553763,62109.142542,0.000000,0.000000,0.000000
1.336481,5uVp10hz_ch2pga1.bin,250,334,46319,1,0xA3,1,0,0,192,0,0,46930.454671,-21.032989,69166.168571,69031.879306,62113.568187,0.000000,0.000000,0.000000
1.340485,5uVp10hz_ch2pga1.bin,250,335,46320,1,0xA3,1,0,0,192,0,0,46933.919191,-20.988286,69171.912968,69038.115442,62118.016183,0.000000,0.000000,0.000000
1.344485,5uVp10hz_ch2pga1.bin,250,336,46321,1,0xA3,1,0,0,192,0,0,46937.473118,-20.943582,69177.635014,69044.418633,62122.531235,0.000000,0.000000,0.000000
1.348485,5uVp10hz_ch2pga1.bin,250,337,46322,1,0xA3,1,0,0,192,0,0,46940.915287,-20.921230,69183.424115,69050.632417,62126.889825,0.000000,0.000000,0.000000
1.352489,5uVp10hz_ch2pga1.bin,250,338,46323,1,0xA3,1,0,0,192,0,0,46944.357455,-20.898879,69189.235568,69056.846201,62131.248415,0.000000,0.000000,0.000000
1.356489,5uVp10hz_ch2pga1.bin,250,339,46324,1,0xA3,1,0,0,192,0,0,46947.799623,-20.921230,69195.024669,69063.082337,62135.607004,0.000000,0.000000,0.000000
1.360492,5uVp10hz_ch2pga1.bin,250,340,46325,1,0xA3,1,0,0,192,0,0,46951.375902,-20.876527,69200.947881,69069.363177,62140.144408,0.000000,0.000000,0.000000
1.364494,5uVp10hz_ch2pga1.bin,250,341,46326,1,0xA3,1,0,0,192,0,0,46954.952180,-20.898879,69206.804037,69075.778127,62144.704163,0.000000,0.000000,0.000000
1.368494,5uVp10hz_ch2pga1.bin,250,342,46327,1,0xA3,1,0,0,192,0,0,46958.528459,-20.876527,69212.503731,69082.103670,62149.107456,0.000000,0.000000,0.000000
1.372497,5uVp10hz_ch2pga1.bin,250,343,46328,1,0xA3,1,0,0,192,0,0,46961.948276,-20.854175,69218.292832,69088.339806,62153.466046,0.000000,0.000000,0.000000
1.376496,5uVp10hz_ch2pga1.bin,250,344,46329,1,0xA3,1,0,0,192,0,0,46965.323389,-20.876527,69224.037230,69094.508886,62157.757580,0.000000,0.000000,0.000000
1.380500,5uVp10hz_ch2pga1.bin,250,345,46330,1,0xA3,1,0,0,192,0,0,46968.922019,-20.854175,69229.893386,69100.812078,62162.317336,0.000000,0.000000,0.000000
1.384499,5uVp10hz_ch2pga1.bin,250,346,46331,1,0xA3,1,0,0,192,0,0,46972.431242,-20.831823,69235.727191,69107.137620,62166.698277,0.000000,0.000000,0.000000
1.388503,5uVp10hz_ch2pga1.bin,250,347,46332,1,0xA3,1,0,0,192,0,0,46975.895762,-20.876527,69241.560996,69113.507867,62171.168625,0.000000,0.000000,0.000000
1.392502,5uVp10hz_ch2pga1.bin,250,348,46333,1,0xA3,1,0,0,192,0,0,46979.404986,-20.988286,69247.417152,69119.833410,62175.638974,0.000000,0.000000,0.000000
1.396504,5uVp10hz_ch2pga1.bin,250,349,46334,1,0xA3,1,0,0,192,0,0,46982.802451,-21.055341,69253.250957,69126.114249,62179.952860,0.000000,0.000000,0.000000
1.400507,5uVp10hz_ch2pga1.bin,250,350,46335,1,0xA3,1,0,0,192,0,0,46986.177564,-21.010637,69258.905947,69132.260978,62184.333801,0.000000,0.000000,0.000000
1.404506,5uVp10hz_ch2pga1.bin,250,351,46336,1,0xA3,1,0,0,192,0,0,46989.664435,-21.032989,69264.650345,69138.474762,62188.714743,0.000000,0.000000,0.000000
1.408510,5uVp10hz_ch2pga1.bin,250,352,46337,1,0xA3,1,0,0,192,0,0,46993.061900,-21.077693,69270.394742,69144.688547,62193.185091,0.000000,0.000000,0.000000
1.412509,5uVp10hz_ch2pga1.bin,250,353,46338,1,0xA3,1,0,0,192,0,0,46996.414661,-21.100044,69276.072085,69150.879979,62197.431922,0.000000,0.000000,0.000000
1.416512,5uVp10hz_ch2pga1.bin,250,354,46339,1,0xA3,1,0,0,192,0,0,46999.946237,-21.077693,69281.972945,69157.250226,62201.946974,0.000000,0.000000,0.000000
1.420511,5uVp10hz_ch2pga1.bin,250,355,46340,1,0xA3,1,0,0,192,0,0,47003.567219,-21.100044,69287.918508,69163.598120,62206.417322,0.000000,0.000000,0.000000
1.424514,5uVp10hz_ch2pga1.bin,250,356,46341,1,0xA3,1,0,0,192,0,0,47007.098794,-21.055341,69293.752313,69169.946015,62210.910022,0.000000,0.000000,0.000000
1.428518,5uVp10hz_ch2pga1.bin,250,357,46342,1,0xA3,1,0,0,192,0,0,47010.585666,-21.032989,69299.541414,69176.293910,62215.358019,0.000000,0.000000,0.000000
1.432517,5uVp10hz_ch2pga1.bin,250,358,46343,1,0xA3,1,0,0,192,0,0,47014.050186,-21.032989,69305.397570,69182.552397,62219.738960,0.000000,0.000000,0.000000
1.436520,5uVp10hz_ch2pga1.bin,250,359,46344,1,0xA3,1,0,0,192,0,0,47017.470002,-21.055341,69311.119616,69188.699126,62224.097550,0.000000,0.000000,0.000000
1.440520,5uVp10hz_ch2pga1.bin,250,360,46345,1,0xA3,1,0,0,192,0,0,47020.956874,-21.077693,69316.819310,69194.912910,62228.523195,0.000000,0.000000,0.000000
1.444523,5uVp10hz_ch2pga1.bin,250,361,46346,1,0xA3,1,0,0,192,0,0,47024.354339,-21.032989,69322.630763,69201.238453,62232.881784,0.000000,0.000000,0.000000
1.448523,5uVp10hz_ch2pga1.bin,250,362,46347,1,0xA3,1,0,0,192,0,0,47027.774155,-20.988286,69328.442216,69207.586348,62237.240374,0.000000,0.000000,0.000000
1.452525,5uVp10hz_ch2pga1.bin,250,363,46348,1,0xA3,1,0,0,192,0,0,47031.104565,-20.876527,69334.164262,69213.822484,62241.688371,0.000000,0.000000,0.000000
1.456528,5uVp10hz_ch2pga1.bin,250,364,46349,1,0xA3,1,0,0,192,0,0,47034.569085,-20.831823,69339.886308,69219.924510,62246.002257,0.000000,0.000000,0.000000
1.460527,5uVp10hz_ch2pga1.bin,250,365,46350,1,0xA3,1,0,0,192,0,0,47038.167715,-20.831823,69345.742464,69226.384163,62250.450253,0.000000,0.000000,0.000000
1.464530,5uVp10hz_ch2pga1.bin,250,366,46351,1,0xA3,1,0,0,192,0,0,47041.766346,-20.809472,69351.620972,69232.776761,62255.032361,0.000000,0.000000,0.000000
1.468529,5uVp10hz_ch2pga1.bin,250,367,46352,1,0xA3,1,0,0,192,0,0,47045.297921,-20.831823,69357.588887,69239.035249,62259.525061,0.000000,0.000000,0.000000
1.472533,5uVp10hz_ch2pga1.bin,250,368,46353,1,0xA3,1,0,0,192,0,0,47048.717737,-20.854175,69363.333285,69245.249033,62263.906002,0.000000,0.000000,0.000000
1.476532,5uVp10hz_ch2pga1.bin,250,369,46354,1,0xA3,1,0,0,192,0,0,47052.182257,-20.831823,69369.122386,69251.596928,62268.443406,0.000000,0.000000,0.000000
1.480536,5uVp10hz_ch2pga1.bin,250,370,46355,1,0xA3,1,0,0,192,0,0,47055.825591,-20.809472,69375.023246,69258.011878,62272.936106,0.000000,0.000000,0.000000
1.484535,5uVp10hz_ch2pga1.bin,250,371,46356,1,0xA3,1,0,0,192,0,0,47059.446573,-20.876527,69380.991161,69264.449179,62277.428806,0.000000,0.000000,0.000000
1.488539,5uVp10hz_ch2pga1.bin,250,372,46357,1,0xA3,1,0,0,192,0,0,47062.955797,-20.943582,69386.802614,69270.797074,62281.854451,0.000000,0.000000,0.000000
1.492538,5uVp10hz_ch2pga1.bin,250,373,46358,1,0xA3,1,0,0,192,0,0,47066.353261,-20.921230,69392.569363,69276.988506,62286.257744,0.000000,0.000000,0.000000
1.496541,5uVp10hz_ch2pga1.bin,250,374,46359,1,0xA3,1,0,0,192,0,0,47069.773078,-20.988286,69398.425519,69283.314049,62290.683389,0.000000,0.000000,0.000000
1.500541,5uVp10hz_ch2pga1.bin,250,375,46360,1,0xA3,1,0,0,192,0,0,47073.259950,-21.100044,69404.125214,69289.550185,62295.064330,0.000000,0.000000,0.000000
1.504545,5uVp10hz_ch2pga1.bin,250,376,46361,1,0xA3,1,0,0,192,0,0,47076.836228,-20.988286,69410.026073,69295.987487,62299.579382,0.000000,0.000000,0.000000
1.508545,5uVp10hz_ch2pga1.bin,250,377,46362,1,0xA3,1,0,0,192,0,0,47080.434859,-21.055341,69415.949285,69302.357733,62304.161489,0.000000,0.000000,0.000000
1.512547,5uVp10hz_ch2pga1.bin,250,378,46363,1,0xA3,1,0,0,192,0,0,47083.854675,-21.055341,69421.783090,69308.571517,62308.587134,0.000000,0.000000,0.000000
1.516547,5uVp10hz_ch2pga1.bin,250,379,46364,1,0xA3,1,0,0,192,0,0,47087.296844,-21.032989,69427.505136,69314.830005,62313.035131,0.000000,0.000000,0.000000
1.520551,5uVp10hz_ch2pga1.bin,250,380,46365,1,0xA3,1,0,0,192,0,0,47090.739012,-21.032989,69433.338940,69321.088493,62317.483127,0.000000,0.000000,0.000000
1.524550,5uVp10hz_ch2pga1.bin,250,381,46366,1,0xA3,1,0,0,192,0,0,47094.248235,-21.032989,69439.172745,69327.414036,62321.841717,0.000000,0.000000,0.000000
1.528553,5uVp10hz_ch2pga1.bin,250,382,46367,1,0xA3,1,0,0,192,0,0,47097.623348,-21.055341,69444.894791,69333.627820,62326.133251,0.000000,0.000000,0.000000
1.532555,5uVp10hz_ch2pga1.bin,250,383,46368,1,0xA3,1,0,0,192,0,0,47100.998461,-21.032989,69450.572133,69339.774549,62330.380082,0.000000,0.000000,0.000000
1.536555,5uVp10hz_ch2pga1.bin,250,384,46369,1,0xA3,1,0,0,192,0,0,47104.507685,-21.010637,69456.316531,69346.100092,62334.872782,0.000000,0.000000,0.000000
1.540558,5uVp10hz_ch2pga1.bin,250,385,46370,1,0xA3,1,0,0,192,0,0,47108.039260,-21.032989,69462.217391,69352.492690,62339.343131,0.000000,0.000000,0.000000
1.544558,5uVp10hz_ch2pga1.bin,250,386,46371,1,0xA3,1,0,0,192,0,0,47111.459076,-20.943582,69468.162954,69358.795881,62343.791127,0.000000,0.000000,0.000000
1.548558,5uVp10hz_ch2pga1.bin,250,387,46372,1,0xA3,1,0,0,192,0,0,47114.923596,-20.898879,69473.885000,69365.076721,62348.216772,0.000000,0.000000,0.000000
1.552562,5uVp10hz_ch2pga1.bin,250,388,46373,1,0xA3,1,0,0,192,0,0,47118.321061,-20.921230,69479.562342,69371.312857,62352.597713,0.000000,0.000000,0.000000
1.556562,5uVp10hz_ch2pga1.bin,250,389,46374,1,0xA3,1,0,0,192,0,0,47121.740878,-20.854175,69485.329092,69377.437234,62356.911600,0.000000,0.000000,0.000000
1.560566,5uVp10hz_ch2pga1.bin,250,390,46375,1,0xA3,1,0,0,192,0,0,47125.205398,-20.876527,69491.207600,69383.852184,62361.337245,0.000000,0.000000,0.000000
1.564566,5uVp10hz_ch2pga1.bin,250,391,46376,1,0xA3,1,0,0,192,0,0,47128.848732,-20.854175,69497.086108,69390.267134,62365.941703,0.000000,0.000000,0.000000
1.568568,5uVp10hz_ch2pga1.bin,250,392,46377,1,0xA3,1,0,0,192,0,0,47132.268548,-20.854175,69502.919912,69396.547973,62370.434403,0.000000,0.000000,0.000000
1.572568,5uVp10hz_ch2pga1.bin,250,393,46378,1,0xA3,1,0,0,192,0,0,47135.822475,-20.898879,69508.865476,69402.851164,62374.860048,0.000000,0.000000,0.000000
1.576571,5uVp10hz_ch2pga1.bin,250,394,46379,1,0xA3,1,0,0,192,0,0,47139.331698,-20.831823,69514.654577,69409.199059,62379.285693,0.000000,0.000000,0.000000
1.580571,5uVp10hz_ch2pga1.bin,250,395,46380,1,0xA3,1,0,0,192,0,0,47142.863274,-20.854175,69520.488381,69415.658712,62383.733690,0.000000,0.000000,0.000000
1.584575,5uVp10hz_ch2pga1.bin,250,396,46381,1,0xA3,1,0,0,192,0,0,47146.327794,-20.921230,69526.299834,69421.850145,62388.248742,0.000000,0.000000,0.000000
1.588574,5uVp10hz_ch2pga1.bin,250,397,46382,1,0xA3,1,0,0,192,0,0,47149.725258,-20.898879,69532.044232,69428.108633,62392.652035,0.000000,0.000000,0.000000
1.592576,5uVp10hz_ch2pga1.bin,250,398,46383,1,0xA3,1,0,0,192,0,0,47153.189778,-20.921230,69537.833333,69434.411824,62397.010624,0.000000,0.000000,0.000000
1.596578,5uVp10hz_ch2pga1.bin,250,399,46384,1,0xA3,1,0,0,192,0,0,47156.721354,-21.010637,69543.622434,69440.692663,62401.458621,0.000000,0.000000,0.000000
1.600580,5uVp10hz_ch2pga1.bin,250,400,46385,1,0xA3,1,0,0,192,0,0,47160.319984,-20.988286,69549.635053,69447.152317,62406.085432,0.000000,0.000000,0.000000
1.604579,5uVp10hz_ch2pga1.bin,250,401,46386,1,0xA3,1,0,0,192,0,0,47163.940966,-21.010637,69555.625319,69453.589618,62410.600483,0.000000,0.000000,0.000000
1.608582,5uVp10hz_ch2pga1.bin,250,402,46387,1,0xA3,1,0,0,192,0,0,47167.383134,-21.010637,69561.414421,69459.825754,62415.026128,0.000000,0.000000,0.000000
1.612583,5uVp10hz_ch2pga1.bin,250,403,46388,1,0xA3,1,0,0,192,0,0,47170.802951,-21.055341,69567.248225,69466.196001,62419.384718,0.000000,0.000000,0.000000
1.616585,5uVp10hz_ch2pga1.bin,250,404,46389,1,0xA3,1,0,0,192,0,0,47174.334526,-21.077693,69573.059678,69472.476840,62423.788011,0.000000,0.000000,0.000000
1.620585,5uVp10hz_ch2pga1.bin,250,405,46390,1,0xA3,1,0,0,192,0,0,47177.888453,-21.144748,69578.893483,69478.802383,62428.347766,0.000000,0.000000,0.000000
1.624586,5uVp10hz_ch2pga1.bin,250,406,46391,1,0xA3,1,0,0,192,0,0,47181.352973,-21.100044,69584.682584,69485.150278,62432.773411,0.000000,0.000000,0.000000
1.628588,5uVp10hz_ch2pga1.bin,250,407,46392,1,0xA3,1,0,0,192,0,0,47184.929252,-21.055341,69590.561092,69491.587579,62437.266111,0.000000,0.000000,0.000000
1.632588,5uVp10hz_ch2pga1.bin,250,408,46393,1,0xA3,1,0,0,192,0,0,47188.416123,-21.055341,69596.372545,69497.913122,62441.736460,0.000000,0.000000,0.000000
1.636590,5uVp10hz_ch2pga1.bin,250,409,46394,1,0xA3,1,0,0,192,0,0,47191.902995,-21.032989,69602.183998,69504.216313,62446.162105,0.000000,0.000000,0.000000
1.640593,5uVp10hz_ch2pga1.bin,250,410,46395,1,0xA3,1,0,0,192,0,0,47195.434570,-20.988286,69608.062506,69510.541856,62450.677156,0.000000,0.000000,0.000000
1.644592,5uVp10hz_ch2pga1.bin,250,411,46396,1,0xA3,1,0,0,192,0,0,47198.988497,-20.921230,69613.985717,69517.023861,62455.259264,0.000000,0.000000,0.000000
1.648593,5uVp10hz_ch2pga1.bin,250,412,46397,1,0xA3,1,0,0,192,0,0,47202.475369,-20.921230,69619.864225,69523.215294,62459.707260,0.000000,0.000000,0.000000
1.652595,5uVp10hz_ch2pga1.bin,250,413,46398,1,0xA3,1,0,0,192,0,0,47205.939889,-20.876527,69625.541568,69529.406726,62463.998795,0.000000,0.000000,0.000000
1.656598,5uVp10hz_ch2pga1.bin,250,414,46399,1,0xA3,1,0,0,192,0,0,47209.404409,-20.876527,69631.263614,69535.642862,62468.379736,0.000000,0.000000,0.000000
1.660598,5uVp10hz_ch2pga1.bin,250,415,46400,1,0xA3,1,0,0,192,0,0,47212.935984,-20.831823,69637.209177,69542.057812,62472.961843,0.000000,0.000000,0.000000
1.664601,5uVp10hz_ch2pga1.bin,250,416,46401,1,0xA3,1,0,0,192,0,0,47216.579318,-20.854175,69643.065333,69548.517466,62477.454543,0.000000,0.000000,0.000000
1.668601,5uVp10hz_ch2pga1.bin,250,417,46402,1,0xA3,1,0,0,192,0,0,47220.088542,-20.876527,69648.876786,69554.843009,62481.813133,0.000000,0.000000,0.000000
1.672604,5uVp10hz_ch2pga1.bin,250,418,46403,1,0xA3,1,0,0,192,0,0,47223.374248,-20.809472,69654.621184,69560.989738,62486.104667,0.000000,0.000000,0.000000
1.676604,5uVp10hz_ch2pga1.bin,250,419,46404,1,0xA3,1,0,0,192,0,0,47226.838768,-20.809472,69660.454988,69567.315280,62490.597367,0.000000,0.000000,0.000000
1.680607,5uVp10hz_ch2pga1.bin,250,420,46405,1,0xA3,1,0,0,192,0,0,47230.392694,-20.787120,69666.244090,69573.685527,62495.090067,0.000000,0.000000,0.000000
1.684606,5uVp10hz_ch2pga1.bin,250,421,46406,1,0xA3,1,0,0,192,0,0,47233.879566,-20.876527,69672.033191,69579.944015,62499.582767,0.000000,0.000000,0.000000
1.688610,5uVp10hz_ch2pga1.bin,250,422,46407,1,0xA3,1,0,0,192,0,0,47237.455845,-20.876527,69677.978754,69586.336613,62504.075468,0.000000,0.000000,0.000000
1.692610,5uVp10hz_ch2pga1.bin,250,423,46408,1,0xA3,1,0,0,192,0,0,47241.054475,-20.921230,69683.969021,69592.684507,62508.523464,0.000000,0.000000,0.000000
1.696610,5uVp10hz_ch2pga1.bin,250,424,46409,1,0xA3,1,0,0,192,0,0,47244.518995,-20.921230,69689.802825,69599.032402,62513.016164,0.000000,0.000000,0.000000
1.700614,5uVp10hz_ch2pga1.bin,250,425,46410,1,0xA3,1,0,0,192,0,0,47248.028219,-21.010637,69695.591927,69605.335593,62517.419457,0.000000,0.000000,0.000000
1.704615,5uVp10hz_ch2pga1.bin,250,426,46411,1,0xA3,1,0,0,192,0,0,47251.380980,-21.100044,69701.269269,69611.616433,62521.733344,0.000000,0.000000,0.000000
1.708618,5uVp10hz_ch2pga1.bin,250,427,46412,1,0xA3,1,0,0,192,0,0,47254.823148,-21.032989,69707.058370,69617.919624,62526.203692,0.000000,0.000000,0.000000
1.712618,5uVp10hz_ch2pga1.bin,250,428,46413,1,0xA3,1,0,0,192,0,0,47258.265316,-20.988286,69712.847471,69624.155760,62530.584633,0.000000,0.000000,0.000000
1.716621,5uVp10hz_ch2pga1.bin,250,429,46414,1,0xA3,1,0,0,192,0,0,47261.729836,-21.032989,69718.614221,69630.458951,62535.054982,0.000000,0.000000,0.000000
1.720622,5uVp10hz_ch2pga1.bin,250,430,46415,1,0xA3,1,0,0,192,0,0,47265.306115,-21.100044,69724.448025,69636.851549,62539.592385,0.000000,0.000000,0.000000
1.724622,5uVp10hz_ch2pga1.bin,250,431,46416,1,0xA3,1,0,0,192,0,0,47268.860042,-21.122396,69730.304182,69643.177092,62544.018030,0.000000,0.000000,0.000000
1.728626,5uVp10hz_ch2pga1.bin,250,432,46417,1,0xA3,1,0,0,192,0,0,47272.235155,-21.077693,69736.115634,69649.457932,62548.376620,0.000000,0.000000,0.000000
1.732626,5uVp10hz_ch2pga1.bin,250,433,46418,1,0xA3,1,0,0,192,0,0,47275.610268,-21.055341,69741.837680,69655.671716,62552.757561,0.000000,0.000000,0.000000
1.736629,5uVp10hz_ch2pga1.bin,250,434,46419,1,0xA3,1,0,0,192,0,0,47279.030085,-21.055341,69747.559726,69661.907852,62557.116151,0.000000,0.000000,0.000000
1.740629,5uVp10hz_ch2pga1.bin,250,435,46420,1,0xA3,1,0,0,192,0,0,47282.539308,-20.988286,69753.281772,69668.166339,62561.497092,0.000000,0.000000,0.000000
1.744632,5uVp10hz_ch2pga1.bin,250,436,46421,1,0xA3,1,0,0,192,0,0,47286.115587,-20.988286,69759.227335,69674.693048,62566.056848,0.000000,0.000000,0.000000
1.748632,5uVp10hz_ch2pga1.bin,250,437,46422,1,0xA3,1,0,0,192,0,0,47289.557755,-20.943582,69765.172899,69681.040943,62570.549548,0.000000,0.000000,0.000000
1.752635,5uVp10hz_ch2pga1.bin,250,438,46423,1,0xA3,1,0,0,192,0,0,47292.843461,-20.831823,69770.805538,69687.165320,62574.841082,0.000000,0.000000,0.000000
1.756635,5uVp10hz_ch2pga1.bin,250,439,46424,1,0xA3,1,0,0,192,0,0,47296.330333,-20.787120,69776.527584,69693.356752,62579.199672,0.000000,0.000000,0.000000
1.760638,5uVp10hz_ch2pga1.bin,250,440,46425,1,0xA3,1,0,0,192,0,0,47299.750149,-20.831823,69782.339036,69699.615240,62583.647668,0.000000,0.000000,0.000000
1.764637,5uVp10hz_ch2pga1.bin,250,441,46426,1,0xA3,1,0,0,192,0,0,47303.304076,-20.876527,69788.239896,69706.007838,62588.185072,0.000000,0.000000,0.000000
1.768641,5uVp10hz_ch2pga1.bin,250,442,46427,1,0xA3,1,0,0,192,0,0,47306.790948,-20.831823,69794.073701,69712.378085,62592.677772,0.000000,0.000000,0.000000
1.772641,5uVp10hz_ch2pga1.bin,250,443,46428,1,0xA3,1,0,0,192,0,0,47310.210764,-20.876527,69799.862802,69718.681276,62597.081065,0.000000,0.000000,0.000000
1.776644,5uVp10hz_ch2pga1.bin,250,444,46429,1,0xA3,1,0,0,192,0,0,47313.764691,-20.898879,69805.718958,69725.051522,62601.506710,0.000000,0.000000,0.000000
1.780645,5uVp10hz_ch2pga1.bin,250,445,46430,1,0xA3,1,0,0,192,0,0,47317.385674,-20.921230,69811.619818,69731.466472,62606.066465,0.000000,0.000000,0.000000
1.784645,5uVp10hz_ch2pga1.bin,250,446,46431,1,0xA3,1,0,0,192,0,0,47320.917249,-20.898879,69817.520678,69737.814367,62610.559165,0.000000,0.000000,0.000000
1.788647,5uVp10hz_ch2pga1.bin,250,447,46432,1,0xA3,1,0,0,192,0,0,47324.404120,-20.943582,69823.265076,69744.050503,62615.029514,0.000000,0.000000,0.000000
1.792648,5uVp10hz_ch2pga1.bin,250,448,46433,1,0xA3,1,0,0,192,0,0,47327.868640,-20.965934,69829.054177,69750.286639,62619.365752,0.000000,0.000000,0.000000
1.796650,5uVp10hz_ch2pga1.bin,250,449,46434,1,0xA3,1,0,0,192,0,0,47331.333160,-20.988286,69834.843278,69756.612182,62623.791397,0.000000,0.000000,0.000000
1.800653,5uVp10hz_ch2pga1.bin,250,450,46435,1,0xA3,1,0,0,192,0,0,47334.797680,-21.077693,69840.677083,69763.071835,62628.328800,0.000000,0.000000,0.000000
1.804652,5uVp10hz_ch2pga1.bin,250,451,46436,1,0xA3,1,0,0,192,0,0,47338.306904,-21.032989,69846.622646,69769.352674,62632.843852,0.000000,0.000000,0.000000
1.808655,5uVp10hz_ch2pga1.bin,250,452,46437,1,0xA3,1,0,0,192,0,0,47341.793776,-21.032989,69852.411747,69775.678217,62637.135386,0.000000,0.000000,0.000000
1.812654,5uVp10hz_ch2pga1.bin,250,453,46438,1,0xA3,1,0,0,192,0,0,47345.191240,-21.055341,69858.111441,69781.981409,62641.516328,0.000000,0.000000,0.000000
1.816657,5uVp10hz_ch2pga1.bin,250,454,46439,1,0xA3,1,0,0,192,0,0,47348.655760,-21.055341,69863.922894,69788.195193,62646.009028,0.000000,0.000000,0.000000
1.820660,5uVp10hz_ch2pga1.bin,250,455,46440,1,0xA3,1,0,0,192,0,0,47352.120280,-21.055341,69869.846106,69794.498384,62650.389969,0.000000,0.000000,0.000000
1.824659,5uVp10hz_ch2pga1.bin,250,456,46441,1,0xA3,1,0,0,192,0,0,47355.540097,-21.055341,69875.590503,69800.823927,62654.815614,0.000000,0.000000,0.000000
1.828662,5uVp10hz_ch2pga1.bin,250,457,46442,1,0xA3,1,0,0,192,0,0,47358.982265,-21.055341,69881.290197,69807.082415,62659.241259,0.000000,0.000000,0.000000
1.832663,5uVp10hz_ch2pga1.bin,250,458,46443,1,0xA3,1,0,0,192,0,0,47362.469137,-21.055341,69887.124002,69813.296199,62663.689256,0.000000,0.000000,0.000000
1.836666,5uVp10hz_ch2pga1.bin,250,459,46444,1,0xA3,1,0,0,192,0,0,47365.866601,-21.055341,69892.957807,69819.644094,62667.980790,0.000000,0.000000,0.000000
1.840665,5uVp10hz_ch2pga1.bin,250,460,46445,1,0xA3,1,0,0,192,0,0,47369.375825,-21.032989,69898.948073,69826.059043,62672.629952,0.000000,0.000000,0.000000
1.844666,5uVp10hz_ch2pga1.bin,250,461,46446,1,0xA3,1,0,0,192,0,0,47373.041511,-20.988286,69904.826581,69832.473993,62677.212059,0.000000,0.000000,0.000000
1.848669,5uVp10hz_ch2pga1.bin,250,462,46447,1,0xA3,1,0,0,192,0,0,47376.528382,-20.921230,69910.615683,69838.799536,62681.637704,0.000000,0.000000,0.000000
1.852668,5uVp10hz_ch2pga1.bin,250,463,46448,1,0xA3,1,0,0,192,0,0,47379.903495,-20.854175,69916.270673,69845.013320,62685.973942,0.000000,0.000000,0.000000
1.856671,5uVp10hz_ch2pga1.bin,250,464,46449,1,0xA3,1,0,0,192,0,0,47383.368015,-20.898879,69922.149181,69851.383567,62690.399587,0.000000,0.000000,0.000000
1.860673,5uVp10hz_ch2pga1.bin,250,465,46450,1,0xA3,1,0,0,192,0,0,47386.832535,-20.831823,69928.072393,69857.776165,62694.914639,0.000000,0.000000,0.000000
1.864673,5uVp10hz_ch2pga1.bin,250,466,46451,1,0xA3,1,0,0,192,0,0,47390.341759,-20.831823,69933.973253,69864.235818,62699.429691,0.000000,0.000000,0.000000
1.868677,5uVp10hz_ch2pga1.bin,250,467,46452,1,0xA3,1,0,0,192,0,0,47393.985093,-20.898879,69939.874113,69870.628417,62703.922391,0.000000,0.000000,0.000000
1.872676,5uVp10hz_ch2pga1.bin,250,468,46453,1,0xA3,1,0,0,192,0,0,47397.628427,-20.943582,69945.797324,69876.998663,62708.415091,0.000000,0.000000,0.000000
1.876679,5uVp10hz_ch2pga1.bin,250,469,46454,1,0xA3,1,0,0,192,0,0,47401.070595,-20.965934,69951.675832,69883.413613,62712.863088,0.000000,0.000000,0.000000
1.880678,5uVp10hz_ch2pga1.bin,250,470,46455,1,0xA3,1,0,0,192,0,0,47404.646873,-20.898879,69957.576692,69889.761508,62717.422843,0.000000,0.000000,0.000000
1.884681,5uVp10hz_ch2pga1.bin,250,471,46456,1,0xA3,1,0,0,192,0,0,47408.245504,-20.921230,69963.544607,69896.198809,62721.982598,0.000000,0.000000,0.000000
1.888681,5uVp10hz_ch2pga1.bin,250,472,46457,1,0xA3,1,0,0,192,0,0,47411.687672,-20.921230,69969.221950,69902.457297,62726.318836,0.000000,0.000000,0.000000
1.892685,5uVp10hz_ch2pga1.bin,250,473,46458,1,0xA3,1,0,0,192,0,0,47414.995730,-20.943582,69974.832237,69908.626378,62730.632722,0.000000,0.000000,0.000000
1.896684,5uVp10hz_ch2pga1.bin,250,474,46459,1,0xA3,1,0,0,192,0,0,47418.415546,-20.988286,69980.688393,69914.951921,62735.125422,0.000000,0.000000,0.000000
1.900687,5uVp10hz_ch2pga1.bin,250,475,46460,1,0xA3,1,0,0,192,0,0,47421.969473,-21.055341,69986.566901,69921.322167,62739.595771,0.000000,0.000000,0.000000
1.904686,5uVp10hz_ch2pga1.bin,250,476,46461,1,0xA3,1,0,0,192,0,0,47425.635159,-21.032989,69992.512465,69927.714765,62744.066119,0.000000,0.000000,0.000000
1.908690,5uVp10hz_ch2pga1.bin,250,477,46462,1,0xA3,1,0,0,192,0,0,47429.189086,-21.055341,69998.413324,69934.219122,62748.625875,0.000000,0.000000,0.000000
1.912690,5uVp10hz_ch2pga1.bin,250,478,46463,1,0xA3,1,0,0,192,0,0,47432.608902,-21.122396,70004.224777,69940.567017,62753.051519,0.000000,0.000000,0.000000
1.916693,5uVp10hz_ch2pga1.bin,250,479,46464,1,0xA3,1,0,0,192,0,0,47435.961664,-21.055341,70010.080934,69946.691394,62757.410109,0.000000,0.000000,0.000000
1.920693,5uVp10hz_ch2pga1.bin,250,480,46465,1,0xA3,1,0,0,192,0,0,47439.426184,-21.055341,70015.780628,69952.994585,62761.858106,0.000000,0.000000,0.000000
1.924696,5uVp10hz_ch2pga1.bin,250,481,46466,1,0xA3,1,0,0,192,0,0,47442.846000,-21.077693,70021.592081,69959.409535,62766.328454,0.000000,0.000000,0.000000
1.928696,5uVp10hz_ch2pga1.bin,250,482,46467,1,0xA3,1,0,0,192,0,0,47446.399927,-21.055341,70027.492940,69965.802133,62770.754099,0.000000,0.000000,0.000000
1.932699,5uVp10hz_ch2pga1.bin,250,483,46468,1,0xA3,1,0,0,192,0,0,47449.819744,-21.032989,70033.304393,69972.082973,62775.157392,0.000000,0.000000,0.000000
1.936699,5uVp10hz_ch2pga1.bin,250,484,46469,1,0xA3,1,0,0,192,0,0,47453.418374,-21.100044,70039.249957,69978.453219,62779.806554,0.000000,0.000000,0.000000
1.940702,5uVp10hz_ch2pga1.bin,250,485,46470,1,0xA3,1,0,0,192,0,0,47456.949949,-21.100044,70044.949651,69984.734058,62784.209847,0.000000,0.000000,0.000000
1.944701,5uVp10hz_ch2pga1.bin,250,486,46471,1,0xA3,1,0,0,192,0,0,47460.369766,-20.988286,70050.716400,69991.081953,62788.635492,0.000000,0.000000,0.000000
1.948704,5uVp10hz_ch2pga1.bin,250,487,46472,1,0xA3,1,0,0,192,0,0,47463.744879,-20.943582,70056.527853,69997.295737,62793.016434,0.000000,0.000000,0.000000
1.952707,5uVp10hz_ch2pga1.bin,250,488,46473,1,0xA3,1,0,0,192,0,0,47467.119992,-20.921230,70062.160492,70003.487170,62797.263265,0.000000,0.000000,0.000000
1.956706,5uVp10hz_ch2pga1.bin,250,489,46474,1,0xA3,1,0,0,192,0,0,47470.539808,-20.876527,70068.039000,70009.857416,62801.666558,0.000000,0.000000,0.000000
1.960709,5uVp10hz_ch2pga1.bin,250,490,46475,1,0xA3,1,0,0,192,0,0,47474.049032,-20.876527,70073.917508,70016.250014,62806.092203,0.000000,0.000000,0.000000
1.964708,5uVp10hz_ch2pga1.bin,250,491,46476,1,0xA3,1,0,0,192,0,0,47477.625310,-20.921230,70079.773664,70022.597909,62810.607255,0.000000,0.000000,0.000000
1.968710,5uVp10hz_ch2pga1.bin,250,492,46477,1,0xA3,1,0,0,192,0,0,47481.223941,-20.876527,70085.696876,70029.079914,62815.167010,0.000000,0.000000,0.000000
1.972713,5uVp10hz_ch2pga1.bin,250,493,46478,1,0xA3,1,0,0,192,0,0,47484.599054,-20.831823,70091.463625,70035.405457,62819.547951,0.000000,0.000000,0.000000
1.976712,5uVp10hz_ch2pga1.bin,250,494,46479,1,0xA3,1,0,0,192,0,0,47488.041222,-20.876527,70097.252727,70041.641593,62823.951244,0.000000,0.000000,0.000000
1.980714,5uVp10hz_ch2pga1.bin,250,495,46480,1,0xA3,1,0,0,192,0,0,47491.550446,-20.921230,70103.086531,70047.855377,62828.466296,0.000000,0.000000,0.000000
1.984717,5uVp10hz_ch2pga1.bin,250,496,46481,1,0xA3,1,0,0,192,0,0,47495.037317,-20.943582,70108.875632,70054.203272,62832.936645,0.000000,0.000000,0.000000
1.988719,5uVp10hz_ch2pga1.bin,250,497,46482,1,0xA3,1,0,0,192,0,0,47498.323023,-20.921230,70114.642382,70060.484111,62837.272882,0.000000,0.000000,0.000000
1.992717,5uVp10hz_ch2pga1.bin,250,498,46483,1,0xA3,1,0,0,192,0,0,47501.787543,-20.988286,70120.386779,70066.742599,62841.609120,0.000000,0.000000,0.000000
1.996719,5uVp10hz_ch2pga1.bin,250,499,46484,1,0xA3,1,0,0,192,0,0,47505.296767,-20.965934,70126.220584,70073.068142,62845.990062,0.000000,0.000000,0.000000
2.000721,5uVp10hz_ch2pga1.bin,250,500,46485,1,0xA3,1,0,0,192,0,0,47508.828342,-20.943582,70132.099092,70079.371333,62850.549817,0.000000,0.000000,0.000000
2.004723,5uVp10hz_ch2pga1.bin,250,501,46486,1,0xA3,1,0,0,192,0,0,47512.494028,-21.010637,70138.178766,70086.009800,62855.288386,0.000000,0.000000,0.000000
2.008722,5uVp10hz_ch2pga1.bin,250,502,46487,1,0xA3,1,0,0,192,0,0,47516.092658,-21.055341,70144.213736,70092.558861,62859.937549,0.000000,0.000000,0.000000
2.012725,5uVp10hz_ch2pga1.bin,250,503,46488,1,0xA3,1,0,0,192,0,0,47519.624233,-21.055341,70150.069892,70098.929107,62864.452600,0.000000,0.000000,0.000000
2.016727,5uVp10hz_ch2pga1.bin,250,504,46489,1,0xA3,1,0,0,192,0,0,47523.066401,-21.077693,70155.926049,70105.232298,62868.855894,0.000000,0.000000,0.000000
2.020729,5uVp10hz_ch2pga1.bin,250,505,46490,1,0xA3,1,0,0,192,0,0,47526.575625,-21.144748,70161.692798,70111.647248,62873.348594,0.000000,0.000000,0.000000
2.024728,5uVp10hz_ch2pga1.bin,250,506,46491,1,0xA3,1,0,0,192,0,0,47530.107200,-21.167099,70167.548954,70117.995143,62877.885997,0.000000,0.000000,0.000000
2.028730,5uVp10hz_ch2pga1.bin,250,507,46492,1,0xA3,1,0,0,192,0,0,47533.549368,-21.144748,70173.427463,70124.343038,62882.289290,0.000000,0.000000,0.000000
2.032731,5uVp10hz_ch2pga1.bin,250,508,46493,1,0xA3,1,0,0,192,0,0,47537.013888,-21.100044,70179.171860,70130.646229,62886.603177,0.000000,0.000000,0.000000
2.036734,5uVp10hz_ch2pga1.bin,250,509,46494,1,0xA3,1,0,0,192,0,0,47540.500760,-21.100044,70184.983313,70136.949420,62891.051173,0.000000,0.000000,0.000000
2.040733,5uVp10hz_ch2pga1.bin,250,510,46495,1,0xA3,1,0,0,192,0,0,47544.054687,-21.010637,70190.884173,70143.364370,62895.633280,0.000000,0.000000,0.000000
2.044735,5uVp10hz_ch2pga1.bin,250,511,46496,1,0xA3,1,0,0,192,0,0,47547.653317,-21.010637,70196.874440,70149.868727,62900.327146,0.000000,0.000000,0.000000
2.048735,5uVp10hz_ch2pga1.bin,250,512,46497,1,0xA3,1,0,0,192,0,0,47551.251948,-20.988286,70202.775300,70156.261325,62904.730439,0.000000,0.000000,0.000000
2.052738,5uVp10hz_ch2pga1.bin,250,513,46498,1,0xA3,1,0,0,192,0,0,47554.738820,-20.854175,70208.698511,70162.676275,62909.200788,0.000000,0.000000,0.000000
2.056741,5uVp10hz_ch2pga1.bin,250,514,46499,1,0xA3,1,0,0,192,0,0,47558.091581,-20.854175,70214.398205,70168.912411,62913.559377,0.000000,0.000000,0.000000
2.060741,5uVp10hz_ch2pga1.bin,250,515,46500,1,0xA3,1,0,0,192,0,0,47561.623156,-20.876527,70220.209658,70175.327361,62918.052077,0.000000,0.000000,0.000000
2.064744,5uVp10hz_ch2pga1.bin,250,516,46501,1,0xA3,1,0,0,192,0,0,47565.154731,-20.764768,70226.155221,70181.675255,62922.589481,0.000000,0.000000,0.000000
2.068744,5uVp10hz_ch2pga1.bin,250,517,46502,1,0xA3,1,0,0,192,0,0,47568.596900,-20.787120,70231.877267,70187.911391,62926.925719,0.000000,0.000000,0.000000
2.072746,5uVp10hz_ch2pga1.bin,250,518,46503,1,0xA3,1,0,0,192,0,0,47572.083771,-20.921230,70237.733424,70194.236934,62931.373715,0.000000,0.000000,0.000000
2.076746,5uVp10hz_ch2pga1.bin,250,519,46504,1,0xA3,1,0,0,192,0,0,47575.592995,-20.876527,70243.678987,70200.696588,62935.933471,0.000000,0.000000,0.000000
2.080748,5uVp10hz_ch2pga1.bin,250,520,46505,1,0xA3,1,0,0,192,0,0,47579.124570,-20.831823,70249.602199,70207.022130,62940.359116,0.000000,0.000000,0.000000
2.084758,5uVp10hz_ch2pga1.bin,250,521,46506,1,0xA3,1,0,0,192,0,0,47582.633793,-20.943582,70255.525410,70213.481784,62944.985926,0.000000,0.000000,0.000000
2.088757,5uVp10hz_ch2pga1.bin,250,522,46507,1,0xA3,1,0,0,192,0,0,47586.210072,-21.032989,70261.403918,70219.963789,62949.456275,0.000000,0.000000,0.000000
2.092760,5uVp10hz_ch2pga1.bin,250,523,46508,1,0xA3,1,0,0,192,0,0,47589.719296,-20.898879,70267.170668,70226.199925,62953.881919,0.000000,0.000000,0.000000
2.096759,5uVp10hz_ch2pga1.bin,250,524,46509,1,0xA3,1,0,0,192,0,0,47593.183815,-20.943582,70272.959769,70232.480764,62958.285213,0.000000,0.000000,0.000000
2.100759,5uVp10hz_ch2pga1.bin,250,525,46510,1,0xA3,1,0,0,192,0,0,47596.737742,-21.032989,70278.882980,70238.940418,62962.956727,0.000000,0.000000,0.000000
2.104762,5uVp10hz_ch2pga1.bin,250,526,46511,1,0xA3,1,0,0,192,0,0,47600.202262,-20.988286,70284.873247,70245.355368,62967.449427,0.000000,0.000000,0.000000
2.108761,5uVp10hz_ch2pga1.bin,250,527,46512,1,0xA3,1,0,0,192,0,0,47603.845596,-20.988286,70290.774107,70251.882076,62971.942127,0.000000,0.000000,0.000000
2.112763,5uVp10hz_ch2pga1.bin,250,528,46513,1,0xA3,1,0,0,192,0,0,47607.377172,-21.010637,70296.674967,70258.185267,62976.390123,0.000000,0.000000,0.000000
2.116765,5uVp10hz_ch2pga1.bin,250,529,46514,1,0xA3,1,0,0,192,0,0,47610.908747,-21.032989,70302.620530,70264.577866,62980.927527,0.000000,0.000000,0.000000
2.120765,5uVp10hz_ch2pga1.bin,250,530,46515,1,0xA3,1,0,0,192,0,0,47614.417970,-21.055341,70308.476686,70270.970464,62985.487282,0.000000,0.000000,0.000000
2.124767,5uVp10hz_ch2pga1.bin,250,531,46516,1,0xA3,1,0,0,192,0,0,47617.882490,-21.077693,70314.310491,70277.363062,62989.912927,0.000000,0.000000,0.000000
2.128767,5uVp10hz_ch2pga1.bin,250,532,46517,1,0xA3,1,0,0,192,0,0,47621.481121,-21.055341,70320.166647,70283.800364,62994.450331,0.000000,0.000000,0.000000
2.132769,5uVp10hz_ch2pga1.bin,250,533,46518,1,0xA3,1,0,0,192,0,0,47625.057399,-21.032989,70326.067507,70290.148258,62999.010086,0.000000,0.000000,0.000000
2.136772,5uVp10hz_ch2pga1.bin,250,534,46519,1,0xA3,1,0,0,192,0,0,47628.588974,-21.010637,70331.968367,70296.540856,63003.480434,0.000000,0.000000,0.000000
2.140772,5uVp10hz_ch2pga1.bin,250,535,46520,1,0xA3,1,0,0,192,0,0,47632.142901,-21.100044,70337.869227,70303.067565,63008.062541,0.000000,0.000000,0.000000
2.144774,5uVp10hz_ch2pga1.bin,250,536,46521,1,0xA3,1,0,0,192,0,0,47635.853291,-20.943582,70343.971252,70309.661329,63012.756407,0.000000,0.000000,0.000000
2.148776,5uVp10hz_ch2pga1.bin,250,537,46522,1,0xA3,1,0,0,192,0,0,47639.273107,-20.898879,70349.849761,70315.986872,63017.204404,0.000000,0.000000,0.000000
2.152775,5uVp10hz_ch2pga1.bin,250,538,46523,1,0xA3,1,0,0,192,0,0,47642.692924,-20.876527,70355.638862,70322.178304,63021.406531,0.000000,0.000000,0.000000
2.156778,5uVp10hz_ch2pga1.bin,250,539,46524,1,0xA3,1,0,0,192,0,0,47646.112740,-20.876527,70361.338556,70328.570902,63025.921583,0.000000,0.000000,0.000000
2.160778,5uVp10hz_ch2pga1.bin,250,540,46525,1,0xA3,1,0,0,192,0,0,47649.577260,-20.831823,70367.239416,70334.963500,63030.481339,0.000000,0.000000,0.000000
2.164780,5uVp10hz_ch2pga1.bin,250,541,46526,1,0xA3,1,0,0,192,0,0,47653.242946,-20.831823,70373.184979,70341.400802,63034.974039,0.000000,0.000000,0.000000
2.168783,5uVp10hz_ch2pga1.bin,250,542,46527,1,0xA3,1,0,0,192,0,0,47656.707466,-20.831823,70379.063487,70347.771049,63039.444387,0.000000,0.000000,0.000000
2.172782,5uVp10hz_ch2pga1.bin,250,543,46528,1,0xA3,1,0,0,192,0,0,47660.149634,-20.831823,70384.919643,70354.096591,63043.847680,0.000000,0.000000,0.000000
2.176783,5uVp10hz_ch2pga1.bin,250,544,46529,1,0xA3,1,0,0,192,0,0,47663.725913,-20.787120,70390.753448,70360.466838,63048.362732,0.000000,0.000000,0.000000
2.180785,5uVp10hz_ch2pga1.bin,250,545,46530,1,0xA3,1,0,0,192,0,0,47667.324543,-20.876527,70396.676660,70367.038250,63052.944839,0.000000,0.000000,0.000000
2.184787,5uVp10hz_ch2pga1.bin,250,546,46531,1,0xA3,1,0,0,192,0,0,47670.923173,-20.921230,70402.711630,70373.587310,63057.594001,0.000000,0.000000,0.000000
2.188789,5uVp10hz_ch2pga1.bin,250,547,46532,1,0xA3,1,0,0,192,0,0,47674.432397,-20.988286,70408.612490,70379.890501,63062.041998,0.000000,0.000000,0.000000
2.192788,5uVp10hz_ch2pga1.bin,250,548,46533,1,0xA3,1,0,0,192,0,0,47677.896917,-20.943582,70414.446294,70386.216044,63066.467643,0.000000,0.000000,0.000000
2.196791,5uVp10hz_ch2pga1.bin,250,549,46534,1,0xA3,1,0,0,192,0,0,47681.406140,-20.988286,70420.324802,70392.742753,63071.005046,0.000000,0.000000,0.000000
2.200793,5uVp10hz_ch2pga1.bin,250,550,46535,1,0xA3,1,0,0,192,0,0,47684.960067,-21.032989,70426.203310,70399.112999,63075.564802,0.000000,0.000000,0.000000
2.204792,5uVp10hz_ch2pga1.bin,250,551,46536,1,0xA3,1,0,0,192,0,0,47688.469291,-21.055341,70432.059467,70405.505598,63080.057502,0.000000,0.000000,0.000000
2.208794,5uVp10hz_ch2pga1.bin,250,552,46537,1,0xA3,1,0,0,192,0,0,47692.090273,-21.010637,70438.072085,70411.920547,63084.572554,0.000000,0.000000,0.000000
2.212797,5uVp10hz_ch2pga1.bin,250,553,46538,1,0xA3,1,0,0,192,0,0,47695.688903,-20.988286,70444.107056,70418.424904,63089.177012,0.000000,0.000000,0.000000
2.216796,5uVp10hz_ch2pga1.bin,250,554,46539,1,0xA3,1,0,0,192,0,0,47699.242830,-21.100044,70449.940860,70424.817502,63093.625009,0.000000,0.000000,0.000000
2.220799,5uVp10hz_ch2pga1.bin,250,555,46540,1,0xA3,1,0,0,192,0,0,47702.729702,-21.144748,70455.797017,70431.299508,63098.162413,0.000000,0.000000,0.000000
2.224799,5uVp10hz_ch2pga1.bin,250,556,46541,1,0xA3,1,0,0,192,0,0,47706.149518,-21.032989,70461.720228,70437.759161,63102.632761,0.000000,0.000000,0.000000
2.228802,5uVp10hz_ch2pga1.bin,250,557,46542,1,0xA3,1,0,0,192,0,0,47709.546983,-21.032989,70467.598736,70444.062352,63107.013702,0.000000,0.000000,0.000000
2.232804,5uVp10hz_ch2pga1.bin,250,558,46543,1,0xA3,1,0,0,192,0,0,47713.011503,-21.055341,70473.320782,70450.387895,63111.349940,0.000000,0.000000,0.000000
2.236803,5uVp10hz_ch2pga1.bin,250,559,46544,1,0xA3,1,0,0,192,0,0,47716.565430,-21.122396,70479.199290,70456.735790,63115.864992,0.000000,0.000000,0.000000
2.240806,5uVp10hz_ch2pga1.bin,250,560,46545,1,0xA3,1,0,0,192,0,0,47720.253468,-21.055341,70485.211909,70463.240147,63120.581210,0.000000,0.000000,0.000000
2.244805,5uVp10hz_ch2pga1.bin,250,561,46546,1,0xA3,1,0,0,192,0,0,47723.919153,-20.988286,70491.224527,70469.811559,63125.297427,0.000000,0.000000,0.000000
2.248807,5uVp10hz_ch2pga1.bin,250,562,46547,1,0xA3,1,0,0,192,0,0,47727.428377,-20.921230,70497.125387,70476.360619,63129.700720,0.000000,0.000000,0.000000
2.252810,5uVp10hz_ch2pga1.bin,250,563,46548,1,0xA3,1,0,0,192,0,0,47730.892897,-20.876527,70503.115654,70482.753217,63134.171069,0.000000,0.000000,0.000000
2.256809,5uVp10hz_ch2pga1.bin,250,564,46549,1,0xA3,1,0,0,192,0,0,47734.379768,-20.876527,70508.927107,70489.123464,63138.619065,0.000000,0.000000,0.000000
2.260812,5uVp10hz_ch2pga1.bin,250,565,46550,1,0xA3,1,0,0,192,0,0,47737.888992,-20.854175,70514.738560,70495.471358,63143.067062,0.000000,0.000000,0.000000
2.264814,5uVp10hz_ch2pga1.bin,250,566,46551,1,0xA3,1,0,0,192,0,0,47741.375864,-20.898879,70520.572364,70501.796901,63147.537410,0.000000,0.000000,0.000000
2.268816,5uVp10hz_ch2pga1.bin,250,567,46552,1,0xA3,1,0,0,192,0,0,47744.750977,-20.876527,70526.383817,70508.189499,63151.918352,0.000000,0.000000,0.000000
2.272815,5uVp10hz_ch2pga1.bin,250,568,46553,1,0xA3,1,0,0,192,0,0,47748.215497,-20.831823,70532.284677,70514.470339,63156.343997,0.000000,0.000000,0.000000
2.276818,5uVp10hz_ch2pga1.bin,250,569,46554,1,0xA3,1,0,0,192,0,0,47751.948237,-20.809472,70538.364351,70521.086454,63161.060214,0.000000,0.000000,0.000000
2.280817,5uVp10hz_ch2pga1.bin,250,570,46555,1,0xA3,1,0,0,192,0,0,47755.569220,-20.876527,70544.242859,70527.635515,63165.664673,0.000000,0.000000,0.000000
2.284821,5uVp10hz_ch2pga1.bin,250,571,46556,1,0xA3,1,0,0,192,0,0,47758.944333,-20.854175,70550.210774,70534.028113,63170.112669,0.000000,0.000000,0.000000
2.288823,5uVp10hz_ch2pga1.bin,250,572,46557,1,0xA3,1,0,0,192,0,0,47762.431204,-20.921230,70556.044579,70540.353656,63174.583018,0.000000,0.000000,0.000000
2.292823,5uVp10hz_ch2pga1.bin,250,573,46558,1,0xA3,1,0,0,192,0,0,47765.962780,-20.921230,70561.833680,70546.701550,63179.053366,0.000000,0.000000,0.000000
2.296825,5uVp10hz_ch2pga1.bin,250,574,46559,1,0xA3,1,0,0,192,0,0,47769.427299,-20.921230,70567.689836,70553.004742,63183.546066,0.000000,0.000000,0.000000
2.300825,5uVp10hz_ch2pga1.bin,250,575,46560,1,0xA3,1,0,0,192,0,0,47773.025930,-20.988286,70573.680103,70559.576154,63188.172877,0.000000,0.000000,0.000000
2.304828,5uVp10hz_ch2pga1.bin,250,576,46561,1,0xA3,1,0,0,192,0,0,47776.691616,-21.010637,70579.670370,70565.968752,63192.710280,0.000000,0.000000,0.000000
2.308828,5uVp10hz_ch2pga1.bin,250,577,46562,1,0xA3,1,0,0,192,0,0,47780.245543,-21.055341,70585.638285,70572.473109,63197.270036,0.000000,0.000000,0.000000
2.312831,5uVp10hz_ch2pga1.bin,250,578,46563,1,0xA3,1,0,0,192,0,0,47783.799469,-21.100044,70591.561496,70578.977466,63201.807439,0.000000,0.000000,0.000000
2.316831,5uVp10hz_ch2pga1.bin,250,579,46564,1,0xA3,1,0,0,192,0,0,47787.331045,-21.122396,70597.507060,70585.370064,63206.277788,0.000000,0.000000,0.000000
2.320834,5uVp10hz_ch2pga1.bin,250,580,46565,1,0xA3,1,0,0,192,0,0,47790.952027,-21.100044,70603.430271,70591.807365,63210.859895,0.000000,0.000000,0.000000
2.324834,5uVp10hz_ch2pga1.bin,250,581,46566,1,0xA3,1,0,0,192,0,0,47794.573009,-21.100044,70609.465241,70598.267019,63215.486705,0.000000,0.000000,0.000000
2.328838,5uVp10hz_ch2pga1.bin,250,582,46567,1,0xA3,1,0,0,192,0,0,47798.126936,-21.077693,70615.433156,70604.704320,63219.934702,0.000000,0.000000,0.000000
2.332838,5uVp10hz_ch2pga1.bin,250,583,46568,1,0xA3,1,0,0,192,0,0,47801.569104,-21.032989,70621.311665,70611.141622,63224.427402,0.000000,0.000000,0.000000
2.336840,5uVp10hz_ch2pga1.bin,250,584,46569,1,0xA3,1,0,0,192,0,0,47805.078328,-21.032989,70627.123117,70617.556572,63228.853047,0.000000,0.000000,0.000000
2.340840,5uVp10hz_ch2pga1.bin,250,585,46570,1,0xA3,1,0,0,192,0,0,47808.676958,-21.032989,70633.068681,70624.105632,63233.412802,0.000000,0.000000,0.000000
2.344843,5uVp10hz_ch2pga1.bin,250,586,46571,1,0xA3,1,0,0,192,0,0,47812.253237,-21.010637,70639.103651,70630.431175,63237.972558,0.000000,0.000000,0.000000
2.348842,5uVp10hz_ch2pga1.bin,250,587,46572,1,0xA3,1,0,0,192,0,0,47815.762460,-20.965934,70644.870400,70636.779070,63242.420554,0.000000,0.000000,0.000000
2.352846,5uVp10hz_ch2pga1.bin,250,588,46573,1,0xA3,1,0,0,192,0,0,47819.159925,-20.965934,70650.726557,70643.261075,63246.868551,0.000000,0.000000,0.000000
2.356846,5uVp10hz_ch2pga1.bin,250,589,46574,1,0xA3,1,0,0,192,0,0,47822.691500,-20.921230,70656.605065,70649.720728,63251.383603,0.000000,0.000000,0.000000
2.360848,5uVp10hz_ch2pga1.bin,250,590,46575,1,0xA3,1,0,0,192,0,0,47826.334834,-20.943582,70662.550628,70656.180382,63255.965710,0.000000,0.000000,0.000000
2.364851,5uVp10hz_ch2pga1.bin,250,591,46576,1,0xA3,1,0,0,192,0,0,47829.911113,-20.854175,70668.563247,70662.640035,63260.547817,0.000000,0.000000,0.000000
2.368850,5uVp10hz_ch2pga1.bin,250,592,46577,1,0xA3,1,0,0,192,0,0,47833.442688,-20.831823,70674.553514,70669.077337,63265.062869,0.000000,0.000000,0.000000
2.372853,5uVp10hz_ch2pga1.bin,250,593,46578,1,0xA3,1,0,0,192,0,0,47836.929560,-20.831823,70680.409670,70675.425231,63269.488513,0.000000,0.000000,0.000000
2.376855,5uVp10hz_ch2pga1.bin,250,594,46579,1,0xA3,1,0,0,192,0,0,47840.416431,-20.831823,70686.265826,70681.773126,63274.025917,0.000000,0.000000,0.000000
2.380854,5uVp10hz_ch2pga1.bin,250,595,46580,1,0xA3,1,0,0,192,0,0,47843.970358,-20.921230,70692.211390,70688.121021,63278.496265,0.000000,0.000000,0.000000
2.384857,5uVp10hz_ch2pga1.bin,250,596,46581,1,0xA3,1,0,0,192,0,0,47847.434878,-20.854175,70698.022842,70694.558322,63283.011317,0.000000,0.000000,0.000000
2.388856,5uVp10hz_ch2pga1.bin,250,597,46582,1,0xA3,1,0,0,192,0,0,47850.854695,-20.876527,70703.946054,70701.085031,63287.481666,0.000000,0.000000,0.000000
2.392858,5uVp10hz_ch2pga1.bin,250,598,46583,1,0xA3,1,0,0,192,0,0,47854.475677,-20.921230,70709.891617,70707.410574,63291.929662,0.000000,0.000000,0.000000
2.396861,5uVp10hz_ch2pga1.bin,250,599,46584,1,0xA3,1,0,0,192,0,0,47858.141363,-21.010637,70715.926588,70713.914931,63296.489418,0.000000,0.000000,0.000000
2.400861,5uVp10hz_ch2pga1.bin,250,600,46585,1,0xA3,1,0,0,192,0,0,47861.784697,-20.965934,70721.894503,70720.553398,63301.160932,0.000000,0.000000,0.000000
2.404863,5uVp10hz_ch2pga1.bin,250,601,46586,1,0xA3,1,0,0,192,0,0,47865.517437,-20.965934,70727.929473,70727.147162,63305.921853,0.000000,0.000000,0.000000
2.408866,5uVp10hz_ch2pga1.bin,250,602,46587,1,0xA3,1,0,0,192,0,0,47869.026661,-20.943582,70733.852684,70733.606815,63310.459256,0.000000,0.000000,0.000000
2.412865,5uVp10hz_ch2pga1.bin,250,603,46588,1,0xA3,1,0,0,192,0,0,47872.468829,-21.032989,70739.664137,70739.954710,63314.840198,0.000000,0.000000,0.000000
2.416869,5uVp10hz_ch2pga1.bin,250,604,46589,1,0xA3,1,0,0,192,0,0,47875.866294,-21.032989,70745.497942,70746.302605,63319.221139,0.000000,0.000000,0.000000
2.420869,5uVp10hz_ch2pga1.bin,250,605,46590,1,0xA3,1,0,0,192,0,0,47879.375517,-21.122396,70751.398802,70752.628148,63323.624432,0.000000,0.000000,0.000000
2.424872,5uVp10hz_ch2pga1.bin,250,606,46591,1,0xA3,1,0,0,192,0,0,47882.884741,-21.144748,70757.322013,70758.998394,63328.139484,0.000000,0.000000,0.000000
2.428871,5uVp10hz_ch2pga1.bin,250,607,46592,1,0xA3,1,0,0,192,0,0,47886.371613,-21.100044,70763.222873,70765.480399,63332.654536,0.000000,0.000000,0.000000
2.432874,5uVp10hz_ch2pga1.bin,250,608,46593,1,0xA3,1,0,0,192,0,0,47889.992595,-21.077693,70769.146085,70771.984756,63337.258995,0.000000,0.000000,0.000000
2.436876,5uVp10hz_ch2pga1.bin,250,609,46594,1,0xA3,1,0,0,192,0,0,47893.524170,-21.055341,70775.046945,70778.533816,63341.774046,0.000000,0.000000,0.000000
2.440874,5uVp10hz_ch2pga1.bin,250,610,46595,1,0xA3,1,0,0,192,0,0,47897.055745,-21.077693,70781.014860,70784.971118,63346.311450,0.000000,0.000000,0.000000
2.444877,5uVp10hz_ch2pga1.bin,250,611,46596,1,0xA3,1,0,0,192,0,0,47900.632024,-20.988286,70786.915720,70791.408420,63350.848854,0.000000,0.000000,0.000000
2.448878,5uVp10hz_ch2pga1.bin,250,612,46597,1,0xA3,1,0,0,192,0,0,47904.208302,-20.943582,70792.973042,70797.890425,63355.430961,0.000000,0.000000,0.000000
2.452880,5uVp10hz_ch2pga1.bin,250,613,46598,1,0xA3,1,0,0,192,0,0,47907.717526,-20.921230,70798.829198,70804.372430,63359.878957,0.000000,0.000000,0.000000
2.456881,5uVp10hz_ch2pga1.bin,250,614,46599,1,0xA3,1,0,0,192,0,0,47911.204398,-20.898879,70804.618299,70810.720325,63364.282250,0.000000,0.000000,0.000000
2.460882,5uVp10hz_ch2pga1.bin,250,615,46600,1,0xA3,1,0,0,192,0,0,47914.825380,-20.876527,70810.608566,70817.247033,63368.931413,0.000000,0.000000,0.000000
2.464883,5uVp10hz_ch2pga1.bin,250,616,46601,1,0xA3,1,0,0,192,0,0,47918.491066,-20.898879,70816.688240,70823.751390,63373.625278,0.000000,0.000000,0.000000
2.468885,5uVp10hz_ch2pga1.bin,250,617,46602,1,0xA3,1,0,0,192,0,0,47922.089696,-20.831823,70822.723210,70830.278099,63378.229737,0.000000,0.000000,0.000000
2.472884,5uVp10hz_ch2pga1.bin,250,618,46603,1,0xA3,1,0,0,192,0,0,47925.576568,-20.854175,70828.624070,70836.760104,63382.700086,0.000000,0.000000,0.000000
2.476886,5uVp10hz_ch2pga1.bin,250,619,46604,1,0xA3,1,0,0,192,0,0,47929.063439,-20.921230,70834.547281,70843.219757,63387.170434,0.000000,0.000000,0.000000
2.480889,5uVp10hz_ch2pga1.bin,250,620,46605,1,0xA3,1,0,0,192,0,0,47932.662070,-20.876527,70840.492845,70849.657059,63391.707838,0.000000,0.000000,0.000000
2.484888,5uVp10hz_ch2pga1.bin,250,621,46606,1,0xA3,1,0,0,192,0,0,47936.238348,-20.898879,70846.483111,70856.206119,63396.357000,0.000000,0.000000,0.000000
2.488889,5uVp10hz_ch2pga1.bin,250,622,46607,1,0xA3,1,0,0,192,0,0,47939.702868,-20.876527,70852.316916,70862.598717,63400.804996,0.000000,0.000000,0.000000
2.492891,5uVp10hz_ch2pga1.bin,250,623,46608,1,0xA3,1,0,0,192,0,0,47943.234444,-20.921230,70858.217776,70868.968964,63405.208290,0.000000,0.000000,0.000000
2.496893,5uVp10hz_ch2pga1.bin,250,624,46609,1,0xA3,1,0,0,192,0,0,47946.788371,-20.988286,70864.118636,70875.316858,63409.678638,0.000000,0.000000,0.000000
2.500895,5uVp10hz_ch2pga1.bin,250,625,46610,1,0xA3,1,0,0,192,0,0,47950.476408,-21.010637,70870.243013,70881.910622,63414.327800,0.000000,0.000000,0.000000
2.504893,5uVp10hz_ch2pga1.bin,250,626,46611,1,0xA3,1,0,0,192,0,0,47954.276204,-21.032989,70876.389742,70888.638496,63419.178128,0.000000,0.000000,0.000000
2.508896,5uVp10hz_ch2pga1.bin,250,627,46612,1,0xA3,1,0,0,192,0,0,47957.785428,-21.055341,70882.223547,70895.053446,63423.693180,0.000000,0.000000,0.000000
2.512898,5uVp10hz_ch2pga1.bin,250,628,46613,1,0xA3,1,0,0,192,0,0,47961.182892,-21.100044,70888.034999,70901.401341,63428.051770,0.000000,0.000000,0.000000
2.516900,5uVp10hz_ch2pga1.bin,250,629,46614,1,0xA3,1,0,0,192,0,0,47964.848578,-21.100044,70894.092321,70907.995105,63432.633877,0.000000,0.000000,0.000000
2.520899,5uVp10hz_ch2pga1.bin,250,630,46615,1,0xA3,1,0,0,192,0,0,47968.469560,-21.144748,70900.127292,70914.499462,63437.350094,0.000000,0.000000,0.000000
2.524901,5uVp10hz_ch2pga1.bin,250,631,46616,1,0xA3,1,0,0,192,0,0,47971.956432,-21.055341,70906.028152,70920.869708,63441.909850,0.000000,0.000000,0.000000
2.528903,5uVp10hz_ch2pga1.bin,250,632,46617,1,0xA3,1,0,0,192,0,0,47975.510359,-21.077693,70912.018418,70927.351713,63446.380198,0.000000,0.000000,0.000000
2.532905,5uVp10hz_ch2pga1.bin,250,633,46618,1,0xA3,1,0,0,192,0,0,47979.153693,-21.055341,70917.963982,70933.878422,63451.029360,0.000000,0.000000,0.000000
2.536904,5uVp10hz_ch2pga1.bin,250,634,46619,1,0xA3,1,0,0,192,0,0,47982.685268,-20.943582,70923.998952,70940.472186,63455.566764,0.000000,0.000000,0.000000
2.540906,5uVp10hz_ch2pga1.bin,250,635,46620,1,0xA3,1,0,0,192,0,0,47986.194491,-20.921230,70929.922163,70946.864784,63460.148871,0.000000,0.000000,0.000000
2.544907,5uVp10hz_ch2pga1.bin,250,636,46621,1,0xA3,1,0,0,192,0,0,47989.815474,-20.988286,70935.845375,70953.302085,63464.596868,0.000000,0.000000,0.000000
2.548909,5uVp10hz_ch2pga1.bin,250,637,46622,1,0xA3,1,0,0,192,0,0,47993.279994,-20.943582,70941.656828,70959.717035,63469.067216,0.000000,0.000000,0.000000
2.552911,5uVp10hz_ch2pga1.bin,250,638,46623,1,0xA3,1,0,0,192,0,0,47996.789217,-20.876527,70947.624743,70966.131985,63473.559916,0.000000,0.000000,0.000000
2.556910,5uVp10hz_ch2pga1.bin,250,639,46624,1,0xA3,1,0,0,192,0,0,48000.298440,-20.965934,70953.547955,70972.569287,63478.030264,0.000000,0.000000,0.000000
2.560911,5uVp10hz_ch2pga1.bin,250,640,46625,1,0xA3,1,0,0,192,0,0,48003.852367,-20.876527,70959.627628,70979.140699,63482.701778,0.000000,0.000000,0.000000
2.564914,5uVp10hz_ch2pga1.bin,250,641,46626,1,0xA3,1,0,0,192,0,0,48007.585108,-20.831823,70965.640247,70985.712111,63487.395644,0.000000,0.000000,0.000000
2.568916,5uVp10hz_ch2pga1.bin,250,642,46627,1,0xA3,1,0,0,192,0,0,48011.183739,-20.809472,70971.496403,70992.171764,63491.888344,0.000000,0.000000,0.000000
2.572917,5uVp10hz_ch2pga1.bin,250,643,46628,1,0xA3,1,0,0,192,0,0,48014.536500,-20.876527,70977.307856,70998.474956,63496.224582,0.000000,0.000000,0.000000
2.576915,5uVp10hz_ch2pga1.bin,250,644,46629,1,0xA3,1,0,0,192,0,0,48017.978668,-20.876527,70983.208716,71004.912257,63500.694931,0.000000,0.000000,0.000000
2.580917,5uVp10hz_ch2pga1.bin,250,645,46630,1,0xA3,1,0,0,192,0,0,48021.510243,-20.898879,70989.176631,71011.394262,63505.344093,0.000000,0.000000,0.000000
2.584918,5uVp10hz_ch2pga1.bin,250,646,46631,1,0xA3,1,0,0,192,0,0,48025.153577,-20.921230,70995.077491,71017.831564,63509.859145,0.000000,0.000000,0.000000
2.588920,5uVp10hz_ch2pga1.bin,250,647,46632,1,0xA3,1,0,0,192,0,0,48028.729856,-20.988286,71000.978351,71024.291217,63514.307141,0.000000,0.000000,0.000000
2.592922,5uVp10hz_ch2pga1.bin,250,648,46633,1,0xA3,1,0,0,192,0,0,48032.194376,-21.032989,71006.923914,71030.795574,63518.911600,0.000000,0.000000,0.000000
2.596924,5uVp10hz_ch2pga1.bin,250,649,46634,1,0xA3,1,0,0,192,0,0,48035.681248,-21.032989,71012.891829,71037.210524,63523.404300,0.000000,0.000000,0.000000
2.600923,5uVp10hz_ch2pga1.bin,250,650,46635,1,0xA3,1,0,0,192,0,0,48039.279878,-20.988286,71018.859744,71043.670177,63527.874649,0.000000,0.000000,0.000000
2.604925,5uVp10hz_ch2pga1.bin,250,651,46636,1,0xA3,1,0,0,192,0,0,48042.878509,-20.988286,71024.760604,71050.129831,63532.389700,0.000000,0.000000,0.000000
2.608927,5uVp10hz_ch2pga1.bin,250,652,46637,1,0xA3,1,0,0,192,0,0,48046.410084,-21.032989,71030.683815,71056.589484,63536.904752,0.000000,0.000000,0.000000
2.612929,5uVp10hz_ch2pga1.bin,250,653,46638,1,0xA3,1,0,0,192,0,0,48049.852252,-21.144748,71036.562324,71062.959731,63541.330397,0.000000,0.000000,0.000000
2.616928,5uVp10hz_ch2pga1.bin,250,654,46639,1,0xA3,1,0,0,192,0,0,48053.249717,-21.167099,71042.396128,71069.285274,63545.756042,0.000000,0.000000,0.000000
2.620930,5uVp10hz_ch2pga1.bin,250,655,46640,1,0xA3,1,0,0,192,0,0,48056.915402,-21.077693,71048.364043,71075.879037,63550.449908,0.000000,0.000000,0.000000
2.624932,5uVp10hz_ch2pga1.bin,250,656,46641,1,0xA3,1,0,0,192,0,0,48060.581088,-21.077693,71054.510772,71082.405746,63555.076718,0.000000,0.000000,0.000000
2.628932,5uVp10hz_ch2pga1.bin,250,657,46642,1,0xA3,1,0,0,192,0,0,48064.090312,-21.100044,71060.389280,71088.910103,63559.614122,0.000000,0.000000,0.000000
2.632934,5uVp10hz_ch2pga1.bin,250,658,46643,1,0xA3,1,0,0,192,0,0,48067.599535,-21.077693,71066.267788,71095.325053,63564.129174,0.000000,0.000000,0.000000
2.636937,5uVp10hz_ch2pga1.bin,250,659,46644,1,0xA3,1,0,0,192,0,0,48071.220517,-21.100044,71072.258055,71101.807058,63568.666577,0.000000,0.000000,0.000000
2.640936,5uVp10hz_ch2pga1.bin,250,660,46645,1,0xA3,1,0,0,192,0,0,48074.953258,-21.032989,71078.337729,71108.467877,63573.382795,0.000000,0.000000,0.000000
2.644938,5uVp10hz_ch2pga1.bin,250,661,46646,1,0xA3,1,0,0,192,0,0,48078.551888,-21.010637,71084.417403,71115.151048,63578.099012,0.000000,0.000000,0.000000
2.648941,5uVp10hz_ch2pga1.bin,250,662,46647,1,0xA3,1,0,0,192,0,0,48081.949353,-20.965934,71090.362966,71121.565998,63582.502306,0.000000,0.000000,0.000000
2.652940,5uVp10hz_ch2pga1.bin,250,663,46648,1,0xA3,1,0,0,192,0,0,48085.458577,-20.876527,71096.152067,71127.913892,63586.972654,0.000000,0.000000,0.000000
2.656944,5uVp10hz_ch2pga1.bin,250,664,46649,1,0xA3,1,0,0,192,0,0,48089.012504,-20.831823,71101.963520,71134.306490,63591.398299,0.000000,0.000000,0.000000
2.660943,5uVp10hz_ch2pga1.bin,250,665,46650,1,0xA3,1,0,0,192,0,0,48092.588782,-20.921230,71107.931435,71140.900254,63596.159220,0.000000,0.000000,0.000000
2.664947,5uVp10hz_ch2pga1.bin,250,666,46651,1,0xA3,1,0,0,192,0,0,48096.232116,-20.854175,71114.033461,71147.494018,63600.808382,0.000000,0.000000,0.000000
2.668946,5uVp10hz_ch2pga1.bin,250,667,46652,1,0xA3,1,0,0,192,0,0,48099.741340,-20.787120,71119.979024,71153.953671,63605.323434,0.000000,0.000000,0.000000
2.672949,5uVp10hz_ch2pga1.bin,250,668,46653,1,0xA3,1,0,0,192,0,0,48103.272915,-20.809472,71125.902236,71160.323918,63609.816134,0.000000,0.000000,0.000000
2.676949,5uVp10hz_ch2pga1.bin,250,669,46654,1,0xA3,1,0,0,192,0,0,48106.893897,-20.764768,71131.803095,71166.805923,63614.331186,0.000000,0.000000,0.000000
2.680952,5uVp10hz_ch2pga1.bin,250,670,46655,1,0xA3,1,0,0,192,0,0,48110.559583,-20.831823,71137.793362,71173.354983,63619.025052,0.000000,0.000000,0.000000
2.684951,5uVp10hz_ch2pga1.bin,250,671,46656,1,0xA3,1,0,0,192,0,0,48114.001751,-20.898879,71143.627167,71179.747581,63623.517752,0.000000,0.000000,0.000000
2.688955,5uVp10hz_ch2pga1.bin,250,672,46657,1,0xA3,1,0,0,192,0,0,48117.354512,-20.943582,71149.528027,71186.073124,63627.831638,0.000000,0.000000,0.000000
2.692954,5uVp10hz_ch2pga1.bin,250,673,46658,1,0xA3,1,0,0,192,0,0,48120.796680,-20.965934,71155.339479,71192.443371,63632.234931,0.000000,0.000000,0.000000
2.696958,5uVp10hz_ch2pga1.bin,250,674,46659,1,0xA3,1,0,0,192,0,0,48124.395311,-20.943582,71161.217988,71198.925376,63636.749983,0.000000,0.000000,0.000000
2.700958,5uVp10hz_ch2pga1.bin,250,675,46660,1,0xA3,1,0,0,192,0,0,48128.060997,-20.965934,71167.230606,71205.385029,63641.354442,0.000000,0.000000,0.000000
2.704961,5uVp10hz_ch2pga1.bin,250,676,46661,1,0xA3,1,0,0,192,0,0,48131.704330,-21.010637,71173.354983,71212.068200,63645.981252,0.000000,0.000000,0.000000
2.708961,5uVp10hz_ch2pga1.bin,250,677,46662,1,0xA3,1,0,0,192,0,0,48135.280609,-21.122396,71179.188788,71218.438447,63650.473952,0.000000,0.000000,0.000000
2.712964,5uVp10hz_ch2pga1.bin,250,678,46663,1,0xA3,1,0,0,192,0,0,48138.678074,-21.100044,71185.022593,71224.763989,63654.921949,0.000000,0.000000,0.000000
2.716966,5uVp10hz_ch2pga1.bin,250,679,46664,1,0xA3,1,0,0,192,0,0,48142.209649,-21.055341,71190.878749,71231.223643,63659.302890,0.000000,0.000000,0.000000
2.720966,5uVp10hz_ch2pga1.bin,250,680,46665,1,0xA3,1,0,0,192,0,0,48145.718873,-21.100044,71196.869016,71237.638593,63663.929701,0.000000,0.000000,0.000000
2.724969,5uVp10hz_ch2pga1.bin,250,681,46666,1,0xA3,1,0,0,192,0,0,48149.406910,-21.055341,71202.903986,71244.187653,63668.578863,0.000000,0.000000,0.000000
2.728969,5uVp10hz_ch2pga1.bin,250,682,46667,1,0xA3,1,0,0,192,0,0,48152.893782,-21.100044,71208.782494,71250.669658,63673.093915,0.000000,0.000000,0.000000
2.732972,5uVp10hz_ch2pga1.bin,250,683,46668,1,0xA3,1,0,0,192,0,0,48156.447709,-21.100044,71214.750409,71257.084608,63677.631319,0.000000,0.000000,0.000000
2.736972,5uVp10hz_ch2pga1.bin,250,684,46669,1,0xA3,1,0,0,192,0,0,48160.046339,-21.010637,71220.695972,71263.588965,63682.258129,0.000000,0.000000,0.000000
2.740975,5uVp10hz_ch2pga1.bin,250,685,46670,1,0xA3,1,0,0,192,0,0,48163.712025,-21.010637,71226.753294,71270.272136,63686.884940,0.000000,0.000000,0.000000
2.744974,5uVp10hz_ch2pga1.bin,250,686,46671,1,0xA3,1,0,0,192,0,0,48167.310655,-20.943582,71232.788265,71276.709437,63691.444695,0.000000,0.000000,0.000000
2.748977,5uVp10hz_ch2pga1.bin,250,687,46672,1,0xA3,1,0,0,192,0,0,48170.797527,-20.921230,71238.622069,71283.258498,63695.982099,0.000000,0.000000,0.000000
2.752976,5uVp10hz_ch2pga1.bin,250,688,46673,1,0xA3,1,0,0,192,0,0,48174.284399,-20.943582,71244.589984,71289.628744,63700.430095,0.000000,0.000000,0.000000
2.756980,5uVp10hz_ch2pga1.bin,250,689,46674,1,0xA3,1,0,0,192,0,0,48177.927732,-20.921230,71250.535548,71296.043694,63705.034554,0.000000,0.000000,0.000000
2.760980,5uVp10hz_ch2pga1.bin,250,690,46675,1,0xA3,1,0,0,192,0,0,48181.615770,-20.854175,71256.548166,71302.682161,63709.706068,0.000000,0.000000,0.000000
2.764983,5uVp10hz_ch2pga1.bin,250,691,46676,1,0xA3,1,0,0,192,0,0,48185.303807,-20.943582,71262.650192,71309.275925,63714.399934,0.000000,0.000000,0.000000
2.768986,5uVp10hz_ch2pga1.bin,250,692,46677,1,0xA3,1,0,0,192,0,0,48188.902438,-20.876527,71268.707514,71315.892041,63719.071448,0.000000,0.000000,0.000000
2.772984,5uVp10hz_ch2pga1.bin,250,693,46678,1,0xA3,1,0,0,192,0,0,48192.277551,-20.876527,71274.407208,71322.239935,63723.497093,0.000000,0.000000,0.000000
2.776986,5uVp10hz_ch2pga1.bin,250,694,46679,1,0xA3,1,0,0,192,0,0,48195.563257,-20.831823,71280.151606,71328.520775,63727.721572,0.000000,0.000000,0.000000
2.780989,5uVp10hz_ch2pga1.bin,250,695,46680,1,0xA3,1,0,0,192,0,0,48199.050128,-20.831823,71286.119521,71334.980428,63732.326031,0.000000,0.000000,0.000000
2.784989,5uVp10hz_ch2pga1.bin,250,696,46681,1,0xA3,1,0,0,192,0,0,48202.738166,-20.898879,71292.176843,71341.574192,63736.975193,0.000000,0.000000,0.000000
2.788991,5uVp10hz_ch2pga1.bin,250,697,46682,1,0xA3,1,0,0,192,0,0,48206.359148,-20.898879,71298.144758,71347.966790,63741.490245,0.000000,0.000000,0.000000
2.792991,5uVp10hz_ch2pga1.bin,250,698,46683,1,0xA3,1,0,0,192,0,0,48209.957778,-20.921230,71304.090321,71354.538202,63745.982945,0.000000,0.000000,0.000000
2.796995,5uVp10hz_ch2pga1.bin,250,699,46684,1,0xA3,1,0,0,192,0,0,48213.467002,-20.943582,71310.013533,71361.042559,63750.542700,0.000000,0.000000,0.000000
2.800994,5uVp10hz_ch2pga1.bin,250,700,46685,1,0xA3,1,0,0,192,0,0,48217.155039,-20.988286,71316.093206,71367.569268,63755.258918,0.000000,0.000000,0.000000
2.804997,5uVp10hz_ch2pga1.bin,250,701,46686,1,0xA3,1,0,0,192,0,0,48220.776021,-20.965934,71322.083473,71374.118328,63759.908080,0.000000,0.000000,0.000000
2.808997,5uVp10hz_ch2pga1.bin,250,702,46687,1,0xA3,1,0,0,192,0,0,48224.352300,-21.055341,71328.051388,71380.577981,63764.400780,0.000000,0.000000,0.000000
2.813000,5uVp10hz_ch2pga1.bin,250,703,46688,1,0xA3,1,0,0,192,0,0,48227.973282,-21.055341,71333.974600,71387.127042,63768.893480,0.000000,0.000000,0.000000
2.817000,5uVp10hz_ch2pga1.bin,250,704,46689,1,0xA3,1,0,0,192,0,0,48231.527209,-21.055341,71339.964867,71393.676102,63773.475587,0.000000,0.000000,0.000000
2.821003,5uVp10hz_ch2pga1.bin,250,705,46690,1,0xA3,1,0,0,192,0,0,48235.259950,-21.144748,71346.044540,71400.336921,63778.191805,0.000000,0.000000,0.000000
2.825003,5uVp10hz_ch2pga1.bin,250,706,46691,1,0xA3,1,0,0,192,0,0,48238.947988,-21.077693,71352.146566,71406.953037,63782.863319,0.000000,0.000000,0.000000
2.829006,5uVp10hz_ch2pga1.bin,250,707,46692,1,0xA3,1,0,0,192,0,0,48242.434859,-21.100044,71358.002722,71413.300931,63787.356019,0.000000,0.000000,0.000000
2.833006,5uVp10hz_ch2pga1.bin,250,708,46693,1,0xA3,1,0,0,192,0,0,48245.966434,-21.055341,71363.903582,71419.760585,63791.826367,0.000000,0.000000,0.000000
2.837009,5uVp10hz_ch2pga1.bin,250,709,46694,1,0xA3,1,0,0,192,0,0,48249.386251,-21.100044,71369.759738,71426.175535,63796.296716,0.000000,0.000000,0.000000
2.841009,5uVp10hz_ch2pga1.bin,250,710,46695,1,0xA3,1,0,0,192,0,0,48252.850771,-21.055341,71375.638247,71432.501078,63800.789416,0.000000,0.000000,0.000000
2.845012,5uVp10hz_ch2pga1.bin,250,711,46696,1,0xA3,1,0,0,192,0,0,48256.471753,-20.988286,71381.628513,71439.072490,63805.416226,0.000000,0.000000,0.000000
2.849012,5uVp10hz_ch2pga1.bin,250,712,46697,1,0xA3,1,0,0,192,0,0,48260.003328,-20.876527,71387.618780,71445.710957,63809.953630,0.000000,0.000000,0.000000
2.853015,5uVp10hz_ch2pga1.bin,250,713,46698,1,0xA3,1,0,0,192,0,0,48263.534904,-20.921230,71393.586695,71452.125907,63814.446330,0.000000,0.000000,0.000000
2.857017,5uVp10hz_ch2pga1.bin,250,714,46699,1,0xA3,1,0,0,192,0,0,48267.222941,-20.898879,71399.576962,71458.563209,63819.050789,0.000000,0.000000,0.000000
2.861016,5uVp10hz_ch2pga1.bin,250,715,46700,1,0xA3,1,0,0,192,0,0,48270.776868,-20.876527,71405.500174,71465.067565,63823.632896,0.000000,0.000000,0.000000
2.865018,5uVp10hz_ch2pga1.bin,250,716,46701,1,0xA3,1,0,0,192,0,0,48274.241388,-20.876527,71411.333978,71471.482515,63828.103244,0.000000,0.000000,0.000000
2.869020,5uVp10hz_ch2pga1.bin,250,717,46702,1,0xA3,1,0,0,192,0,0,48277.705908,-20.809472,71417.257190,71477.919817,63832.595944,0.000000,0.000000,0.000000
2.873022,5uVp10hz_ch2pga1.bin,250,718,46703,1,0xA3,1,0,0,192,0,0,48281.237483,-20.787120,71423.225105,71484.401822,63837.066293,0.000000,0.000000,0.000000
2.877021,5uVp10hz_ch2pga1.bin,250,719,46704,1,0xA3,1,0,0,192,0,0,48284.746706,-20.876527,71429.148316,71490.794420,63841.581345,0.000000,0.000000,0.000000
2.881023,5uVp10hz_ch2pga1.bin,250,720,46705,1,0xA3,1,0,0,192,0,0,48288.457096,-20.854175,71435.227990,71497.365832,63846.275210,0.000000,0.000000,0.000000
2.885026,5uVp10hz_ch2pga1.bin,250,721,46706,1,0xA3,1,0,0,192,0,0,48292.189837,-20.854175,71441.330016,71504.049003,63851.013780,0.000000,0.000000,0.000000
2.889025,5uVp10hz_ch2pga1.bin,250,722,46707,1,0xA3,1,0,0,192,0,0,48295.721412,-20.854175,71447.208524,71510.553360,63855.528831,0.000000,0.000000,0.000000
2.893028,5uVp10hz_ch2pga1.bin,250,723,46708,1,0xA3,1,0,0,192,0,0,48299.185932,-20.921230,71453.019977,71516.990662,63859.976828,0.000000,0.000000,0.000000
2.897028,5uVp10hz_ch2pga1.bin,250,724,46709,1,0xA3,1,0,0,192,0,0,48302.650452,-20.898879,71458.965540,71523.338556,63864.380121,0.000000,0.000000,0.000000
2.901031,5uVp10hz_ch2pga1.bin,250,725,46710,1,0xA3,1,0,0,192,0,0,48306.338489,-20.921230,71465.000510,71529.999375,63869.096339,0.000000,0.000000,0.000000
2.905031,5uVp10hz_ch2pga1.bin,250,726,46711,1,0xA3,1,0,0,192,0,0,48310.071230,-21.077693,71471.169591,71536.660194,63873.857260,0.000000,0.000000,0.000000
2.909034,5uVp10hz_ch2pga1.bin,250,727,46712,1,0xA3,1,0,0,192,0,0,48313.692212,-21.032989,71477.159858,71543.209255,63878.417015,0.000000,0.000000,0.000000
2.913034,5uVp10hz_ch2pga1.bin,250,728,46713,1,0xA3,1,0,0,192,0,0,48317.335546,-21.100044,71483.239532,71549.825370,63882.999122,0.000000,0.000000,0.000000
2.917038,5uVp10hz_ch2pga1.bin,250,729,46714,1,0xA3,1,0,0,192,0,0,48320.956528,-21.100044,71489.274502,71556.419134,63887.581229,0.000000,0.000000,0.000000
2.921038,5uVp10hz_ch2pga1.bin,250,730,46715,1,0xA3,1,0,0,192,0,0,48324.689269,-21.032989,71495.354176,71562.990546,63892.297447,0.000000,0.000000,0.000000
2.925041,5uVp10hz_ch2pga1.bin,250,731,46716,1,0xA3,1,0,0,192,0,0,48328.287899,-20.965934,71501.299739,71569.539607,63897.013664,0.000000,0.000000,0.000000
2.929041,5uVp10hz_ch2pga1.bin,250,732,46717,1,0xA3,1,0,0,192,0,0,48331.730068,-21.100044,71507.200599,71575.976908,63901.528716,0.000000,0.000000,0.000000
2.933044,5uVp10hz_ch2pga1.bin,250,733,46718,1,0xA3,1,0,0,192,0,0,48335.261643,-21.055341,71513.146162,71582.414210,63906.066120,0.000000,0.000000,0.000000
2.937045,5uVp10hz_ch2pga1.bin,250,734,46719,1,0xA3,1,0,0,192,0,0,48338.882625,-20.943582,71519.091725,71589.075029,63910.581172,0.000000,0.000000,0.000000
2.941047,5uVp10hz_ch2pga1.bin,250,735,46720,1,0xA3,1,0,0,192,0,0,48342.503607,-20.988286,71525.171399,71595.624089,63915.118575,0.000000,0.000000,0.000000
2.945047,5uVp10hz_ch2pga1.bin,250,736,46721,1,0xA3,1,0,0,192,0,0,48346.124589,-20.988286,71531.206369,71602.150798,63919.745386,0.000000,0.000000,0.000000
2.949047,5uVp10hz_ch2pga1.bin,250,737,46722,1,0xA3,1,0,0,192,0,0,48349.656165,-20.898879,71537.151933,71608.632803,63924.193382,0.000000,0.000000,0.000000
2.953050,5uVp10hz_ch2pga1.bin,250,738,46723,1,0xA3,1,0,0,192,0,0,48353.098333,-20.876527,71543.030441,71615.025401,63928.797841,0.000000,0.000000,0.000000
2.957050,5uVp10hz_ch2pga1.bin,250,739,46724,1,0xA3,1,0,0,192,0,0,48356.674612,-20.876527,71548.998356,71621.529758,63933.335245,0.000000,0.000000,0.000000
2.961054,5uVp10hz_ch2pga1.bin,250,740,46725,1,0xA3,1,0,0,192,0,0,48360.295594,-20.921230,71555.055678,71628.190577,63938.051462,0.000000,0.000000,0.000000
2.965054,5uVp10hz_ch2pga1.bin,250,741,46726,1,0xA3,1,0,0,192,0,0,48363.983631,-20.921230,71561.135352,71634.739637,63942.722976,0.000000,0.000000,0.000000
2.969056,5uVp10hz_ch2pga1.bin,250,742,46727,1,0xA3,1,0,0,192,0,0,48367.604613,-20.831823,71567.170322,71641.221642,63947.193325,0.000000,0.000000,0.000000
2.973059,5uVp10hz_ch2pga1.bin,250,743,46728,1,0xA3,1,0,0,192,0,0,48371.247947,-20.854175,71573.182940,71647.882462,63951.820135,0.000000,0.000000,0.000000
2.977059,5uVp10hz_ch2pga1.bin,250,744,46729,1,0xA3,1,0,0,192,0,0,48374.846578,-20.898879,71579.262614,71654.453874,63956.424594,0.000000,0.000000,0.000000
2.981061,5uVp10hz_ch2pga1.bin,250,745,46730,1,0xA3,1,0,0,192,0,0,48378.601670,-20.898879,71585.342288,71661.069989,63961.163163,0.000000,0.000000,0.000000
2.985061,5uVp10hz_ch2pga1.bin,250,746,46731,1,0xA3,1,0,0,192,0,0,48382.222652,-20.876527,71591.265500,71667.663753,63965.722919,0.000000,0.000000,0.000000
2.989064,5uVp10hz_ch2pga1.bin,250,747,46732,1,0xA3,1,0,0,192,0,0,48385.664821,-20.921230,71597.345173,71674.056351,63970.305026,0.000000,0.000000,0.000000
2.993066,5uVp10hz_ch2pga1.bin,250,748,46733,1,0xA3,1,0,0,192,0,0,48389.039934,-20.988286,71603.156626,71680.404246,63974.797726,0.000000,0.000000,0.000000
2.997065,5uVp10hz_ch2pga1.bin,250,749,46734,1,0xA3,1,0,0,192,0,0,48392.817378,-21.032989,71609.146893,71687.020361,63979.357481,0.000000,0.000000,0.000000
3.001068,5uVp10hz_ch2pga1.bin,250,750,46735,1,0xA3,1,0,0,192,0,0,48396.550119,-21.055341,71615.338326,71693.748236,63984.073699,0.000000,0.000000,0.000000
3.005068,5uVp10hz_ch2pga1.bin,250,751,46736,1,0xA3,1,0,0,192,0,0,48400.193453,-21.032989,71621.373296,71700.453758,63988.700509,0.000000,0.000000,0.000000
3.009072,5uVp10hz_ch2pga1.bin,250,752,46737,1,0xA3,1,0,0,192,0,0,48403.836787,-21.100044,71627.385914,71707.047522,63993.327320,0.000000,0.000000,0.000000
3.013071,5uVp10hz_ch2pga1.bin,250,753,46738,1,0xA3,1,0,0,192,0,0,48407.413065,-21.167099,71633.331478,71713.417768,63997.820020,0.000000,0.000000,0.000000
3.017075,5uVp10hz_ch2pga1.bin,250,754,46739,1,0xA3,1,0,0,192,0,0,48410.944641,-21.144748,71639.254689,71719.832718,64002.357423,0.000000,0.000000,0.000000
3.021074,5uVp10hz_ch2pga1.bin,250,755,46740,1,0xA3,1,0,0,192,0,0,48414.565623,-21.144748,71645.334363,71726.515889,64007.073641,0.000000,0.000000,0.000000
3.025076,5uVp10hz_ch2pga1.bin,250,756,46741,1,0xA3,1,0,0,192,0,0,48418.208957,-21.100044,71651.391685,71733.132005,64011.655748,0.000000,0.000000,0.000000
3.029079,5uVp10hz_ch2pga1.bin,250,757,46742,1,0xA3,1,0,0,192,0,0,48421.896994,-21.144748,71657.426655,71739.792824,64016.282558,0.000000,0.000000,0.000000
3.033078,5uVp10hz_ch2pga1.bin,250,758,46743,1,0xA3,1,0,0,192,0,0,48425.450921,-21.077693,71663.394570,71746.297181,64020.797610,0.000000,0.000000,0.000000
3.037081,5uVp10hz_ch2pga1.bin,250,759,46744,1,0xA3,1,0,0,192,0,0,48428.982496,-21.010637,71669.384837,71752.779186,64025.312662,0.000000,0.000000,0.000000
3.041083,5uVp10hz_ch2pga1.bin,250,760,46745,1,0xA3,1,0,0,192,0,0,48432.514071,-20.988286,71675.308049,71759.305894,64029.961824,0.000000,0.000000,0.000000
3.045083,5uVp10hz_ch2pga1.bin,250,761,46746,1,0xA3,1,0,0,192,0,0,48436.045647,-20.943582,71681.343019,71765.944362,64034.678042,0.000000,0.000000,0.000000
3.049087,5uVp10hz_ch2pga1.bin,250,762,46747,1,0xA3,1,0,0,192,0,0,48439.688981,-20.898879,71687.400341,71772.493422,64039.237797,0.000000,0.000000,0.000000
3.053086,5uVp10hz_ch2pga1.bin,250,763,46748,1,0xA3,1,0,0,192,0,0,48443.287611,-20.898879,71693.368256,71778.953075,64043.730497,0.000000,0.000000,0.000000
3.057090,5uVp10hz_ch2pga1.bin,250,764,46749,1,0xA3,1,0,0,192,0,0,48446.998000,-20.921230,71699.336171,71785.546839,64048.424363,0.000000,0.000000,0.000000
3.061090,5uVp10hz_ch2pga1.bin,250,765,46750,1,0xA3,1,0,0,192,0,0,48450.618982,-20.854175,71705.304086,71792.140603,64053.118229,0.000000,0.000000,0.000000
3.065090,5uVp10hz_ch2pga1.bin,250,766,46751,1,0xA3,1,0,0,192,0,0,48454.150558,-20.854175,71711.383760,71798.756719,64057.722688,0.000000,0.000000,0.000000
3.069093,5uVp10hz_ch2pga1.bin,250,767,46752,1,0xA3,1,0,0,192,0,0,48457.615077,-20.831823,71717.329323,71805.171669,64062.170684,0.000000,0.000000,0.000000
3.073095,5uVp10hz_ch2pga1.bin,250,768,46753,1,0xA3,1,0,0,192,0,0,48461.101949,-20.876527,71723.118424,71811.452508,64066.529274,0.000000,0.000000,0.000000
3.077095,5uVp10hz_ch2pga1.bin,250,769,46754,1,0xA3,1,0,0,192,0,0,48464.700580,-20.876527,71729.108691,71818.001568,64071.089029,0.000000,0.000000,0.000000
3.081098,5uVp10hz_ch2pga1.bin,250,770,46755,1,0xA3,1,0,0,192,0,0,48468.232155,-20.876527,71735.143661,71824.483573,64075.715840,0.000000,0.000000,0.000000
3.085098,5uVp10hz_ch2pga1.bin,250,771,46756,1,0xA3,1,0,0,192,0,0,48471.964896,-20.943582,71741.290390,71831.211448,64080.365002,0.000000,0.000000,0.000000
3.089101,5uVp10hz_ch2pga1.bin,250,772,46757,1,0xA3,1,0,0,192,0,0,48475.608230,-20.965934,71747.437119,71837.872267,64085.081220,0.000000,0.000000,0.000000
3.093100,5uVp10hz_ch2pga1.bin,250,773,46758,1,0xA3,1,0,0,192,0,0,48479.206860,-20.943582,71753.427386,71844.443679,64089.775085,0.000000,0.000000,0.000000
3.097104,5uVp10hz_ch2pga1.bin,250,774,46759,1,0xA3,1,0,0,192,0,0,48482.783139,-21.032989,71759.372950,71850.858629,64094.178379,0.000000,0.000000,0.000000
3.101103,5uVp10hz_ch2pga1.bin,250,775,46760,1,0xA3,1,0,0,192,0,0,48486.314714,-20.988286,71765.296161,71857.362986,64098.760486,0.000000,0.000000,0.000000
3.105107,5uVp10hz_ch2pga1.bin,250,776,46761,1,0xA3,1,0,0,192,0,0,48489.890993,-20.943582,71771.286428,71863.979101,64103.342593,0.000000,0.000000,0.000000
3.109107,5uVp10hz_ch2pga1.bin,250,777,46762,1,0xA3,1,0,0,192,0,0,48493.422568,-21.032989,71777.321398,71870.461106,64107.879996,0.000000,0.000000,0.000000
3.113110,5uVp10hz_ch2pga1.bin,250,778,46763,1,0xA3,1,0,0,192,0,0,48496.864736,-21.100044,71783.132851,71876.809001,64112.305641,0.000000,0.000000,0.000000
3.117110,5uVp10hz_ch2pga1.bin,250,779,46764,1,0xA3,1,0,0,192,0,0,48500.463367,-21.100044,71789.056063,71883.246303,64116.932452,0.000000,0.000000,0.000000
3.121111,5uVp10hz_ch2pga1.bin,250,780,46765,1,0xA3,1,0,0,192,0,0,48504.039645,-21.100044,71795.113385,71889.907122,64121.581614,0.000000,0.000000,0.000000
3.125115,5uVp10hz_ch2pga1.bin,250,781,46766,1,0xA3,1,0,0,192,0,0,48507.615924,-20.988286,71801.215410,71896.545589,64126.163721,0.000000,0.000000,0.000000
3.129114,5uVp10hz_ch2pga1.bin,250,782,46767,1,0xA3,1,0,0,192,0,0,48511.125147,-21.032989,71807.049215,71902.938187,64130.723476,0.000000,0.000000,0.000000
3.133117,5uVp10hz_ch2pga1.bin,250,783,46768,1,0xA3,1,0,0,192,0,0,48514.522612,-21.055341,71812.950075,71909.353137,64135.104418,0.000000,0.000000,0.000000
3.137116,5uVp10hz_ch2pga1.bin,250,784,46769,1,0xA3,1,0,0,192,0,0,48518.121243,-21.055341,71819.029748,71915.924549,64139.708877,0.000000,0.000000,0.000000
3.141119,5uVp10hz_ch2pga1.bin,250,785,46770,1,0xA3,1,0,0,192,0,0,48521.809280,-20.988286,71825.042367,71922.428906,64144.425094,0.000000,0.000000,0.000000
3.145122,5uVp10hz_ch2pga1.bin,250,786,46771,1,0xA3,1,0,0,192,0,0,48525.430262,-21.010637,71831.077337,71929.223835,64149.074256,0.000000,0.000000,0.000000
3.149122,5uVp10hz_ch2pga1.bin,250,787,46772,1,0xA3,1,0,0,192,0,0,48529.051244,-20.943582,71837.112308,71935.817599,64153.723419,0.000000,0.000000,0.000000
3.153122,5uVp10hz_ch2pga1.bin,250,788,46773,1,0xA3,1,0,0,192,0,0,48532.605171,-20.876527,71843.214333,71942.277253,64158.238471,0.000000,0.000000,0.000000
3.157126,5uVp10hz_ch2pga1.bin,250,789,46774,1,0xA3,1,0,0,192,0,0,48536.226153,-20.943582,71849.137545,71948.871017,64162.775874,0.000000,0.000000,0.000000
3.161126,5uVp10hz_ch2pga1.bin,250,790,46775,1,0xA3,1,0,0,192,0,0,48539.802432,-20.921230,71855.194867,71955.353022,64167.425036,0.000000,0.000000,0.000000
3.165130,5uVp10hz_ch2pga1.bin,250,791,46776,1,0xA3,1,0,0,192,0,0,48543.512821,-20.876527,71861.319244,71961.902082,64172.096550,0.000000,0.000000,0.000000
3.169130,5uVp10hz_ch2pga1.bin,250,792,46777,1,0xA3,1,0,0,192,0,0,48547.111452,-20.943582,71867.287159,71968.495846,64176.723361,0.000000,0.000000,0.000000
3.173133,5uVp10hz_ch2pga1.bin,250,793,46778,1,0xA3,1,0,0,192,0,0,48550.665379,-20.854175,71873.143315,71975.022554,64181.216061,0.000000,0.000000,0.000000
3.177133,5uVp10hz_ch2pga1.bin,250,794,46779,1,0xA3,1,0,0,192,0,0,48554.219306,-20.876527,71879.267693,71981.616318,64185.798168,0.000000,0.000000,0.000000
3.181133,5uVp10hz_ch2pga1.bin,250,795,46780,1,0xA3,1,0,0,192,0,0,48558.019102,-20.876527,71885.526180,71988.411248,64190.536737,0.000000,0.000000,0.000000
3.185137,5uVp10hz_ch2pga1.bin,250,796,46781,1,0xA3,1,0,0,192,0,0,48561.595380,-20.898879,71891.471744,71994.937956,64195.096493,0.000000,0.000000,0.000000
3.189137,5uVp10hz_ch2pga1.bin,250,797,46782,1,0xA3,1,0,0,192,0,0,48564.948142,-20.898879,71897.260845,72001.263499,64199.522138,0.000000,0.000000,0.000000
3.193141,5uVp10hz_ch2pga1.bin,250,798,46783,1,0xA3,1,0,0,192,0,0,48568.390310,-20.965934,71903.117001,72007.656097,64203.992486,0.000000,0.000000,0.000000
3.197140,5uVp10hz_ch2pga1.bin,250,799,46784,1,0xA3,1,0,0,192,0,0,48571.877182,-21.032989,71908.995509,72014.115751,64208.462834,0.000000,0.000000,0.000000
3.201143,5uVp10hz_ch2pga1.bin,250,800,46785,1,0xA3,1,0,0,192,0,0,48575.565219,-21.055341,71915.142238,72020.798922,64213.156700,0.000000,0.000000,0.000000
3.205144,5uVp10hz_ch2pga1.bin,250,801,46786,1,0xA3,1,0,0,192,0,0,48579.230905,-21.032989,71921.333671,72027.482092,64217.828214,0.000000,0.000000,0.000000
3.209146,5uVp10hz_ch2pga1.bin,250,802,46787,1,0xA3,1,0,0,192,0,0,48582.829535,-21.100044,71927.346289,72034.142911,64222.499728,0.000000,0.000000,0.000000
3.213146,5uVp10hz_ch2pga1.bin,250,803,46788,1,0xA3,1,0,0,192,0,0,48586.361110,-21.100044,71933.247149,72040.647268,64227.014780,0.000000,0.000000,0.000000
3.217149,5uVp10hz_ch2pga1.bin,250,804,46789,1,0xA3,1,0,0,192,0,0,48590.093851,-21.077693,71939.393878,72047.241032,64231.641591,0.000000,0.000000,0.000000
3.221151,5uVp10hz_ch2pga1.bin,250,805,46790,1,0xA3,1,0,0,192,0,0,48593.759537,-21.055341,71945.630014,72053.946555,64236.402512,0.000000,0.000000,0.000000
3.225150,5uVp10hz_ch2pga1.bin,250,806,46791,1,0xA3,1,0,0,192,0,0,48597.402871,-20.988286,71951.664984,72060.629725,64241.051674,0.000000,0.000000,0.000000
3.229153,5uVp10hz_ch2pga1.bin,250,807,46792,1,0xA3,1,0,0,192,0,0,48600.956798,-21.032989,71957.655251,72067.111731,64245.678484,0.000000,0.000000,0.000000
3.233155,5uVp10hz_ch2pga1.bin,250,808,46793,1,0xA3,1,0,0,192,0,0,48604.600132,-21.077693,71963.757277,72073.772550,64250.282943,0.000000,0.000000,0.000000
3.237155,5uVp10hz_ch2pga1.bin,250,809,46794,1,0xA3,1,0,0,192,0,0,48608.288169,-20.988286,71969.859302,72080.299258,64254.954457,0.000000,0.000000,0.000000
3.241157,5uVp10hz_ch2pga1.bin,250,810,46795,1,0xA3,1,0,0,192,0,0,48611.864448,-20.988286,71975.916624,72086.893022,64259.581268,0.000000,0.000000,0.000000
3.245160,5uVp10hz_ch2pga1.bin,250,811,46796,1,0xA3,1,0,0,192,0,0,48615.396023,-20.943582,71981.884539,72093.464434,64264.096320,0.000000,0.000000,0.000000
3.249159,5uVp10hz_ch2pga1.bin,250,812,46797,1,0xA3,1,0,0,192,0,0,48618.905246,-20.876527,71987.763047,72099.924088,64268.611372,0.000000,0.000000,0.000000
3.253162,5uVp10hz_ch2pga1.bin,250,813,46798,1,0xA3,1,0,0,192,0,0,48622.369766,-20.943582,71993.686259,72106.450796,64273.059368,0.000000,0.000000,0.000000
3.257162,5uVp10hz_ch2pga1.bin,250,814,46799,1,0xA3,1,0,0,192,0,0,48625.990748,-20.943582,71999.676526,72113.044560,64277.641475,0.000000,0.000000,0.000000
3.261165,5uVp10hz_ch2pga1.bin,250,815,46800,1,0xA3,1,0,0,192,0,0,48629.745841,-20.898879,72005.845606,72119.705379,64282.380044,0.000000,0.000000,0.000000
3.265164,5uVp10hz_ch2pga1.bin,250,816,46801,1,0xA3,1,0,0,192,0,0,48633.389175,-20.831823,72011.947632,72126.321495,64287.006855,0.000000,0.000000,0.000000
3.269166,5uVp10hz_ch2pga1.bin,250,817,46802,1,0xA3,1,0,0,192,0,0,48636.853695,-20.854175,72017.937899,72132.781148,64291.588962,0.000000,0.000000,0.000000
3.273168,5uVp10hz_ch2pga1.bin,250,818,46803,1,0xA3,1,0,0,192,0,0,48640.273511,-20.921230,72023.816407,72139.307857,64296.059310,0.000000,0.000000,0.000000
3.277167,5uVp10hz_ch2pga1.bin,250,819,46804,1,0xA3,1,0,0,192,0,0,48643.827438,-20.876527,72029.851377,72145.856917,64300.663769,0.000000,0.000000,0.000000
3.281170,5uVp10hz_ch2pga1.bin,250,820,46805,1,0xA3,1,0,0,192,0,0,48647.582531,-20.876527,72035.998106,72152.495384,64305.357635,0.000000,0.000000,0.000000
3.285173,5uVp10hz_ch2pga1.bin,250,821,46806,1,0xA3,1,0,0,192,0,0,48651.270568,-20.876527,72042.055428,72159.133852,64310.051501,0.000000,0.000000,0.000000
3.289171,5uVp10hz_ch2pga1.bin,250,822,46807,1,0xA3,1,0,0,192,0,0,48654.846847,-20.943582,72048.090398,72165.727615,64314.723015,0.000000,0.000000,0.000000
3.293173,5uVp10hz_ch2pga1.bin,250,823,46808,1,0xA3,1,0,0,192,0,0,48658.445477,-20.965934,72054.058313,72172.231972,64319.215715,0.000000,0.000000,0.000000
3.297175,5uVp10hz_ch2pga1.bin,250,824,46809,1,0xA3,1,0,0,192,0,0,48662.044108,-21.010637,72060.026228,72178.713977,64323.730767,0.000000,0.000000,0.000000
3.301179,5uVp10hz_ch2pga1.bin,250,825,46810,1,0xA3,1,0,0,192,0,0,48665.687442,-21.032989,72066.105902,72185.374796,64328.469336,0.000000,0.000000,0.000000
3.305177,5uVp10hz_ch2pga1.bin,250,826,46811,1,0xA3,1,0,0,192,0,0,48669.174314,-21.100044,72072.163224,72192.057967,64333.006740,0.000000,0.000000,0.000000
3.309180,5uVp10hz_ch2pga1.bin,250,827,46812,1,0xA3,1,0,0,192,0,0,48672.750592,-21.144748,72078.064084,72198.495269,64337.521791,0.000000,0.000000,0.000000
3.313182,5uVp10hz_ch2pga1.bin,250,828,46813,1,0xA3,1,0,0,192,0,0,48676.304519,-21.144748,72084.076703,72204.999626,64342.014492,0.000000,0.000000,0.000000
3.317181,5uVp10hz_ch2pga1.bin,250,829,46814,1,0xA3,1,0,0,192,0,0,48679.836094,-21.100044,72089.977562,72211.526334,64346.596599,0.000000,0.000000,0.000000
3.321183,5uVp10hz_ch2pga1.bin,250,830,46815,1,0xA3,1,0,0,192,0,0,48683.591187,-21.100044,72096.146643,72218.410671,64351.357520,0.000000,0.000000,0.000000
3.325184,5uVp10hz_ch2pga1.bin,250,831,46816,1,0xA3,1,0,0,192,0,0,48687.413335,-21.077693,72102.405131,72225.160897,64356.207848,0.000000,0.000000,0.000000
3.329187,5uVp10hz_ch2pga1.bin,250,832,46817,1,0xA3,1,0,0,192,0,0,48691.011965,-21.055341,72108.529508,72231.777012,64360.879362,0.000000,0.000000,0.000000
3.333186,5uVp10hz_ch2pga1.bin,250,833,46818,1,0xA3,1,0,0,192,0,0,48694.521189,-21.032989,72114.497423,72238.303721,64365.394413,0.000000,0.000000,0.000000
3.337189,5uVp10hz_ch2pga1.bin,250,834,46819,1,0xA3,1,0,0,192,0,0,48698.052764,-21.055341,72120.442986,72244.763374,64369.820058,0.000000,0.000000,0.000000
3.341191,5uVp10hz_ch2pga1.bin,250,835,46820,1,0xA3,1,0,0,192,0,0,48701.718450,-20.965934,72126.522660,72251.357138,64374.446869,0.000000,0.000000,0.000000
3.345190,5uVp10hz_ch2pga1.bin,250,836,46821,1,0xA3,1,0,0,192,0,0,48705.317080,-20.965934,72132.557631,72258.129716,64379.028976,0.000000,0.000000,0.000000
3.349192,5uVp10hz_ch2pga1.bin,250,837,46822,1,0xA3,1,0,0,192,0,0,48708.826303,-20.921230,72138.592601,72264.656425,64383.655787,0.000000,0.000000,0.000000
3.353194,5uVp10hz_ch2pga1.bin,250,838,46823,1,0xA3,1,0,0,192,0,0,48712.514341,-20.921230,72144.582868,72271.205485,64388.260245,0.000000,0.000000,0.000000
3.357197,5uVp10hz_ch2pga1.bin,250,839,46824,1,0xA3,1,0,0,192,0,0,48716.202378,-20.943582,72150.707245,72277.821600,64392.864704,0.000000,0.000000,0.000000
3.361199,5uVp10hz_ch2pga1.bin,250,840,46825,1,0xA3,1,0,0,192,0,0,48719.778657,-20.943582,72156.719863,72284.482419,64397.491515,0.000000,0.000000,0.000000
3.365202,5uVp10hz_ch2pga1.bin,250,841,46826,1,0xA3,1,0,0,192,0,0,48723.399639,-20.943582,72162.732482,72291.098535,64402.185380,0.000000,0.000000,0.000000
3.369201,5uVp10hz_ch2pga1.bin,250,842,46827,1,0xA3,1,0,0,192,0,0,48726.864159,-20.876527,72168.610990,72297.580540,64406.745136,0.000000,0.000000,0.000000
3.373204,5uVp10hz_ch2pga1.bin,250,843,46828,1,0xA3,1,0,0,192,0,0,48730.373383,-20.831823,72174.578905,72304.062545,64411.215484,0.000000,0.000000,0.000000
3.377207,5uVp10hz_ch2pga1.bin,250,844,46829,1,0xA3,1,0,0,192,0,0,48733.972013,-20.943582,72180.636227,72310.745716,64415.797591,0.000000,0.000000,0.000000
3.381206,5uVp10hz_ch2pga1.bin,250,845,46830,1,0xA3,1,0,0,192,0,0,48737.749457,-21.010637,72186.894715,72317.451239,64420.580864,0.000000,0.000000,0.000000
3.385206,5uVp10hz_ch2pga1.bin,250,846,46831,1,0xA3,1,0,0,192,0,0,48741.459846,-20.921230,72193.086147,72324.246168,64425.408840,0.000000,0.000000,0.000000
3.389207,5uVp10hz_ch2pga1.bin,250,847,46832,1,0xA3,1,0,0,192,0,0,48745.103180,-20.898879,72199.188173,72330.929339,64430.013299,0.000000,0.000000,0.000000
3.393206,5uVp10hz_ch2pga1.bin,250,848,46833,1,0xA3,1,0,0,192,0,0,48748.657107,-20.943582,72205.178440,72337.388992,64434.550703,0.000000,0.000000,0.000000
3.397206,5uVp10hz_ch2pga1.bin,250,849,46834,1,0xA3,1,0,0,192,0,0,48752.143979,-20.921230,72211.079299,72343.915701,64439.132810,0.000000,0.000000,0.000000
3.401207,5uVp10hz_ch2pga1.bin,250,850,46835,1,0xA3,1,0,0,192,0,0,48755.697906,-21.032989,72217.002511,72350.487113,64443.625510,0.000000,0.000000,0.000000
3.405207,5uVp10hz_ch2pga1.bin,250,851,46836,1,0xA3,1,0,0,192,0,0,48759.341240,-21.100044,72223.082185,72357.125580,64448.297024,0.000000,0.000000,0.000000
3.409209,5uVp10hz_ch2pga1.bin,250,852,46837,1,0xA3,1,0,0,192,0,0,48762.783408,-21.100044,72229.050100,72363.607585,64452.789724,0.000000,0.000000,0.000000
3.413212,5uVp10hz_ch2pga1.bin,250,853,46838,1,0xA3,1,0,0,192,0,0,48766.225576,-21.167099,72234.950960,72370.044887,64457.237720,0.000000,0.000000,0.000000
3.417211,5uVp10hz_ch2pga1.bin,250,854,46839,1,0xA3,1,0,0,192,0,0,48769.891262,-21.100044,72241.075337,72376.638651,64461.819828,0.000000,0.000000,0.000000
3.421214,5uVp10hz_ch2pga1.bin,250,855,46840,1,0xA3,1,0,0,192,0,0,48773.489892,-21.077693,72247.199714,72383.299470,64466.558397,0.000000,0.000000,0.000000
3.425214,5uVp10hz_ch2pga1.bin,250,856,46841,1,0xA3,1,0,0,192,0,0,48776.932061,-21.122396,72253.212333,72389.960289,64471.140504,0.000000,0.000000,0.000000
3.429217,5uVp10hz_ch2pga1.bin,250,857,46842,1,0xA3,1,0,0,192,0,0,48780.351877,-21.055341,72259.001434,72396.330535,64475.521445,0.000000,0.000000,0.000000
3.433217,5uVp10hz_ch2pga1.bin,250,858,46843,1,0xA3,1,0,0,192,0,0,48783.592880,-20.988286,72264.701128,72402.633727,64479.812980,0.000000,0.000000,0.000000
3.437220,5uVp10hz_ch2pga1.bin,250,859,46844,1,0xA3,1,0,0,192,0,0,48787.236214,-21.055341,72270.758450,72409.227490,64484.328032,0.000000,0.000000,0.000000
3.441222,5uVp10hz_ch2pga1.bin,250,860,46845,1,0xA3,1,0,0,192,0,0,48791.013658,-21.100044,72276.860476,72415.977716,64489.200711,0.000000,0.000000,0.000000
3.445221,5uVp10hz_ch2pga1.bin,250,861,46846,1,0xA3,1,0,0,192,0,0,48794.724047,-20.988286,72283.029556,72422.683239,64493.916929,0.000000,0.000000,0.000000
3.449223,5uVp10hz_ch2pga1.bin,250,862,46847,1,0xA3,1,0,0,192,0,0,48798.322678,-20.921230,72289.176285,72429.344058,64498.588443,0.000000,0.000000,0.000000
3.453226,5uVp10hz_ch2pga1.bin,250,863,46848,1,0xA3,1,0,0,192,0,0,48801.988363,-20.921230,72295.278311,72435.982525,64503.170550,0.000000,0.000000,0.000000
3.457226,5uVp10hz_ch2pga1.bin,250,864,46849,1,0xA3,1,0,0,192,0,0,48805.676401,-20.921230,72301.313281,72442.620993,64507.819712,0.000000,0.000000,0.000000
3.461228,5uVp10hz_ch2pga1.bin,250,865,46850,1,0xA3,1,0,0,192,0,0,48809.342086,-20.831823,72307.549417,72449.326515,64512.670040,0.000000,0.000000,0.000000
3.465228,5uVp10hz_ch2pga1.bin,250,866,46851,1,0xA3,1,0,0,192,0,0,48812.985420,-20.831823,72313.696146,72455.942631,64517.363906,0.000000,0.000000,0.000000
3.469231,5uVp10hz_ch2pga1.bin,250,867,46852,1,0xA3,1,0,0,192,0,0,48816.673458,-20.898879,72319.708765,72462.536395,64521.856606,0.000000,0.000000,0.000000
3.473233,5uVp10hz_ch2pga1.bin,250,868,46853,1,0xA3,1,0,0,192,0,0,48820.361495,-20.876527,72325.743735,72469.130158,64526.438713,0.000000,0.000000,0.000000
3.477232,5uVp10hz_ch2pga1.bin,250,869,46854,1,0xA3,1,0,0,192,0,0,48823.937774,-20.921230,72331.778705,72475.768626,64531.020820,0.000000,0.000000,0.000000
3.481235,5uVp10hz_ch2pga1.bin,250,870,46855,1,0xA3,1,0,0,192,0,0,48827.446997,-20.921230,72337.925434,72482.384741,64535.692334,0.000000,0.000000,0.000000
3.485237,5uVp10hz_ch2pga1.bin,250,871,46856,1,0xA3,1,0,0,192,0,0,48831.157386,-20.921230,72343.982756,72489.090264,64540.497959,0.000000,0.000000,0.000000
3.489236,5uVp10hz_ch2pga1.bin,250,872,46857,1,0xA3,1,0,0,192,0,0,48834.733665,-20.943582,72350.017726,72495.706379,64545.080066,0.000000,0.000000,0.000000
3.493238,5uVp10hz_ch2pga1.bin,250,873,46858,1,0xA3,1,0,0,192,0,0,48838.242888,-20.988286,72356.052697,72502.210736,64549.617469,0.000000,0.000000,0.000000
3.497241,5uVp10hz_ch2pga1.bin,250,874,46859,1,0xA3,1,0,0,192,0,0,48841.729760,-21.032989,72361.953557,72508.804500,64554.065466,0.000000,0.000000,0.000000
3.501239,5uVp10hz_ch2pga1.bin,250,875,46860,1,0xA3,1,0,0,192,0,0,48845.350742,-21.032989,72367.988527,72515.398264,64558.736980,0.000000,0.000000,0.000000
3.505242,5uVp10hz_ch2pga1.bin,250,876,46861,1,0xA3,1,0,0,192,0,0,48849.016428,-21.055341,72374.135256,72522.036731,64563.609660,0.000000,0.000000,0.000000
3.509245,5uVp10hz_ch2pga1.bin,250,877,46862,1,0xA3,1,0,0,192,0,0,48852.592707,-21.055341,72380.192578,72528.585792,64568.147063,0.000000,0.000000,0.000000
3.513244,5uVp10hz_ch2pga1.bin,250,878,46863,1,0xA3,1,0,0,192,0,0,48856.124282,-21.032989,72386.138141,72535.112500,64572.617412,0.000000,0.000000,0.000000
3.517247,5uVp10hz_ch2pga1.bin,250,879,46864,1,0xA3,1,0,0,192,0,0,48859.789968,-21.100044,72392.351925,72541.885078,64577.311277,0.000000,0.000000,0.000000
3.521249,5uVp10hz_ch2pga1.bin,250,880,46865,1,0xA3,1,0,0,192,0,0,48863.612115,-21.100044,72398.588061,72548.657656,64582.094550,0.000000,0.000000,0.000000
3.525251,5uVp10hz_ch2pga1.bin,250,881,46866,1,0xA3,1,0,0,192,0,0,48867.210746,-21.077693,72404.578328,72555.251420,64586.743712,0.000000,0.000000,0.000000
3.529248,5uVp10hz_ch2pga1.bin,250,882,46867,1,0xA3,1,0,0,192,0,0,48870.764673,-21.077693,72410.501540,72561.800480,64591.191709,0.000000,0.000000,0.000000
3.533251,5uVp10hz_ch2pga1.bin,250,883,46868,1,0xA3,1,0,0,192,0,0,48874.296248,-21.032989,72416.536510,72568.282485,64595.773816,0.000000,0.000000,0.000000
3.537253,5uVp10hz_ch2pga1.bin,250,884,46869,1,0xA3,1,0,0,192,0,0,48877.805471,-21.032989,72422.504425,72574.831545,64600.288868,0.000000,0.000000,0.000000
3.541255,5uVp10hz_ch2pga1.bin,250,885,46870,1,0xA3,1,0,0,192,0,0,48881.381750,-20.988286,72428.695858,72581.514716,64604.893327,0.000000,0.000000,0.000000
3.545255,5uVp10hz_ch2pga1.bin,250,886,46871,1,0xA3,1,0,0,192,0,0,48884.980381,-20.921230,72434.686124,72588.197887,64609.587193,0.000000,0.000000,0.000000
3.549257,5uVp10hz_ch2pga1.bin,250,887,46872,1,0xA3,1,0,0,192,0,0,48888.623714,-20.921230,72440.743446,72594.814003,64614.214003,0.000000,0.000000,0.000000
3.553258,5uVp10hz_ch2pga1.bin,250,888,46873,1,0xA3,1,0,0,192,0,0,48892.311752,-20.921230,72446.867824,72601.497173,64618.840814,0.000000,0.000000,0.000000
3.557258,5uVp10hz_ch2pga1.bin,250,889,46874,1,0xA3,1,0,0,192,0,0,48895.910382,-20.943582,72452.880442,72608.135641,64623.467624,0.000000,0.000000,0.000000
3.561260,5uVp10hz_ch2pga1.bin,250,890,46875,1,0xA3,1,0,0,192,0,0,48899.531364,-20.943582,72458.937764,72614.751756,64628.072083,0.000000,0.000000,0.000000
3.565262,5uVp10hz_ch2pga1.bin,250,891,46876,1,0xA3,1,0,0,192,0,0,48903.129995,-20.921230,72465.017438,72621.390224,64632.721245,0.000000,0.000000,0.000000
3.569264,5uVp10hz_ch2pga1.bin,250,892,46877,1,0xA3,1,0,0,192,0,0,48906.750977,-20.831823,72471.074760,72627.916932,64637.415111,0.000000,0.000000,0.000000
3.573263,5uVp10hz_ch2pga1.bin,250,893,46878,1,0xA3,1,0,0,192,0,0,48910.371959,-20.764768,72477.154434,72634.488344,64642.041922,0.000000,0.000000,0.000000
3.577265,5uVp10hz_ch2pga1.bin,250,894,46879,1,0xA3,1,0,0,192,0,0,48913.948238,-20.854175,72483.099997,72641.059756,64646.512270,0.000000,0.000000,0.000000
3.581267,5uVp10hz_ch2pga1.bin,250,895,46880,1,0xA3,1,0,0,192,0,0,48917.502165,-20.965934,72489.202023,72647.698224,64651.049674,0.000000,0.000000,0.000000
3.585267,5uVp10hz_ch2pga1.bin,250,896,46881,1,0xA3,1,0,0,192,0,0,48921.234906,-20.921230,72495.438159,72654.470801,64655.900002,0.000000,0.000000,0.000000
3.589270,5uVp10hz_ch2pga1.bin,250,897,46882,1,0xA3,1,0,0,192,0,0,48924.989998,-20.965934,72501.540184,72661.198676,64660.616219,0.000000,0.000000,0.000000
3.593269,5uVp10hz_ch2pga1.bin,250,898,46883,1,0xA3,1,0,0,192,0,0,48928.521574,-20.921230,72507.530451,72667.725384,64665.131271,0.000000,0.000000,0.000000
3.597272,5uVp10hz_ch2pga1.bin,250,899,46884,1,0xA3,1,0,0,192,0,0,48932.075500,-20.943582,72513.543069,72674.363852,64669.713378,0.000000,0.000000,0.000000
3.601275,5uVp10hz_ch2pga1.bin,250,900,46885,1,0xA3,1,0,0,192,0,0,48935.540020,-20.988286,72519.555688,72680.979967,64674.340189,0.000000,0.000000,0.000000
3.605274,5uVp10hz_ch2pga1.bin,250,901,46886,1,0xA3,1,0,0,192,0,0,48939.161003,-20.988286,72525.657713,72687.551379,64679.078758,0.000000,0.000000,0.000000
3.609277,5uVp10hz_ch2pga1.bin,250,902,46887,1,0xA3,1,0,0,192,0,0,48942.714930,-20.988286,72531.692684,72694.145143,64683.660865,0.000000,0.000000,0.000000
3.613277,5uVp10hz_ch2pga1.bin,250,903,46888,1,0xA3,1,0,0,192,0,0,48946.358263,-21.055341,72537.794709,72700.738907,64688.220620,0.000000,0.000000,0.000000
3.617281,5uVp10hz_ch2pga1.bin,250,904,46889,1,0xA3,1,0,0,192,0,0,48950.046301,-21.100044,72543.874383,72707.511485,64692.892134,0.000000,0.000000,0.000000
3.621281,5uVp10hz_ch2pga1.bin,250,905,46890,1,0xA3,1,0,0,192,0,0,48953.734338,-21.100044,72549.931705,72714.217007,64697.653055,0.000000,0.000000,0.000000
3.625284,5uVp10hz_ch2pga1.bin,250,906,46891,1,0xA3,1,0,0,192,0,0,48957.332969,-21.100044,72556.078434,72720.967233,64702.279866,0.000000,0.000000,0.000000
3.629283,5uVp10hz_ch2pga1.bin,250,907,46892,1,0xA3,1,0,0,192,0,0,48960.886896,-21.077693,72562.202811,72727.516294,64706.839621,0.000000,0.000000,0.000000
3.633286,5uVp10hz_ch2pga1.bin,250,908,46893,1,0xA3,1,0,0,192,0,0,48964.485526,-21.032989,72568.193078,72734.020650,64711.466432,0.000000,0.000000,0.000000
3.637286,5uVp10hz_ch2pga1.bin,250,909,46894,1,0xA3,1,0,0,192,0,0,48967.950046,-21.055341,72574.160993,72740.525007,64716.026187,0.000000,0.000000,0.000000
3.641289,5uVp10hz_ch2pga1.bin,250,910,46895,1,0xA3,1,0,0,192,0,0,48971.526325,-21.055341,72580.240667,72747.185826,64720.563591,0.000000,0.000000,0.000000
3.645291,5uVp10hz_ch2pga1.bin,250,911,46896,1,0xA3,1,0,0,192,0,0,48975.259066,-21.010637,72586.365044,72753.936052,64725.257456,0.000000,0.000000,0.000000
3.649290,5uVp10hz_ch2pga1.bin,250,912,46897,1,0xA3,1,0,0,192,0,0,48978.880048,-20.943582,72592.489421,72760.686278,64729.951322,0.000000,0.000000,0.000000
3.653292,5uVp10hz_ch2pga1.bin,250,913,46898,1,0xA3,1,0,0,192,0,0,48982.344568,-20.921230,72598.457336,72767.235339,64734.511077,0.000000,0.000000,0.000000
3.657294,5uVp10hz_ch2pga1.bin,250,914,46899,1,0xA3,1,0,0,192,0,0,48986.099660,-20.898879,72604.581714,72773.873806,64739.227295,0.000000,0.000000,0.000000
3.661293,5uVp10hz_ch2pga1.bin,250,915,46900,1,0xA3,1,0,0,192,0,0,48989.877105,-20.831823,72610.728443,72780.691087,64744.032919,0.000000,0.000000,0.000000
3.665296,5uVp10hz_ch2pga1.bin,250,916,46901,1,0xA3,1,0,0,192,0,0,48993.520439,-20.809472,72616.808116,72787.351906,64748.749137,0.000000,0.000000,0.000000
3.669299,5uVp10hz_ch2pga1.bin,250,917,46902,1,0xA3,1,0,0,192,0,0,48997.052014,-20.831823,72622.820735,72793.968022,64753.308892,0.000000,0.000000,0.000000
3.673299,5uVp10hz_ch2pga1.bin,250,918,46903,1,0xA3,1,0,0,192,0,0,49000.628293,-20.831823,72628.811002,72800.472379,64757.801592,0.000000,0.000000,0.000000
3.677301,5uVp10hz_ch2pga1.bin,250,919,46904,1,0xA3,1,0,0,192,0,0,49004.316330,-20.921230,72635.024786,72807.222605,64762.473106,0.000000,0.000000,0.000000
3.681300,5uVp10hz_ch2pga1.bin,250,920,46905,1,0xA3,1,0,0,192,0,0,49008.183181,-20.988286,72641.238570,72814.151645,64767.390490,0.000000,0.000000,0.000000
3.685303,5uVp10hz_ch2pga1.bin,250,921,46906,1,0xA3,1,0,0,192,0,0,49011.915922,-20.943582,72647.497058,72820.834816,64772.263169,0.000000,0.000000,0.000000
3.689306,5uVp10hz_ch2pga1.bin,250,922,46907,1,0xA3,1,0,0,192,0,0,49015.492201,-20.943582,72653.643787,72827.495635,64776.867628,0.000000,0.000000,0.000000
3.693304,5uVp10hz_ch2pga1.bin,250,923,46908,1,0xA3,1,0,0,192,0,0,49019.135535,-21.010637,72659.678757,72834.134102,64781.427383,0.000000,0.000000,0.000000
3.697307,5uVp10hz_ch2pga1.bin,250,924,46909,1,0xA3,1,0,0,192,0,0,49022.734165,-20.988286,72665.758431,72840.750217,64786.076546,0.000000,0.000000,0.000000
3.701309,5uVp10hz_ch2pga1.bin,250,925,46910,1,0xA3,1,0,0,192,0,0,49026.332796,-20.943582,72671.838105,72847.433388,64790.792763,0.000000,0.000000,0.000000
3.705309,5uVp10hz_ch2pga1.bin,250,926,46911,1,0xA3,1,0,0,192,0,0,49029.976130,-20.988286,72677.984834,72854.138911,64795.419574,0.000000,0.000000,0.000000
3.709311,5uVp10hz_ch2pga1.bin,250,927,46912,1,0xA3,1,0,0,192,0,0,49033.664167,-21.032989,72684.198618,72860.822082,64800.068736,0.000000,0.000000,0.000000
3.713314,5uVp10hz_ch2pga1.bin,250,928,46913,1,0xA3,1,0,0,192,0,0,49037.441611,-21.010637,72690.300643,72867.594659,64804.784954,0.000000,0.000000,0.000000
3.717313,5uVp10hz_ch2pga1.bin,250,929,46914,1,0xA3,1,0,0,192,0,0,49041.129649,-21.100044,72696.425021,72874.277830,64809.612930,0.000000,0.000000,0.000000
3.721316,5uVp10hz_ch2pga1.bin,250,930,46915,1,0xA3,1,0,0,192,0,0,49044.862390,-21.144748,72702.594101,72881.050408,64814.306796,0.000000,0.000000,0.000000
3.725318,5uVp10hz_ch2pga1.bin,250,931,46916,1,0xA3,1,0,0,192,0,0,49048.483372,-21.100044,72708.718479,72887.755930,64819.090068,0.000000,0.000000,0.000000
3.729317,5uVp10hz_ch2pga1.bin,250,932,46917,1,0xA3,1,0,0,192,0,0,49052.037299,-21.055341,72714.753449,72894.304991,64823.806286,0.000000,0.000000,0.000000
3.733320,5uVp10hz_ch2pga1.bin,250,933,46918,1,0xA3,1,0,0,192,0,0,49055.591226,-21.010637,72720.810771,72900.854051,64828.276634,0.000000,0.000000,0.000000
3.737320,5uVp10hz_ch2pga1.bin,250,934,46919,1,0xA3,1,0,0,192,0,0,49059.256911,-21.055341,72726.890445,72907.537222,64832.925797,0.000000,0.000000,0.000000
3.741323,5uVp10hz_ch2pga1.bin,250,935,46920,1,0xA3,1,0,0,192,0,0,49062.989652,-21.010637,72733.014822,72914.198041,64837.642014,0.000000,0.000000,0.000000
3.745323,5uVp10hz_ch2pga1.bin,250,936,46921,1,0xA3,1,0,0,192,0,0,49066.722393,-20.943582,72739.250958,72920.992970,64842.402935,0.000000,0.000000,0.000000
3.749326,5uVp10hz_ch2pga1.bin,250,937,46922,1,0xA3,1,0,0,192,0,0,49070.321023,-20.898879,72745.285928,72927.631438,64847.052097,0.000000,0.000000,0.000000
3.753325,5uVp10hz_ch2pga1.bin,250,938,46923,1,0xA3,1,0,0,192,0,0,49073.763192,-20.876527,72751.231492,72934.091091,64851.522446,0.000000,0.000000,0.000000
3.757328,5uVp10hz_ch2pga1.bin,250,939,46924,1,0xA3,1,0,0,192,0,0,49077.205360,-20.921230,72757.154703,72940.684855,64856.104553,0.000000,0.000000,0.000000
3.761330,5uVp10hz_ch2pga1.bin,250,940,46925,1,0xA3,1,0,0,192,0,0,49080.893397,-20.921230,72763.279080,72947.435081,64860.798419,0.000000,0.000000,0.000000
3.765329,5uVp10hz_ch2pga1.bin,250,941,46926,1,0xA3,1,0,0,192,0,0,49084.693193,-20.921230,72769.448161,72954.185307,64865.559340,0.000000,0.000000,0.000000
3.769332,5uVp10hz_ch2pga1.bin,250,942,46927,1,0xA3,1,0,0,192,0,0,49088.291824,-20.854175,72775.617242,72960.779071,64870.119095,0.000000,0.000000,0.000000
3.773335,5uVp10hz_ch2pga1.bin,250,943,46928,1,0xA3,1,0,0,192,0,0,49091.890454,-20.876527,72781.629860,72967.372835,64874.768257,0.000000,0.000000,0.000000
3.777334,5uVp10hz_ch2pga1.bin,250,944,46929,1,0xA3,1,0,0,192,0,0,49095.623195,-20.965934,72787.821293,72974.145412,64879.573882,0.000000,0.000000,0.000000
3.781336,5uVp10hz_ch2pga1.bin,250,945,46930,1,0xA3,1,0,0,192,0,0,49099.422991,-20.943582,72794.102132,72980.985045,64884.267747,0.000000,0.000000,0.000000
3.785338,5uVp10hz_ch2pga1.bin,250,946,46931,1,0xA3,1,0,0,192,0,0,49103.043973,-20.898879,72800.204158,72987.824678,64889.140427,0.000000,0.000000,0.000000
3.789337,5uVp10hz_ch2pga1.bin,250,947,46932,1,0xA3,1,0,0,192,0,0,49106.620252,-20.876527,72806.283832,72994.396091,64893.767238,0.000000,0.000000,0.000000
3.793341,5uVp10hz_ch2pga1.bin,250,948,46933,1,0xA3,1,0,0,192,0,0,49110.241234,-20.876527,72812.296450,73000.855744,64898.170531,0.000000,0.000000,0.000000
3.797344,5uVp10hz_ch2pga1.bin,250,949,46934,1,0xA3,1,0,0,192,0,0,49113.884568,-20.921230,72818.376124,73007.471859,64902.842045,0.000000,0.000000,0.000000
3.801343,5uVp10hz_ch2pga1.bin,250,950,46935,1,0xA3,1,0,0,192,0,0,49117.505550,-21.010637,72824.567556,73014.222085,64907.602966,0.000000,0.000000,0.000000
3.805346,5uVp10hz_ch2pga1.bin,250,951,46936,1,0xA3,1,0,0,192,0,0,49121.327698,-21.122396,72830.781341,73020.994663,64912.497997,0.000000,0.000000,0.000000
3.809346,5uVp10hz_ch2pga1.bin,250,952,46937,1,0xA3,1,0,0,192,0,0,49125.105143,-21.100044,72836.928070,73027.811944,64917.191863,0.000000,0.000000,0.000000
3.813350,5uVp10hz_ch2pga1.bin,250,953,46938,1,0xA3,1,0,0,192,0,0,49128.614366,-21.122396,72843.007743,73034.383357,64921.706915,0.000000,0.000000,0.000000
3.817350,5uVp10hz_ch2pga1.bin,250,954,46939,1,0xA3,1,0,0,192,0,0,49132.212996,-21.055341,72848.998010,73040.954769,64926.333725,0.000000,0.000000,0.000000
3.821349,5uVp10hz_ch2pga1.bin,250,955,46940,1,0xA3,1,0,0,192,0,0,49135.766923,-21.055341,72855.055332,73047.682643,64931.027591,0.000000,0.000000,0.000000
3.825353,5uVp10hz_ch2pga1.bin,250,956,46941,1,0xA3,1,0,0,192,0,0,49139.410257,-21.100044,72861.224413,73054.410517,64935.721457,0.000000,0.000000,0.000000
3.829355,5uVp10hz_ch2pga1.bin,250,957,46942,1,0xA3,1,0,0,192,0,0,49143.075943,-21.077693,72867.326438,73061.138391,64940.348268,0.000000,0.000000,0.000000
3.833354,5uVp10hz_ch2pga1.bin,250,958,46943,1,0xA3,1,0,0,192,0,0,49146.696925,-21.055341,72873.450816,73067.732155,64944.908023,0.000000,0.000000,0.000000
3.837356,5uVp10hz_ch2pga1.bin,250,959,46944,1,0xA3,1,0,0,192,0,0,49150.384963,-21.055341,72879.575193,73074.460030,64949.646592,0.000000,0.000000,0.000000
3.841360,5uVp10hz_ch2pga1.bin,250,960,46945,1,0xA3,1,0,0,192,0,0,49154.229462,-21.032989,72885.833681,73081.322014,64954.496920,0.000000,0.000000,0.000000
3.845359,5uVp10hz_ch2pga1.bin,250,961,46946,1,0xA3,1,0,0,192,0,0,49158.029258,-21.010637,72892.025113,73088.183999,64959.347248,0.000000,0.000000,0.000000
3.849361,5uVp10hz_ch2pga1.bin,250,962,46947,1,0xA3,1,0,0,192,0,0,49161.672592,-20.876527,72898.149490,73094.867170,64963.974059,0.000000,0.000000,0.000000
3.853360,5uVp10hz_ch2pga1.bin,250,963,46948,1,0xA3,1,0,0,192,0,0,49165.293574,-20.854175,72904.296219,73101.505637,64968.600869,0.000000,0.000000,0.000000
3.857363,5uVp10hz_ch2pga1.bin,250,964,46949,1,0xA3,1,0,0,192,0,0,49168.914557,-20.965934,72910.465300,73108.166456,64973.272383,0.000000,0.000000,0.000000
3.861365,5uVp10hz_ch2pga1.bin,250,965,46950,1,0xA3,1,0,0,192,0,0,49172.736704,-20.921230,72916.634381,73115.006089,64978.033304,0.000000,0.000000,0.000000
3.865364,5uVp10hz_ch2pga1.bin,250,966,46951,1,0xA3,1,0,0,192,0,0,49176.469445,-20.876527,72922.915220,73121.801019,64982.861280,0.000000,0.000000,0.000000
3.869368,5uVp10hz_ch2pga1.bin,250,967,46952,1,0xA3,1,0,0,192,0,0,49180.112779,-20.764768,72929.129004,73128.551245,64987.666905,0.000000,0.000000,0.000000
3.873368,5uVp10hz_ch2pga1.bin,250,968,46953,1,0xA3,1,0,0,192,0,0,49183.778465,-20.787120,72935.208678,73135.189712,64992.360771,0.000000,0.000000,0.000000
3.877371,5uVp10hz_ch2pga1.bin,250,969,46954,1,0xA3,1,0,0,192,0,0,49187.444150,-20.809472,72941.467166,73141.895235,64997.032285,0.000000,0.000000,0.000000
3.881371,5uVp10hz_ch2pga1.bin,250,970,46955,1,0xA3,1,0,0,192,0,0,49191.199243,-20.854175,72947.502136,73148.667812,65001.681447,0.000000,0.000000,0.000000
3.885374,5uVp10hz_ch2pga1.bin,250,971,46956,1,0xA3,1,0,0,192,0,0,49194.797873,-20.921230,72953.537107,73155.306280,65006.375313,0.000000,0.000000,0.000000
3.889373,5uVp10hz_ch2pga1.bin,250,972,46957,1,0xA3,1,0,0,192,0,0,49198.441207,-20.943582,72959.572077,73161.922395,65011.069179,0.000000,0.000000,0.000000
3.893376,5uVp10hz_ch2pga1.bin,250,973,46958,1,0xA3,1,0,0,192,0,0,49201.995134,-20.921230,72965.674102,73168.538511,65015.651286,0.000000,0.000000,0.000000
3.897379,5uVp10hz_ch2pga1.bin,250,974,46959,1,0xA3,1,0,0,192,0,0,49205.638468,-20.921230,72971.798480,73175.244033,65020.188689,0.000000,0.000000,0.000000
3.901378,5uVp10hz_ch2pga1.bin,250,975,46960,1,0xA3,1,0,0,192,0,0,49209.371209,-20.988286,72977.989912,73181.971908,65024.949610,0.000000,0.000000,0.000000
3.905380,5uVp10hz_ch2pga1.bin,250,976,46961,1,0xA3,1,0,0,192,0,0,49213.059247,-21.100044,72984.181345,73188.856244,65029.822290,0.000000,0.000000,0.000000
3.909382,5uVp10hz_ch2pga1.bin,250,977,46962,1,0xA3,1,0,0,192,0,0,49216.702580,-21.055341,72990.261018,73195.517063,65034.471452,0.000000,0.000000,0.000000
3.913384,5uVp10hz_ch2pga1.bin,250,978,46963,1,0xA3,1,0,0,192,0,0,49220.278859,-21.100044,72996.318340,73202.066123,65039.031208,0.000000,0.000000,0.000000
3.917384,5uVp10hz_ch2pga1.bin,250,979,46964,1,0xA3,1,0,0,192,0,0,49223.698676,-21.100044,73002.330959,73208.525777,65043.479204,0.000000,0.000000,0.000000
3.921387,5uVp10hz_ch2pga1.bin,250,980,46965,1,0xA3,1,0,0,192,0,0,49227.319658,-20.988286,73008.410633,73215.276003,65048.173070,0.000000,0.000000,0.000000
3.925386,5uVp10hz_ch2pga1.bin,250,981,46966,1,0xA3,1,0,0,192,0,0,49231.007695,-20.988286,73014.579713,73222.026229,65052.933991,0.000000,0.000000,0.000000
3.929388,5uVp10hz_ch2pga1.bin,250,982,46967,1,0xA3,1,0,0,192,0,0,49234.651029,-21.032989,73020.659387,73228.642344,65057.560802,0.000000,0.000000,0.000000
3.933391,5uVp10hz_ch2pga1.bin,250,983,46968,1,0xA3,1,0,0,192,0,0,49238.316715,-21.032989,73026.850820,73235.370219,65062.209964,0.000000,0.000000,0.000000
3.937393,5uVp10hz_ch2pga1.bin,250,984,46969,1,0xA3,1,0,0,192,0,0,49242.183566,-20.988286,73033.131659,73242.276907,65067.015588,0.000000,0.000000,0.000000
3.941392,5uVp10hz_ch2pga1.bin,250,985,46970,1,0xA3,1,0,0,192,0,0,49246.028066,-21.055341,73039.367795,73249.161243,65071.865916,0.000000,0.000000,0.000000
3.945395,5uVp10hz_ch2pga1.bin,250,986,46971,1,0xA3,1,0,0,192,0,0,49249.716103,-21.010637,73045.514524,73255.889118,65076.716244,0.000000,0.000000,0.000000
3.949394,5uVp10hz_ch2pga1.bin,250,987,46972,1,0xA3,1,0,0,192,0,0,49253.247678,-20.988286,73051.661253,73262.661695,65081.432462,0.000000,0.000000,0.000000
3.953396,5uVp10hz_ch2pga1.bin,250,988,46973,1,0xA3,1,0,0,192,0,0,49256.801605,-20.943582,73057.740927,73269.300163,65086.036921,0.000000,0.000000,0.000000
3.957400,5uVp10hz_ch2pga1.bin,250,989,46974,1,0xA3,1,0,0,192,0,0,49260.534346,-20.943582,73063.865304,73275.916278,65090.686083,0.000000,0.000000,0.000000
3.961399,5uVp10hz_ch2pga1.bin,250,990,46975,1,0xA3,1,0,0,192,0,0,49264.244735,-20.898879,73070.034385,73282.711208,65095.469356,0.000000,0.000000,0.000000
3.965402,5uVp10hz_ch2pga1.bin,250,991,46976,1,0xA3,1,0,0,192,0,0,49267.999828,-20.809472,73076.248169,73289.483786,65100.207925,0.000000,0.000000,0.000000
3.969402,5uVp10hz_ch2pga1.bin,250,992,46977,1,0xA3,1,0,0,192,0,0,49271.754920,-20.854175,73082.506657,73296.368122,65104.991198,0.000000,0.000000,0.000000
3.973405,5uVp10hz_ch2pga1.bin,250,993,46978,1,0xA3,1,0,0,192,0,0,49275.510013,-20.854175,73088.675737,73303.073645,65109.640360,0.000000,0.000000,0.000000
3.977404,5uVp10hz_ch2pga1.bin,250,994,46979,1,0xA3,1,0,0,192,0,0,49278.996885,-20.809472,73094.643652,73309.779167,65114.222467,0.000000,0.000000,0.000000
3.981407,5uVp10hz_ch2pga1.bin,250,995,46980,1,0xA3,1,0,0,192,0,0,49282.617867,-20.921230,73100.768030,73316.350579,65118.938684,0.000000,0.000000,0.000000
3.985409,5uVp10hz_ch2pga1.bin,250,996,46981,1,0xA3,1,0,0,192,0,0,49286.350608,-20.943582,73106.914759,73323.078454,65123.610198,0.000000,0.000000,0.000000
3.989408,5uVp10hz_ch2pga1.bin,250,997,46982,1,0xA3,1,0,0,192,0,0,49289.971590,-20.988286,73113.039136,73329.873383,65128.259361,0.000000,0.000000,0.000000
3.993410,5uVp10hz_ch2pga1.bin,250,998,46983,1,0xA3,1,0,0,192,0,0,49293.592572,-20.988286,73119.118810,73336.467147,65132.930875,0.000000,0.000000,0.000000
3.997412,5uVp10hz_ch2pga1.bin,250,999,46984,1,0xA3,1,0,0,192,0,0,49297.258258,-21.055341,73125.265539,73343.239725,65137.624741,0.000000,0.000000,0.000000
4.001412,5uVp10hz_ch2pga1.bin,250,1000,46985,1,0xA3,1,0,0,192,0,0,49300.923944,-21.032989,73131.524026,73350.101709,65142.363310,0.000000,0.000000,0.000000
4.005414,5uVp10hz_ch2pga1.bin,250,1001,46986,1,0xA3,1,0,0,192,0,0,49304.589629,-21.010637,73137.648404,73356.762528,65147.012472,0.000000,0.000000,0.000000
4.009417,5uVp10hz_ch2pga1.bin,250,1002,46987,1,0xA3,1,0,0,192,0,0,49308.188260,-21.055341,73143.593967,73363.378644,65151.616931,0.000000,0.000000,0.000000
4.013416,5uVp10hz_ch2pga1.bin,250,1003,46988,1,0xA3,1,0,0,192,0,0,49311.809242,-21.032989,73149.651289,73369.905353,65156.266093,0.000000,0.000000,0.000000
4.017419,5uVp10hz_ch2pga1.bin,250,1004,46989,1,0xA3,1,0,0,192,0,0,49315.385520,-21.055341,73155.775666,73376.543820,65160.892904,0.000000,0.000000,0.000000
4.021421,5uVp10hz_ch2pga1.bin,250,1005,46990,1,0xA3,1,0,0,192,0,0,49319.095910,-21.100044,73162.011802,73383.316398,65165.676177,0.000000,0.000000,0.000000
4.025423,5uVp10hz_ch2pga1.bin,250,1006,46991,1,0xA3,1,0,0,192,0,0,49322.851002,-21.144748,73168.180883,73390.133679,65170.437098,0.000000,0.000000,0.000000
4.029422,5uVp10hz_ch2pga1.bin,250,1007,46992,1,0xA3,1,0,0,192,0,0,49326.807261,-21.100044,73174.551129,73397.062719,65175.399184,0.000000,0.000000,0.000000
4.033424,5uVp10hz_ch2pga1.bin,250,1008,46993,1,0xA3,1,0,0,192,0,0,49330.562353,-21.055341,73180.742562,73403.857648,65180.115402,0.000000,0.000000,0.000000
4.037426,5uVp10hz_ch2pga1.bin,250,1009,46994,1,0xA3,1,0,0,192,0,0,49334.183335,-21.032989,73186.844587,73410.540819,65184.697509,0.000000,0.000000,0.000000
4.041425,5uVp10hz_ch2pga1.bin,250,1010,46995,1,0xA3,1,0,0,192,0,0,49337.759614,-20.943582,73192.991316,73417.291045,65189.369023,0.000000,0.000000,0.000000
4.045427,5uVp10hz_ch2pga1.bin,250,1011,46996,1,0xA3,1,0,0,192,0,0,49341.425300,-20.943582,73199.070990,73423.974216,65194.107592,0.000000,0.000000,0.000000
4.049429,5uVp10hz_ch2pga1.bin,250,1012,46997,1,0xA3,1,0,0,192,0,0,49345.001578,-20.921230,73205.150664,73430.635035,65198.712051,0.000000,0.000000,0.000000
4.053428,5uVp10hz_ch2pga1.bin,250,1013,46998,1,0xA3,1,0,0,192,0,0,49348.689616,-20.898879,73211.252689,73437.385261,65203.428268,0.000000,0.000000,0.000000
4.057432,5uVp10hz_ch2pga1.bin,250,1014,46999,1,0xA3,1,0,0,192,0,0,49352.288246,-20.921230,73217.444122,73444.113135,65208.055079,0.000000,0.000000,0.000000
4.061434,5uVp10hz_ch2pga1.bin,250,1015,47000,1,0xA3,1,0,0,192,0,0,49356.043339,-20.921230,73223.657906,73450.885713,65212.860703,0.000000,0.000000,0.000000
4.065434,5uVp10hz_ch2pga1.bin,250,1016,47001,1,0xA3,1,0,0,192,0,0,49359.820783,-20.921230,73229.804635,73457.770050,65217.666328,0.000000,0.000000,0.000000
4.069437,5uVp10hz_ch2pga1.bin,250,1017,47002,1,0xA3,1,0,0,192,0,0,49363.441765,-20.831823,73235.929012,73464.453220,65222.315490,0.000000,0.000000,0.000000
4.073436,5uVp10hz_ch2pga1.bin,250,1018,47003,1,0xA3,1,0,0,192,0,0,49367.129803,-20.831823,73242.142797,73471.136391,65227.009356,0.000000,0.000000,0.000000
4.077438,5uVp10hz_ch2pga1.bin,250,1019,47004,1,0xA3,1,0,0,192,0,0,49370.750785,-20.898879,73248.222470,73477.774858,65231.636167,0.000000,0.000000,0.000000
4.081441,5uVp10hz_ch2pga1.bin,250,1020,47005,1,0xA3,1,0,0,192,0,0,49374.528229,-20.921230,73254.302144,73484.592140,65236.374736,0.000000,0.000000,0.000000
4.085441,5uVp10hz_ch2pga1.bin,250,1021,47006,1,0xA3,1,0,0,192,0,0,49378.216267,-20.854175,73260.560632,73491.431773,65241.180360,0.000000,0.000000,0.000000
4.089444,5uVp10hz_ch2pga1.bin,250,1022,47007,1,0xA3,1,0,0,192,0,0,49381.949008,-20.854175,73266.752064,73498.181999,65245.896578,0.000000,0.000000,0.000000
4.093443,5uVp10hz_ch2pga1.bin,250,1023,47008,1,0xA3,1,0,0,192,0,0,49385.659397,-20.988286,73272.965848,73504.820466,65250.612795,0.000000,0.000000,0.000000
4.097446,5uVp10hz_ch2pga1.bin,250,1024,47009,1,0xA3,1,0,0,192,0,0,49389.369786,-21.032989,73279.134929,73511.704803,65255.351365,0.000000,0.000000,0.000000
4.101448,5uVp10hz_ch2pga1.bin,250,1025,47010,1,0xA3,1,0,0,192,0,0,49392.968416,-21.010637,73285.214603,73518.298566,65260.067582,0.000000,0.000000,0.000000
4.105448,5uVp10hz_ch2pga1.bin,250,1026,47011,1,0xA3,1,0,0,192,0,0,49396.589398,-21.010637,73291.271925,73525.004089,65264.739096,0.000000,0.000000,0.000000
4.109448,5uVp10hz_ch2pga1.bin,250,1027,47012,1,0xA3,1,0,0,192,0,0,49400.210381,-21.100044,73297.396302,73531.709611,65269.455314,0.000000,0.000000,0.000000
4.113452,5uVp10hz_ch2pga1.bin,250,1028,47013,1,0xA3,1,0,0,192,0,0,49403.853714,-21.055341,73303.498328,73538.415134,65274.059772,0.000000,0.000000,0.000000
4.117452,5uVp10hz_ch2pga1.bin,250,1029,47014,1,0xA3,1,0,0,192,0,0,49407.429993,-21.100044,73309.533298,73545.031250,65278.731287,0.000000,0.000000,0.000000
4.121456,5uVp10hz_ch2pga1.bin,250,1030,47015,1,0xA3,1,0,0,192,0,0,49411.185086,-21.144748,73315.769434,73551.848531,65283.425152,0.000000,0.000000,0.000000
4.125456,5uVp10hz_ch2pga1.bin,250,1031,47016,1,0xA3,1,0,0,192,0,0,49414.917827,-21.144748,73322.072625,73558.688164,65288.297832,0.000000,0.000000,0.000000
4.129458,5uVp10hz_ch2pga1.bin,250,1032,47017,1,0xA3,1,0,0,192,0,0,49418.538809,-21.100044,73328.152299,73565.281928,65292.924643,0.000000,0.000000,0.000000
4.133457,5uVp10hz_ch2pga1.bin,250,1033,47018,1,0xA3,1,0,0,192,0,0,49422.003329,-21.100044,73334.187269,73572.009802,65297.529101,0.000000,0.000000,0.000000
4.137461,5uVp10hz_ch2pga1.bin,250,1034,47019,1,0xA3,1,0,0,192,0,0,49425.713718,-21.077693,73340.311646,73578.692973,65302.178264,0.000000,0.000000,0.000000
4.141461,5uVp10hz_ch2pga1.bin,250,1035,47020,1,0xA3,1,0,0,192,0,0,49429.379404,-21.032989,73346.592486,73585.443199,65306.961536,0.000000,0.000000,0.000000
4.145465,5uVp10hz_ch2pga1.bin,250,1036,47021,1,0xA3,1,0,0,192,0,0,49433.156848,-20.965934,73352.739215,73592.282832,65311.700106,0.000000,0.000000,0.000000
4.149467,5uVp10hz_ch2pga1.bin,250,1037,47022,1,0xA3,1,0,0,192,0,0,49436.867237,-20.943582,73358.818889,73599.033058,65316.438675,0.000000,0.000000,0.000000
4.153467,5uVp10hz_ch2pga1.bin,250,1038,47023,1,0xA3,1,0,0,192,0,0,49440.532923,-20.921230,73365.032673,73605.693877,65321.132541,0.000000,0.000000,0.000000
4.157468,5uVp10hz_ch2pga1.bin,250,1039,47024,1,0xA3,1,0,0,192,0,0,49444.265664,-20.876527,73371.313512,73612.466455,65325.893462,0.000000,0.000000,0.000000
4.161470,5uVp10hz_ch2pga1.bin,250,1040,47025,1,0xA3,1,0,0,192,0,0,49447.886646,-20.876527,73377.437890,73619.239032,65330.632031,0.000000,0.000000,0.000000
4.165474,5uVp10hz_ch2pga1.bin,250,1041,47026,1,0xA3,1,0,0,192,0,0,49451.462924,-20.854175,73383.472860,73625.922203,65335.191786,0.000000,0.000000,0.000000
4.169475,5uVp10hz_ch2pga1.bin,250,1042,47027,1,0xA3,1,0,0,192,0,0,49454.949796,-20.921230,73389.507830,73632.538319,65339.751542,0.000000,0.000000,0.000000
4.173477,5uVp10hz_ch2pga1.bin,250,1043,47028,1,0xA3,1,0,0,192,0,0,49458.436668,-20.943582,73395.453393,73639.132082,65344.311297,0.000000,0.000000,0.000000
4.177477,5uVp10hz_ch2pga1.bin,250,1044,47029,1,0xA3,1,0,0,192,0,0,49462.124705,-20.854175,73401.600122,73645.859957,65349.072218,0.000000,0.000000,0.000000
4.181479,5uVp10hz_ch2pga1.bin,250,1045,47030,1,0xA3,1,0,0,192,0,0,49465.924501,-20.831823,73407.880962,73652.654886,65353.900194,0.000000,0.000000,0.000000
4.185483,5uVp10hz_ch2pga1.bin,250,1046,47031,1,0xA3,1,0,0,192,0,0,49469.657242,-20.898879,73414.139450,73659.516871,65358.638763,0.000000,0.000000,0.000000
4.189484,5uVp10hz_ch2pga1.bin,250,1047,47032,1,0xA3,1,0,0,192,0,0,49473.300576,-20.921230,73420.241475,73666.177690,65363.265574,0.000000,0.000000,0.000000
4.193484,5uVp10hz_ch2pga1.bin,250,1048,47033,1,0xA3,1,0,0,192,0,0,49476.832151,-20.943582,73426.276445,73672.816157,65367.802978,0.000000,0.000000,0.000000
4.197487,5uVp10hz_ch2pga1.bin,250,1049,47034,1,0xA3,1,0,0,192,0,0,49480.363727,-21.010637,73432.490230,73679.521680,65372.429788,0.000000,0.000000,0.000000
4.201488,5uVp10hz_ch2pga1.bin,250,1050,47035,1,0xA3,1,0,0,192,0,0,49484.096467,-21.032989,73438.614607,73686.271906,65377.146006,0.000000,0.000000,0.000000
4.205491,5uVp10hz_ch2pga1.bin,250,1051,47036,1,0xA3,1,0,0,192,0,0,49487.784505,-21.077693,73444.694281,73693.044484,65381.996334,0.000000,0.000000,0.000000
4.209491,5uVp10hz_ch2pga1.bin,250,1052,47037,1,0xA3,1,0,0,192,0,0,49491.405487,-21.100044,73450.841010,73699.772358,65386.645496,0.000000,0.000000,0.000000
4.213494,5uVp10hz_ch2pga1.bin,250,1053,47038,1,0xA3,1,0,0,192,0,0,49495.093524,-21.055341,73457.032442,73706.500232,65391.227603,0.000000,0.000000,0.000000
4.217494,5uVp10hz_ch2pga1.bin,250,1054,47039,1,0xA3,1,0,0,192,0,0,49498.803914,-21.100044,73463.223875,73713.250458,65395.966172,0.000000,0.000000,0.000000
4.221497,5uVp10hz_ch2pga1.bin,250,1055,47040,1,0xA3,1,0,0,192,0,0,49502.536654,-21.055341,73469.370604,73720.045388,65400.749445,0.000000,0.000000,0.000000
4.225497,5uVp10hz_ch2pga1.bin,250,1056,47041,1,0xA3,1,0,0,192,0,0,49506.179988,-21.032989,73475.584388,73726.817966,65405.510366,0.000000,0.000000,0.000000
4.229500,5uVp10hz_ch2pga1.bin,250,1057,47042,1,0xA3,1,0,0,192,0,0,49509.868026,-21.055341,73481.753469,73733.523488,65410.181880,0.000000,0.000000,0.000000
4.233500,5uVp10hz_ch2pga1.bin,250,1058,47043,1,0xA3,1,0,0,192,0,0,49513.511360,-20.965934,73487.944901,73740.318418,65414.875746,0.000000,0.000000,0.000000
4.237503,5uVp10hz_ch2pga1.bin,250,1059,47044,1,0xA3,1,0,0,192,0,0,49517.355859,-21.010637,73494.181037,73747.202754,65419.837832,0.000000,0.000000,0.000000
4.241504,5uVp10hz_ch2pga1.bin,250,1060,47045,1,0xA3,1,0,0,192,0,0,49521.043897,-20.965934,73500.350118,73753.997684,65424.531698,0.000000,0.000000,0.000000
4.245504,5uVp10hz_ch2pga1.bin,250,1061,47046,1,0xA3,1,0,0,192,0,0,49524.709582,-20.943582,73506.586254,73760.814965,65429.225564,0.000000,0.000000,0.000000
4.249508,5uVp10hz_ch2pga1.bin,250,1062,47047,1,0xA3,1,0,0,192,0,0,49528.352916,-20.988286,73512.755334,73767.520487,65433.807671,0.000000,0.000000,0.000000
4.253508,5uVp10hz_ch2pga1.bin,250,1063,47048,1,0xA3,1,0,0,192,0,0,49532.040954,-20.988286,73518.902063,73774.136603,65438.389778,0.000000,0.000000,0.000000
4.257511,5uVp10hz_ch2pga1.bin,250,1064,47049,1,0xA3,1,0,0,192,0,0,49535.661936,-20.943582,73524.937034,73780.886829,65443.150699,0.000000,0.000000,0.000000
4.261512,5uVp10hz_ch2pga1.bin,250,1065,47050,1,0xA3,1,0,0,192,0,0,49539.372325,-20.854175,73531.217873,73787.793517,65447.956324,0.000000,0.000000,0.000000
4.265512,5uVp10hz_ch2pga1.bin,250,1066,47051,1,0xA3,1,0,0,192,0,0,49543.127418,-20.854175,73537.521064,73794.700205,65452.829003,0.000000,0.000000,0.000000
4.269515,5uVp10hz_ch2pga1.bin,250,1067,47052,1,0xA3,1,0,0,192,0,0,49546.882510,-20.898879,73543.600738,73801.338673,65457.522869,0.000000,0.000000,0.000000
4.273515,5uVp10hz_ch2pga1.bin,250,1068,47053,1,0xA3,1,0,0,192,0,0,49550.414085,-20.898879,73549.568653,73807.977140,65462.104976,0.000000,0.000000,0.000000
4.277519,5uVp10hz_ch2pga1.bin,250,1069,47054,1,0xA3,1,0,0,192,0,0,49554.057419,-20.876527,73555.648327,73814.727366,65466.754138,0.000000,0.000000,0.000000
4.281519,5uVp10hz_ch2pga1.bin,250,1070,47055,1,0xA3,1,0,0,192,0,0,49557.790160,-20.921230,73561.906815,73821.410537,65471.380949,0.000000,0.000000,0.000000
4.285519,5uVp10hz_ch2pga1.bin,250,1071,47056,1,0xA3,1,0,0,192,0,0,49561.388791,-20.898879,73568.053544,73828.183115,65476.164222,0.000000,0.000000,0.000000
4.289523,5uVp10hz_ch2pga1.bin,250,1072,47057,1,0xA3,1,0,0,192,0,0,49565.009773,-20.898879,73574.177921,73835.000396,65480.858088,0.000000,0.000000,0.000000
4.293523,5uVp10hz_ch2pga1.bin,250,1073,47058,1,0xA3,1,0,0,192,0,0,49568.742514,-20.943582,73580.324650,73841.772974,65485.484898,0.000000,0.000000,0.000000
4.297527,5uVp10hz_ch2pga1.bin,250,1074,47059,1,0xA3,1,0,0,192,0,0,49572.274089,-20.898879,73586.404324,73848.456144,65490.134060,0.000000,0.000000,0.000000
4.301527,5uVp10hz_ch2pga1.bin,250,1075,47060,1,0xA3,1,0,0,192,0,0,49576.006830,-20.943582,73592.640460,73855.251074,65494.962037,0.000000,0.000000,0.000000
4.305530,5uVp10hz_ch2pga1.bin,250,1076,47061,1,0xA3,1,0,0,192,0,0,49579.761922,-20.988286,73598.876595,73862.046003,65499.633551,0.000000,0.000000,0.000000
4.309530,5uVp10hz_ch2pga1.bin,250,1077,47062,1,0xA3,1,0,0,192,0,0,49583.360553,-21.122396,73604.933918,73868.773878,65504.260361,0.000000,0.000000,0.000000
4.313533,5uVp10hz_ch2pga1.bin,250,1078,47063,1,0xA3,1,0,0,192,0,0,49587.026238,-21.055341,73611.125350,73875.412345,65508.931875,0.000000,0.000000,0.000000
4.317533,5uVp10hz_ch2pga1.bin,250,1079,47064,1,0xA3,1,0,0,192,0,0,49590.758979,-21.077693,73617.249727,73882.229626,65513.715148,0.000000,0.000000,0.000000
4.321536,5uVp10hz_ch2pga1.bin,250,1080,47065,1,0xA3,1,0,0,192,0,0,49594.514072,-21.077693,73623.575270,73889.113963,65518.565476,0.000000,0.000000,0.000000
4.325535,5uVp10hz_ch2pga1.bin,250,1081,47066,1,0xA3,1,0,0,192,0,0,49598.380923,-21.100044,73629.856110,73895.975947,65523.415804,0.000000,0.000000,0.000000
4.329539,5uVp10hz_ch2pga1.bin,250,1082,47067,1,0xA3,1,0,0,192,0,0,49602.113664,-21.100044,73636.002839,73902.860284,65528.042614,0.000000,0.000000,0.000000
4.333538,5uVp10hz_ch2pga1.bin,250,1083,47068,1,0xA3,1,0,0,192,0,0,49605.622888,-21.077693,73642.060161,73909.632862,65532.691777,0.000000,0.000000,0.000000
4.337542,5uVp10hz_ch2pga1.bin,250,1084,47069,1,0xA3,1,0,0,192,0,0,49609.489739,-21.032989,73648.385704,73916.405439,65537.452698,0.000000,0.000000,0.000000
4.341542,5uVp10hz_ch2pga1.bin,250,1085,47070,1,0xA3,1,0,0,192,0,0,49613.244832,-20.988286,73654.644191,73923.267424,65542.303026,0.000000,0.000000,0.000000
4.345545,5uVp10hz_ch2pga1.bin,250,1086,47071,1,0xA3,1,0,0,192,0,0,49616.932869,-20.965934,73660.813272,73930.017650,65547.063947,0.000000,0.000000,0.000000
4.349545,5uVp10hz_ch2pga1.bin,250,1087,47072,1,0xA3,1,0,0,192,0,0,49620.598555,-20.943582,73666.982353,73936.745524,65551.780164,0.000000,0.000000,0.000000
4.353548,5uVp10hz_ch2pga1.bin,250,1088,47073,1,0xA3,1,0,0,192,0,0,49624.308944,-20.943582,73673.196137,73943.562806,65556.496382,0.000000,0.000000,0.000000
4.357547,5uVp10hz_ch2pga1.bin,250,1089,47074,1,0xA3,1,0,0,192,0,0,49627.974629,-20.898879,73679.298162,73950.380087,65561.212599,0.000000,0.000000,0.000000
4.361550,5uVp10hz_ch2pga1.bin,250,1090,47075,1,0xA3,1,0,0,192,0,0,49631.774426,-20.831823,73685.489595,73957.197368,65565.973520,0.000000,0.000000,0.000000
4.365550,5uVp10hz_ch2pga1.bin,250,1091,47076,1,0xA3,1,0,0,192,0,0,49635.395408,-20.787120,73691.681027,73964.014649,65570.689738,0.000000,0.000000,0.000000
4.369553,5uVp10hz_ch2pga1.bin,250,1092,47077,1,0xA3,1,0,0,192,0,0,49638.994038,-20.943582,73697.894812,73970.697820,65575.405955,0.000000,0.000000,0.000000
4.373553,5uVp10hz_ch2pga1.bin,250,1093,47078,1,0xA3,1,0,0,192,0,0,49642.659724,-20.898879,73704.041541,73977.380991,65580.010414,0.000000,0.000000,0.000000
4.377556,5uVp10hz_ch2pga1.bin,250,1094,47079,1,0xA3,1,0,0,192,0,0,49646.414816,-20.831823,73710.255325,73984.242976,65584.793687,0.000000,0.000000,0.000000
4.381558,5uVp10hz_ch2pga1.bin,250,1095,47080,1,0xA3,1,0,0,192,0,0,49650.125206,-20.876527,73716.536164,73991.149664,65589.644015,0.000000,0.000000,0.000000
4.385558,5uVp10hz_ch2pga1.bin,250,1096,47081,1,0xA3,1,0,0,192,0,0,49653.857946,-20.876527,73722.660542,73997.922242,65594.427288,0.000000,0.000000,0.000000
4.389560,5uVp10hz_ch2pga1.bin,250,1097,47082,1,0xA3,1,0,0,192,0,0,49657.367170,-20.943582,73728.740215,74004.560709,65598.919988,0.000000,0.000000,0.000000
4.393562,5uVp10hz_ch2pga1.bin,250,1098,47083,1,0xA3,1,0,0,192,0,0,49660.921097,-20.943582,73734.842241,74011.176825,65603.457391,0.000000,0.000000,0.000000
4.397562,5uVp10hz_ch2pga1.bin,250,1099,47084,1,0xA3,1,0,0,192,0,0,49664.609134,-20.898879,73740.944266,74017.971754,65608.173609,0.000000,0.000000,0.000000
4.401565,5uVp10hz_ch2pga1.bin,250,1100,47085,1,0xA3,1,0,0,192,0,0,49668.274820,-21.032989,73747.068644,74024.789035,65612.912178,0.000000,0.000000,0.000000
4.405564,5uVp10hz_ch2pga1.bin,250,1101,47086,1,0xA3,1,0,0,192,0,0,49672.029912,-21.077693,73753.371835,74031.718075,65617.628396,0.000000,0.000000,0.000000
4.409567,5uVp10hz_ch2pga1.bin,250,1102,47087,1,0xA3,1,0,0,192,0,0,49675.717950,-21.100044,73759.652674,74038.468301,65622.322261,0.000000,0.000000,0.000000
4.413567,5uVp10hz_ch2pga1.bin,250,1103,47088,1,0xA3,1,0,0,192,0,0,49679.383636,-21.122396,73765.821755,74045.151472,65627.038479,0.000000,0.000000,0.000000
4.417570,5uVp10hz_ch2pga1.bin,250,1104,47089,1,0xA3,1,0,0,192,0,0,49683.094025,-21.189451,73771.990836,74052.013457,65631.777048,0.000000,0.000000,0.000000
4.421569,5uVp10hz_ch2pga1.bin,250,1105,47090,1,0xA3,1,0,0,192,0,0,49686.759710,-21.100044,73778.092861,74058.763683,65636.515617,0.000000,0.000000,0.000000
4.425572,5uVp10hz_ch2pga1.bin,250,1106,47091,1,0xA3,1,0,0,192,0,0,49690.358341,-21.032989,73784.239590,74065.513909,65641.164780,0.000000,0.000000,0.000000
4.429575,5uVp10hz_ch2pga1.bin,250,1107,47092,1,0xA3,1,0,0,192,0,0,49694.091082,-21.144748,73790.453374,74072.264135,65645.970404,0.000000,0.000000,0.000000
4.433574,5uVp10hz_ch2pga1.bin,250,1108,47093,1,0xA3,1,0,0,192,0,0,49697.801471,-21.055341,73796.600103,74079.014361,65650.686622,0.000000,0.000000,0.000000
4.437577,5uVp10hz_ch2pga1.bin,250,1109,47094,1,0xA3,1,0,0,192,0,0,49701.511860,-20.988286,73802.903295,74085.921049,65655.425191,0.000000,0.000000,0.000000
4.441576,5uVp10hz_ch2pga1.bin,250,1110,47095,1,0xA3,1,0,0,192,0,0,49705.311656,-20.988286,73809.228837,74092.760682,65660.320222,0.000000,0.000000,0.000000
4.445579,5uVp10hz_ch2pga1.bin,250,1111,47096,1,0xA3,1,0,0,192,0,0,49709.089100,-20.943582,73815.487325,74099.600315,65665.058792,0.000000,0.000000,0.000000
4.449582,5uVp10hz_ch2pga1.bin,250,1112,47097,1,0xA3,1,0,0,192,0,0,49712.687731,-20.943582,73821.634054,74106.395245,65669.707954,0.000000,0.000000,0.000000
4.453581,5uVp10hz_ch2pga1.bin,250,1113,47098,1,0xA3,1,0,0,192,0,0,49716.375768,-20.921230,73827.803135,74113.078415,65674.357116,0.000000,0.000000,0.000000
4.457584,5uVp10hz_ch2pga1.bin,250,1114,47099,1,0xA3,1,0,0,192,0,0,49720.086157,-20.809472,73833.972216,74119.918048,65679.118037,0.000000,0.000000,0.000000
4.461584,5uVp10hz_ch2pga1.bin,250,1115,47100,1,0xA3,1,0,0,192,0,0,49723.774195,-20.831823,73840.186000,74126.712978,65683.789551,0.000000,0.000000,0.000000
4.465588,5uVp10hz_ch2pga1.bin,250,1116,47101,1,0xA3,1,0,0,192,0,0,49727.506936,-20.831823,73846.422136,74133.530259,65688.617527,0.000000,0.000000,0.000000
4.469587,5uVp10hz_ch2pga1.bin,250,1117,47102,1,0xA3,1,0,0,192,0,0,49731.418490,-20.831823,73852.725327,74140.504003,65693.490207,0.000000,0.000000,0.000000
4.473590,5uVp10hz_ch2pga1.bin,250,1118,47103,1,0xA3,1,0,0,192,0,0,49735.240638,-20.854175,73858.961463,74147.477746,65698.318183,0.000000,0.000000,0.000000
4.477589,5uVp10hz_ch2pga1.bin,250,1119,47104,1,0xA3,1,0,0,192,0,0,49738.906324,-20.854175,73865.175247,74154.295027,65703.079104,0.000000,0.000000,0.000000
4.481593,5uVp10hz_ch2pga1.bin,250,1120,47105,1,0xA3,1,0,0,192,0,0,49742.549658,-20.943582,73871.389031,74161.045253,65707.884729,0.000000,0.000000,0.000000
4.485595,5uVp10hz_ch2pga1.bin,250,1121,47106,1,0xA3,1,0,0,192,0,0,49746.170640,-20.988286,73877.580464,74167.773128,65712.578595,0.000000,0.000000,0.000000
4.489594,5uVp10hz_ch2pga1.bin,250,1122,47107,1,0xA3,1,0,0,192,0,0,49749.948084,-20.921230,73883.794248,74174.612761,65717.227757,0.000000,0.000000,0.000000
4.493597,5uVp10hz_ch2pga1.bin,250,1123,47108,1,0xA3,1,0,0,192,0,0,49753.703177,-20.921230,73889.963329,74181.362987,65721.943974,0.000000,0.000000,0.000000
4.497600,5uVp10hz_ch2pga1.bin,250,1124,47109,1,0xA3,1,0,0,192,0,0,49757.413566,-20.898879,73896.288872,74188.157916,65726.727247,0.000000,0.000000,0.000000
4.501599,5uVp10hz_ch2pga1.bin,250,1125,47110,1,0xA3,1,0,0,192,0,0,49761.302769,-20.943582,73902.636766,74195.243418,65731.622279,0.000000,0.000000,0.000000
4.505601,5uVp10hz_ch2pga1.bin,250,1126,47111,1,0xA3,1,0,0,192,0,0,49764.990807,-21.100044,73908.783495,74202.060699,65736.383200,0.000000,0.000000,0.000000
4.509600,5uVp10hz_ch2pga1.bin,250,1127,47112,1,0xA3,1,0,0,192,0,0,49768.567085,-21.167099,73914.907873,74208.676815,65741.054714,0.000000,0.000000,0.000000
4.513603,5uVp10hz_ch2pga1.bin,250,1128,47113,1,0xA3,1,0,0,192,0,0,49772.098660,-21.167099,73921.076953,74215.359986,65745.614469,0.000000,0.000000,0.000000
4.517606,5uVp10hz_ch2pga1.bin,250,1129,47114,1,0xA3,1,0,0,192,0,0,49775.786698,-21.144748,73927.290738,74222.244322,65750.397742,0.000000,0.000000,0.000000
4.521605,5uVp10hz_ch2pga1.bin,250,1130,47115,1,0xA3,1,0,0,192,0,0,49779.430032,-21.100044,73933.504522,74228.994548,65755.158663,0.000000,0.000000,0.000000
4.525610,5uVp10hz_ch2pga1.bin,250,1131,47116,1,0xA3,1,0,0,192,0,0,49783.207476,-21.032989,73939.695954,74235.789478,65759.919584,0.000000,0.000000,0.000000
4.529610,5uVp10hz_ch2pga1.bin,250,1132,47117,1,0xA3,1,0,0,192,0,0,49786.962569,-21.032989,73945.887387,74242.629111,65764.769912,0.000000,0.000000,0.000000
4.533612,5uVp10hz_ch2pga1.bin,250,1133,47118,1,0xA3,1,0,0,192,0,0,49790.605903,-21.032989,73952.078819,74249.468744,65769.463778,0.000000,0.000000,0.000000
4.537612,5uVp10hz_ch2pga1.bin,250,1134,47119,1,0xA3,1,0,0,192,0,0,49794.338644,-20.988286,73958.247900,74256.241322,65774.157643,0.000000,0.000000,0.000000
4.541616,5uVp10hz_ch2pga1.bin,250,1135,47120,1,0xA3,1,0,0,192,0,0,49797.959626,-20.943582,73964.349926,74263.058603,65778.784454,0.000000,0.000000,0.000000
4.545615,5uVp10hz_ch2pga1.bin,250,1136,47121,1,0xA3,1,0,0,192,0,0,49801.714718,-20.943582,73970.653117,74269.808829,65783.590078,0.000000,0.000000,0.000000
4.549618,5uVp10hz_ch2pga1.bin,250,1137,47122,1,0xA3,1,0,0,192,0,0,49805.358052,-20.943582,73976.911604,74276.603758,65788.395703,0.000000,0.000000,0.000000
4.553617,5uVp10hz_ch2pga1.bin,250,1138,47123,1,0xA3,1,0,0,192,0,0,49809.068441,-20.921230,73983.058333,74283.421040,65793.156624,0.000000,0.000000,0.000000
4.557620,5uVp10hz_ch2pga1.bin,250,1139,47124,1,0xA3,1,0,0,192,0,0,49812.890589,-20.943582,73989.383876,74290.350080,65797.962248,0.000000,0.000000,0.000000
4.561620,5uVp10hz_ch2pga1.bin,250,1140,47125,1,0xA3,1,0,0,192,0,0,49816.690385,-20.898879,73995.620012,74297.301471,65802.834928,0.000000,0.000000,0.000000
4.565624,5uVp10hz_ch2pga1.bin,250,1141,47126,1,0xA3,1,0,0,192,0,0,49820.557237,-20.809472,74001.945555,74304.141104,65807.662904,0.000000,0.000000,0.000000
4.569624,5uVp10hz_ch2pga1.bin,250,1142,47127,1,0xA3,1,0,0,192,0,0,49824.245274,-20.831823,74008.248746,74311.025441,65812.468529,0.000000,0.000000,0.000000
4.573627,5uVp10hz_ch2pga1.bin,250,1143,47128,1,0xA3,1,0,0,192,0,0,49827.754498,-20.764768,74014.395475,74317.730963,65817.072988,0.000000,0.000000,0.000000
4.577626,5uVp10hz_ch2pga1.bin,250,1144,47129,1,0xA3,1,0,0,192,0,0,49831.397831,-20.720065,74020.676315,74324.548244,65821.811557,0.000000,0.000000,0.000000
4.581628,5uVp10hz_ch2pga1.bin,250,1145,47130,1,0xA3,1,0,0,192,0,0,49835.130572,-20.943582,74026.778340,74331.410229,65826.572478,0.000000,0.000000,0.000000
4.585631,5uVp10hz_ch2pga1.bin,250,1146,47131,1,0xA3,1,0,0,192,0,0,49838.840961,-20.921230,74032.947421,74338.205159,65831.378102,0.000000,0.000000,0.000000
4.589630,5uVp10hz_ch2pga1.bin,250,1147,47132,1,0xA3,1,0,0,192,0,0,49842.484295,-20.965934,74039.138854,74344.933033,65836.027265,0.000000,0.000000,0.000000
4.593632,5uVp10hz_ch2pga1.bin,250,1148,47133,1,0xA3,1,0,0,192,0,0,49846.261740,-20.988286,74045.419693,74351.795018,65840.810537,0.000000,0.000000,0.000000
4.597636,5uVp10hz_ch2pga1.bin,250,1149,47134,1,0xA3,1,0,0,192,0,0,49850.106239,-20.943582,74051.722884,74358.657002,65845.683217,0.000000,0.000000,0.000000
4.601635,5uVp10hz_ch2pga1.bin,250,1150,47135,1,0xA3,1,0,0,192,0,0,49853.794277,-20.965934,74057.936668,74365.563691,65850.399435,0.000000,0.000000,0.000000
4.605638,5uVp10hz_ch2pga1.bin,250,1151,47136,1,0xA3,1,0,0,192,0,0,49857.437611,-20.988286,74064.105749,74372.313917,65855.026245,0.000000,0.000000,0.000000
4.609638,5uVp10hz_ch2pga1.bin,250,1152,47137,1,0xA3,1,0,0,192,0,0,49861.013889,-21.055341,74070.163071,74379.064143,65859.720111,0.000000,0.000000,0.000000
4.613639,5uVp10hz_ch2pga1.bin,250,1153,47138,1,0xA3,1,0,0,192,0,0,49864.701927,-21.122396,74076.421559,74385.859072,65864.413977,0.000000,0.000000,0.000000
4.617642,5uVp10hz_ch2pga1.bin,250,1154,47139,1,0xA3,1,0,0,192,0,0,49868.501723,-21.100044,74082.680047,74392.676353,65869.264305,0.000000,0.000000,0.000000
4.621641,5uVp10hz_ch2pga1.bin,250,1155,47140,1,0xA3,1,0,0,192,0,0,49872.413278,-21.144748,74089.050293,74399.717152,65874.159336,0.000000,0.000000,0.000000
4.625644,5uVp10hz_ch2pga1.bin,250,1156,47141,1,0xA3,1,0,0,192,0,0,49876.213074,-21.077693,74095.308781,74406.623840,65879.054368,0.000000,0.000000,0.000000
4.629647,5uVp10hz_ch2pga1.bin,250,1157,47142,1,0xA3,1,0,0,192,0,0,49879.811704,-21.077693,74101.567268,74413.441122,65883.748233,0.000000,0.000000,0.000000
4.633647,5uVp10hz_ch2pga1.bin,250,1158,47143,1,0xA3,1,0,0,192,0,0,49883.455038,-21.122396,74107.736349,74420.236051,65888.352692,0.000000,0.000000,0.000000
4.637650,5uVp10hz_ch2pga1.bin,250,1159,47144,1,0xA3,1,0,0,192,0,0,49887.165427,-21.032989,74113.793671,74426.963925,65893.068910,0.000000,0.000000,0.000000
4.641649,5uVp10hz_ch2pga1.bin,250,1160,47145,1,0xA3,1,0,0,192,0,0,49890.965223,-20.988286,74120.119214,74433.848262,65897.874534,0.000000,0.000000,0.000000
4.645652,5uVp10hz_ch2pga1.bin,250,1161,47146,1,0xA3,1,0,0,192,0,0,49894.742668,-20.988286,74126.332998,74440.754950,65902.791917,0.000000,0.000000,0.000000
4.649652,5uVp10hz_ch2pga1.bin,250,1162,47147,1,0xA3,1,0,0,192,0,0,49898.542464,-21.010637,74132.613838,74447.751045,65907.552838,0.000000,0.000000,0.000000
4.653654,5uVp10hz_ch2pga1.bin,250,1163,47148,1,0xA3,1,0,0,192,0,0,49902.297556,-20.921230,74138.917029,74454.657733,65912.291408,0.000000,0.000000,0.000000
4.657657,5uVp10hz_ch2pga1.bin,250,1164,47149,1,0xA3,1,0,0,192,0,0,49906.142056,-20.876527,74145.242572,74461.430311,65917.097032,0.000000,0.000000,0.000000
4.661656,5uVp10hz_ch2pga1.bin,250,1165,47150,1,0xA3,1,0,0,192,0,0,49909.941852,-20.965934,74151.523411,74468.336999,65921.947360,0.000000,0.000000,0.000000
4.665658,5uVp10hz_ch2pga1.bin,250,1166,47151,1,0xA3,1,0,0,192,0,0,49913.518131,-20.943582,74157.804251,74475.243688,65926.641226,0.000000,0.000000,0.000000
4.669661,5uVp10hz_ch2pga1.bin,250,1167,47152,1,0xA3,1,0,0,192,0,0,49917.161465,-20.876527,74164.040387,74482.016265,65931.402147,0.000000,0.000000,0.000000
4.673661,5uVp10hz_ch2pga1.bin,250,1168,47153,1,0xA3,1,0,0,192,0,0,49920.961261,-20.876527,74170.120060,74488.833547,65936.163068,0.000000,0.000000,0.000000
4.677664,5uVp10hz_ch2pga1.bin,250,1169,47154,1,0xA3,1,0,0,192,0,0,49924.694002,-20.921230,74176.423252,74495.695531,65940.901637,0.000000,0.000000,0.000000
4.681664,5uVp10hz_ch2pga1.bin,250,1170,47155,1,0xA3,1,0,0,192,0,0,49928.404391,-20.876527,74182.726443,74502.602220,65945.751965,0.000000,0.000000,0.000000
4.685667,5uVp10hz_ch2pga1.bin,250,1171,47156,1,0xA3,1,0,0,192,0,0,49932.204187,-20.876527,74189.051986,74509.598315,65950.579941,0.000000,0.000000,0.000000
4.689666,5uVp10hz_ch2pga1.bin,250,1172,47157,1,0xA3,1,0,0,192,0,0,49936.003983,-20.876527,74195.288122,74516.437948,65955.385566,0.000000,0.000000,0.000000
4.693670,5uVp10hz_ch2pga1.bin,250,1173,47158,1,0xA3,1,0,0,192,0,0,49939.669669,-20.943582,74201.479554,74523.232877,65960.124135,0.000000,0.000000,0.000000
4.697669,5uVp10hz_ch2pga1.bin,250,1174,47159,1,0xA3,1,0,0,192,0,0,49943.380058,-20.988286,74207.648635,74529.960752,65964.773297,0.000000,0.000000,0.000000
4.701672,5uVp10hz_ch2pga1.bin,250,1175,47160,1,0xA3,1,0,0,192,0,0,49947.090447,-21.010637,74213.951826,74536.822736,65969.668329,0.000000,0.000000,0.000000
4.705672,5uVp10hz_ch2pga1.bin,250,1176,47161,1,0xA3,1,0,0,192,0,0,49950.800836,-21.055341,74220.143259,74543.707073,65974.317491,0.000000,0.000000,0.000000
4.709675,5uVp10hz_ch2pga1.bin,250,1177,47162,1,0xA3,1,0,0,192,0,0,49954.488873,-21.100044,74226.379395,74550.636113,65979.078412,0.000000,0.000000,0.000000
4.713676,5uVp10hz_ch2pga1.bin,250,1178,47163,1,0xA3,1,0,0,192,0,0,49958.311021,-21.010637,74232.660234,74557.453394,65983.861685,0.000000,0.000000,0.000000
4.717678,5uVp10hz_ch2pga1.bin,250,1179,47164,1,0xA3,1,0,0,192,0,0,49962.088466,-21.055341,74238.985777,74564.360082,65988.734365,0.000000,0.000000,0.000000
4.721678,5uVp10hz_ch2pga1.bin,250,1180,47165,1,0xA3,1,0,0,192,0,0,49965.776503,-21.055341,74245.177209,74571.155012,65993.517637,0.000000,0.000000,0.000000
4.725682,5uVp10hz_ch2pga1.bin,250,1181,47166,1,0xA3,1,0,0,192,0,0,49969.553947,-21.055341,74251.390994,74578.016996,65998.300910,0.000000,0.000000,0.000000
4.729682,5uVp10hz_ch2pga1.bin,250,1182,47167,1,0xA3,1,0,0,192,0,0,49973.376095,-21.100044,74257.716537,74584.990740,66003.151238,0.000000,0.000000,0.000000
4.733685,5uVp10hz_ch2pga1.bin,250,1183,47168,1,0xA3,1,0,0,192,0,0,49976.997077,-21.055341,74263.975024,74591.875076,66007.956862,0.000000,0.000000,0.000000
4.737684,5uVp10hz_ch2pga1.bin,250,1184,47169,1,0xA3,1,0,0,192,0,0,49980.752170,-21.055341,74270.278215,74598.670006,66012.717783,0.000000,0.000000,0.000000
4.741688,5uVp10hz_ch2pga1.bin,250,1185,47170,1,0xA3,1,0,0,192,0,0,49984.708428,-21.032989,74276.626110,74605.710804,66017.612815,0.000000,0.000000,0.000000
4.745687,5uVp10hz_ch2pga1.bin,250,1186,47171,1,0xA3,1,0,0,192,0,0,49988.575280,-20.988286,74282.951653,74612.662196,66022.396088,0.000000,0.000000,0.000000
4.749690,5uVp10hz_ch2pga1.bin,250,1187,47172,1,0xA3,1,0,0,192,0,0,49992.173910,-20.921230,74289.165437,74619.457126,66027.112305,0.000000,0.000000,0.000000
4.753690,5uVp10hz_ch2pga1.bin,250,1188,47173,1,0xA3,1,0,0,192,0,0,49995.839596,-20.921230,74295.356870,74626.162648,66031.806171,0.000000,0.000000,0.000000
4.757692,5uVp10hz_ch2pga1.bin,250,1189,47174,1,0xA3,1,0,0,192,0,0,49999.482930,-20.965934,74301.593006,74633.002281,66036.477685,0.000000,0.000000,0.000000
4.761694,5uVp10hz_ch2pga1.bin,250,1190,47175,1,0xA3,1,0,0,192,0,0,50003.081560,-20.921230,74307.717383,74639.797211,66041.216254,0.000000,0.000000,0.000000
4.765693,5uVp10hz_ch2pga1.bin,250,1191,47176,1,0xA3,1,0,0,192,0,0,50006.724894,-20.787120,74313.864112,74646.525085,66045.954823,0.000000,0.000000,0.000000
4.769696,5uVp10hz_ch2pga1.bin,250,1192,47177,1,0xA3,1,0,0,192,0,0,50010.547042,-20.809472,74320.189655,74653.431773,66050.760448,0.000000,0.000000,0.000000
4.773696,5uVp10hz_ch2pga1.bin,250,1193,47178,1,0xA3,1,0,0,192,0,0,50014.592707,-20.921230,74326.694012,74660.606682,66055.789590,0.000000,0.000000,0.000000
4.777699,5uVp10hz_ch2pga1.bin,250,1194,47179,1,0xA3,1,0,0,192,0,0,50018.325448,-20.876527,74332.974851,74667.580426,66060.684621,0.000000,0.000000,0.000000
4.781698,5uVp10hz_ch2pga1.bin,250,1195,47180,1,0xA3,1,0,0,192,0,0,50022.169948,-20.898879,74339.255691,74674.397707,66065.490246,0.000000,0.000000,0.000000
4.785702,5uVp10hz_ch2pga1.bin,250,1196,47181,1,0xA3,1,0,0,192,0,0,50025.925040,-20.943582,74345.603585,74681.393802,66070.362926,0.000000,0.000000,0.000000
4.789702,5uVp10hz_ch2pga1.bin,250,1197,47182,1,0xA3,1,0,0,192,0,0,50029.747188,-20.898879,74351.862073,74688.278139,66075.280309,0.000000,0.000000,0.000000
4.793706,5uVp10hz_ch2pga1.bin,250,1198,47183,1,0xA3,1,0,0,192,0,0,50033.502281,-20.943582,74358.120561,74695.006013,66079.996526,0.000000,0.000000,0.000000
4.797705,5uVp10hz_ch2pga1.bin,250,1199,47184,1,0xA3,1,0,0,192,0,0,50037.324429,-20.988286,74364.535511,74702.069163,66084.936261,0.000000,0.000000,0.000000
4.801708,5uVp10hz_ch2pga1.bin,250,1200,47185,1,0xA3,1,0,0,192,0,0,50041.057169,-21.010637,74370.816350,74709.042907,66089.764237,0.000000,0.000000,0.000000
4.805708,5uVp10hz_ch2pga1.bin,250,1201,47186,1,0xA3,1,0,0,192,0,0,50044.789910,-21.032989,74377.007782,74715.971947,66094.569862,0.000000,0.000000,0.000000
4.809711,5uVp10hz_ch2pga1.bin,250,1202,47187,1,0xA3,1,0,0,192,0,0,50048.455596,-20.988286,74383.199215,74722.677469,66099.286079,0.000000,0.000000,0.000000
4.813711,5uVp10hz_ch2pga1.bin,250,1203,47188,1,0xA3,1,0,0,192,0,0,50052.165985,-20.988286,74389.368296,74729.450047,66103.912890,0.000000,0.000000,0.000000
4.817713,5uVp10hz_ch2pga1.bin,250,1204,47189,1,0xA3,1,0,0,192,0,0,50055.876374,-21.055341,74395.582080,74736.289680,66108.629107,0.000000,0.000000,0.000000
4.821716,5uVp10hz_ch2pga1.bin,250,1205,47190,1,0xA3,1,0,0,192,0,0,50059.519708,-21.144748,74401.818216,74743.218720,66113.501787,0.000000,0.000000,0.000000
4.825715,5uVp10hz_ch2pga1.bin,250,1206,47191,1,0xA3,1,0,0,192,0,0,50063.364208,-21.100044,74408.143759,74750.170112,66118.329763,0.000000,0.000000,0.000000
4.829717,5uVp10hz_ch2pga1.bin,250,1207,47192,1,0xA3,1,0,0,192,0,0,50067.164004,-21.100044,74414.491653,74757.099152,66123.135388,0.000000,0.000000,0.000000
4.833720,5uVp10hz_ch2pga1.bin,250,1208,47193,1,0xA3,1,0,0,192,0,0,50070.986152,-21.122396,74420.817196,74764.072895,66128.097475,0.000000,0.000000,0.000000
4.837719,5uVp10hz_ch2pga1.bin,250,1209,47194,1,0xA3,1,0,0,192,0,0,50074.674189,-21.032989,74427.075684,74770.890176,66132.836044,0.000000,0.000000,0.000000
4.841722,5uVp10hz_ch2pga1.bin,250,1210,47195,1,0xA3,1,0,0,192,0,0,50078.518689,-21.032989,74433.401227,74777.774513,66137.664020,0.000000,0.000000,0.000000
4.845721,5uVp10hz_ch2pga1.bin,250,1211,47196,1,0xA3,1,0,0,192,0,0,50082.296133,-20.943582,74439.659715,74784.658849,66142.514348,0.000000,0.000000,0.000000
4.849724,5uVp10hz_ch2pga1.bin,250,1212,47197,1,0xA3,1,0,0,192,0,0,50085.850060,-20.921230,74445.851147,74791.409075,66147.096455,0.000000,0.000000,0.000000
4.853727,5uVp10hz_ch2pga1.bin,250,1213,47198,1,0xA3,1,0,0,192,0,0,50089.426339,-20.921230,74451.997876,74798.181653,66151.767969,0.000000,0.000000,0.000000
4.857726,5uVp10hz_ch2pga1.bin,250,1214,47199,1,0xA3,1,0,0,192,0,0,50093.270838,-20.921230,74458.323419,74805.065989,66156.551242,0.000000,0.000000,0.000000
4.861728,5uVp10hz_ch2pga1.bin,250,1215,47200,1,0xA3,1,0,0,192,0,0,50097.249448,-20.876527,74464.760721,74812.151492,66161.580384,0.000000,0.000000,0.000000
4.865728,5uVp10hz_ch2pga1.bin,250,1216,47201,1,0xA3,1,0,0,192,0,0,50101.026893,-20.831823,74471.086264,74819.080532,66166.475415,0.000000,0.000000,0.000000
4.869732,5uVp10hz_ch2pga1.bin,250,1217,47202,1,0xA3,1,0,0,192,0,0,50104.692578,-20.831823,74477.300048,74825.920165,66171.236336,0.000000,0.000000,0.000000
4.873732,5uVp10hz_ch2pga1.bin,250,1218,47203,1,0xA3,1,0,0,192,0,0,50108.335912,-20.854175,74483.513832,74832.782149,66175.974905,0.000000,0.000000,0.000000
4.877735,5uVp10hz_ch2pga1.bin,250,1219,47204,1,0xA3,1,0,0,192,0,0,50112.023950,-20.898879,74489.772320,74839.577079,66180.713475,0.000000,0.000000,0.000000
4.881735,5uVp10hz_ch2pga1.bin,250,1220,47205,1,0xA3,1,0,0,192,0,0,50115.801394,-20.943582,74496.097863,74846.506119,66185.541451,0.000000,0.000000,0.000000
4.885738,5uVp10hz_ch2pga1.bin,250,1221,47206,1,0xA3,1,0,0,192,0,0,50119.623542,-20.921230,74502.356350,74853.390455,66190.324724,0.000000,0.000000,0.000000
4.889739,5uVp10hz_ch2pga1.bin,250,1222,47207,1,0xA3,1,0,0,192,0,0,50123.289227,-20.898879,74508.637190,74860.297143,66195.018589,0.000000,0.000000,0.000000
4.893742,5uVp10hz_ch2pga1.bin,250,1223,47208,1,0xA3,1,0,0,192,0,0,50126.999617,-20.921230,74514.828622,74867.069721,66199.846566,0.000000,0.000000,0.000000
4.897741,5uVp10hz_ch2pga1.bin,250,1224,47209,1,0xA3,1,0,0,192,0,0,50130.799413,-20.988286,74521.109462,74873.954058,66204.741597,0.000000,0.000000,0.000000
4.901744,5uVp10hz_ch2pga1.bin,250,1225,47210,1,0xA3,1,0,0,192,0,0,50134.465098,-21.055341,74527.345598,74880.816042,66209.413111,0.000000,0.000000,0.000000
4.905744,5uVp10hz_ch2pga1.bin,250,1226,47211,1,0xA3,1,0,0,192,0,0,50138.264894,-21.032989,74533.559382,74887.812138,66214.218736,0.000000,0.000000,0.000000
4.909746,5uVp10hz_ch2pga1.bin,250,1227,47212,1,0xA3,1,0,0,192,0,0,50142.019987,-21.077693,74539.795518,74894.651771,66219.046712,0.000000,0.000000,0.000000
4.913757,5uVp10hz_ch2pga1.bin,250,1228,47213,1,0xA3,1,0,0,192,0,0,50145.708025,-21.055341,74546.054006,74901.491404,66223.829985,0.000000,0.000000,0.000000
4.917749,5uVp10hz_ch2pga1.bin,250,1229,47214,1,0xA3,1,0,0,192,0,0,50149.440765,-21.010637,74552.468956,74908.420444,66228.747368,0.000000,0.000000,0.000000
4.921760,5uVp10hz_ch2pga1.bin,250,1230,47215,1,0xA3,1,0,0,192,0,0,50153.441727,-21.055341,74558.906257,74915.483594,66233.620048,0.000000,0.000000,0.000000
4.925759,5uVp10hz_ch2pga1.bin,250,1231,47216,1,0xA3,1,0,0,192,0,0,50157.219172,-21.055341,74565.209448,74922.390282,66238.358617,0.000000,0.000000,0.000000
4.929760,5uVp10hz_ch2pga1.bin,250,1232,47217,1,0xA3,1,0,0,192,0,0,50160.951912,-21.032989,74571.467936,74929.274619,66243.208945,0.000000,0.000000,0.000000
4.933761,5uVp10hz_ch2pga1.bin,250,1233,47218,1,0xA3,1,0,0,192,0,0,50164.483488,-21.077693,74577.547610,74936.024845,66247.925162,0.000000,0.000000,0.000000
4.937763,5uVp10hz_ch2pga1.bin,250,1234,47219,1,0xA3,1,0,0,192,0,0,50168.238580,-21.010637,74583.783746,74942.842126,66252.596676,0.000000,0.000000,0.000000
4.941761,5uVp10hz_ch2pga1.bin,250,1235,47220,1,0xA3,1,0,0,192,0,0,50172.060728,-20.988286,74590.086937,74949.771166,66257.491708,0.000000,0.000000,0.000000
4.945763,5uVp10hz_ch2pga1.bin,250,1236,47221,1,0xA3,1,0,0,192,0,0,50175.838172,-21.032989,74596.479535,74956.700206,66262.319684,0.000000,0.000000,0.000000
4.949763,5uVp10hz_ch2pga1.bin,250,1237,47222,1,0xA3,1,0,0,192,0,0,50179.615617,-20.921230,74602.715671,74963.606894,66267.170012,0.000000,0.000000,0.000000
4.953765,5uVp10hz_ch2pga1.bin,250,1238,47223,1,0xA3,1,0,0,192,0,0,50183.348358,-20.965934,74608.974159,74970.491230,66271.997988,0.000000,0.000000,0.000000
4.957766,5uVp10hz_ch2pga1.bin,250,1239,47224,1,0xA3,1,0,0,192,0,0,50187.081099,-20.943582,74615.165591,74977.308512,66276.714206,0.000000,0.000000,0.000000
4.961767,5uVp10hz_ch2pga1.bin,250,1240,47225,1,0xA3,1,0,0,192,0,0,50190.836191,-20.921230,74621.602893,74984.170496,66281.497478,0.000000,0.000000,0.000000
4.965768,5uVp10hz_ch2pga1.bin,250,1241,47226,1,0xA3,1,0,0,192,0,0,50194.591284,-20.943582,74627.771974,74991.188943,66286.325455,0.000000,0.000000,0.000000
4.969770,5uVp10hz_ch2pga1.bin,250,1242,47227,1,0xA3,1,0,0,192,0,0,50198.279321,-20.831823,74633.985758,74998.006225,66291.041672,0.000000,0.000000,0.000000
4.973768,5uVp10hz_ch2pga1.bin,250,1243,47228,1,0xA3,1,0,0,192,0,0,50201.967359,-20.809472,74640.221894,75004.756451,66295.802593,0.000000,0.000000,0.000000
4.977770,5uVp10hz_ch2pga1.bin,250,1244,47229,1,0xA3,1,0,0,192,0,0,50205.744803,-20.921230,74646.525085,75011.663139,66300.585866,0.000000,0.000000,0.000000
4.981772,5uVp10hz_ch2pga1.bin,250,1245,47230,1,0xA3,1,0,0,192,0,0,50209.455192,-20.898879,74652.783573,75018.547475,66305.391490,0.000000,0.000000,0.000000
4.985775,5uVp10hz_ch2pga1.bin,250,1246,47231,1,0xA3,1,0,0,192,0,0,50213.344395,-20.876527,74659.176171,75025.543571,66310.286522,0.000000,0.000000,0.000000
4.989774,5uVp10hz_ch2pga1.bin,250,1247,47232,1,0xA3,1,0,0,192,0,0,50217.121840,-20.943582,74665.501714,75032.562017,66315.136850,0.000000,0.000000,0.000000
4.993777,5uVp10hz_ch2pga1.bin,250,1248,47233,1,0xA3,1,0,0,192,0,0,50220.765173,-20.965934,74671.715498,75039.356947,66319.830716,0.000000,0.000000,0.000000
4.997777,5uVp10hz_ch2pga1.bin,250,1249,47234,1,0xA3,1,0,0,192,0,0,50224.430859,-20.988286,74677.817523,75046.218932,66324.569285,0.000000,0.000000,0.000000
5.001780,5uVp10hz_ch2pga1.bin,250,1250,47235,1,0xA3,1,0,0,192,0,0,50228.029490,-20.965934,74684.053659,75053.103268,66329.397261,0.000000,0.000000,0.000000
5.005779,5uVp10hz_ch2pga1.bin,250,1251,47236,1,0xA3,1,0,0,192,0,0,50231.762230,-21.055341,74690.334499,75059.920549,66334.135830,0.000000,0.000000,0.000000
5.009783,5uVp10hz_ch2pga1.bin,250,1252,47237,1,0xA3,1,0,0,192,0,0,50235.450268,-21.167099,74696.525931,75066.782534,66338.852048,0.000000,0.000000,0.000000
5.013783,5uVp10hz_ch2pga1.bin,250,1253,47238,1,0xA3,1,0,0,192,0,0,50239.093602,-21.144748,74702.762067,75073.555112,66343.612969,0.000000,0.000000,0.000000
5.017786,5uVp10hz_ch2pga1.bin,250,1254,47239,1,0xA3,1,0,0,192,0,0,50242.938101,-21.077693,74709.132314,75080.439448,66348.485649,0.000000,0.000000,0.000000
5.021786,5uVp10hz_ch2pga1.bin,250,1255,47240,1,0xA3,1,0,0,192,0,0,50246.782601,-21.077693,74715.480208,75087.457895,66353.335977,0.000000,0.000000,0.000000
5.025789,5uVp10hz_ch2pga1.bin,250,1256,47241,1,0xA3,1,0,0,192,0,0,50250.403583,-21.100044,74721.693993,75094.364583,66358.096898,0.000000,0.000000,0.000000
5.029789,5uVp10hz_ch2pga1.bin,250,1257,47242,1,0xA3,1,0,0,192,0,0,50254.024565,-21.055341,74727.907777,75101.159513,66362.924874,0.000000,0.000000,0.000000
5.033793,5uVp10hz_ch2pga1.bin,250,1258,47243,1,0xA3,1,0,0,192,0,0,50257.757306,-21.077693,74734.188616,75108.043849,66367.618740,0.000000,0.000000,0.000000
5.037793,5uVp10hz_ch2pga1.bin,250,1259,47244,1,0xA3,1,0,0,192,0,0,50261.557102,-21.032989,74740.558863,75114.995241,66372.446716,0.000000,0.000000,0.000000
5.041796,5uVp10hz_ch2pga1.bin,250,1260,47245,1,0xA3,1,0,0,192,0,0,50265.446305,-21.077693,74746.794999,75121.968985,66377.274692,0.000000,0.000000,0.000000
5.045796,5uVp10hz_ch2pga1.bin,250,1261,47246,1,0xA3,1,0,0,192,0,0,50269.246101,-21.055341,74753.187597,75128.942728,66382.147372,0.000000,0.000000,0.000000
5.049796,5uVp10hz_ch2pga1.bin,250,1262,47247,1,0xA3,1,0,0,192,0,0,50273.180008,-20.988286,74759.602547,75135.961175,66387.042403,0.000000,0.000000,0.000000
5.053799,5uVp10hz_ch2pga1.bin,250,1263,47248,1,0xA3,1,0,0,192,0,0,50276.957452,-20.965934,74765.950441,75142.890215,66391.959786,0.000000,0.000000,0.000000
5.057802,5uVp10hz_ch2pga1.bin,250,1264,47249,1,0xA3,1,0,0,192,0,0,50280.667841,-20.831823,74772.164226,75149.774551,66396.743059,0.000000,0.000000,0.000000
5.061801,5uVp10hz_ch2pga1.bin,250,1265,47250,1,0xA3,1,0,0,192,0,0,50284.333527,-20.854175,74778.400362,75156.569481,66401.414573,0.000000,0.000000,0.000000
5.065804,5uVp10hz_ch2pga1.bin,250,1266,47251,1,0xA3,1,0,0,192,0,0,50288.021564,-20.831823,74784.614146,75163.520873,66406.197846,0.000000,0.000000,0.000000
5.069807,5uVp10hz_ch2pga1.bin,250,1267,47252,1,0xA3,1,0,0,192,0,0,50291.754305,-20.854175,74790.872633,75170.449913,66411.003470,0.000000,0.000000,0.000000
5.073806,5uVp10hz_ch2pga1.bin,250,1268,47253,1,0xA3,1,0,0,192,0,0,50295.621157,-20.831823,74797.265232,75177.356601,66415.853798,0.000000,0.000000,0.000000
5.077809,5uVp10hz_ch2pga1.bin,250,1269,47254,1,0xA3,1,0,0,192,0,0,50299.532712,-20.854175,74803.657830,75184.352696,66420.771182,0.000000,0.000000,0.000000
5.081809,5uVp10hz_ch2pga1.bin,250,1270,47255,1,0xA3,1,0,0,192,0,0,50303.310156,-20.876527,74809.961021,75191.348791,66425.710917,0.000000,0.000000,0.000000
5.085812,5uVp10hz_ch2pga1.bin,250,1271,47256,1,0xA3,1,0,0,192,0,0,50306.975842,-20.898879,74816.174805,75198.322535,66430.538893,0.000000,0.000000,0.000000
5.089811,5uVp10hz_ch2pga1.bin,250,1272,47257,1,0xA3,1,0,0,192,0,0,50310.619175,-20.988286,74822.232127,75205.095112,66435.210407,0.000000,0.000000,0.000000
5.093814,5uVp10hz_ch2pga1.bin,250,1273,47258,1,0xA3,1,0,0,192,0,0,50314.329565,-20.943582,74828.624725,75211.845338,66439.881921,0.000000,0.000000,0.000000
5.097813,5uVp10hz_ch2pga1.bin,250,1274,47259,1,0xA3,1,0,0,192,0,0,50317.972898,-20.988286,74834.927917,75218.729675,66444.665194,0.000000,0.000000,0.000000
5.101816,5uVp10hz_ch2pga1.bin,250,1275,47260,1,0xA3,1,0,0,192,0,0,50321.839750,-21.055341,74841.298163,75225.681067,66449.560225,0.000000,0.000000,0.000000
5.105819,5uVp10hz_ch2pga1.bin,250,1276,47261,1,0xA3,1,0,0,192,0,0,50325.661898,-21.055341,74847.579002,75232.766569,66454.388201,0.000000,0.000000,0.000000
5.109818,5uVp10hz_ch2pga1.bin,250,1277,47262,1,0xA3,1,0,0,192,0,0,50329.484046,-21.055341,74853.837490,75239.717960,66459.238529,0.000000,0.000000,0.000000
5.113820,5uVp10hz_ch2pga1.bin,250,1278,47263,1,0xA3,1,0,0,192,0,0,50333.105028,-21.077693,74860.095978,75246.579945,66463.999450,0.000000,0.000000,0.000000
5.117823,5uVp10hz_ch2pga1.bin,250,1279,47264,1,0xA3,1,0,0,192,0,0,50336.681306,-21.055341,74866.332114,75253.374875,66468.648612,0.000000,0.000000,0.000000
5.121822,5uVp10hz_ch2pga1.bin,250,1280,47265,1,0xA3,1,0,0,192,0,0,50340.391695,-21.144748,74872.680008,75260.326266,66473.454237,0.000000,0.000000,0.000000
5.125825,5uVp10hz_ch2pga1.bin,250,1281,47266,1,0xA3,1,0,0,192,0,0,50344.213843,-21.144748,74879.027903,75267.188251,66478.304565,0.000000,0.000000,0.000000
5.129825,5uVp10hz_ch2pga1.bin,250,1282,47267,1,0xA3,1,0,0,192,0,0,50348.058343,-21.055341,74885.331094,75274.184346,66483.199596,0.000000,0.000000,0.000000
5.133827,5uVp10hz_ch2pga1.bin,250,1283,47268,1,0xA3,1,0,0,192,0,0,50351.969898,-20.988286,74891.768396,75281.314552,66488.206387,0.000000,0.000000,0.000000
5.137829,5uVp10hz_ch2pga1.bin,250,1284,47269,1,0xA3,1,0,0,192,0,0,50355.881453,-21.032989,74898.160994,75288.400054,66493.235528,0.000000,0.000000,0.000000
5.141832,5uVp10hz_ch2pga1.bin,250,1285,47270,1,0xA3,1,0,0,192,0,0,50359.569490,-21.032989,74904.486537,75295.396149,66498.085856,0.000000,0.000000,0.000000
5.145831,5uVp10hz_ch2pga1.bin,250,1286,47271,1,0xA3,1,0,0,192,0,0,50363.145769,-20.898879,74910.655618,75302.258134,66502.712667,0.000000,0.000000,0.000000
5.149834,5uVp10hz_ch2pga1.bin,250,1287,47272,1,0xA3,1,0,0,192,0,0,50366.811454,-20.876527,74916.802347,75308.896601,66507.294774,0.000000,0.000000,0.000000
5.153833,5uVp10hz_ch2pga1.bin,250,1288,47273,1,0xA3,1,0,0,192,0,0,50370.410085,-20.921230,74923.016131,75315.646827,66511.943936,0.000000,0.000000,0.000000
5.157836,5uVp10hz_ch2pga1.bin,250,1289,47274,1,0xA3,1,0,0,192,0,0,50374.142826,-20.921230,74929.364026,75322.441757,66516.682506,0.000000,0.000000,0.000000
5.161836,5uVp10hz_ch2pga1.bin,250,1290,47275,1,0xA3,1,0,0,192,0,0,50378.032029,-20.876527,74935.644865,75329.460204,66521.577537,0.000000,0.000000,0.000000
5.165839,5uVp10hz_ch2pga1.bin,250,1291,47276,1,0xA3,1,0,0,192,0,0,50381.787121,-20.809472,74941.948056,75336.590409,66526.561975,0.000000,0.000000,0.000000
5.169839,5uVp10hz_ch2pga1.bin,250,1292,47277,1,0xA3,1,0,0,192,0,0,50385.542214,-20.809472,74948.273599,75343.497097,66531.367600,0.000000,0.000000,0.000000
5.173841,5uVp10hz_ch2pga1.bin,250,1293,47278,1,0xA3,1,0,0,192,0,0,50389.185548,-20.831823,74954.465032,75350.247324,66536.061466,0.000000,0.000000,0.000000
5.177845,5uVp10hz_ch2pga1.bin,250,1294,47279,1,0xA3,1,0,0,192,0,0,50392.873585,-20.831823,74960.768223,75357.131660,66540.800035,0.000000,0.000000,0.000000
5.181844,5uVp10hz_ch2pga1.bin,250,1295,47280,1,0xA3,1,0,0,192,0,0,50396.539271,-20.876527,74967.026711,75363.904238,66545.538604,0.000000,0.000000,0.000000
5.185847,5uVp10hz_ch2pga1.bin,250,1296,47281,1,0xA3,1,0,0,192,0,0,50400.339067,-20.921230,74973.285198,75370.900333,66550.478339,0.000000,0.000000,0.000000
5.189848,5uVp10hz_ch2pga1.bin,250,1297,47282,1,0xA3,1,0,0,192,0,0,50404.183567,-20.898879,74979.610741,75377.874076,66555.395722,0.000000,0.000000,0.000000
5.193847,5uVp10hz_ch2pga1.bin,250,1298,47283,1,0xA3,1,0,0,192,0,0,50408.117473,-20.988286,74986.025691,75384.959579,66560.357809,0.000000,0.000000,0.000000
5.197851,5uVp10hz_ch2pga1.bin,250,1299,47284,1,0xA3,1,0,0,192,0,0,50411.894917,-20.943582,74992.351234,75391.955674,66565.185785,0.000000,0.000000,0.000000
5.201851,5uVp10hz_ch2pga1.bin,250,1300,47285,1,0xA3,1,0,0,192,0,0,50415.560603,-21.032989,74998.609722,75398.817658,66569.902003,0.000000,0.000000,0.000000
5.205854,5uVp10hz_ch2pga1.bin,250,1301,47286,1,0xA3,1,0,0,192,0,0,50419.338048,-21.144748,75004.912913,75405.701995,66574.685276,0.000000,0.000000,0.000000
5.209854,5uVp10hz_ch2pga1.bin,250,1302,47287,1,0xA3,1,0,0,192,0,0,50422.959030,-21.100044,75011.216104,75412.563980,66579.423845,0.000000,0.000000,0.000000
5.213857,5uVp10hz_ch2pga1.bin,250,1303,47288,1,0xA3,1,0,0,192,0,0,50426.624715,-21.144748,75017.496943,75419.493020,66584.229469,0.000000,0.000000,0.000000
5.217857,5uVp10hz_ch2pga1.bin,250,1304,47289,1,0xA3,1,0,0,192,0,0,50430.424511,-21.100044,75023.800135,75426.511467,66589.057446,0.000000,0.000000,0.000000
5.221861,5uVp10hz_ch2pga1.bin,250,1305,47290,1,0xA3,1,0,0,192,0,0,50434.380770,-21.055341,75030.215085,75433.529913,66594.064236,0.000000,0.000000,0.000000
5.225860,5uVp10hz_ch2pga1.bin,250,1306,47291,1,0xA3,1,0,0,192,0,0,50438.180566,-21.055341,75036.607683,75440.593064,66599.026322,0.000000,0.000000,0.000000
5.229863,5uVp10hz_ch2pga1.bin,250,1307,47292,1,0xA3,1,0,0,192,0,0,50441.712141,-21.055341,75042.799115,75447.432697,66603.675485,0.000000,0.000000,0.000000
5.233863,5uVp10hz_ch2pga1.bin,250,1308,47293,1,0xA3,1,0,0,192,0,0,50445.355475,-21.032989,75048.968196,75454.272330,66608.346999,0.000000,0.000000,0.000000
5.237866,5uVp10hz_ch2pga1.bin,250,1309,47294,1,0xA3,1,0,0,192,0,0,50449.199975,-21.010637,75055.271387,75461.201370,66613.152623,0.000000,0.000000,0.000000
5.241869,5uVp10hz_ch2pga1.bin,250,1310,47295,1,0xA3,1,0,0,192,0,0,50452.955067,-20.943582,75061.596930,75468.219817,66617.891192,0.000000,0.000000,0.000000
5.245868,5uVp10hz_ch2pga1.bin,250,1311,47296,1,0xA3,1,0,0,192,0,0,50456.777215,-20.921230,75067.967176,75475.215912,66622.719169,0.000000,0.000000,0.000000
5.249871,5uVp10hz_ch2pga1.bin,250,1312,47297,1,0xA3,1,0,0,192,0,0,50460.487604,-20.898879,75074.292719,75482.122600,66627.614200,0.000000,0.000000,0.000000
5.253869,5uVp10hz_ch2pga1.bin,250,1313,47298,1,0xA3,1,0,0,192,0,0,50464.287400,-20.921230,75080.551207,75489.006937,66632.442176,0.000000,0.000000,0.000000
5.257873,5uVp10hz_ch2pga1.bin,250,1314,47299,1,0xA3,1,0,0,192,0,0,50468.087196,-20.988286,75086.966157,75496.047735,66637.292504,0.000000,0.000000,0.000000
5.261875,5uVp10hz_ch2pga1.bin,250,1315,47300,1,0xA3,1,0,0,192,0,0,50471.797585,-20.854175,75093.336403,75502.932072,66642.142832,0.000000,0.000000,0.000000
5.265875,5uVp10hz_ch2pga1.bin,250,1316,47301,1,0xA3,1,0,0,192,0,0,50475.575030,-20.854175,75099.684298,75509.928167,66647.037864,0.000000,0.000000,0.000000
5.269878,5uVp10hz_ch2pga1.bin,250,1317,47302,1,0xA3,1,0,0,192,0,0,50479.263067,-20.876527,75106.009841,75516.968966,66651.910543,0.000000,0.000000,0.000000
5.273877,5uVp10hz_ch2pga1.bin,250,1318,47303,1,0xA3,1,0,0,192,0,0,50483.062863,-20.831823,75112.268329,75523.920357,66656.760871,0.000000,0.000000,0.000000
5.277881,5uVp10hz_ch2pga1.bin,250,1319,47304,1,0xA3,1,0,0,192,0,0,50486.885011,-20.831823,75118.571520,75530.827045,66661.454737,0.000000,0.000000,0.000000
5.281882,5uVp10hz_ch2pga1.bin,250,1320,47305,1,0xA3,1,0,0,192,0,0,50490.640104,-20.854175,75124.919415,75537.845492,66666.260362,0.000000,0.000000,0.000000
5.285881,5uVp10hz_ch2pga1.bin,250,1321,47306,1,0xA3,1,0,0,192,0,0,50494.350493,-20.943582,75131.222606,75544.752181,66671.110690,0.000000,0.000000,0.000000
5.289884,5uVp10hz_ch2pga1.bin,250,1322,47307,1,0xA3,1,0,0,192,0,0,50498.038530,-20.876527,75137.525797,75551.748276,66676.005721,0.000000,0.000000,0.000000
5.293887,5uVp10hz_ch2pga1.bin,250,1323,47308,1,0xA3,1,0,0,192,0,0,50501.815975,-20.898879,75143.851340,75558.744371,66680.990160,0.000000,0.000000,0.000000
5.297885,5uVp10hz_ch2pga1.bin,250,1324,47309,1,0xA3,1,0,0,192,0,0,50505.615771,-20.943582,75150.221586,75565.718114,66685.661674,0.000000,0.000000,0.000000
5.301888,5uVp10hz_ch2pga1.bin,250,1325,47310,1,0xA3,1,0,0,192,0,0,50509.326160,-20.988286,75156.524777,75572.580099,66690.444946,0.000000,0.000000,0.000000
5.305890,5uVp10hz_ch2pga1.bin,250,1326,47311,1,0xA3,1,0,0,192,0,0,50513.125956,-21.032989,75162.895024,75579.620898,66695.317626,0.000000,0.000000,0.000000
5.309889,5uVp10hz_ch2pga1.bin,250,1327,47312,1,0xA3,1,0,0,192,0,0,50516.970456,-21.055341,75169.265270,75586.616993,66700.190306,0.000000,0.000000,0.000000
5.313892,5uVp10hz_ch2pga1.bin,250,1328,47313,1,0xA3,1,0,0,192,0,0,50520.569086,-21.055341,75175.523758,75593.501329,66704.995930,0.000000,0.000000,0.000000
5.317894,5uVp10hz_ch2pga1.bin,250,1329,47314,1,0xA3,1,0,0,192,0,0,50524.324179,-21.100044,75181.759894,75600.385666,66709.801555,0.000000,0.000000,0.000000
5.321893,5uVp10hz_ch2pga1.bin,250,1330,47315,1,0xA3,1,0,0,192,0,0,50528.079271,-21.100044,75188.152492,75607.314706,66714.651883,0.000000,0.000000,0.000000
5.325896,5uVp10hz_ch2pga1.bin,250,1331,47316,1,0xA3,1,0,0,192,0,0,50531.856716,-21.077693,75194.478035,75614.333153,66719.546914,0.000000,0.000000,0.000000
5.329898,5uVp10hz_ch2pga1.bin,250,1332,47317,1,0xA3,1,0,0,192,0,0,50535.500050,-21.100044,75200.758874,75621.217489,66724.263132,0.000000,0.000000,0.000000
5.333897,5uVp10hz_ch2pga1.bin,250,1333,47318,1,0xA3,1,0,0,192,0,0,50539.210439,-21.055341,75207.017362,75628.168881,66729.001701,0.000000,0.000000,0.000000
5.337899,5uVp10hz_ch2pga1.bin,250,1334,47319,1,0xA3,1,0,0,192,0,0,50543.054938,-20.965934,75213.409960,75635.120273,66733.896732,0.000000,0.000000,0.000000
5.341902,5uVp10hz_ch2pga1.bin,250,1335,47320,1,0xA3,1,0,0,192,0,0,50546.921790,-20.988286,75219.824910,75642.250478,66738.858819,0.000000,0.000000,0.000000
5.345901,5uVp10hz_ch2pga1.bin,250,1336,47321,1,0xA3,1,0,0,192,0,0,50550.766289,-21.010637,75226.217508,75649.268925,66743.731499,0.000000,0.000000,0.000000
5.349905,5uVp10hz_ch2pga1.bin,250,1337,47322,1,0xA3,1,0,0,192,0,0,50554.521382,-20.988286,75232.520700,75656.175613,66748.537123,0.000000,0.000000,0.000000
5.353905,5uVp10hz_ch2pga1.bin,250,1338,47323,1,0xA3,1,0,0,192,0,0,50558.254123,-20.876527,75238.779187,75663.171709,66753.342748,0.000000,0.000000,0.000000
5.357908,5uVp10hz_ch2pga1.bin,250,1339,47324,1,0xA3,1,0,0,192,0,0,50561.942160,-20.876527,75245.082378,75670.056045,66758.081317,0.000000,0.000000,0.000000
5.361909,5uVp10hz_ch2pga1.bin,250,1340,47325,1,0xA3,1,0,0,192,0,0,50565.652549,-20.898879,75251.407921,75677.029788,66762.886941,0.000000,0.000000,0.000000
5.365909,5uVp10hz_ch2pga1.bin,250,1341,47326,1,0xA3,1,0,0,192,0,0,50569.407642,-20.921230,75257.778168,75684.025884,66767.714918,0.000000,0.000000,0.000000
5.369912,5uVp10hz_ch2pga1.bin,250,1342,47327,1,0xA3,1,0,0,192,0,0,50573.252141,-20.898879,75264.148414,75690.999627,66772.565246,0.000000,0.000000,0.000000
5.373913,5uVp10hz_ch2pga1.bin,250,1343,47328,1,0xA3,1,0,0,192,0,0,50577.029586,-20.854175,75270.406902,75697.861612,66777.393222,0.000000,0.000000,0.000000
5.377917,5uVp10hz_ch2pga1.bin,250,1344,47329,1,0xA3,1,0,0,192,0,0,50580.672920,-20.831823,75276.598334,75704.678893,66782.109439,0.000000,0.000000,0.000000
5.381917,5uVp10hz_ch2pga1.bin,250,1345,47330,1,0xA3,1,0,0,192,0,0,50584.405661,-20.876527,75282.856822,75711.674988,66786.870360,0.000000,0.000000,0.000000
5.385917,5uVp10hz_ch2pga1.bin,250,1346,47331,1,0xA3,1,0,0,192,0,0,50588.116050,-20.876527,75289.227068,75718.671083,66791.675985,0.000000,0.000000,0.000000
5.389920,5uVp10hz_ch2pga1.bin,250,1347,47332,1,0xA3,1,0,0,192,0,0,50591.848791,-20.921230,75295.530260,75725.600123,66796.481609,0.000000,0.000000,0.000000
5.393920,5uVp10hz_ch2pga1.bin,250,1348,47333,1,0xA3,1,0,0,192,0,0,50595.648587,-20.876527,75301.855803,75732.640922,66801.331937,0.000000,0.000000,0.000000
5.397923,5uVp10hz_ch2pga1.bin,250,1349,47334,1,0xA3,1,0,0,192,0,0,50599.381328,-20.965934,75308.114290,75739.569962,66806.115210,0.000000,0.000000,0.000000
5.401925,5uVp10hz_ch2pga1.bin,250,1350,47335,1,0xA3,1,0,0,192,0,0,50603.002310,-21.010637,75314.506888,75746.476650,66810.898483,0.000000,0.000000,0.000000
5.405925,5uVp10hz_ch2pga1.bin,250,1351,47336,1,0xA3,1,0,0,192,0,0,50606.735051,-21.032989,75320.877135,75753.450394,66815.793514,0.000000,0.000000,0.000000
5.409928,5uVp10hz_ch2pga1.bin,250,1352,47337,1,0xA3,1,0,0,192,0,0,50610.512495,-21.010637,75327.135623,75760.290027,66820.621490,0.000000,0.000000,0.000000
5.413928,5uVp10hz_ch2pga1.bin,250,1353,47338,1,0xA3,1,0,0,192,0,0,50614.222884,-21.055341,75333.416462,75767.241418,66825.471818,0.000000,0.000000,0.000000
5.417931,5uVp10hz_ch2pga1.bin,250,1354,47339,1,0xA3,1,0,0,192,0,0,50618.045032,-21.144748,75339.742005,75774.326921,66830.255091,0.000000,0.000000,0.000000
5.421930,5uVp10hz_ch2pga1.bin,250,1355,47340,1,0xA3,1,0,0,192,0,0,50621.867180,-21.122396,75346.067548,75781.345367,66835.083067,0.000000,0.000000,0.000000
5.425933,5uVp10hz_ch2pga1.bin,250,1356,47341,1,0xA3,1,0,0,192,0,0,50625.734031,-21.100044,75352.549553,75788.386166,66840.022802,0.000000,0.000000,0.000000
5.429933,5uVp10hz_ch2pga1.bin,250,1357,47342,1,0xA3,1,0,0,192,0,0,50629.489124,-21.100044,75358.986855,75795.449317,66844.984889,0.000000,0.000000,0.000000
5.433936,5uVp10hz_ch2pga1.bin,250,1358,47343,1,0xA3,1,0,0,192,0,0,50633.311272,-21.055341,75365.446508,75802.423060,66849.768162,0.000000,0.000000,0.000000
5.437935,5uVp10hz_ch2pga1.bin,250,1359,47344,1,0xA3,1,0,0,192,0,0,50637.044013,-21.010637,75371.704996,75809.419155,66854.596138,0.000000,0.000000,0.000000
5.441938,5uVp10hz_ch2pga1.bin,250,1360,47345,1,0xA3,1,0,0,192,0,0,50640.866160,-21.055341,75377.985835,75816.459954,66859.535873,0.000000,0.000000,0.000000
5.445942,5uVp10hz_ch2pga1.bin,250,1361,47346,1,0xA3,1,0,0,192,0,0,50644.665956,-20.988286,75384.400785,75823.433697,66864.475608,0.000000,0.000000,0.000000
5.449942,5uVp10hz_ch2pga1.bin,250,1362,47347,1,0xA3,1,0,0,192,0,0,50648.353994,-20.921230,75390.636921,75830.318034,66869.214177,0.000000,0.000000,0.000000
5.453945,5uVp10hz_ch2pga1.bin,250,1363,47348,1,0xA3,1,0,0,192,0,0,50652.131438,-20.898879,75396.984816,75837.358832,66873.885691,0.000000,0.000000,0.000000
5.457944,5uVp10hz_ch2pga1.bin,250,1364,47349,1,0xA3,1,0,0,192,0,0,50655.953586,-20.965934,75403.466821,75844.466686,66878.825426,0.000000,0.000000,0.000000
5.461948,5uVp10hz_ch2pga1.bin,250,1365,47350,1,0xA3,1,0,0,192,0,0,50659.798086,-20.876527,75409.837067,75851.507485,66883.809865,0.000000,0.000000,0.000000
5.465947,5uVp10hz_ch2pga1.bin,250,1366,47351,1,0xA3,1,0,0,192,0,0,50663.530827,-20.876527,75416.140258,75858.414173,66888.660192,0.000000,0.000000,0.000000
5.469948,5uVp10hz_ch2pga1.bin,250,1367,47352,1,0xA3,1,0,0,192,0,0,50667.285919,-20.876527,75422.421098,75865.320861,66893.376410,0.000000,0.000000,0.000000
5.473951,5uVp10hz_ch2pga1.bin,250,1368,47353,1,0xA3,1,0,0,192,0,0,50670.996308,-20.876527,75428.768992,75872.339308,66898.159683,0.000000,0.000000,0.000000
5.477953,5uVp10hz_ch2pga1.bin,250,1369,47354,1,0xA3,1,0,0,192,0,0,50674.639642,-20.876527,75435.094535,75879.335403,66903.010011,0.000000,0.000000,0.000000
5.481954,5uVp10hz_ch2pga1.bin,250,1370,47355,1,0xA3,1,0,0,192,0,0,50678.461790,-20.898879,75441.375375,75886.242092,66907.815635,0.000000,0.000000,0.000000
5.485957,5uVp10hz_ch2pga1.bin,250,1371,47356,1,0xA3,1,0,0,192,0,0,50682.350993,-20.831823,75447.723269,75893.305242,66912.733018,0.000000,0.000000,0.000000
5.489956,5uVp10hz_ch2pga1.bin,250,1372,47357,1,0xA3,1,0,0,192,0,0,50686.217844,-20.943582,75454.138219,75900.346041,66917.605698,0.000000,0.000000,0.000000
5.493959,5uVp10hz_ch2pga1.bin,250,1373,47358,1,0xA3,1,0,0,192,0,0,50689.928234,-20.943582,75460.374355,75907.230377,66922.366619,0.000000,0.000000,0.000000
5.497958,5uVp10hz_ch2pga1.bin,250,1374,47359,1,0xA3,1,0,0,192,0,0,50693.593919,-20.965934,75466.655195,75914.070010,66927.172244,0.000000,0.000000,0.000000
5.501960,5uVp10hz_ch2pga1.bin,250,1375,47360,1,0xA3,1,0,0,192,0,0,50697.326660,-21.010637,75473.025441,75921.110809,66932.089627,0.000000,0.000000,0.000000
5.505963,5uVp10hz_ch2pga1.bin,250,1376,47361,1,0xA3,1,0,0,192,0,0,50701.193511,-21.010637,75479.395688,75928.151608,66936.895251,0.000000,0.000000,0.000000
5.509962,5uVp10hz_ch2pga1.bin,250,1377,47362,1,0xA3,1,0,0,192,0,0,50705.105066,-21.055341,75485.855341,75935.192406,66941.767931,0.000000,0.000000,0.000000
5.513964,5uVp10hz_ch2pga1.bin,250,1378,47363,1,0xA3,1,0,0,192,0,0,50708.793104,-21.055341,75492.225587,75942.143798,66946.618259,0.000000,0.000000,0.000000
5.517967,5uVp10hz_ch2pga1.bin,250,1379,47364,1,0xA3,1,0,0,192,0,0,50712.592900,-21.100044,75498.573482,75949.184597,66951.535642,0.000000,0.000000,0.000000
5.521967,5uVp10hz_ch2pga1.bin,250,1380,47365,1,0xA3,1,0,0,192,0,0,50716.459751,-21.100044,75504.988432,75956.292450,66956.520081,0.000000,0.000000,0.000000
5.525970,5uVp10hz_ch2pga1.bin,250,1381,47366,1,0xA3,1,0,0,192,0,0,50720.259547,-21.032989,75511.403382,75963.355601,66961.370409,0.000000,0.000000,0.000000
5.529970,5uVp10hz_ch2pga1.bin,250,1382,47367,1,0xA3,1,0,0,192,0,0,50724.014640,-21.032989,75517.684221,75970.329344,66966.176033,0.000000,0.000000,0.000000
5.533973,5uVp10hz_ch2pga1.bin,250,1383,47368,1,0xA3,1,0,0,192,0,0,50727.680326,-21.032989,75524.076819,75977.280736,66971.026361,0.000000,0.000000,0.000000
5.537973,5uVp10hz_ch2pga1.bin,250,1384,47369,1,0xA3,1,0,0,192,0,0,50731.390715,-21.032989,75530.380011,75984.209776,66975.742579,0.000000,0.000000,0.000000
5.541977,5uVp10hz_ch2pga1.bin,250,1385,47370,1,0xA3,1,0,0,192,0,0,50735.212862,-20.965934,75536.638498,75991.205871,66980.570555,0.000000,0.000000,0.000000
5.545977,5uVp10hz_ch2pga1.bin,250,1386,47371,1,0xA3,1,0,0,192,0,0,50739.079714,-21.010637,75543.053448,75998.179615,66985.465586,0.000000,0.000000,0.000000
5.549978,5uVp10hz_ch2pga1.bin,250,1387,47372,1,0xA3,1,0,0,192,0,0,50742.812455,-21.032989,75549.490750,76005.265117,66990.382969,0.000000,0.000000,0.000000
5.553981,5uVp10hz_ch2pga1.bin,250,1388,47373,1,0xA3,1,0,0,192,0,0,50746.522844,-20.988286,75555.771589,76012.261212,66995.188594,0.000000,0.000000,0.000000
5.557980,5uVp10hz_ch2pga1.bin,250,1389,47374,1,0xA3,1,0,0,192,0,0,50750.210881,-20.876527,75562.030077,76019.212604,66999.971867,0.000000,0.000000,0.000000
5.561983,5uVp10hz_ch2pga1.bin,250,1390,47375,1,0xA3,1,0,0,192,0,0,50753.988326,-20.898879,75568.422675,76026.275754,67004.755139,0.000000,0.000000,0.000000
5.565985,5uVp10hz_ch2pga1.bin,250,1391,47376,1,0xA3,1,0,0,192,0,0,50757.698715,-20.787120,75574.703515,76033.160090,67009.627819,0.000000,0.000000,0.000000
5.569984,5uVp10hz_ch2pga1.bin,250,1392,47377,1,0xA3,1,0,0,192,0,0,50761.386752,-20.876527,75580.984354,76040.022075,67014.388740,0.000000,0.000000,0.000000
5.573986,5uVp10hz_ch2pga1.bin,250,1393,47378,1,0xA3,1,0,0,192,0,0,50765.097141,-20.965934,75587.421656,76046.951115,67019.172013,0.000000,0.000000,0.000000
5.577989,5uVp10hz_ch2pga1.bin,250,1394,47379,1,0xA3,1,0,0,192,0,0,50768.941641,-20.988286,75593.724847,76053.991914,67024.022341,0.000000,0.000000,0.000000
5.581988,5uVp10hz_ch2pga1.bin,250,1395,47380,1,0xA3,1,0,0,192,0,0,50772.830844,-20.876527,75600.139797,76061.166823,67028.939724,0.000000,0.000000,0.000000
5.585991,5uVp10hz_ch2pga1.bin,250,1396,47381,1,0xA3,1,0,0,192,0,0,50776.675344,-20.854175,75606.577098,76068.297029,67033.834755,0.000000,0.000000,0.000000
5.589991,5uVp10hz_ch2pga1.bin,250,1397,47382,1,0xA3,1,0,0,192,0,0,50780.497491,-20.854175,75612.924993,76075.293124,67038.774490,0.000000,0.000000,0.000000
5.593995,5uVp10hz_ch2pga1.bin,250,1398,47383,1,0xA3,1,0,0,192,0,0,50784.230232,-20.988286,75619.138777,76082.244515,67043.602467,0.000000,0.000000,0.000000
5.597995,5uVp10hz_ch2pga1.bin,250,1399,47384,1,0xA3,1,0,0,192,0,0,50787.895918,-21.032989,75625.553727,76089.218259,67048.385739,0.000000,0.000000,0.000000
5.601996,5uVp10hz_ch2pga1.bin,250,1400,47385,1,0xA3,1,0,0,192,0,0,50791.695714,-21.032989,75631.991029,76096.303761,67053.258419,0.000000,0.000000,0.000000
5.605999,5uVp10hz_ch2pga1.bin,250,1401,47386,1,0xA3,1,0,0,192,0,0,50795.674324,-21.100044,75638.473034,76103.456318,67058.309913,0.000000,0.000000,0.000000
5.610000,5uVp10hz_ch2pga1.bin,250,1402,47387,1,0xA3,1,0,0,192,0,0,50799.451768,-21.122396,75644.798577,76110.430062,67063.182592,0.000000,0.000000,0.000000
5.614003,5uVp10hz_ch2pga1.bin,250,1403,47388,1,0xA3,1,0,0,192,0,0,50803.318620,-21.077693,75651.258230,76117.381454,67068.032920,0.000000,0.000000,0.000000
5.618003,5uVp10hz_ch2pga1.bin,250,1404,47389,1,0xA3,1,0,0,192,0,0,50807.230175,-21.122396,75657.628477,76124.489307,67072.995007,0.000000,0.000000,0.000000
5.622007,5uVp10hz_ch2pga1.bin,250,1405,47390,1,0xA3,1,0,0,192,0,0,50810.873508,-21.122396,75663.954020,76131.440699,67077.822983,0.000000,0.000000,0.000000
5.626007,5uVp10hz_ch2pga1.bin,250,1406,47391,1,0xA3,1,0,0,192,0,0,50814.583898,-21.100044,75670.324266,76138.436794,67082.583904,0.000000,0.000000,0.000000
5.630008,5uVp10hz_ch2pga1.bin,250,1407,47392,1,0xA3,1,0,0,192,0,0,50818.428397,-21.055341,75676.694512,76145.522296,67087.478936,0.000000,0.000000,0.000000
5.634011,5uVp10hz_ch2pga1.bin,250,1408,47393,1,0xA3,1,0,0,192,0,0,50822.250545,-21.032989,75683.064759,76152.585447,67092.373967,0.000000,0.000000,0.000000
5.638012,5uVp10hz_ch2pga1.bin,250,1409,47394,1,0xA3,1,0,0,192,0,0,50826.005638,-20.965934,75689.300895,76159.402728,67097.157240,0.000000,0.000000,0.000000
5.642012,5uVp10hz_ch2pga1.bin,250,1410,47395,1,0xA3,1,0,0,192,0,0,50829.671323,-20.965934,75695.581734,76166.398823,67101.918161,0.000000,0.000000,0.000000
5.646015,5uVp10hz_ch2pga1.bin,250,1411,47396,1,0xA3,1,0,0,192,0,0,50833.359361,-21.032989,75702.019036,76173.394918,67106.723785,0.000000,0.000000,0.000000
5.650016,5uVp10hz_ch2pga1.bin,250,1412,47397,1,0xA3,1,0,0,192,0,0,50837.181509,-20.943582,75708.322227,76180.435717,67111.618817,0.000000,0.000000,0.000000
5.654019,5uVp10hz_ch2pga1.bin,250,1413,47398,1,0xA3,1,0,0,192,0,0,50840.958953,-20.831823,75714.737177,76187.431812,67116.424441,0.000000,0.000000,0.000000
5.658020,5uVp10hz_ch2pga1.bin,250,1414,47399,1,0xA3,1,0,0,192,0,0,50844.646990,-20.876527,75721.174479,76194.360852,67121.185362,0.000000,0.000000,0.000000
5.662019,5uVp10hz_ch2pga1.bin,250,1415,47400,1,0xA3,1,0,0,192,0,0,50848.379731,-20.921230,75727.432966,76201.334596,67126.058042,0.000000,0.000000,0.000000
5.666023,5uVp10hz_ch2pga1.bin,250,1416,47401,1,0xA3,1,0,0,192,0,0,50852.090120,-20.898879,75733.669102,76208.241284,67130.908370,0.000000,0.000000,0.000000
5.670023,5uVp10hz_ch2pga1.bin,250,1417,47402,1,0xA3,1,0,0,192,0,0,50855.778158,-20.876527,75739.972293,76215.103269,67135.691643,0.000000,0.000000,0.000000
5.674026,5uVp10hz_ch2pga1.bin,250,1418,47403,1,0xA3,1,0,0,192,0,0,50859.466195,-20.876527,75746.208429,76222.121716,67140.363157,0.000000,0.000000,0.000000
5.678025,5uVp10hz_ch2pga1.bin,250,1419,47404,1,0xA3,1,0,0,192,0,0,50863.265991,-20.921230,75752.466917,76229.140162,67145.146430,0.000000,0.000000,0.000000
5.682030,5uVp10hz_ch2pga1.bin,250,1420,47405,1,0xA3,1,0,0,192,0,0,50867.065787,-20.876527,75759.015977,76236.180961,67150.130868,0.000000,0.000000,0.000000
5.686029,5uVp10hz_ch2pga1.bin,250,1421,47406,1,0xA3,1,0,0,192,0,0,50870.843232,-20.876527,75765.430927,76243.266463,67155.092955,0.000000,0.000000,0.000000
5.690033,5uVp10hz_ch2pga1.bin,250,1422,47407,1,0xA3,1,0,0,192,0,0,50874.643028,-20.876527,75771.801174,76250.419021,67159.943283,0.000000,0.000000,0.000000
5.694033,5uVp10hz_ch2pga1.bin,250,1423,47408,1,0xA3,1,0,0,192,0,0,50878.442824,-20.943582,75778.171420,76257.348061,67164.815962,0.000000,0.000000,0.000000
5.698035,5uVp10hz_ch2pga1.bin,250,1424,47409,1,0xA3,1,0,0,192,0,0,50882.287323,-21.010637,75784.564018,76264.366508,67169.733346,0.000000,0.000000,0.000000
5.702036,5uVp10hz_ch2pga1.bin,250,1425,47410,1,0xA3,1,0,0,192,0,0,50886.087120,-21.010637,75790.978968,76271.407306,67174.606025,0.000000,0.000000,0.000000
5.706039,5uVp10hz_ch2pga1.bin,250,1426,47411,1,0xA3,1,0,0,192,0,0,50889.864564,-21.100044,75797.393918,76278.403401,67179.456353,0.000000,0.000000,0.000000
5.710039,5uVp10hz_ch2pga1.bin,250,1427,47412,1,0xA3,1,0,0,192,0,0,50893.530250,-21.055341,75803.630054,76285.466552,67184.217274,0.000000,0.000000,0.000000
5.714042,5uVp10hz_ch2pga1.bin,250,1428,47413,1,0xA3,1,0,0,192,0,0,50897.262990,-21.100044,75810.022652,76292.552054,67189.089954,0.000000,0.000000,0.000000
5.718043,5uVp10hz_ch2pga1.bin,250,1429,47414,1,0xA3,1,0,0,192,0,0,50901.085138,-21.100044,75816.437602,76299.525797,67193.940282,0.000000,0.000000,0.000000
5.722043,5uVp10hz_ch2pga1.bin,250,1430,47415,1,0xA3,1,0,0,192,0,0,50904.884934,-21.100044,75822.763145,76306.521893,67198.812962,0.000000,0.000000,0.000000
5.726047,5uVp10hz_ch2pga1.bin,250,1431,47416,1,0xA3,1,0,0,192,0,0,50908.572972,-21.144748,75829.111040,76313.652098,67203.775048,0.000000,0.000000,0.000000
5.730047,5uVp10hz_ch2pga1.bin,250,1432,47417,1,0xA3,1,0,0,192,0,0,50912.261009,-21.122396,75835.481286,76320.603490,67208.491266,0.000000,0.000000,0.000000
5.734048,5uVp10hz_ch2pga1.bin,250,1433,47418,1,0xA3,1,0,0,192,0,0,50916.060805,-20.988286,75841.762125,76327.465475,67213.252187,0.000000,0.000000,0.000000
5.738051,5uVp10hz_ch2pga1.bin,250,1434,47419,1,0xA3,1,0,0,192,0,0,50919.815898,-21.032989,75848.042965,76334.439218,67218.080163,0.000000,0.000000,0.000000
5.742052,5uVp10hz_ch2pga1.bin,250,1435,47420,1,0xA3,1,0,0,192,0,0,50923.727453,-20.988286,75854.502618,76341.636479,67223.131657,0.000000,0.000000,0.000000
5.746053,5uVp10hz_ch2pga1.bin,250,1436,47421,1,0xA3,1,0,0,192,0,0,50927.616656,-20.988286,75861.096382,76348.789036,67228.138447,0.000000,0.000000,0.000000
5.750057,5uVp10hz_ch2pga1.bin,250,1437,47422,1,0xA3,1,0,0,192,0,0,50931.416452,-20.965934,75867.421925,76355.740428,67232.944071,0.000000,0.000000,0.000000
5.754057,5uVp10hz_ch2pga1.bin,250,1438,47423,1,0xA3,1,0,0,192,0,0,50935.126841,-20.921230,75873.747468,76362.647116,67237.816751,0.000000,0.000000,0.000000
5.758061,5uVp10hz_ch2pga1.bin,250,1439,47424,1,0xA3,1,0,0,192,0,0,50938.837230,-20.921230,75880.005956,76369.710267,67242.689431,0.000000,0.000000,0.000000
5.762061,5uVp10hz_ch2pga1.bin,250,1440,47425,1,0xA3,1,0,0,192,0,0,50942.704082,-20.943582,75886.465609,76376.840472,67247.539759,0.000000,0.000000,0.000000
5.766061,5uVp10hz_ch2pga1.bin,250,1441,47426,1,0xA3,1,0,0,192,0,0,50946.526229,-20.898879,75892.902911,76383.903623,67252.367735,0.000000,0.000000,0.000000
5.770064,5uVp10hz_ch2pga1.bin,250,1442,47427,1,0xA3,1,0,0,192,0,0,50950.460136,-20.876527,75899.451971,76391.011477,67257.419229,0.000000,0.000000,0.000000
5.774065,5uVp10hz_ch2pga1.bin,250,1443,47428,1,0xA3,1,0,0,192,0,0,50954.349339,-20.831823,75905.911624,76398.052275,67262.336612,0.000000,0.000000,0.000000
5.778066,5uVp10hz_ch2pga1.bin,250,1444,47429,1,0xA3,1,0,0,192,0,0,50958.193839,-20.831823,75912.259519,76405.137777,67267.253995,0.000000,0.000000,0.000000
5.782070,5uVp10hz_ch2pga1.bin,250,1445,47430,1,0xA3,1,0,0,192,0,0,50962.015986,-20.921230,75918.629766,76412.178576,67272.104323,0.000000,0.000000,0.000000
5.786071,5uVp10hz_ch2pga1.bin,250,1446,47431,1,0xA3,1,0,0,192,0,0,50965.793431,-20.921230,75925.022364,76419.331133,67277.044058,0.000000,0.000000,0.000000
5.790071,5uVp10hz_ch2pga1.bin,250,1447,47432,1,0xA3,1,0,0,192,0,0,50969.548523,-20.921230,75931.392610,76426.327229,67281.939089,0.000000,0.000000,0.000000
5.794075,5uVp10hz_ch2pga1.bin,250,1448,47433,1,0xA3,1,0,0,192,0,0,50973.325968,-20.943582,75937.874615,76433.435082,67286.923528,0.000000,0.000000,0.000000
5.798074,5uVp10hz_ch2pga1.bin,250,1449,47434,1,0xA3,1,0,0,192,0,0,50977.170467,-21.010637,75944.267213,76440.520585,67291.885614,0.000000,0.000000,0.000000
5.802077,5uVp10hz_ch2pga1.bin,250,1450,47435,1,0xA3,1,0,0,192,0,0,50981.104374,-21.010637,75950.682163,76447.673142,67296.802998,0.000000,0.000000,0.000000
5.806077,5uVp10hz_ch2pga1.bin,250,1451,47436,1,0xA3,1,0,0,192,0,0,50984.904170,-21.032989,75957.164168,76454.758644,67301.720381,0.000000,0.000000,0.000000
5.810081,5uVp10hz_ch2pga1.bin,250,1452,47437,1,0xA3,1,0,0,192,0,0,50988.703966,-21.100044,75963.534415,76461.710036,67306.548357,0.000000,0.000000,0.000000
5.814080,5uVp10hz_ch2pga1.bin,250,1453,47438,1,0xA3,1,0,0,192,0,0,50992.548466,-21.144748,75969.882309,76468.795538,67311.443388,0.000000,0.000000,0.000000
5.818084,5uVp10hz_ch2pga1.bin,250,1454,47439,1,0xA3,1,0,0,192,0,0,50996.348262,-21.055341,75976.297259,76475.836337,67316.360772,0.000000,0.000000,0.000000
5.822084,5uVp10hz_ch2pga1.bin,250,1455,47440,1,0xA3,1,0,0,192,0,0,51000.237465,-21.032989,75982.756913,76482.944191,67321.345210,0.000000,0.000000,0.000000
5.826087,5uVp10hz_ch2pga1.bin,250,1456,47441,1,0xA3,1,0,0,192,0,0,51004.081964,-21.100044,75989.305973,76490.096748,67326.307297,0.000000,0.000000,0.000000
5.830087,5uVp10hz_ch2pga1.bin,250,1457,47442,1,0xA3,1,0,0,192,0,0,51007.881761,-21.010637,75995.609164,76497.204602,67331.247032,0.000000,0.000000,0.000000
5.834091,5uVp10hz_ch2pga1.bin,250,1458,47443,1,0xA3,1,0,0,192,0,0,51011.748612,-20.988286,76002.046466,76504.223049,67336.052656,0.000000,0.000000,0.000000
5.838090,5uVp10hz_ch2pga1.bin,250,1459,47444,1,0xA3,1,0,0,192,0,0,51015.548408,-21.010637,76008.372009,76511.286199,67340.970039,0.000000,0.000000,0.000000
5.842091,5uVp10hz_ch2pga1.bin,250,1460,47445,1,0xA3,1,0,0,192,0,0,51019.392908,-21.100044,76014.786959,76518.349349,67345.954478,0.000000,0.000000,0.000000
5.846094,5uVp10hz_ch2pga1.bin,250,1461,47446,1,0xA3,1,0,0,192,0,0,51023.125648,-21.077693,76021.179557,76525.390148,67350.760102,0.000000,0.000000,0.000000
5.850094,5uVp10hz_ch2pga1.bin,250,1462,47447,1,0xA3,1,0,0,192,0,0,51026.992500,-20.988286,76027.616858,76532.430947,67355.632782,0.000000,0.000000,0.000000
5.854098,5uVp10hz_ch2pga1.bin,250,1463,47448,1,0xA3,1,0,0,192,0,0,51030.792296,-20.876527,76034.076512,76539.494097,67360.617220,0.000000,0.000000,0.000000
5.858098,5uVp10hz_ch2pga1.bin,250,1464,47449,1,0xA3,1,0,0,192,0,0,51034.592092,-20.876527,76040.379703,76546.490192,67365.422845,0.000000,0.000000,0.000000
5.862101,5uVp10hz_ch2pga1.bin,250,1465,47450,1,0xA3,1,0,0,192,0,0,51038.280129,-20.876527,76046.705246,76553.508639,67370.228469,0.000000,0.000000,0.000000
5.866102,5uVp10hz_ch2pga1.bin,250,1466,47451,1,0xA3,1,0,0,192,0,0,51042.012870,-20.921230,76053.075492,76560.527086,67375.145853,0.000000,0.000000,0.000000
5.870105,5uVp10hz_ch2pga1.bin,250,1467,47452,1,0xA3,1,0,0,192,0,0,51045.656204,-20.876527,76059.333980,76567.500830,67379.906774,0.000000,0.000000,0.000000
5.874105,5uVp10hz_ch2pga1.bin,250,1468,47453,1,0xA3,1,0,0,192,0,0,51049.433649,-20.831823,76065.637171,76574.474573,67384.645343,0.000000,0.000000,0.000000
5.878105,5uVp10hz_ch2pga1.bin,250,1469,47454,1,0xA3,1,0,0,192,0,0,51053.412259,-20.921230,76072.186232,76581.604779,67389.674485,0.000000,0.000000,0.000000
5.882108,5uVp10hz_ch2pga1.bin,250,1470,47455,1,0xA3,1,0,0,192,0,0,51057.189703,-20.854175,76078.690588,76588.712633,67394.591868,0.000000,0.000000,0.000000
5.886111,5uVp10hz_ch2pga1.bin,250,1471,47456,1,0xA3,1,0,0,192,0,0,51060.989499,-20.831823,76085.127890,76595.865190,67399.509251,0.000000,0.000000,0.000000
5.890110,5uVp10hz_ch2pga1.bin,250,1472,47457,1,0xA3,1,0,0,192,0,0,51064.811647,-20.921230,76091.453433,76602.905989,67404.337227,0.000000,0.000000,0.000000
5.894113,5uVp10hz_ch2pga1.bin,250,1473,47458,1,0xA3,1,0,0,192,0,0,51068.589091,-20.965934,76097.823679,76609.835029,67409.120500,0.000000,0.000000,0.000000
5.898112,5uVp10hz_ch2pga1.bin,250,1474,47459,1,0xA3,1,0,0,192,0,0,51072.321832,-21.032989,76104.238629,76616.898179,67413.993180,0.000000,0.000000,0.000000
5.902115,5uVp10hz_ch2pga1.bin,250,1475,47460,1,0xA3,1,0,0,192,0,0,51076.121628,-21.032989,76110.653579,76624.117792,67418.910563,0.000000,0.000000,0.000000
5.906115,5uVp10hz_ch2pga1.bin,250,1476,47461,1,0xA3,1,0,0,192,0,0,51080.033183,-20.988286,76117.202640,76631.247997,67423.962057,0.000000,0.000000,0.000000
5.910118,5uVp10hz_ch2pga1.bin,250,1477,47462,1,0xA3,1,0,0,192,0,0,51083.900034,-21.010637,76123.684645,76638.244092,67428.901792,0.000000,0.000000,0.000000
5.914117,5uVp10hz_ch2pga1.bin,250,1478,47463,1,0xA3,1,0,0,192,0,0,51087.677479,-21.032989,76130.032539,76645.307243,67433.729768,0.000000,0.000000,0.000000
5.918121,5uVp10hz_ch2pga1.bin,250,1479,47464,1,0xA3,1,0,0,192,0,0,51091.454923,-21.010637,76136.313379,76652.348042,67438.580096,0.000000,0.000000,0.000000
5.922121,5uVp10hz_ch2pga1.bin,250,1480,47465,1,0xA3,1,0,0,192,0,0,51095.232368,-21.077693,76142.705977,76659.366488,67443.430424,0.000000,0.000000,0.000000
5.926124,5uVp10hz_ch2pga1.bin,250,1481,47466,1,0xA3,1,0,0,192,0,0,51099.032164,-21.055341,76149.255037,76666.474342,67448.526621,0.000000,0.000000,0.000000
5.930124,5uVp10hz_ch2pga1.bin,250,1482,47467,1,0xA3,1,0,0,192,0,0,51102.876663,-21.032989,76155.714691,76673.582196,67453.444004,0.000000,0.000000,0.000000
5.934128,5uVp10hz_ch2pga1.bin,250,1483,47468,1,0xA3,1,0,0,192,0,0,51106.587052,-21.032989,76162.062585,76680.578291,67458.294332,0.000000,0.000000,0.000000
5.938128,5uVp10hz_ch2pga1.bin,250,1484,47469,1,0xA3,1,0,0,192,0,0,51110.520959,-21.055341,76168.499887,76687.730849,67463.256419,0.000000,0.000000,0.000000
5.942130,5uVp10hz_ch2pga1.bin,250,1485,47470,1,0xA3,1,0,0,192,0,0,51114.343107,-21.055341,76174.981892,76694.771647,67468.151450,0.000000,0.000000,0.000000
5.946130,5uVp10hz_ch2pga1.bin,250,1486,47471,1,0xA3,1,0,0,192,0,0,51118.142903,-21.032989,76181.352139,76701.834798,67473.068833,0.000000,0.000000,0.000000
5.950133,5uVp10hz_ch2pga1.bin,250,1487,47472,1,0xA3,1,0,0,192,0,0,51121.853292,-21.010637,76187.744737,76708.920300,67477.941513,0.000000,0.000000,0.000000
5.954134,5uVp10hz_ch2pga1.bin,250,1488,47473,1,0xA3,1,0,0,192,0,0,51125.630736,-20.943582,76194.137335,76715.938747,67482.791841,0.000000,0.000000,0.000000
5.958136,5uVp10hz_ch2pga1.bin,250,1489,47474,1,0xA3,1,0,0,192,0,0,51129.542291,-20.921230,76200.574636,76723.068953,67487.753928,0.000000,0.000000,0.000000
5.962136,5uVp10hz_ch2pga1.bin,250,1490,47475,1,0xA3,1,0,0,192,0,0,51133.520901,-20.854175,76207.146049,76730.266213,67492.827773,0.000000,0.000000,0.000000
5.966139,5uVp10hz_ch2pga1.bin,250,1491,47476,1,0xA3,1,0,0,192,0,0,51137.410104,-20.854175,76213.650405,76737.485826,67497.767508,0.000000,0.000000,0.000000
5.970141,5uVp10hz_ch2pga1.bin,250,1492,47477,1,0xA3,1,0,0,192,0,0,51141.142845,-20.831823,76219.953597,76744.504273,67502.640188,0.000000,0.000000,0.000000
5.974141,5uVp10hz_ch2pga1.bin,250,1493,47478,1,0xA3,1,0,0,192,0,0,51144.830883,-20.831823,76226.346195,76751.478016,67507.512867,0.000000,0.000000,0.000000
5.978143,5uVp10hz_ch2pga1.bin,250,1494,47479,1,0xA3,1,0,0,192,0,0,51148.675382,-20.809472,76232.716441,76758.474112,67512.273788,0.000000,0.000000,0.000000
5.982144,5uVp10hz_ch2pga1.bin,250,1495,47480,1,0xA3,1,0,0,192,0,0,51152.497530,-20.876527,76239.086688,76765.626669,67517.258227,0.000000,0.000000,0.000000
5.986147,5uVp10hz_ch2pga1.bin,250,1496,47481,1,0xA3,1,0,0,192,0,0,51156.230271,-20.965934,76245.456934,76772.734523,67522.220314,0.000000,0.000000,0.000000
5.990148,5uVp10hz_ch2pga1.bin,250,1497,47482,1,0xA3,1,0,0,192,0,0,51160.030067,-20.965934,76251.871884,76779.641211,67527.025938,0.000000,0.000000,0.000000
5.994148,5uVp10hz_ch2pga1.bin,250,1498,47483,1,0xA3,1,0,0,192,0,0,51163.785160,-20.921230,76258.242130,76786.704361,67531.831563,0.000000,0.000000,0.000000
5.998151,5uVp10hz_ch2pga1.bin,250,1499,47484,1,0xA3,1,0,0,192,0,0,51167.584956,-21.010637,76264.679432,76793.767512,67536.637187,0.000000,0.000000,0.000000
6.002151,5uVp10hz_ch2pga1.bin,250,1500,47485,1,0xA3,1,0,0,192,0,0,51171.518862,-21.032989,76271.139085,76800.942421,67541.621625,0.000000,0.000000,0.000000
6.006154,5uVp10hz_ch2pga1.bin,250,1501,47486,1,0xA3,1,0,0,192,0,0,51175.296307,-21.010637,76277.554035,76808.094978,67546.606064,0.000000,0.000000,0.000000
6.010155,5uVp10hz_ch2pga1.bin,250,1502,47487,1,0xA3,1,0,0,192,0,0,51179.140806,-21.032989,76283.968985,76815.202832,67551.568151,0.000000,0.000000,0.000000
6.014159,5uVp10hz_ch2pga1.bin,250,1503,47488,1,0xA3,1,0,0,192,0,0,51182.985306,-21.055341,76290.473342,76822.355390,67556.440830,0.000000,0.000000,0.000000
6.018158,5uVp10hz_ch2pga1.bin,250,1504,47489,1,0xA3,1,0,0,192,0,0,51186.919212,-21.100044,76296.977699,76829.507947,67561.425269,0.000000,0.000000,0.000000
6.022161,5uVp10hz_ch2pga1.bin,250,1505,47490,1,0xA3,1,0,0,192,0,0,51190.920174,-21.100044,76303.549111,76836.705208,67566.588521,0.000000,0.000000,0.000000
6.026161,5uVp10hz_ch2pga1.bin,250,1506,47491,1,0xA3,1,0,0,192,0,0,51194.854081,-21.100044,76310.031116,76843.857765,67571.595311,0.000000,0.000000,0.000000
6.030164,5uVp10hz_ch2pga1.bin,250,1507,47492,1,0xA3,1,0,0,192,0,0,51198.631525,-21.077693,76316.446066,76850.965619,67576.490343,0.000000,0.000000,0.000000
6.034164,5uVp10hz_ch2pga1.bin,250,1508,47493,1,0xA3,1,0,0,192,0,0,51202.408969,-21.032989,76322.861016,76858.095825,67581.363022,0.000000,0.000000,0.000000
6.038167,5uVp10hz_ch2pga1.bin,250,1509,47494,1,0xA3,1,0,0,192,0,0,51206.186414,-21.055341,76329.365373,76865.114272,67586.302757,0.000000,0.000000,0.000000
6.042168,5uVp10hz_ch2pga1.bin,250,1510,47495,1,0xA3,1,0,0,192,0,0,51210.142672,-21.055341,76335.825026,76872.222126,67591.242492,0.000000,0.000000,0.000000
6.046167,5uVp10hz_ch2pga1.bin,250,1511,47496,1,0xA3,1,0,0,192,0,0,51213.964820,-21.010637,76342.217624,76879.374683,67596.159875,0.000000,0.000000,0.000000
6.050171,5uVp10hz_ch2pga1.bin,250,1512,47497,1,0xA3,1,0,0,192,0,0,51217.876375,-20.921230,76348.721981,76886.616647,67601.233721,0.000000,0.000000,0.000000
6.054171,5uVp10hz_ch2pga1.bin,250,1513,47498,1,0xA3,1,0,0,192,0,0,51221.832633,-20.943582,76355.248690,76893.702149,67606.195807,0.000000,0.000000,0.000000
6.058175,5uVp10hz_ch2pga1.bin,250,1514,47499,1,0xA3,1,0,0,192,0,0,51225.699484,-20.898879,76361.775398,76900.899410,67611.113191,0.000000,0.000000,0.000000
6.062175,5uVp10hz_ch2pga1.bin,250,1515,47500,1,0xA3,1,0,0,192,0,0,51229.566336,-20.787120,76368.235052,76908.074319,67616.209388,0.000000,0.000000,0.000000
6.066175,5uVp10hz_ch2pga1.bin,250,1516,47501,1,0xA3,1,0,0,192,0,0,51233.410835,-20.921230,76374.694705,76915.204525,67621.126771,0.000000,0.000000,0.000000
6.070179,5uVp10hz_ch2pga1.bin,250,1517,47502,1,0xA3,1,0,0,192,0,0,51237.300038,-20.965934,76381.266117,76922.290027,67626.044154,0.000000,0.000000,0.000000
6.074179,5uVp10hz_ch2pga1.bin,250,1518,47503,1,0xA3,1,0,0,192,0,0,51241.122186,-20.898879,76387.770474,76929.487288,67631.028593,0.000000,0.000000,0.000000
6.078182,5uVp10hz_ch2pga1.bin,250,1519,47504,1,0xA3,1,0,0,192,0,0,51244.877279,-20.921230,76394.028962,76936.572790,67635.878921,0.000000,0.000000,0.000000
6.082182,5uVp10hz_ch2pga1.bin,250,1520,47505,1,0xA3,1,0,0,192,0,0,51248.654723,-20.943582,76400.443912,76943.635941,67640.706897,0.000000,0.000000,0.000000
6.086186,5uVp10hz_ch2pga1.bin,250,1521,47506,1,0xA3,1,0,0,192,0,0,51252.566278,-20.943582,76406.925917,76950.810850,67645.691335,0.000000,0.000000,0.000000
6.090186,5uVp10hz_ch2pga1.bin,250,1522,47507,1,0xA3,1,0,0,192,0,0,51256.410778,-20.943582,76413.407922,76957.941055,67650.653422,0.000000,0.000000,0.000000
6.094187,5uVp10hz_ch2pga1.bin,250,1523,47508,1,0xA3,1,0,0,192,0,0,51260.277629,-20.988286,76419.889927,76965.048909,67655.570805,0.000000,0.000000,0.000000
6.098190,5uVp10hz_ch2pga1.bin,250,1524,47509,1,0xA3,1,0,0,192,0,0,51264.077425,-20.965934,76426.327229,76972.112060,67660.488188,0.000000,0.000000,0.000000
6.102190,5uVp10hz_ch2pga1.bin,250,1525,47510,1,0xA3,1,0,0,192,0,0,51267.944276,-20.965934,76432.764530,76979.219913,67665.562034,0.000000,0.000000,0.000000
6.106193,5uVp10hz_ch2pga1.bin,250,1526,47511,1,0xA3,1,0,0,192,0,0,51271.833479,-21.032989,76439.335942,76986.461878,67670.546472,0.000000,0.000000,0.000000
6.110192,5uVp10hz_ch2pga1.bin,250,1527,47512,1,0xA3,1,0,0,192,0,0,51275.633276,-21.055341,76445.750892,76993.569732,67675.396800,0.000000,0.000000,0.000000
6.114199,5uVp10hz_ch2pga1.bin,250,1528,47513,1,0xA3,1,0,0,192,0,0,51279.388368,-21.100044,76452.054083,77000.610530,67680.247128,0.000000,0.000000,0.000000
6.118201,5uVp10hz_ch2pga1.bin,250,1529,47514,1,0xA3,1,0,0,192,0,0,51283.232868,-21.144748,76458.469033,77007.673681,67685.119808,0.000000,0.000000,0.000000
6.122201,5uVp10hz_ch2pga1.bin,250,1530,47515,1,0xA3,1,0,0,192,0,0,51287.055016,-21.144748,76464.995742,77014.870942,67690.104246,0.000000,0.000000,0.000000
6.126204,5uVp10hz_ch2pga1.bin,250,1531,47516,1,0xA3,1,0,0,192,0,0,51290.877163,-21.055341,76471.634209,77022.045851,67695.111036,0.000000,0.000000,0.000000
6.130204,5uVp10hz_ch2pga1.bin,250,1532,47517,1,0xA3,1,0,0,192,0,0,51294.721663,-21.100044,76478.004456,77029.109001,67700.050771,0.000000,0.000000,0.000000
6.134206,5uVp10hz_ch2pga1.bin,250,1533,47518,1,0xA3,1,0,0,192,0,0,51298.454404,-21.100044,76484.218240,77036.038041,67704.744637,0.000000,0.000000,0.000000
6.138206,5uVp10hz_ch2pga1.bin,250,1534,47519,1,0xA3,1,0,0,192,0,0,51302.298903,-21.055341,76490.633190,77043.078840,67709.706724,0.000000,0.000000,0.000000
6.142206,5uVp10hz_ch2pga1.bin,250,1535,47520,1,0xA3,1,0,0,192,0,0,51306.031644,-21.032989,76497.025788,77050.276101,67714.691162,0.000000,0.000000,0.000000
6.146207,5uVp10hz_ch2pga1.bin,250,1536,47521,1,0xA3,1,0,0,192,0,0,51309.853792,-21.032989,76503.507793,77057.540417,67719.608545,0.000000,0.000000,0.000000
6.150208,5uVp10hz_ch2pga1.bin,250,1537,47522,1,0xA3,1,0,0,192,0,0,51313.742995,-20.988286,76510.056853,77064.692974,67724.503577,0.000000,0.000000,0.000000
6.154207,5uVp10hz_ch2pga1.bin,250,1538,47523,1,0xA3,1,0,0,192,0,0,51317.654550,-21.010637,76516.494155,77071.823180,67729.532719,0.000000,0.000000,0.000000
6.158211,5uVp10hz_ch2pga1.bin,250,1539,47524,1,0xA3,1,0,0,192,0,0,51321.633160,-20.876527,76523.043215,77079.020441,67734.628916,0.000000,0.000000,0.000000
6.162211,5uVp10hz_ch2pga1.bin,250,1540,47525,1,0xA3,1,0,0,192,0,0,51325.634122,-20.854175,76529.636979,77086.284757,67739.658058,0.000000,0.000000,0.000000
6.166211,5uVp10hz_ch2pga1.bin,250,1541,47526,1,0xA3,1,0,0,192,0,0,51329.411566,-20.898879,76536.163688,77093.459666,67744.642496,0.000000,0.000000,0.000000
6.170214,5uVp10hz_ch2pga1.bin,250,1542,47527,1,0xA3,1,0,0,192,0,0,51333.278418,-20.831823,76542.623341,77100.522816,67749.559879,0.000000,0.000000,0.000000
6.174215,5uVp10hz_ch2pga1.bin,250,1543,47528,1,0xA3,1,0,0,192,0,0,51337.055862,-20.876527,76549.038291,77107.608318,67754.410207,0.000000,0.000000,0.000000
6.178218,5uVp10hz_ch2pga1.bin,250,1544,47529,1,0xA3,1,0,0,192,0,0,51340.766251,-20.876527,76555.341482,77114.604414,67759.215832,0.000000,0.000000,0.000000
6.182218,5uVp10hz_ch2pga1.bin,250,1545,47530,1,0xA3,1,0,0,192,0,0,51344.677806,-20.876527,76561.823487,77121.801674,67764.289677,0.000000,0.000000,0.000000
6.186219,5uVp10hz_ch2pga1.bin,250,1546,47531,1,0xA3,1,0,0,192,0,0,51348.634064,-20.921230,76568.417251,77129.021287,67769.296467,0.000000,0.000000,0.000000
6.190223,5uVp10hz_ch2pga1.bin,250,1547,47532,1,0xA3,1,0,0,192,0,0,51352.456212,-21.032989,76574.876904,77136.173844,67774.236202,0.000000,0.000000,0.000000
6.194223,5uVp10hz_ch2pga1.bin,250,1548,47533,1,0xA3,1,0,0,192,0,0,51356.211305,-20.943582,76581.180096,77143.102884,67779.064178,0.000000,0.000000,0.000000
6.198224,5uVp10hz_ch2pga1.bin,250,1549,47534,1,0xA3,1,0,0,192,0,0,51360.078156,-21.010637,76587.706804,77150.188386,67784.093320,0.000000,0.000000,0.000000
6.202227,5uVp10hz_ch2pga1.bin,250,1550,47535,1,0xA3,1,0,0,192,0,0,51363.967359,-21.055341,76594.211161,77157.497406,67789.055407,0.000000,0.000000,0.000000
6.206228,5uVp10hz_ch2pga1.bin,250,1551,47536,1,0xA3,1,0,0,192,0,0,51367.878914,-21.077693,76600.715518,77164.582908,67794.017494,0.000000,0.000000,0.000000
6.210231,5uVp10hz_ch2pga1.bin,250,1552,47537,1,0xA3,1,0,0,192,0,0,51371.701062,-21.100044,76607.219875,77171.757817,67798.979580,0.000000,0.000000,0.000000
6.214231,5uVp10hz_ch2pga1.bin,250,1553,47538,1,0xA3,1,0,0,192,0,0,51375.500858,-21.077693,76613.634825,77178.888023,67803.829908,0.000000,0.000000,0.000000
6.218231,5uVp10hz_ch2pga1.bin,250,1554,47539,1,0xA3,1,0,0,192,0,0,51379.412413,-21.055341,76620.005071,77185.951173,67808.635533,0.000000,0.000000,0.000000
6.222235,5uVp10hz_ch2pga1.bin,250,1555,47540,1,0xA3,1,0,0,192,0,0,51383.189857,-21.122396,76626.487076,77193.148434,67813.597620,0.000000,0.000000,0.000000
6.226234,5uVp10hz_ch2pga1.bin,250,1556,47541,1,0xA3,1,0,0,192,0,0,51386.989653,-21.100044,76632.969081,77200.211585,67818.604410,0.000000,0.000000,0.000000
6.230238,5uVp10hz_ch2pga1.bin,250,1557,47542,1,0xA3,1,0,0,192,0,0,51390.744746,-21.055341,76639.361680,77207.274735,67823.454738,0.000000,0.000000,0.000000
6.234238,5uVp10hz_ch2pga1.bin,250,1558,47543,1,0xA3,1,0,0,192,0,0,51394.611597,-21.010637,76645.776629,77214.382589,67828.327417,0.000000,0.000000,0.000000
6.238242,5uVp10hz_ch2pga1.bin,250,1559,47544,1,0xA3,1,0,0,192,0,0,51398.478448,-21.055341,76652.280986,77221.646905,67833.378911,0.000000,0.000000,0.000000
6.242242,5uVp10hz_ch2pga1.bin,250,1560,47545,1,0xA3,1,0,0,192,0,0,51402.367651,-21.032989,76658.785343,77228.799462,67838.363349,0.000000,0.000000,0.000000
6.246245,5uVp10hz_ch2pga1.bin,250,1561,47546,1,0xA3,1,0,0,192,0,0,51406.167448,-20.943582,76665.177941,77235.862613,67843.303084,0.000000,0.000000,0.000000
6.250245,5uVp10hz_ch2pga1.bin,250,1562,47547,1,0xA3,1,0,0,192,0,0,51410.056651,-20.943582,76671.615243,77243.037522,67848.220468,0.000000,0.000000,0.000000
6.254247,5uVp10hz_ch2pga1.bin,250,1563,47548,1,0xA3,1,0,0,192,0,0,51413.878798,-20.943582,76677.940786,77250.212431,67853.160203,0.000000,0.000000,0.000000
6.258248,5uVp10hz_ch2pga1.bin,250,1564,47549,1,0xA3,1,0,0,192,0,0,51417.768002,-20.988286,76684.489846,77257.320285,67858.122289,0.000000,0.000000,0.000000
6.262252,5uVp10hz_ch2pga1.bin,250,1565,47550,1,0xA3,1,0,0,192,0,0,51421.724260,-20.898879,76691.128314,77264.584601,67863.129079,0.000000,0.000000,0.000000
6.266252,5uVp10hz_ch2pga1.bin,250,1566,47551,1,0xA3,1,0,0,192,0,0,51425.725222,-20.876527,76697.632670,77271.804214,67868.180573,0.000000,0.000000,0.000000
6.270252,5uVp10hz_ch2pga1.bin,250,1567,47552,1,0xA3,1,0,0,192,0,0,51429.636776,-20.854175,76704.181731,77278.979123,67873.276770,0.000000,0.000000,0.000000
6.274255,5uVp10hz_ch2pga1.bin,250,1568,47553,1,0xA3,1,0,0,192,0,0,51433.481276,-20.876527,76710.686088,77286.154032,67878.149450,0.000000,0.000000,0.000000
6.278255,5uVp10hz_ch2pga1.bin,250,1569,47554,1,0xA3,1,0,0,192,0,0,51437.236369,-20.898879,76717.033982,77293.194830,67882.977426,0.000000,0.000000,0.000000
6.282259,5uVp10hz_ch2pga1.bin,250,1570,47555,1,0xA3,1,0,0,192,0,0,51440.991461,-20.898879,76723.471284,77300.347388,67887.939513,0.000000,0.000000,0.000000
6.286258,5uVp10hz_ch2pga1.bin,250,1571,47556,1,0xA3,1,0,0,192,0,0,51444.858313,-20.921230,76730.065048,77307.589352,67892.968655,0.000000,0.000000,0.000000
6.290261,5uVp10hz_ch2pga1.bin,250,1572,47557,1,0xA3,1,0,0,192,0,0,51448.680460,-21.010637,76736.457646,77314.719558,67897.863686,0.000000,0.000000,0.000000
6.294261,5uVp10hz_ch2pga1.bin,250,1573,47558,1,0xA3,1,0,0,192,0,0,51452.435553,-21.010637,76742.827892,77321.760356,67902.557552,0.000000,0.000000,0.000000
6.298264,5uVp10hz_ch2pga1.bin,250,1574,47559,1,0xA3,1,0,0,192,0,0,51456.347108,-21.032989,76749.421656,77329.069376,67907.586694,0.000000,0.000000,0.000000
6.302264,5uVp10hz_ch2pga1.bin,250,1575,47560,1,0xA3,1,0,0,192,0,0,51460.370421,-21.032989,76756.015420,77336.311340,67912.817001,0.000000,0.000000,0.000000
6.306267,5uVp10hz_ch2pga1.bin,250,1576,47561,1,0xA3,1,0,0,192,0,0,51464.304328,-21.010637,76762.542129,77343.396842,67917.846143,0.000000,0.000000,0.000000
6.310268,5uVp10hz_ch2pga1.bin,250,1577,47562,1,0xA3,1,0,0,192,0,0,51467.925310,-21.032989,76768.822968,77350.392938,67922.674119,0.000000,0.000000,0.000000
6.314271,5uVp10hz_ch2pga1.bin,250,1578,47563,1,0xA3,1,0,0,192,0,0,51471.658051,-21.032989,76775.170863,77357.411385,67927.479744,0.000000,0.000000,0.000000
6.318270,5uVp10hz_ch2pga1.bin,250,1579,47564,1,0xA3,1,0,0,192,0,0,51475.390792,-21.100044,76781.541109,77364.474535,67932.263017,0.000000,0.000000,0.000000
6.322274,5uVp10hz_ch2pga1.bin,250,1580,47565,1,0xA3,1,0,0,192,0,0,51479.212940,-21.100044,76787.933707,77371.649444,67937.180400,0.000000,0.000000,0.000000
6.326274,5uVp10hz_ch2pga1.bin,250,1581,47566,1,0xA3,1,0,0,192,0,0,51483.057439,-21.032989,76794.415712,77378.734946,67942.097783,0.000000,0.000000,0.000000
6.330275,5uVp10hz_ch2pga1.bin,250,1582,47567,1,0xA3,1,0,0,192,0,0,51486.901939,-21.032989,76800.920069,77385.865152,67946.970463,0.000000,0.000000,0.000000
6.334279,5uVp10hz_ch2pga1.bin,250,1583,47568,1,0xA3,1,0,0,192,0,0,51490.567625,-20.988286,76807.312667,77392.950654,67951.865494,0.000000,0.000000,0.000000
6.338278,5uVp10hz_ch2pga1.bin,250,1584,47569,1,0xA3,1,0,0,192,0,0,51494.456828,-21.032989,76813.749969,77400.080860,67956.805229,0.000000,0.000000,0.000000
6.342282,5uVp10hz_ch2pga1.bin,250,1585,47570,1,0xA3,1,0,0,192,0,0,51498.346031,-20.965934,76820.254326,77407.211065,67961.722612,0.000000,0.000000,0.000000
6.346282,5uVp10hz_ch2pga1.bin,250,1586,47571,1,0xA3,1,0,0,192,0,0,51502.190530,-20.898879,76826.691628,77414.341271,67966.751754,0.000000,0.000000,0.000000
6.350283,5uVp10hz_ch2pga1.bin,250,1587,47572,1,0xA3,1,0,0,192,0,0,51506.012678,-20.898879,76833.151281,77421.382070,67971.691489,0.000000,0.000000,0.000000
6.354286,5uVp10hz_ch2pga1.bin,250,1588,47573,1,0xA3,1,0,0,192,0,0,51509.723067,-20.921230,76839.566231,77428.534627,67976.541817,0.000000,0.000000,0.000000
6.358287,5uVp10hz_ch2pga1.bin,250,1589,47574,1,0xA3,1,0,0,192,0,0,51513.679326,-20.876527,76846.070588,77435.754240,67981.615663,0.000000,0.000000,0.000000
6.362290,5uVp10hz_ch2pga1.bin,250,1590,47575,1,0xA3,1,0,0,192,0,0,51517.613232,-20.921230,76852.642000,77442.973852,67986.600101,0.000000,0.000000,0.000000
6.366291,5uVp10hz_ch2pga1.bin,250,1591,47576,1,0xA3,1,0,0,192,0,0,51521.457732,-20.854175,76859.124005,77450.148761,67991.517484,0.000000,0.000000,0.000000
6.370291,5uVp10hz_ch2pga1.bin,250,1592,47577,1,0xA3,1,0,0,192,0,0,51525.145769,-20.876527,76865.516603,77457.234263,67996.367812,0.000000,0.000000,0.000000
6.374294,5uVp10hz_ch2pga1.bin,250,1593,47578,1,0xA3,1,0,0,192,0,0,51528.833807,-20.809472,76871.953905,77464.230359,68001.218140,0.000000,0.000000,0.000000
6.378294,5uVp10hz_ch2pga1.bin,250,1594,47579,1,0xA3,1,0,0,192,0,0,51532.700658,-20.876527,76878.346503,77471.315861,68006.090820,0.000000,0.000000,0.000000
6.382298,5uVp10hz_ch2pga1.bin,250,1595,47580,1,0xA3,1,0,0,192,0,0,51536.656916,-20.921230,76884.984970,77478.624880,68011.209369,0.000000,0.000000,0.000000
6.386298,5uVp10hz_ch2pga1.bin,250,1596,47581,1,0xA3,1,0,0,192,0,0,51540.590823,-20.965934,76891.466975,77485.911548,68016.238511,0.000000,0.000000,0.000000
6.390301,5uVp10hz_ch2pga1.bin,250,1597,47582,1,0xA3,1,0,0,192,0,0,51544.435322,-21.032989,76897.904277,77492.997050,68021.021783,0.000000,0.000000,0.000000
6.394300,5uVp10hz_ch2pga1.bin,250,1598,47583,1,0xA3,1,0,0,192,0,0,51548.212767,-21.055341,76904.296875,77499.948442,68025.872111,0.000000,0.000000,0.000000
6.398302,5uVp10hz_ch2pga1.bin,250,1599,47584,1,0xA3,1,0,0,192,0,0,51551.878452,-21.010637,76910.734177,77507.078648,68030.744791,0.000000,0.000000,0.000000
6.402305,5uVp10hz_ch2pga1.bin,250,1600,47585,1,0xA3,1,0,0,192,0,0,51555.700600,-20.988286,76917.104423,77514.208853,68035.662174,0.000000,0.000000,0.000000
6.406305,5uVp10hz_ch2pga1.bin,250,1601,47586,1,0xA3,1,0,0,192,0,0,51559.522748,-21.077693,76923.586428,77521.450818,68040.601909,0.000000,0.000000,0.000000
6.410308,5uVp10hz_ch2pga1.bin,250,1602,47587,1,0xA3,1,0,0,192,0,0,51563.255489,-21.100044,76930.023730,77528.536320,68045.496941,0.000000,0.000000,0.000000
6.414308,5uVp10hz_ch2pga1.bin,250,1603,47588,1,0xA3,1,0,0,192,0,0,51567.055285,-21.122396,76936.505735,77535.599470,68050.414324,0.000000,0.000000,0.000000
6.418310,5uVp10hz_ch2pga1.bin,250,1604,47589,1,0xA3,1,0,0,192,0,0,51570.966840,-21.100044,76943.010092,77542.774379,68055.421114,0.000000,0.000000,0.000000
6.422310,5uVp10hz_ch2pga1.bin,250,1605,47590,1,0xA3,1,0,0,192,0,0,51574.833691,-21.100044,76949.425042,77549.971640,68060.360849,0.000000,0.000000,0.000000
6.426312,5uVp10hz_ch2pga1.bin,250,1606,47591,1,0xA3,1,0,0,192,0,0,51578.611135,-20.965934,76955.907047,77557.101846,68065.166473,0.000000,0.000000,0.000000
6.430316,5uVp10hz_ch2pga1.bin,250,1607,47592,1,0xA3,1,0,0,192,0,0,51582.410932,-21.032989,76962.299645,77564.209700,68070.128560,0.000000,0.000000,0.000000
6.434316,5uVp10hz_ch2pga1.bin,250,1608,47593,1,0xA3,1,0,0,192,0,0,51586.166024,-21.032989,76968.625188,77571.228147,68075.001240,0.000000,0.000000,0.000000
6.438318,5uVp10hz_ch2pga1.bin,250,1609,47594,1,0xA3,1,0,0,192,0,0,51589.988172,-21.100044,76974.973083,77578.291297,68079.784513,0.000000,0.000000,0.000000
6.442318,5uVp10hz_ch2pga1.bin,250,1610,47595,1,0xA3,1,0,0,192,0,0,51593.855023,-21.055341,76981.589198,77585.421503,68084.836006,0.000000,0.000000,0.000000
6.446322,5uVp10hz_ch2pga1.bin,250,1611,47596,1,0xA3,1,0,0,192,0,0,51597.744226,-20.965934,76988.138258,77592.663467,68089.909852,0.000000,0.000000,0.000000
6.450322,5uVp10hz_ch2pga1.bin,250,1612,47597,1,0xA3,1,0,0,192,0,0,51601.588726,-20.921230,76994.508505,77599.860728,68094.871938,0.000000,0.000000,0.000000
6.454322,5uVp10hz_ch2pga1.bin,250,1613,47598,1,0xA3,1,0,0,192,0,0,51605.232060,-20.921230,77000.878751,77606.879175,68099.588156,0.000000,0.000000,0.000000
6.458325,5uVp10hz_ch2pga1.bin,250,1614,47599,1,0xA3,1,0,0,192,0,0,51609.031856,-20.898879,77007.338405,77613.942325,68104.393780,0.000000,0.000000,0.000000
6.462326,5uVp10hz_ch2pga1.bin,250,1615,47600,1,0xA3,1,0,0,192,0,0,51612.876356,-20.943582,77013.887465,77621.206641,68109.445274,0.000000,0.000000,0.000000
6.466329,5uVp10hz_ch2pga1.bin,250,1616,47601,1,0xA3,1,0,0,192,0,0,51616.787910,-20.921230,77020.436525,77628.448606,68114.474416,0.000000,0.000000,0.000000
6.470329,5uVp10hz_ch2pga1.bin,250,1617,47602,1,0xA3,1,0,0,192,0,0,51620.543003,-20.921230,77026.829123,77635.601163,68119.369447,0.000000,0.000000,0.000000
6.474332,5uVp10hz_ch2pga1.bin,250,1618,47603,1,0xA3,1,0,0,192,0,0,51624.454558,-20.943582,77033.378184,77642.753720,68124.353886,0.000000,0.000000,0.000000
6.478331,5uVp10hz_ch2pga1.bin,250,1619,47604,1,0xA3,1,0,0,192,0,0,51628.299057,-20.921230,77039.837837,77649.928629,68129.315972,0.000000,0.000000,0.000000
6.482334,5uVp10hz_ch2pga1.bin,250,1620,47605,1,0xA3,1,0,0,192,0,0,51632.165909,-20.876527,77046.252787,77657.170594,68134.278059,0.000000,0.000000,0.000000
6.486334,5uVp10hz_ch2pga1.bin,250,1621,47606,1,0xA3,1,0,0,192,0,0,51635.943353,-20.854175,77052.779496,77664.278448,68139.195442,0.000000,0.000000,0.000000
6.490337,5uVp10hz_ch2pga1.bin,250,1622,47607,1,0xA3,1,0,0,192,0,0,51639.810205,-20.965934,77059.172094,77671.408653,68144.090474,0.000000,0.000000,0.000000
6.494338,5uVp10hz_ch2pga1.bin,250,1623,47608,1,0xA3,1,0,0,192,0,0,51643.610001,-21.032989,77065.542340,77678.516507,68148.918450,0.000000,0.000000,0.000000
6.498341,5uVp10hz_ch2pga1.bin,250,1624,47609,1,0xA3,1,0,0,192,0,0,51647.365093,-20.943582,77072.046697,77685.557306,68153.791130,0.000000,0.000000,0.000000
6.502342,5uVp10hz_ch2pga1.bin,250,1625,47610,1,0xA3,1,0,0,192,0,0,51651.343703,-21.055341,77078.729868,77692.888677,68158.820271,0.000000,0.000000,0.000000
6.506342,5uVp10hz_ch2pga1.bin,250,1626,47611,1,0xA3,1,0,0,192,0,0,51655.299962,-21.055341,77085.211873,77700.152993,68163.938820,0.000000,0.000000,0.000000
6.510345,5uVp10hz_ch2pga1.bin,250,1627,47612,1,0xA3,1,0,0,192,0,0,51659.099758,-20.943582,77091.604471,77707.216144,68168.900907,0.000000,0.000000,0.000000
6.514345,5uVp10hz_ch2pga1.bin,250,1628,47613,1,0xA3,1,0,0,192,0,0,51662.877202,-21.055341,77098.041773,77714.391053,68173.728883,0.000000,0.000000,0.000000
6.518348,5uVp10hz_ch2pga1.bin,250,1629,47614,1,0xA3,1,0,0,192,0,0,51666.699350,-21.167099,77104.479074,77721.543610,68178.579211,0.000000,0.000000,0.000000
6.522347,5uVp10hz_ch2pga1.bin,250,1630,47615,1,0xA3,1,0,0,192,0,0,51670.499146,-21.100044,77111.005783,77728.696167,68183.518946,0.000000,0.000000,0.000000
6.526350,5uVp10hz_ch2pga1.bin,250,1631,47616,1,0xA3,1,0,0,192,0,0,51674.410701,-21.100044,77117.443085,77735.893428,68188.525736,0.000000,0.000000,0.000000
6.530350,5uVp10hz_ch2pga1.bin,250,1632,47617,1,0xA3,1,0,0,192,0,0,51678.188145,-21.032989,77123.969793,77743.023634,68193.465471,0.000000,0.000000,0.000000
6.534353,5uVp10hz_ch2pga1.bin,250,1633,47618,1,0xA3,1,0,0,192,0,0,51681.943238,-21.055341,77130.407095,77750.176191,68198.338151,0.000000,0.000000,0.000000
6.538356,5uVp10hz_ch2pga1.bin,250,1634,47619,1,0xA3,1,0,0,192,0,0,51685.743034,-21.010637,77136.822045,77757.373452,68203.188479,0.000000,0.000000,0.000000
6.542355,5uVp10hz_ch2pga1.bin,250,1635,47620,1,0xA3,1,0,0,192,0,0,51689.609885,-21.032989,77143.371105,77764.481306,68208.262324,0.000000,0.000000,0.000000
6.546359,5uVp10hz_ch2pga1.bin,250,1636,47621,1,0xA3,1,0,0,192,0,0,51693.521440,-21.055341,77149.897814,77771.633863,68213.313818,0.000000,0.000000,0.000000
6.550358,5uVp10hz_ch2pga1.bin,250,1637,47622,1,0xA3,1,0,0,192,0,0,51697.321236,-20.943582,77156.290412,77778.719366,68218.052387,0.000000,0.000000,0.000000
6.554362,5uVp10hz_ch2pga1.bin,250,1638,47623,1,0xA3,1,0,0,192,0,0,51701.143384,-20.943582,77162.750065,77785.871923,68222.925067,0.000000,0.000000,0.000000
6.558361,5uVp10hz_ch2pga1.bin,250,1639,47624,1,0xA3,1,0,0,192,0,0,51705.099642,-20.943582,77169.299126,77793.203294,68228.065968,0.000000,0.000000,0.000000
6.562364,5uVp10hz_ch2pga1.bin,250,1640,47625,1,0xA3,1,0,0,192,0,0,51709.100604,-20.943582,77175.937593,77800.601721,68233.139813,0.000000,0.000000,0.000000
6.566364,5uVp10hz_ch2pga1.bin,250,1641,47626,1,0xA3,1,0,0,192,0,0,51713.012159,-20.876527,77182.531357,77807.888389,68238.124251,0.000000,0.000000,0.000000
6.570368,5uVp10hz_ch2pga1.bin,250,1642,47627,1,0xA3,1,0,0,192,0,0,51716.610789,-20.787120,77188.901603,77814.862132,68242.952228,0.000000,0.000000,0.000000
6.574368,5uVp10hz_ch2pga1.bin,250,1643,47628,1,0xA3,1,0,0,192,0,0,51720.388234,-20.764768,77195.182443,77821.925282,68247.735500,0.000000,0.000000,0.000000
6.578372,5uVp10hz_ch2pga1.bin,250,1644,47629,1,0xA3,1,0,0,192,0,0,51724.143326,-20.854175,77201.597393,77829.100192,68252.697587,0.000000,0.000000,0.000000
6.582371,5uVp10hz_ch2pga1.bin,250,1645,47630,1,0xA3,1,0,0,192,0,0,51728.032529,-20.921230,77208.101749,77836.342156,68257.659674,0.000000,0.000000,0.000000
6.586375,5uVp10hz_ch2pga1.bin,250,1646,47631,1,0xA3,1,0,0,192,0,0,51731.988788,-20.921230,77214.673162,77843.539417,68262.666464,0.000000,0.000000,0.000000
6.590375,5uVp10hz_ch2pga1.bin,250,1647,47632,1,0xA3,1,0,0,192,0,0,51735.855639,-20.943582,77221.199870,77850.736678,68267.650902,0.000000,0.000000,0.000000
6.594375,5uVp10hz_ch2pga1.bin,250,1648,47633,1,0xA3,1,0,0,192,0,0,51739.610732,-20.965934,77227.704227,77857.889235,68272.545934,0.000000,0.000000,0.000000
6.598378,5uVp10hz_ch2pga1.bin,250,1649,47634,1,0xA3,1,0,0,192,0,0,51743.477583,-21.055341,77234.186232,77865.108848,68277.485669,0.000000,0.000000,0.000000
6.602378,5uVp10hz_ch2pga1.bin,250,1650,47635,1,0xA3,1,0,0,192,0,0,51747.389138,-20.988286,77240.802348,77872.373164,68282.447755,0.000000,0.000000,0.000000
6.606381,5uVp10hz_ch2pga1.bin,250,1651,47636,1,0xA3,1,0,0,192,0,0,51751.233637,-21.032989,77247.284353,77879.525721,68287.409842,0.000000,0.000000,0.000000
6.610381,5uVp10hz_ch2pga1.bin,250,1652,47637,1,0xA3,1,0,0,192,0,0,51755.078137,-21.055341,77253.609896,77886.633575,68292.371929,0.000000,0.000000,0.000000
6.614384,5uVp10hz_ch2pga1.bin,250,1653,47638,1,0xA3,1,0,0,192,0,0,51758.922637,-21.055341,77260.114253,77893.830836,68297.311664,0.000000,0.000000,0.000000
6.618386,5uVp10hz_ch2pga1.bin,250,1654,47639,1,0xA3,1,0,0,192,0,0,51762.923598,-20.988286,77266.752720,77901.162207,68302.318454,0.000000,0.000000,0.000000
6.622386,5uVp10hz_ch2pga1.bin,250,1655,47640,1,0xA3,1,0,0,192,0,0,51766.835153,-20.988286,77273.346484,77908.471227,68307.437003,0.000000,0.000000,0.000000
6.626389,5uVp10hz_ch2pga1.bin,250,1656,47641,1,0xA3,1,0,0,192,0,0,51770.746708,-21.077693,77279.828489,77915.646136,68312.421441,0.000000,0.000000,0.000000
6.630389,5uVp10hz_ch2pga1.bin,250,1657,47642,1,0xA3,1,0,0,192,0,0,51774.479449,-21.122396,77286.288142,77922.776341,68317.361176,0.000000,0.000000,0.000000
6.634392,5uVp10hz_ch2pga1.bin,250,1658,47643,1,0xA3,1,0,0,192,0,0,51778.301597,-21.055341,77292.725444,77929.928899,68322.300911,0.000000,0.000000,0.000000
6.638392,5uVp10hz_ch2pga1.bin,250,1659,47644,1,0xA3,1,0,0,192,0,0,51782.213151,-21.055341,77299.296856,77937.148511,68327.307701,0.000000,0.000000,0.000000
6.642394,5uVp10hz_ch2pga1.bin,250,1660,47645,1,0xA3,1,0,0,192,0,0,51786.191761,-21.010637,77305.845916,77944.457531,68332.314491,0.000000,0.000000,0.000000
6.646397,5uVp10hz_ch2pga1.bin,250,1661,47646,1,0xA3,1,0,0,192,0,0,51790.058613,-20.988286,77312.394977,77951.677144,68337.298930,0.000000,0.000000,0.000000
6.650395,5uVp10hz_ch2pga1.bin,250,1662,47647,1,0xA3,1,0,0,192,0,0,51793.903112,-20.921230,77318.876982,77958.874404,68342.305720,0.000000,0.000000,0.000000
6.654397,5uVp10hz_ch2pga1.bin,250,1663,47648,1,0xA3,1,0,0,192,0,0,51797.702909,-20.921230,77325.381339,77966.004610,68347.290158,0.000000,0.000000,0.000000
6.658400,5uVp10hz_ch2pga1.bin,250,1664,47649,1,0xA3,1,0,0,192,0,0,51801.525056,-20.921230,77331.863344,77973.157167,68352.229893,0.000000,0.000000,0.000000
6.662399,5uVp10hz_ch2pga1.bin,250,1665,47650,1,0xA3,1,0,0,192,0,0,51805.324852,-20.921230,77338.300645,77980.287373,68357.124925,0.000000,0.000000,0.000000
6.666400,5uVp10hz_ch2pga1.bin,250,1666,47651,1,0xA3,1,0,0,192,0,0,51809.079945,-20.898879,77344.805002,77987.641096,68362.064660,0.000000,0.000000,0.000000
6.670402,5uVp10hz_ch2pga1.bin,250,1667,47652,1,0xA3,1,0,0,192,0,0,51812.812686,-20.854175,77351.197600,77994.748950,68366.914988,0.000000,0.000000,0.000000
6.674405,5uVp10hz_ch2pga1.bin,250,1668,47653,1,0xA3,1,0,0,192,0,0,51816.768944,-20.809472,77357.724309,78001.946211,68371.921778,0.000000,0.000000,0.000000
6.678406,5uVp10hz_ch2pga1.bin,250,1669,47654,1,0xA3,1,0,0,192,0,0,51820.769906,-20.787120,77364.251018,78009.232879,68376.950920,0.000000,0.000000,0.000000
6.682405,5uVp10hz_ch2pga1.bin,250,1670,47655,1,0xA3,1,0,0,192,0,0,51824.703813,-20.809472,77370.800078,78016.497195,68382.024765,0.000000,0.000000,0.000000
6.686408,5uVp10hz_ch2pga1.bin,250,1671,47656,1,0xA3,1,0,0,192,0,0,51828.637719,-20.876527,77377.416193,78023.783863,68387.143314,0.000000,0.000000,0.000000
6.690408,5uVp10hz_ch2pga1.bin,250,1672,47657,1,0xA3,1,0,0,192,0,0,51832.526922,-20.876527,77383.875847,78030.958772,68391.993642,0.000000,0.000000,0.000000
6.694411,5uVp10hz_ch2pga1.bin,250,1673,47658,1,0xA3,1,0,0,192,0,0,51836.349070,-20.965934,77390.402555,78038.111329,68397.022784,0.000000,0.000000,0.000000
6.698414,5uVp10hz_ch2pga1.bin,250,1674,47659,1,0xA3,1,0,0,192,0,0,51840.193570,-20.965934,77396.906912,78045.353293,68401.940167,0.000000,0.000000,0.000000
6.702413,5uVp10hz_ch2pga1.bin,250,1675,47660,1,0xA3,1,0,0,192,0,0,51844.105124,-20.988286,77403.500676,78052.550554,68406.924605,0.000000,0.000000,0.000000
6.706415,5uVp10hz_ch2pga1.bin,250,1676,47661,1,0xA3,1,0,0,192,0,0,51847.904921,-21.055341,77409.893274,78059.636056,68411.819637,0.000000,0.000000,0.000000
6.710415,5uVp10hz_ch2pga1.bin,250,1677,47662,1,0xA3,1,0,0,192,0,0,51851.637661,-21.055341,77416.263521,78066.833317,68416.759372,0.000000,0.000000,0.000000
6.714418,5uVp10hz_ch2pga1.bin,250,1678,47663,1,0xA3,1,0,0,192,0,0,51855.459809,-21.032989,77422.812581,78074.030578,68421.766162,0.000000,0.000000,0.000000
6.718421,5uVp10hz_ch2pga1.bin,250,1679,47664,1,0xA3,1,0,0,192,0,0,51859.393716,-21.077693,77429.339290,78081.272542,68426.661193,0.000000,0.000000,0.000000
6.722420,5uVp10hz_ch2pga1.bin,250,1680,47665,1,0xA3,1,0,0,192,0,0,51863.349974,-21.100044,77436.000109,78088.559210,68431.623280,0.000000,0.000000,0.000000
6.726421,5uVp10hz_ch2pga1.bin,250,1681,47666,1,0xA3,1,0,0,192,0,0,51867.082715,-21.100044,77442.348003,78095.734119,68436.652422,0.000000,0.000000,0.000000
6.730423,5uVp10hz_ch2pga1.bin,250,1682,47667,1,0xA3,1,0,0,192,0,0,51870.860159,-21.055341,77448.807657,78102.886677,68441.547453,0.000000,0.000000,0.000000
6.734425,5uVp10hz_ch2pga1.bin,250,1683,47668,1,0xA3,1,0,0,192,0,0,51874.548197,-21.122396,77455.222607,78109.860420,68446.420133,0.000000,0.000000,0.000000
6.738425,5uVp10hz_ch2pga1.bin,250,1684,47669,1,0xA3,1,0,0,192,0,0,51878.392696,-20.988286,77461.704612,78117.080033,68451.382220,0.000000,0.000000,0.000000
6.742427,5uVp10hz_ch2pga1.bin,250,1685,47670,1,0xA3,1,0,0,192,0,0,51882.281899,-20.965934,77468.253672,78124.321997,68456.344306,0.000000,0.000000,0.000000
6.746430,5uVp10hz_ch2pga1.bin,250,1686,47671,1,0xA3,1,0,0,192,0,0,51886.238158,-20.988286,77474.802732,78131.563962,68461.328745,0.000000,0.000000,0.000000
6.750428,5uVp10hz_ch2pga1.bin,250,1687,47672,1,0xA3,1,0,0,192,0,0,51890.149713,-20.876527,77481.374145,78138.850629,68466.380239,0.000000,0.000000,0.000000
6.754431,5uVp10hz_ch2pga1.bin,250,1688,47673,1,0xA3,1,0,0,192,0,0,51894.061267,-20.831823,77487.878501,78146.025538,68471.454084,0.000000,0.000000,0.000000
6.758433,5uVp10hz_ch2pga1.bin,250,1689,47674,1,0xA3,1,0,0,192,0,0,51897.905767,-20.831823,77494.360507,78153.289855,68476.416171,0.000000,0.000000,0.000000
6.762435,5uVp10hz_ch2pga1.bin,250,1690,47675,1,0xA3,1,0,0,192,0,0,51901.794970,-20.854175,77500.954270,78160.554171,68481.400609,0.000000,0.000000,0.000000
6.766434,5uVp10hz_ch2pga1.bin,250,1691,47676,1,0xA3,1,0,0,192,0,0,51905.661821,-20.921230,77507.436275,78167.684376,68486.317992,0.000000,0.000000,0.000000
6.770437,5uVp10hz_ch2pga1.bin,250,1692,47677,1,0xA3,1,0,0,192,0,0,51909.528673,-20.831823,77513.918281,78174.859285,68491.235375,0.000000,0.000000,0.000000
6.774436,5uVp10hz_ch2pga1.bin,250,1693,47678,1,0xA3,1,0,0,192,0,0,51913.283765,-20.854175,77520.333230,78182.056546,68496.041000,0.000000,0.000000,0.000000
6.778438,5uVp10hz_ch2pga1.bin,250,1694,47679,1,0xA3,1,0,0,192,0,0,51917.061210,-20.876527,77526.815236,78189.186752,68501.047790,0.000000,0.000000,0.000000
6.782441,5uVp10hz_ch2pga1.bin,250,1695,47680,1,0xA3,1,0,0,192,0,0,51920.928061,-20.921230,77533.386648,78196.473420,68506.099284,0.000000,0.000000,0.000000
6.786442,5uVp10hz_ch2pga1.bin,250,1696,47681,1,0xA3,1,0,0,192,0,0,51924.884319,-20.921230,77539.846301,78203.737736,68511.061370,0.000000,0.000000,0.000000
6.790441,5uVp10hz_ch2pga1.bin,250,1697,47682,1,0xA3,1,0,0,192,0,0,51928.639412,-20.988286,77546.350658,78210.890293,68515.978754,0.000000,0.000000,0.000000
6.794444,5uVp10hz_ch2pga1.bin,250,1698,47683,1,0xA3,1,0,0,192,0,0,51932.461560,-21.010637,77552.855015,78217.998147,68520.918489,0.000000,0.000000,0.000000
6.798447,5uVp10hz_ch2pga1.bin,250,1699,47684,1,0xA3,1,0,0,192,0,0,51936.328411,-20.943582,77559.269965,78225.128353,68525.835872,0.000000,0.000000,0.000000
6.802445,5uVp10hz_ch2pga1.bin,250,1700,47685,1,0xA3,1,0,0,192,0,0,51940.150559,-21.055341,77565.707266,78232.347965,68530.842662,0.000000,0.000000,0.000000
6.806448,5uVp10hz_ch2pga1.bin,250,1701,47686,1,0xA3,1,0,0,192,0,0,51943.995059,-21.055341,77572.278678,78239.656985,68535.804749,0.000000,0.000000,0.000000
6.810451,5uVp10hz_ch2pga1.bin,250,1702,47687,1,0xA3,1,0,0,192,0,0,51947.861910,-21.010637,77578.894794,78247.033060,68540.856242,0.000000,0.000000,0.000000
6.814451,5uVp10hz_ch2pga1.bin,250,1703,47688,1,0xA3,1,0,0,192,0,0,51951.862872,-21.032989,77585.399151,78254.364431,68545.952439,0.000000,0.000000,0.000000
6.818454,5uVp10hz_ch2pga1.bin,250,1704,47689,1,0xA3,1,0,0,192,0,0,51955.796778,-21.055341,77591.948211,78261.584044,68550.936878,0.000000,0.000000,0.000000
6.822453,5uVp10hz_ch2pga1.bin,250,1705,47690,1,0xA3,1,0,0,192,0,0,51959.618926,-21.122396,77598.519623,78268.714249,68555.898964,0.000000,0.000000,0.000000
6.826455,5uVp10hz_ch2pga1.bin,250,1706,47691,1,0xA3,1,0,0,192,0,0,51963.508129,-21.144748,77605.001628,78275.956213,68560.905755,0.000000,0.000000,0.000000
6.830457,5uVp10hz_ch2pga1.bin,250,1707,47692,1,0xA3,1,0,0,192,0,0,51967.330277,-21.100044,77611.461282,78283.220530,68565.800786,0.000000,0.000000,0.000000
6.834457,5uVp10hz_ch2pga1.bin,250,1708,47693,1,0xA3,1,0,0,192,0,0,51971.063018,-21.055341,77617.898583,78290.306032,68570.628762,0.000000,0.000000,0.000000
6.838460,5uVp10hz_ch2pga1.bin,250,1709,47694,1,0xA3,1,0,0,192,0,0,51974.929869,-21.032989,77624.380589,78297.503293,68575.635552,0.000000,0.000000,0.000000
6.842459,5uVp10hz_ch2pga1.bin,250,1710,47695,1,0xA3,1,0,0,192,0,0,51978.863776,-21.032989,77631.019056,78304.834664,68580.731750,0.000000,0.000000,0.000000
6.846460,5uVp10hz_ch2pga1.bin,250,1711,47696,1,0xA3,1,0,0,192,0,0,51982.820034,-21.010637,77637.635171,78312.143683,68585.716188,0.000000,0.000000,0.000000
6.850464,5uVp10hz_ch2pga1.bin,250,1712,47697,1,0xA3,1,0,0,192,0,0,51986.709237,-20.988286,77644.206583,78319.385648,68590.678275,0.000000,0.000000,0.000000
6.854465,5uVp10hz_ch2pga1.bin,250,1713,47698,1,0xA3,1,0,0,192,0,0,51990.643144,-20.921230,77650.845051,78326.672316,68595.774472,0.000000,0.000000,0.000000
6.858465,5uVp10hz_ch2pga1.bin,250,1714,47699,1,0xA3,1,0,0,192,0,0,51994.577050,-20.921230,77657.349408,78333.981335,68600.870669,0.000000,0.000000,0.000000
6.862468,5uVp10hz_ch2pga1.bin,250,1715,47700,1,0xA3,1,0,0,192,0,0,51998.443902,-20.921230,77664.010227,78341.245651,68605.922163,0.000000,0.000000,0.000000
6.866468,5uVp10hz_ch2pga1.bin,250,1716,47701,1,0xA3,1,0,0,192,0,0,52002.400160,-20.943582,77670.559287,78348.532319,68610.973656,0.000000,0.000000,0.000000
6.870471,5uVp10hz_ch2pga1.bin,250,1717,47702,1,0xA3,1,0,0,192,0,0,52006.401122,-20.809472,77677.153051,78355.841339,68616.002798,0.000000,0.000000,0.000000
6.874471,5uVp10hz_ch2pga1.bin,250,1718,47703,1,0xA3,1,0,0,192,0,0,52010.335028,-20.831823,77683.657408,78363.128006,68621.009588,0.000000,0.000000,0.000000
6.878474,5uVp10hz_ch2pga1.bin,250,1719,47704,1,0xA3,1,0,0,192,0,0,52014.201880,-20.809472,77690.139413,78370.347619,68626.061082,0.000000,0.000000,0.000000
6.882474,5uVp10hz_ch2pga1.bin,250,1720,47705,1,0xA3,1,0,0,192,0,0,52018.068731,-20.876527,77696.688473,78377.589583,68631.067872,0.000000,0.000000,0.000000
6.886474,5uVp10hz_ch2pga1.bin,250,1721,47706,1,0xA3,1,0,0,192,0,0,52022.024989,-20.921230,77703.282237,78384.853899,68636.097014,0.000000,0.000000,0.000000
6.890478,5uVp10hz_ch2pga1.bin,250,1722,47707,1,0xA3,1,0,0,192,0,0,52025.891840,-20.921230,77709.831297,78392.140567,68641.059101,0.000000,0.000000,0.000000
6.894479,5uVp10hz_ch2pga1.bin,250,1723,47708,1,0xA3,1,0,0,192,0,0,52029.758692,-20.965934,77716.402709,78399.382532,68646.088243,0.000000,0.000000,0.000000
6.898481,5uVp10hz_ch2pga1.bin,250,1724,47709,1,0xA3,1,0,0,192,0,0,52033.714950,-21.032989,77722.929418,78406.691551,68651.162088,0.000000,0.000000,0.000000
6.902484,5uVp10hz_ch2pga1.bin,250,1725,47710,1,0xA3,1,0,0,192,0,0,52037.671208,-21.010637,77729.545534,78414.045274,68656.258285,0.000000,0.000000,0.000000
6.906483,5uVp10hz_ch2pga1.bin,250,1726,47711,1,0xA3,1,0,0,192,0,0,52041.649818,-21.055341,77736.116946,78421.331942,68661.287427,0.000000,0.000000,0.000000
6.910483,5uVp10hz_ch2pga1.bin,250,1727,47712,1,0xA3,1,0,0,192,0,0,52045.561373,-21.100044,77742.777765,78428.640962,68666.271865,0.000000,0.000000,0.000000
6.914487,5uVp10hz_ch2pga1.bin,250,1728,47713,1,0xA3,1,0,0,192,0,0,52049.450576,-21.100044,77749.416232,78435.949981,68671.278656,0.000000,0.000000,0.000000
6.918487,5uVp10hz_ch2pga1.bin,250,1729,47714,1,0xA3,1,0,0,192,0,0,52053.384483,-21.077693,77755.920589,78443.169594,68676.307797,0.000000,0.000000,0.000000
6.922491,5uVp10hz_ch2pga1.bin,250,1730,47715,1,0xA3,1,0,0,192,0,0,52057.519555,-21.100044,77762.626112,78450.568020,68681.426346,0.000000,0.000000,0.000000
6.926491,5uVp10hz_ch2pga1.bin,250,1731,47716,1,0xA3,1,0,0,192,0,0,52061.475813,-21.077693,77769.309282,78458.078206,68686.656654,0.000000,0.000000,0.000000
6.930494,5uVp10hz_ch2pga1.bin,250,1732,47717,1,0xA3,1,0,0,192,0,0,52065.365016,-21.077693,77775.925398,78465.431929,68691.730499,0.000000,0.000000,0.000000
6.934494,5uVp10hz_ch2pga1.bin,250,1733,47718,1,0xA3,1,0,0,192,0,0,52069.343626,-21.055341,77782.474458,78472.673893,68696.737289,0.000000,0.000000,0.000000
6.938495,5uVp10hz_ch2pga1.bin,250,1734,47719,1,0xA3,1,0,0,192,0,0,52073.210478,-21.100044,77788.978815,78479.893506,68701.677024,0.000000,0.000000,0.000000
6.942497,5uVp10hz_ch2pga1.bin,250,1735,47720,1,0xA3,1,0,0,192,0,0,52077.077329,-21.010637,77795.550227,78487.157822,68706.795573,0.000000,0.000000,0.000000
6.946500,5uVp10hz_ch2pga1.bin,250,1736,47721,1,0xA3,1,0,0,192,0,0,52081.100643,-20.943582,77802.099288,78494.578600,68711.914122,0.000000,0.000000,0.000000
6.950499,5uVp10hz_ch2pga1.bin,250,1737,47722,1,0xA3,1,0,0,192,0,0,52085.123956,-20.943582,77808.737755,78501.842916,68716.898561,0.000000,0.000000,0.000000
6.954503,5uVp10hz_ch2pga1.bin,250,1738,47723,1,0xA3,1,0,0,192,0,0,52088.968456,-20.831823,77815.398574,78509.062529,68721.905351,0.000000,0.000000,0.000000
6.958503,5uVp10hz_ch2pga1.bin,250,1739,47724,1,0xA3,1,0,0,192,0,0,52092.745900,-20.831823,77821.947634,78516.282141,68726.867437,0.000000,0.000000,0.000000
6.962506,5uVp10hz_ch2pga1.bin,250,1740,47725,1,0xA3,1,0,0,192,0,0,52096.612751,-20.898879,77828.496695,78523.658216,68731.941283,0.000000,0.000000,0.000000
6.966506,5uVp10hz_ch2pga1.bin,250,1741,47726,1,0xA3,1,0,0,192,0,0,52100.591362,-20.898879,77835.023403,78530.922532,68737.037480,0.000000,0.000000,0.000000
6.970507,5uVp10hz_ch2pga1.bin,250,1742,47727,1,0xA3,1,0,0,192,0,0,52104.547620,-20.876527,77841.550112,78538.186848,68741.977215,0.000000,0.000000,0.000000
6.974510,5uVp10hz_ch2pga1.bin,250,1743,47728,1,0xA3,1,0,0,192,0,0,52108.392119,-20.898879,77848.054469,78545.451164,68746.939301,0.000000,0.000000,0.000000
6.978510,5uVp10hz_ch2pga1.bin,250,1744,47729,1,0xA3,1,0,0,192,0,0,52112.326026,-20.921230,77854.648232,78552.693129,68752.013147,0.000000,0.000000,0.000000
6.982514,5uVp10hz_ch2pga1.bin,250,1745,47730,1,0xA3,1,0,0,192,0,0,52116.215229,-20.943582,77861.219645,78559.979796,68757.086992,0.000000,0.000000,0.000000
6.986514,5uVp10hz_ch2pga1.bin,250,1746,47731,1,0xA3,1,0,0,192,0,0,52120.082080,-20.854175,77867.746353,78567.288816,68762.093782,0.000000,0.000000,0.000000
6.990518,5uVp10hz_ch2pga1.bin,250,1747,47732,1,0xA3,1,0,0,192,0,0,52123.881876,-20.876527,77874.273062,78574.508429,68767.011166,0.000000,0.000000,0.000000
6.994517,5uVp10hz_ch2pga1.bin,250,1748,47733,1,0xA3,1,0,0,192,0,0,52127.704024,-20.921230,77880.911529,78581.750393,68772.062659,0.000000,0.000000,0.000000
6.998521,5uVp10hz_ch2pga1.bin,250,1749,47734,1,0xA3,1,0,0,192,0,0,52131.548524,-20.965934,77887.348831,78588.925302,68777.069449,0.000000,0.000000,0.000000
7.002521,5uVp10hz_ch2pga1.bin,250,1750,47735,1,0xA3,1,0,0,192,0,0,52135.571837,-21.055341,77893.897891,78596.234322,68782.098591,0.000000,0.000000,0.000000
7.006521,5uVp10hz_ch2pga1.bin,250,1751,47736,1,0xA3,1,0,0,192,0,0,52139.639854,-21.032989,77900.648117,78603.565693,68787.217140,0.000000,0.000000,0.000000
7.010524,5uVp10hz_ch2pga1.bin,250,1752,47737,1,0xA3,1,0,0,192,0,0,52143.663168,-21.077693,77907.375991,78610.986471,68792.290986,0.000000,0.000000,0.000000
7.014524,5uVp10hz_ch2pga1.bin,250,1753,47738,1,0xA3,1,0,0,192,0,0,52147.641778,-21.055341,77913.835645,78618.295491,68797.387183,0.000000,0.000000,0.000000
7.018527,5uVp10hz_ch2pga1.bin,250,1754,47739,1,0xA3,1,0,0,192,0,0,52151.575685,-21.010637,77920.496464,78625.582159,68802.416325,0.000000,0.000000,0.000000
7.022527,5uVp10hz_ch2pga1.bin,250,1755,47740,1,0xA3,1,0,0,192,0,0,52155.241370,-20.988286,77926.978469,78632.779419,68807.356060,0.000000,0.000000,0.000000
7.026531,5uVp10hz_ch2pga1.bin,250,1756,47741,1,0xA3,1,0,0,192,0,0,52159.108222,-21.032989,77933.505177,78639.999032,68812.340498,0.000000,0.000000,0.000000
7.030530,5uVp10hz_ch2pga1.bin,250,1757,47742,1,0xA3,1,0,0,192,0,0,52162.952721,-21.055341,77939.987183,78647.263348,68817.302585,0.000000,0.000000,0.000000
7.034533,5uVp10hz_ch2pga1.bin,250,1758,47743,1,0xA3,1,0,0,192,0,0,52166.797221,-21.032989,77946.491539,78654.550016,68822.264671,0.000000,0.000000,0.000000
7.038533,5uVp10hz_ch2pga1.bin,250,1759,47744,1,0xA3,1,0,0,192,0,0,52170.775831,-21.010637,77953.219414,78661.993146,68827.450275,0.000000,0.000000,0.000000
7.042537,5uVp10hz_ch2pga1.bin,250,1760,47745,1,0xA3,1,0,0,192,0,0,52174.843848,-20.988286,77959.924936,78669.302166,68832.613528,0.000000,0.000000,0.000000
7.046537,5uVp10hz_ch2pga1.bin,250,1761,47746,1,0xA3,1,0,0,192,0,0,52178.867161,-20.965934,77966.563404,78676.767647,68837.709725,0.000000,0.000000,0.000000
7.050540,5uVp10hz_ch2pga1.bin,250,1762,47747,1,0xA3,1,0,0,192,0,0,52182.801068,-20.943582,77973.157167,78684.076667,68842.761219,0.000000,0.000000,0.000000
7.054539,5uVp10hz_ch2pga1.bin,250,1763,47748,1,0xA3,1,0,0,192,0,0,52186.757326,-20.943582,77979.817986,78691.385686,68847.812712,0.000000,0.000000,0.000000
7.058543,5uVp10hz_ch2pga1.bin,250,1764,47749,1,0xA3,1,0,0,192,0,0,52190.713584,-20.921230,77986.411750,78698.761761,68852.886558,0.000000,0.000000,0.000000
7.062543,5uVp10hz_ch2pga1.bin,250,1765,47750,1,0xA3,1,0,0,192,0,0,52194.692194,-20.876527,77993.027866,78706.160188,68858.027458,0.000000,0.000000,0.000000
7.066546,5uVp10hz_ch2pga1.bin,250,1766,47751,1,0xA3,1,0,0,192,0,0,52198.782563,-20.854175,77999.733388,78713.536263,68863.168359,0.000000,0.000000,0.000000
7.070546,5uVp10hz_ch2pga1.bin,250,1767,47752,1,0xA3,1,0,0,192,0,0,52202.694118,-20.831823,78006.327152,78720.822930,68868.197501,0.000000,0.000000,0.000000
7.074550,5uVp10hz_ch2pga1.bin,250,1768,47753,1,0xA3,1,0,0,192,0,0,52206.404507,-20.876527,78012.742102,78727.997839,68873.047829,0.000000,0.000000,0.000000
7.078550,5uVp10hz_ch2pga1.bin,250,1769,47754,1,0xA3,1,0,0,192,0,0,52210.226655,-20.876527,78019.268811,78735.195100,68877.965212,0.000000,0.000000,0.000000
7.082550,5uVp10hz_ch2pga1.bin,250,1770,47755,1,0xA3,1,0,0,192,0,0,52214.205265,-20.943582,78025.840223,78742.459416,68883.016706,0.000000,0.000000,0.000000
7.086553,5uVp10hz_ch2pga1.bin,250,1771,47756,1,0xA3,1,0,0,192,0,0,52218.072116,-20.943582,78032.478690,78749.835491,68888.157606,0.000000,0.000000,0.000000
7.090553,5uVp10hz_ch2pga1.bin,250,1772,47757,1,0xA3,1,0,0,192,0,0,52221.916616,-20.854175,78039.005399,78757.099807,68893.142045,0.000000,0.000000,0.000000
7.094556,5uVp10hz_ch2pga1.bin,250,1773,47758,1,0xA3,1,0,0,192,0,0,52225.872874,-20.898879,78045.554459,78764.364123,68898.327649,0.000000,0.000000,0.000000
7.098558,5uVp10hz_ch2pga1.bin,250,1774,47759,1,0xA3,1,0,0,192,0,0,52229.851484,-20.965934,78052.259982,78771.740198,68903.401494,0.000000,0.000000,0.000000
7.102557,5uVp10hz_ch2pga1.bin,250,1775,47760,1,0xA3,1,0,0,192,0,0,52233.830094,-21.122396,78058.898449,78779.183328,68908.385932,0.000000,0.000000,0.000000
7.106560,5uVp10hz_ch2pga1.bin,250,1776,47761,1,0xA3,1,0,0,192,0,0,52237.741649,-21.100044,78065.469861,78786.514699,68913.415074,0.000000,0.000000,0.000000
7.110559,5uVp10hz_ch2pga1.bin,250,1777,47762,1,0xA3,1,0,0,192,0,0,52241.519094,-21.055341,78071.884811,78793.734312,68918.287754,0.000000,0.000000,0.000000
7.114563,5uVp10hz_ch2pga1.bin,250,1778,47763,1,0xA3,1,0,0,192,0,0,52245.274186,-21.055341,78078.456223,78800.864518,68923.227489,0.000000,0.000000,0.000000
7.118563,5uVp10hz_ch2pga1.bin,250,1779,47764,1,0xA3,1,0,0,192,0,0,52249.297500,-21.122396,78085.117042,78808.128834,68928.457797,0.000000,0.000000,0.000000
7.122567,5uVp10hz_ch2pga1.bin,250,1780,47765,1,0xA3,1,0,0,192,0,0,52253.298461,-21.055341,78091.800213,78815.661371,68933.643401,0.000000,0.000000,0.000000
7.126567,5uVp10hz_ch2pga1.bin,250,1781,47766,1,0xA3,1,0,0,192,0,0,52257.411182,-21.100044,78098.528087,78823.171556,68938.806653,0.000000,0.000000,0.000000
7.130570,5uVp10hz_ch2pga1.bin,250,1782,47767,1,0xA3,1,0,0,192,0,0,52261.367440,-21.144748,78105.166554,78830.480576,68943.902850,0.000000,0.000000,0.000000
7.134569,5uVp10hz_ch2pga1.bin,250,1783,47768,1,0xA3,1,0,0,192,0,0,52265.211940,-21.100044,78111.693263,78837.700188,68948.820233,0.000000,0.000000,0.000000
7.138573,5uVp10hz_ch2pga1.bin,250,1784,47769,1,0xA3,1,0,0,192,0,0,52269.190550,-20.988286,78118.398786,78845.098615,68953.916430,0.000000,0.000000,0.000000
7.142574,5uVp10hz_ch2pga1.bin,250,1785,47770,1,0xA3,1,0,0,192,0,0,52273.280919,-20.988286,78125.059605,78852.519393,68959.012628,0.000000,0.000000,0.000000
7.146573,5uVp10hz_ch2pga1.bin,250,1786,47771,1,0xA3,1,0,0,192,0,0,52277.080715,-20.943582,78131.698072,78859.828413,68964.086473,0.000000,0.000000,0.000000
7.150577,5uVp10hz_ch2pga1.bin,250,1787,47772,1,0xA3,1,0,0,192,0,0,52281.036973,-20.988286,78138.202429,78867.092729,68969.070911,0.000000,0.000000,0.000000
7.154577,5uVp10hz_ch2pga1.bin,250,1788,47773,1,0xA3,1,0,0,192,0,0,52284.970880,-20.988286,78144.796193,78874.513507,68974.211812,0.000000,0.000000,0.000000
7.158581,5uVp10hz_ch2pga1.bin,250,1789,47774,1,0xA3,1,0,0,192,0,0,52288.904786,-20.943582,78151.479363,78881.822526,68979.330361,0.000000,0.000000,0.000000
7.162581,5uVp10hz_ch2pga1.bin,250,1790,47775,1,0xA3,1,0,0,192,0,0,52292.861044,-20.854175,78158.184886,78889.243305,68984.426558,0.000000,0.000000,0.000000
7.166585,5uVp10hz_ch2pga1.bin,250,1791,47776,1,0xA3,1,0,0,192,0,0,52296.750247,-20.831823,78164.733946,78896.552324,68989.433348,0.000000,0.000000,0.000000
7.170585,5uVp10hz_ch2pga1.bin,250,1792,47777,1,0xA3,1,0,0,192,0,0,52300.751209,-20.876527,78171.283007,78903.838992,68994.484842,0.000000,0.000000,0.000000
7.174585,5uVp10hz_ch2pga1.bin,250,1793,47778,1,0xA3,1,0,0,192,0,0,52304.528654,-20.921230,78177.809715,78911.103308,68999.335170,0.000000,0.000000,0.000000
7.178589,5uVp10hz_ch2pga1.bin,250,1794,47779,1,0xA3,1,0,0,192,0,0,52308.306098,-20.943582,78184.336424,78918.300569,69004.341960,0.000000,0.000000,0.000000
7.182588,5uVp10hz_ch2pga1.bin,250,1795,47780,1,0xA3,1,0,0,192,0,0,52312.441170,-20.921230,78191.064298,78925.743699,69009.549916,0.000000,0.000000,0.000000
7.186592,5uVp10hz_ch2pga1.bin,250,1796,47781,1,0xA3,1,0,0,192,0,0,52316.442132,-20.943582,78197.792172,78933.186829,69014.646113,0.000000,0.000000,0.000000
7.190591,5uVp10hz_ch2pga1.bin,250,1797,47782,1,0xA3,1,0,0,192,0,0,52320.331335,-20.965934,78204.341233,78940.562904,69019.675255,0.000000,0.000000,0.000000
7.194595,5uVp10hz_ch2pga1.bin,250,1798,47783,1,0xA3,1,0,0,192,0,0,52324.131131,-20.965934,78210.845590,78947.760165,69024.592638,0.000000,0.000000,0.000000
7.198595,5uVp10hz_ch2pga1.bin,250,1799,47784,1,0xA3,1,0,0,192,0,0,52328.065038,-21.032989,78217.439353,78955.024481,69029.621780,0.000000,0.000000,0.000000
7.202597,5uVp10hz_ch2pga1.bin,250,1800,47785,1,0xA3,1,0,0,192,0,0,52331.976593,-21.032989,78224.010766,78962.221742,69034.807384,0.000000,0.000000,0.000000
7.206597,5uVp10hz_ch2pga1.bin,250,1801,47786,1,0xA3,1,0,0,192,0,0,52335.843444,-21.032989,78230.671585,78969.620168,69039.791822,0.000000,0.000000,0.000000
7.210599,5uVp10hz_ch2pga1.bin,250,1802,47787,1,0xA3,1,0,0,192,0,0,52339.754999,-21.055341,78237.265348,78976.973891,69044.888020,0.000000,0.000000,0.000000
7.214600,5uVp10hz_ch2pga1.bin,250,1803,47788,1,0xA3,1,0,0,192,0,0,52343.733609,-21.032989,78243.926167,78984.305263,69049.984217,0.000000,0.000000,0.000000
7.218603,5uVp10hz_ch2pga1.bin,250,1804,47789,1,0xA3,1,0,0,192,0,0,52347.667515,-21.122396,78250.519931,78991.636634,69055.058062,0.000000,0.000000,0.000000
7.222606,5uVp10hz_ch2pga1.bin,250,1805,47790,1,0xA3,1,0,0,192,0,0,52351.601422,-21.122396,78257.158399,78998.968005,69060.109556,0.000000,0.000000,0.000000
7.226606,5uVp10hz_ch2pga1.bin,250,1806,47791,1,0xA3,1,0,0,192,0,0,52355.557680,-21.077693,78263.707459,79006.388783,69065.161049,0.000000,0.000000,0.000000
7.230606,5uVp10hz_ch2pga1.bin,250,1807,47792,1,0xA3,1,0,0,192,0,0,52359.357476,-21.055341,78270.189464,79013.608396,69070.056081,0.000000,0.000000,0.000000
7.234609,5uVp10hz_ch2pga1.bin,250,1808,47793,1,0xA3,1,0,0,192,0,0,52363.224328,-21.055341,78276.716173,79020.828009,69075.040519,0.000000,0.000000,0.000000
7.238611,5uVp10hz_ch2pga1.bin,250,1809,47794,1,0xA3,1,0,0,192,0,0,52367.292345,-21.032989,78283.376992,79028.204083,69080.092013,0.000000,0.000000,0.000000
7.242611,5uVp10hz_ch2pga1.bin,250,1810,47795,1,0xA3,1,0,0,192,0,0,52371.226251,-20.965934,78290.171921,79035.669565,69085.389376,0.000000,0.000000,0.000000
7.246615,5uVp10hz_ch2pga1.bin,250,1811,47796,1,0xA3,1,0,0,192,0,0,52375.227213,-20.943582,78296.855092,79043.023288,69090.530276,0.000000,0.000000,0.000000
7.250614,5uVp10hz_ch2pga1.bin,250,1812,47797,1,0xA3,1,0,0,192,0,0,52379.116416,-20.876527,78303.381801,79050.377011,69095.514715,0.000000,0.000000,0.000000
7.254617,5uVp10hz_ch2pga1.bin,250,1813,47798,1,0xA3,1,0,0,192,0,0,52382.960916,-20.921230,78309.908509,79057.686031,69100.432098,0.000000,0.000000,0.000000
7.258617,5uVp10hz_ch2pga1.bin,250,1814,47799,1,0xA3,1,0,0,192,0,0,52386.805415,-20.876527,78316.457570,79064.860940,69105.394185,0.000000,0.000000,0.000000
7.262621,5uVp10hz_ch2pga1.bin,250,1815,47800,1,0xA3,1,0,0,192,0,0,52390.672266,-20.876527,78322.961926,79072.147608,69110.378623,0.000000,0.000000,0.000000
7.266621,5uVp10hz_ch2pga1.bin,250,1816,47801,1,0xA3,1,0,0,192,0,0,52394.583821,-20.876527,78329.645097,79079.523683,69115.541875,0.000000,0.000000,0.000000
7.270621,5uVp10hz_ch2pga1.bin,250,1817,47802,1,0xA3,1,0,0,192,0,0,52398.473024,-20.854175,78336.127102,79086.810350,69120.638072,0.000000,0.000000,0.000000
7.274625,5uVp10hz_ch2pga1.bin,250,1818,47803,1,0xA3,1,0,0,192,0,0,52402.406931,-20.876527,78342.810273,79094.164073,69125.577807,0.000000,0.000000,0.000000
7.278625,5uVp10hz_ch2pga1.bin,250,1819,47804,1,0xA3,1,0,0,192,0,0,52406.340837,-21.010637,78349.471092,79101.473093,69130.606949,0.000000,0.000000,0.000000
7.282628,5uVp10hz_ch2pga1.bin,250,1820,47805,1,0xA3,1,0,0,192,0,0,52410.162985,-21.032989,78355.997801,79108.804464,69135.569036,0.000000,0.000000,0.000000
7.286628,5uVp10hz_ch2pga1.bin,250,1821,47806,1,0xA3,1,0,0,192,0,0,52413.962781,-20.921230,78362.569213,79116.135836,69140.665233,0.000000,0.000000,0.000000
7.290631,5uVp10hz_ch2pga1.bin,250,1822,47807,1,0xA3,1,0,0,192,0,0,52417.941391,-20.876527,78369.073570,79123.467207,69145.649672,0.000000,0.000000,0.000000
7.294630,5uVp10hz_ch2pga1.bin,250,1823,47808,1,0xA3,1,0,0,192,0,0,52421.897650,-20.921230,78375.779092,79130.820930,69150.745869,0.000000,0.000000,0.000000
7.298633,5uVp10hz_ch2pga1.bin,250,1824,47809,1,0xA3,1,0,0,192,0,0,52425.920963,-20.988286,78382.529318,79138.286412,69155.953825,0.000000,0.000000,0.000000
7.302633,5uVp10hz_ch2pga1.bin,250,1825,47810,1,0xA3,1,0,0,192,0,0,52429.921925,-20.988286,78389.234841,79145.729542,69161.050022,0.000000,0.000000,0.000000
7.306636,5uVp10hz_ch2pga1.bin,250,1826,47811,1,0xA3,1,0,0,192,0,0,52433.878183,-20.988286,78395.895660,79153.016210,69166.146219,0.000000,0.000000,0.000000
7.310638,5uVp10hz_ch2pga1.bin,250,1827,47812,1,0xA3,1,0,0,192,0,0,52437.633276,-21.032989,78402.422369,79160.258174,69171.108305,0.000000,0.000000,0.000000
7.314638,5uVp10hz_ch2pga1.bin,250,1828,47813,1,0xA3,1,0,0,192,0,0,52441.477776,-21.032989,78408.859670,79167.500138,69176.048040,0.000000,0.000000,0.000000
7.318641,5uVp10hz_ch2pga1.bin,250,1829,47814,1,0xA3,1,0,0,192,0,0,52445.366979,-21.122396,78415.520489,79174.809158,69181.054831,0.000000,0.000000,0.000000
7.322641,5uVp10hz_ch2pga1.bin,250,1830,47815,1,0xA3,1,0,0,192,0,0,52449.434996,-21.100044,78422.315419,79182.364047,69186.285138,0.000000,0.000000,0.000000
7.326644,5uVp10hz_ch2pga1.bin,250,1831,47816,1,0xA3,1,0,0,192,0,0,52453.391254,-21.144748,78429.043293,79189.829528,69191.448390,0.000000,0.000000,0.000000
7.330643,5uVp10hz_ch2pga1.bin,250,1832,47817,1,0xA3,1,0,0,192,0,0,52457.325161,-21.122396,78435.681760,79197.183251,69196.522236,0.000000,0.000000,0.000000
7.334646,5uVp10hz_ch2pga1.bin,250,1833,47818,1,0xA3,1,0,0,192,0,0,52461.080253,-21.010637,78442.186117,79204.469919,69201.394916,0.000000,0.000000,0.000000
7.338646,5uVp10hz_ch2pga1.bin,250,1834,47819,1,0xA3,1,0,0,192,0,0,52464.924753,-21.055341,78448.712826,79211.711884,69206.424057,0.000000,0.000000,0.000000
7.342649,5uVp10hz_ch2pga1.bin,250,1835,47820,1,0xA3,1,0,0,192,0,0,52468.903363,-21.032989,78455.284238,79219.043255,69211.587310,0.000000,0.000000,0.000000
7.346652,5uVp10hz_ch2pga1.bin,250,1836,47821,1,0xA3,1,0,0,192,0,0,52472.658455,-20.943582,78461.788595,79226.352274,69216.437638,0.000000,0.000000,0.000000
7.350652,5uVp10hz_ch2pga1.bin,250,1837,47822,1,0xA3,1,0,0,192,0,0,52476.502955,-20.921230,78468.315303,79233.594239,69221.399724,0.000000,0.000000,0.000000
7.354651,5uVp10hz_ch2pga1.bin,250,1838,47823,1,0xA3,1,0,0,192,0,0,52480.459213,-20.943582,78474.931419,79240.947962,69226.451218,0.000000,0.000000,0.000000
7.358655,5uVp10hz_ch2pga1.bin,250,1839,47824,1,0xA3,1,0,0,192,0,0,52484.437823,-20.876527,78481.703997,79248.324037,69231.592119,0.000000,0.000000,0.000000
7.362655,5uVp10hz_ch2pga1.bin,250,1840,47825,1,0xA3,1,0,0,192,0,0,52488.438785,-20.876527,78488.320112,79255.789518,69236.643612,0.000000,0.000000,0.000000
7.366658,5uVp10hz_ch2pga1.bin,250,1841,47826,1,0xA3,1,0,0,192,0,0,52492.372692,-20.831823,78494.936228,79263.187945,69241.739810,0.000000,0.000000,0.000000
7.370658,5uVp10hz_ch2pga1.bin,250,1842,47827,1,0xA3,1,0,0,192,0,0,52496.194839,-20.831823,78501.619399,79270.496964,69246.768951,0.000000,0.000000,0.000000
7.374661,5uVp10hz_ch2pga1.bin,250,1843,47828,1,0xA3,1,0,0,192,0,0,52500.106394,-20.831823,78508.213162,79277.738929,69251.753390,0.000000,0.000000,0.000000
7.378661,5uVp10hz_ch2pga1.bin,250,1844,47829,1,0xA3,1,0,0,192,0,0,52503.950894,-20.854175,78514.717519,79284.958541,69256.715477,0.000000,0.000000,0.000000
7.382664,5uVp10hz_ch2pga1.bin,250,1845,47830,1,0xA3,1,0,0,192,0,0,52507.929504,-20.876527,78521.467745,79292.446375,69261.811674,0.000000,0.000000,0.000000
7.386664,5uVp10hz_ch2pga1.bin,250,1846,47831,1,0xA3,1,0,0,192,0,0,52511.975169,-20.943582,78528.195620,79299.889505,69267.064333,0.000000,0.000000,0.000000
7.390668,5uVp10hz_ch2pga1.bin,250,1847,47832,1,0xA3,1,0,0,192,0,0,52515.842021,-20.988286,78534.699976,79307.310283,69272.138178,0.000000,0.000000,0.000000
7.394667,5uVp10hz_ch2pga1.bin,250,1848,47833,1,0xA3,1,0,0,192,0,0,52519.753575,-21.032989,78541.204333,79314.641654,69277.167320,0.000000,0.000000,0.000000
7.398671,5uVp10hz_ch2pga1.bin,250,1849,47834,1,0xA3,1,0,0,192,0,0,52523.642778,-21.032989,78547.798097,79321.883619,69282.218814,0.000000,0.000000,0.000000
7.402671,5uVp10hz_ch2pga1.bin,250,1850,47835,1,0xA3,1,0,0,192,0,0,52527.464926,-21.055341,78554.481268,79329.259694,69287.203252,0.000000,0.000000,0.000000
7.406674,5uVp10hz_ch2pga1.bin,250,1851,47836,1,0xA3,1,0,0,192,0,0,52531.421185,-21.055341,78561.209142,79336.725175,69292.254746,0.000000,0.000000,0.000000
7.410674,5uVp10hz_ch2pga1.bin,250,1852,47837,1,0xA3,1,0,0,192,0,0,52535.422146,-21.167099,78567.914665,79344.078898,69297.350943,0.000000,0.000000,0.000000
7.414678,5uVp10hz_ch2pga1.bin,250,1853,47838,1,0xA3,1,0,0,192,0,0,52539.356053,-21.167099,78574.597836,79351.544380,69302.447140,0.000000,0.000000,0.000000
7.418678,5uVp10hz_ch2pga1.bin,250,1854,47839,1,0xA3,1,0,0,192,0,0,52543.289959,-21.144748,78581.124544,79358.875751,69307.476282,0.000000,0.000000,0.000000
7.422681,5uVp10hz_ch2pga1.bin,250,1855,47840,1,0xA3,1,0,0,192,0,0,52547.134459,-21.144748,78587.785363,79366.184771,69312.594831,0.000000,0.000000,0.000000
7.426681,5uVp10hz_ch2pga1.bin,250,1856,47841,1,0xA3,1,0,0,192,0,0,52551.090717,-21.077693,78594.356775,79373.516142,69317.646325,0.000000,0.000000,0.000000
7.430680,5uVp10hz_ch2pga1.bin,250,1857,47842,1,0xA3,1,0,0,192,0,0,52555.002272,-21.144748,78600.883484,79380.847514,69322.675467,0.000000,0.000000,0.000000
7.434684,5uVp10hz_ch2pga1.bin,250,1858,47843,1,0xA3,1,0,0,192,0,0,52558.824420,-21.032989,78607.477248,79388.156533,69327.704608,0.000000,0.000000,0.000000
7.438684,5uVp10hz_ch2pga1.bin,250,1859,47844,1,0xA3,1,0,0,192,0,0,52562.758327,-21.010637,78614.227474,79395.554960,69332.845509,0.000000,0.000000,0.000000
7.442688,5uVp10hz_ch2pga1.bin,250,1860,47845,1,0xA3,1,0,0,192,0,0,52566.692233,-21.032989,78620.821238,79403.020442,69337.919354,0.000000,0.000000,0.000000
7.446687,5uVp10hz_ch2pga1.bin,250,1861,47846,1,0xA3,1,0,0,192,0,0,52570.603788,-20.988286,78627.392650,79410.441220,69342.993200,0.000000,0.000000,0.000000
7.450690,5uVp10hz_ch2pga1.bin,250,1862,47847,1,0xA3,1,0,0,192,0,0,52574.604750,-20.898879,78634.075820,79417.750239,69347.999990,0.000000,0.000000,0.000000
7.454693,5uVp10hz_ch2pga1.bin,250,1863,47848,1,0xA3,1,0,0,192,0,0,52578.404546,-20.831823,78640.624881,79425.081611,69353.006780,0.000000,0.000000,0.000000
7.458691,5uVp10hz_ch2pga1.bin,250,1864,47849,1,0xA3,1,0,0,192,0,0,52582.271397,-20.831823,78647.218645,79432.480037,69358.035922,0.000000,0.000000,0.000000
7.462695,5uVp10hz_ch2pga1.bin,250,1865,47850,1,0xA3,1,0,0,192,0,0,52586.339414,-20.854175,78654.013574,79439.878464,69363.243878,0.000000,0.000000,0.000000
7.466694,5uVp10hz_ch2pga1.bin,250,1866,47851,1,0xA3,1,0,0,192,0,0,52590.385079,-20.876527,78660.808504,79447.343946,69368.474185,0.000000,0.000000,0.000000
7.470697,5uVp10hz_ch2pga1.bin,250,1867,47852,1,0xA3,1,0,0,192,0,0,52594.296634,-20.809472,78667.424619,79454.831779,69373.525679,0.000000,0.000000,0.000000
7.474697,5uVp10hz_ch2pga1.bin,250,1868,47853,1,0xA3,1,0,0,192,0,0,52598.252892,-20.854175,78674.063087,79462.163150,69378.554821,0.000000,0.000000,0.000000
7.478700,5uVp10hz_ch2pga1.bin,250,1869,47854,1,0xA3,1,0,0,192,0,0,52602.164447,-20.831823,78680.723906,79469.494522,69383.628666,0.000000,0.000000,0.000000
7.482700,5uVp10hz_ch2pga1.bin,250,1870,47855,1,0xA3,1,0,0,192,0,0,52606.098354,-20.764768,78687.384725,79476.848245,69388.702512,0.000000,0.000000,0.000000
7.486704,5uVp10hz_ch2pga1.bin,250,1871,47856,1,0xA3,1,0,0,192,0,0,52609.965205,-20.876527,78694.067895,79484.291375,69393.821061,0.000000,0.000000,0.000000
7.490703,5uVp10hz_ch2pga1.bin,250,1872,47857,1,0xA3,1,0,0,192,0,0,52613.854408,-20.943582,78700.594604,79491.645098,69398.894906,0.000000,0.000000,0.000000
7.494707,5uVp10hz_ch2pga1.bin,250,1873,47858,1,0xA3,1,0,0,192,0,0,52617.900074,-20.988286,78707.322478,79499.132931,69404.013455,0.000000,0.000000,0.000000
7.498706,5uVp10hz_ch2pga1.bin,250,1874,47859,1,0xA3,1,0,0,192,0,0,52621.901035,-21.032989,78714.095056,79506.531358,69409.221411,0.000000,0.000000,0.000000
7.502709,5uVp10hz_ch2pga1.bin,250,1875,47860,1,0xA3,1,0,0,192,0,0,52625.857294,-20.988286,78720.800579,79514.063895,69414.362311,0.000000,0.000000,0.000000
7.506709,5uVp10hz_ch2pga1.bin,250,1876,47861,1,0xA3,1,0,0,192,0,0,52629.768848,-20.988286,78727.416694,79521.462321,69419.413805,0.000000,0.000000,0.000000
7.510712,5uVp10hz_ch2pga1.bin,250,1877,47862,1,0xA3,1,0,0,192,0,0,52633.792162,-21.055341,78734.099865,79528.816044,69424.487650,0.000000,0.000000,0.000000
7.514712,5uVp10hz_ch2pga1.bin,250,1878,47863,1,0xA3,1,0,0,192,0,0,52637.659013,-21.100044,78740.738332,79536.125064,69429.516792,0.000000,0.000000,0.000000
7.518715,5uVp10hz_ch2pga1.bin,250,1879,47864,1,0xA3,1,0,0,192,0,0,52641.503513,-21.167099,78747.510910,79543.545842,69434.590638,0.000000,0.000000,0.000000
7.522715,5uVp10hz_ch2pga1.bin,250,1880,47865,1,0xA3,1,0,0,192,0,0,52645.593882,-21.211803,78754.171729,79550.988972,69439.798594,0.000000,0.000000,0.000000
7.526717,5uVp10hz_ch2pga1.bin,250,1881,47866,1,0xA3,1,0,0,192,0,0,52649.505436,-21.100044,78760.787845,79558.409750,69444.917142,0.000000,0.000000,0.000000
7.530717,5uVp10hz_ch2pga1.bin,250,1882,47867,1,0xA3,1,0,0,192,0,0,52653.416991,-21.144748,78767.426312,79565.785825,69449.990988,0.000000,0.000000,0.000000
7.534719,5uVp10hz_ch2pga1.bin,250,1883,47868,1,0xA3,1,0,0,192,0,0,52657.239139,-21.122396,78773.997724,79573.094845,69454.975426,0.000000,0.000000,0.000000
7.538722,5uVp10hz_ch2pga1.bin,250,1884,47869,1,0xA3,1,0,0,192,0,0,52661.128342,-21.032989,78780.591488,79580.470920,69460.071623,0.000000,0.000000,0.000000
7.542722,5uVp10hz_ch2pga1.bin,250,1885,47870,1,0xA3,1,0,0,192,0,0,52665.084600,-20.988286,78787.341714,79587.914050,69465.190172,0.000000,0.000000,0.000000
7.546725,5uVp10hz_ch2pga1.bin,250,1886,47871,1,0xA3,1,0,0,192,0,0,52669.063210,-20.988286,78794.002533,79595.424235,69470.375776,0.000000,0.000000,0.000000
7.550725,5uVp10hz_ch2pga1.bin,250,1887,47872,1,0xA3,1,0,0,192,0,0,52673.086524,-20.943582,78800.752759,79602.800310,69475.539029,0.000000,0.000000,0.000000
7.554728,5uVp10hz_ch2pga1.bin,250,1888,47873,1,0xA3,1,0,0,192,0,0,52677.065134,-20.988286,78807.391226,79610.154033,69480.568171,0.000000,0.000000,0.000000
7.558729,5uVp10hz_ch2pga1.bin,250,1889,47874,1,0xA3,1,0,0,192,0,0,52680.954337,-20.921230,78814.119101,79617.574811,69485.664368,0.000000,0.000000,0.000000
7.562728,5uVp10hz_ch2pga1.bin,250,1890,47875,1,0xA3,1,0,0,192,0,0,52684.888244,-20.876527,78820.824623,79625.040293,69490.849972,0.000000,0.000000,0.000000
7.566730,5uVp10hz_ch2pga1.bin,250,1891,47876,1,0xA3,1,0,0,192,0,0,52688.799798,-20.831823,78827.463090,79632.461071,69495.856762,0.000000,0.000000,0.000000
7.570732,5uVp10hz_ch2pga1.bin,250,1892,47877,1,0xA3,1,0,0,192,0,0,52692.733705,-20.831823,78834.012151,79639.837146,69500.908256,0.000000,0.000000,0.000000
7.574735,5uVp10hz_ch2pga1.bin,250,1893,47878,1,0xA3,1,0,0,192,0,0,52696.645260,-20.809472,78840.628266,79647.123814,69506.004453,0.000000,0.000000,0.000000
7.578734,5uVp10hz_ch2pga1.bin,250,1894,47879,1,0xA3,1,0,0,192,0,0,52700.601518,-20.831823,78847.400844,79654.566944,69510.988891,0.000000,0.000000,0.000000
7.582736,5uVp10hz_ch2pga1.bin,250,1895,47880,1,0xA3,1,0,0,192,0,0,52704.557776,-20.876527,78853.949904,79661.943018,69516.107440,0.000000,0.000000,0.000000
7.586739,5uVp10hz_ch2pga1.bin,250,1896,47881,1,0xA3,1,0,0,192,0,0,52708.558738,-20.943582,78860.700130,79669.408500,69521.225989,0.000000,0.000000,0.000000
7.590738,5uVp10hz_ch2pga1.bin,250,1897,47882,1,0xA3,1,0,0,192,0,0,52712.582052,-20.943582,78867.428005,79676.941037,69526.501000,0.000000,0.000000,0.000000
7.594740,5uVp10hz_ch2pga1.bin,250,1898,47883,1,0xA3,1,0,0,192,0,0,52716.515958,-20.921230,78874.021769,79684.361815,69531.485438,0.000000,0.000000,0.000000
7.598740,5uVp10hz_ch2pga1.bin,250,1899,47884,1,0xA3,1,0,0,192,0,0,52720.405161,-20.988286,78880.593181,79691.648483,69536.447525,0.000000,0.000000,0.000000
7.602743,5uVp10hz_ch2pga1.bin,250,1900,47885,1,0xA3,1,0,0,192,0,0,52724.339068,-21.032989,78887.254000,79699.069262,69541.543722,0.000000,0.000000,0.000000
7.606746,5uVp10hz_ch2pga1.bin,250,1901,47886,1,0xA3,1,0,0,192,0,0,52728.384733,-21.077693,78894.071281,79706.512392,69546.751678,0.000000,0.000000,0.000000
7.610745,5uVp10hz_ch2pga1.bin,250,1902,47887,1,0xA3,1,0,0,192,0,0,52732.273936,-21.100044,78900.776803,79713.977873,69551.803172,0.000000,0.000000,0.000000
7.614747,5uVp10hz_ch2pga1.bin,250,1903,47888,1,0xA3,1,0,0,192,0,0,52736.163139,-21.055341,78907.348216,79721.398652,69556.854665,0.000000,0.000000,0.000000
7.618757,5uVp10hz_ch2pga1.bin,250,1904,47889,1,0xA3,1,0,0,192,0,0,52740.164101,-21.032989,78914.031386,79728.841782,69561.995566,0.000000,0.000000,0.000000
7.622749,5uVp10hz_ch2pga1.bin,250,1905,47890,1,0xA3,1,0,0,192,0,0,52743.941545,-21.055341,78920.647502,79736.195505,69567.024708,0.000000,0.000000,0.000000
7.626759,5uVp10hz_ch2pga1.bin,250,1906,47891,1,0xA3,1,0,0,192,0,0,52747.718990,-21.167099,78927.218914,79743.504524,69571.986794,0.000000,0.000000,0.000000
7.630758,5uVp10hz_ch2pga1.bin,250,1907,47892,1,0xA3,1,0,0,192,0,0,52751.697600,-21.122396,78933.969140,79750.925303,69577.060640,0.000000,0.000000,0.000000
7.634760,5uVp10hz_ch2pga1.bin,250,1908,47893,1,0xA3,1,0,0,192,0,0,52755.676210,-20.988286,78940.652311,79758.368433,69582.179189,0.000000,0.000000,0.000000
7.638761,5uVp10hz_ch2pga1.bin,250,1909,47894,1,0xA3,1,0,0,192,0,0,52759.677172,-21.010637,78947.223723,79765.766859,69587.253034,0.000000,0.000000,0.000000
7.642761,5uVp10hz_ch2pga1.bin,250,1910,47895,1,0xA3,1,0,0,192,0,0,52763.745189,-21.055341,78954.130411,79773.344100,69592.460990,0.000000,0.000000,0.000000
7.646764,5uVp10hz_ch2pga1.bin,250,1911,47896,1,0xA3,1,0,0,192,0,0,52767.790854,-20.988286,78960.925341,79780.988395,69597.713649,0.000000,0.000000,0.000000
7.650763,5uVp10hz_ch2pga1.bin,250,1912,47897,1,0xA3,1,0,0,192,0,0,52771.657705,-21.032989,78967.496753,79788.275063,69602.787495,0.000000,0.000000,0.000000
7.654766,5uVp10hz_ch2pga1.bin,250,1913,47898,1,0xA3,1,0,0,192,0,0,52775.546908,-21.010637,78974.090517,79795.561731,69607.749581,0.000000,0.000000,0.000000
7.658765,5uVp10hz_ch2pga1.bin,250,1914,47899,1,0xA3,1,0,0,192,0,0,52779.480815,-20.988286,78980.818391,79802.937806,69612.801075,0.000000,0.000000,0.000000
7.662768,5uVp10hz_ch2pga1.bin,250,1915,47900,1,0xA3,1,0,0,192,0,0,52783.571184,-20.876527,78987.546265,79810.559750,69618.098438,0.000000,0.000000,0.000000
7.666769,5uVp10hz_ch2pga1.bin,250,1916,47901,1,0xA3,1,0,0,192,0,0,52787.549794,-20.809472,78994.162381,79817.958176,69623.172283,0.000000,0.000000,0.000000
7.670773,5uVp10hz_ch2pga1.bin,250,1917,47902,1,0xA3,1,0,0,192,0,0,52791.438997,-20.876527,79000.778496,79825.289547,69628.201425,0.000000,0.000000,0.000000
7.674773,5uVp10hz_ch2pga1.bin,250,1918,47903,1,0xA3,1,0,0,192,0,0,52795.462310,-20.876527,79007.551074,79832.755029,69633.364677,0.000000,0.000000,0.000000
7.678772,5uVp10hz_ch2pga1.bin,250,1919,47904,1,0xA3,1,0,0,192,0,0,52799.373865,-20.876527,79014.167190,79840.175807,69638.416171,0.000000,0.000000,0.000000
7.682775,5uVp10hz_ch2pga1.bin,250,1920,47905,1,0xA3,1,0,0,192,0,0,52803.307772,-20.876527,79020.962119,79847.641289,69643.579423,0.000000,0.000000,0.000000
7.686778,5uVp10hz_ch2pga1.bin,250,1921,47906,1,0xA3,1,0,0,192,0,0,52807.331085,-20.921230,79027.757049,79855.039716,69648.697972,0.000000,0.000000,0.000000
7.690777,5uVp10hz_ch2pga1.bin,250,1922,47907,1,0xA3,1,0,0,192,0,0,52811.332047,-20.898879,79034.462571,79862.527549,69653.861225,0.000000,0.000000,0.000000
7.694780,5uVp10hz_ch2pga1.bin,250,1923,47908,1,0xA3,1,0,0,192,0,0,52815.221250,-20.943582,79040.966928,79869.836569,69658.935070,0.000000,0.000000,0.000000
7.698783,5uVp10hz_ch2pga1.bin,250,1924,47909,1,0xA3,1,0,0,192,0,0,52819.088101,-21.055341,79047.627747,79877.279699,69663.986564,0.000000,0.000000,0.000000
7.702782,5uVp10hz_ch2pga1.bin,250,1925,47910,1,0xA3,1,0,0,192,0,0,52823.245525,-21.032989,79054.556787,79884.901643,69669.306278,0.000000,0.000000,0.000000
7.706785,5uVp10hz_ch2pga1.bin,250,1926,47911,1,0xA3,1,0,0,192,0,0,52827.224135,-20.965934,79061.307013,79892.389476,69674.536586,0.000000,0.000000,0.000000
7.710784,5uVp10hz_ch2pga1.bin,250,1927,47912,1,0xA3,1,0,0,192,0,0,52831.180394,-20.988286,79068.012536,79899.787903,69679.632783,0.000000,0.000000,0.000000
7.714786,5uVp10hz_ch2pga1.bin,250,1928,47913,1,0xA3,1,0,0,192,0,0,52835.114300,-21.077693,79074.651003,79907.231033,69684.706628,0.000000,0.000000,0.000000
7.718789,5uVp10hz_ch2pga1.bin,250,1929,47914,1,0xA3,1,0,0,192,0,0,52839.092910,-21.122396,79081.356525,79914.674163,69689.802825,0.000000,0.000000,0.000000
7.722787,5uVp10hz_ch2pga1.bin,250,1930,47915,1,0xA3,1,0,0,192,0,0,52843.116224,-21.100044,79088.017344,79922.139645,69694.921374,0.000000,0.000000,0.000000
7.726791,5uVp10hz_ch2pga1.bin,250,1931,47916,1,0xA3,1,0,0,192,0,0,52847.184241,-21.077693,79094.745219,79929.582775,69700.084627,0.000000,0.000000,0.000000
7.730793,5uVp10hz_ch2pga1.bin,250,1932,47917,1,0xA3,1,0,0,192,0,0,52851.162851,-21.100044,79101.450741,79937.115312,69705.270231,0.000000,0.000000,0.000000
7.734791,5uVp10hz_ch2pga1.bin,250,1933,47918,1,0xA3,1,0,0,192,0,0,52855.052054,-21.100044,79108.178616,79944.558442,69710.455835,0.000000,0.000000,0.000000
7.738795,5uVp10hz_ch2pga1.bin,250,1934,47919,1,0xA3,1,0,0,192,0,0,52859.053016,-20.988286,79114.817083,79951.979220,69715.529680,0.000000,0.000000,0.000000
7.742796,5uVp10hz_ch2pga1.bin,250,1935,47920,1,0xA3,1,0,0,192,0,0,52862.986922,-20.943582,79121.522605,79959.399998,69720.581174,0.000000,0.000000,0.000000
7.746799,5uVp10hz_ch2pga1.bin,250,1936,47921,1,0xA3,1,0,0,192,0,0,52866.943181,-21.055341,79128.250480,79966.798425,69725.632668,0.000000,0.000000,0.000000
7.750799,5uVp10hz_ch2pga1.bin,250,1937,47922,1,0xA3,1,0,0,192,0,0,52870.854735,-20.943582,79134.777188,79974.263906,69730.795920,0.000000,0.000000,0.000000
7.754802,5uVp10hz_ch2pga1.bin,250,1938,47923,1,0xA3,1,0,0,192,0,0,52874.721587,-20.831823,79141.438007,79981.595278,69735.847414,0.000000,0.000000,0.000000
7.758801,5uVp10hz_ch2pga1.bin,250,1939,47924,1,0xA3,1,0,0,192,0,0,52878.610790,-20.876527,79148.165882,79988.971353,69740.876555,0.000000,0.000000,0.000000
7.762805,5uVp10hz_ch2pga1.bin,250,1940,47925,1,0xA3,1,0,0,192,0,0,52882.589400,-20.831823,79154.849052,79996.503890,69745.995104,0.000000,0.000000,0.000000
7.766805,5uVp10hz_ch2pga1.bin,250,1941,47926,1,0xA3,1,0,0,192,0,0,52886.657417,-20.831823,79161.688685,80004.014075,69751.247764,0.000000,0.000000,0.000000
7.770808,5uVp10hz_ch2pga1.bin,250,1942,47927,1,0xA3,1,0,0,192,0,0,52890.658379,-20.831823,79168.371856,80011.501908,69756.343961,0.000000,0.000000,0.000000
7.774807,5uVp10hz_ch2pga1.bin,250,1943,47928,1,0xA3,1,0,0,192,0,0,52894.592285,-20.831823,79174.987972,80018.877983,69761.373103,0.000000,0.000000,0.000000
7.778811,5uVp10hz_ch2pga1.bin,250,1944,47929,1,0xA3,1,0,0,192,0,0,52898.548543,-20.876527,79181.715846,80026.276410,69766.581059,0.000000,0.000000,0.000000
7.782811,5uVp10hz_ch2pga1.bin,250,1945,47930,1,0xA3,1,0,0,192,0,0,52902.527153,-20.854175,79188.421369,80033.764243,69771.721959,0.000000,0.000000,0.000000
7.786814,5uVp10hz_ch2pga1.bin,250,1946,47931,1,0xA3,1,0,0,192,0,0,52906.438708,-20.965934,79195.104539,80041.274428,69776.885211,0.000000,0.000000,0.000000
7.790815,5uVp10hz_ch2pga1.bin,250,1947,47932,1,0xA3,1,0,0,192,0,0,52910.484374,-20.988286,79201.899469,80048.739910,69782.026112,0.000000,0.000000,0.000000
7.794815,5uVp10hz_ch2pga1.bin,250,1948,47933,1,0xA3,1,0,0,192,0,0,52914.462984,-20.988286,79208.515584,80056.093633,69787.055254,0.000000,0.000000,0.000000
7.798818,5uVp10hz_ch2pga1.bin,250,1949,47934,1,0xA3,1,0,0,192,0,0,52918.441594,-21.055341,79215.131700,80063.581467,69792.218506,0.000000,0.000000,0.000000
7.802818,5uVp10hz_ch2pga1.bin,250,1950,47935,1,0xA3,1,0,0,192,0,0,52922.420204,-21.032989,79221.881926,80071.091652,69797.381759,0.000000,0.000000,0.000000
7.806821,5uVp10hz_ch2pga1.bin,250,1951,47936,1,0xA3,1,0,0,192,0,0,52926.376462,-21.055341,79228.520393,80078.490078,69802.433252,0.000000,0.000000,0.000000
7.810821,5uVp10hz_ch2pga1.bin,250,1952,47937,1,0xA3,1,0,0,192,0,0,52930.243313,-21.100044,79235.315323,80085.843801,69807.618856,0.000000,0.000000,0.000000
7.814825,5uVp10hz_ch2pga1.bin,250,1953,47938,1,0xA3,1,0,0,192,0,0,52934.199572,-21.144748,79242.020845,80093.242228,69812.692702,0.000000,0.000000,0.000000
7.818825,5uVp10hz_ch2pga1.bin,250,1954,47939,1,0xA3,1,0,0,192,0,0,52938.178182,-21.122396,79248.704016,80100.752413,69817.788899,0.000000,0.000000,0.000000
7.822826,5uVp10hz_ch2pga1.bin,250,1955,47940,1,0xA3,1,0,0,192,0,0,52942.335606,-21.032989,79255.498946,80108.441412,69823.041558,0.000000,0.000000,0.000000
7.826830,5uVp10hz_ch2pga1.bin,250,1956,47941,1,0xA3,1,0,0,192,0,0,52946.358919,-21.144748,79262.271523,80115.996301,69828.249514,0.000000,0.000000,0.000000
7.830831,5uVp10hz_ch2pga1.bin,250,1957,47942,1,0xA3,1,0,0,192,0,0,52950.315177,-21.122396,79268.932343,80123.372376,69833.390415,0.000000,0.000000,0.000000
7.834832,5uVp10hz_ch2pga1.bin,250,1958,47943,1,0xA3,1,0,0,192,0,0,52954.293787,-21.032989,79275.682569,80130.748451,69838.486612,0.000000,0.000000,0.000000
7.838836,5uVp10hz_ch2pga1.bin,250,1959,47944,1,0xA3,1,0,0,192,0,0,52958.272398,-21.032989,79282.410443,80138.303339,69843.627512,0.000000,0.000000,0.000000
7.842835,5uVp10hz_ch2pga1.bin,250,1960,47945,1,0xA3,1,0,0,192,0,0,52962.407470,-21.032989,79289.294779,80145.925283,69848.857820,0.000000,0.000000,0.000000
7.846838,5uVp10hz_ch2pga1.bin,250,1961,47946,1,0xA3,1,0,0,192,0,0,52966.520190,-21.032989,79296.112061,80153.480172,69854.088128,0.000000,0.000000,0.000000
7.850838,5uVp10hz_ch2pga1.bin,250,1962,47947,1,0xA3,1,0,0,192,0,0,52970.409393,-21.010637,79302.817583,80160.900950,69859.161973,0.000000,0.000000,0.000000
7.854839,5uVp10hz_ch2pga1.bin,250,1963,47948,1,0xA3,1,0,0,192,0,0,52974.320948,-20.988286,79309.478402,80168.321729,69864.302874,0.000000,0.000000,0.000000
7.858842,5uVp10hz_ch2pga1.bin,250,1964,47949,1,0xA3,1,0,0,192,0,0,52978.232503,-20.943582,79316.072166,80175.653100,69869.376719,0.000000,0.000000,0.000000
7.862842,5uVp10hz_ch2pga1.bin,250,1965,47950,1,0xA3,1,0,0,192,0,0,52982.166409,-20.876527,79322.777689,80183.073878,69874.450564,0.000000,0.000000,0.000000
7.866846,5uVp10hz_ch2pga1.bin,250,1966,47951,1,0xA3,1,0,0,192,0,0,52986.077964,-20.831823,79329.527915,80190.539360,69879.613817,0.000000,0.000000,0.000000
7.870846,5uVp10hz_ch2pga1.bin,250,1967,47952,1,0xA3,1,0,0,192,0,0,52990.123630,-20.876527,79336.255789,80198.027194,69884.799421,0.000000,0.000000,0.000000
7.874850,5uVp10hz_ch2pga1.bin,250,1968,47953,1,0xA3,1,0,0,192,0,0,52994.146943,-20.898879,79343.050718,80205.559731,69890.052080,0.000000,0.000000,0.000000
7.878850,5uVp10hz_ch2pga1.bin,250,1969,47954,1,0xA3,1,0,0,192,0,0,52998.192608,-20.876527,79349.756241,80213.092268,69895.304739,0.000000,0.000000,0.000000
7.882851,5uVp10hz_ch2pga1.bin,250,1970,47955,1,0xA3,1,0,0,192,0,0,53002.126515,-20.943582,79356.506467,80220.602453,69900.445640,0.000000,0.000000,0.000000
7.886854,5uVp10hz_ch2pga1.bin,250,1971,47956,1,0xA3,1,0,0,192,0,0,53006.194532,-20.898879,79363.279045,80228.224397,69905.541837,0.000000,0.000000,0.000000
7.890853,5uVp10hz_ch2pga1.bin,250,1972,47957,1,0xA3,1,0,0,192,0,0,53010.262549,-20.921230,79370.051622,80235.622823,69910.794497,0.000000,0.000000,0.000000
7.894857,5uVp10hz_ch2pga1.bin,250,1973,47958,1,0xA3,1,0,0,192,0,0,53014.263511,-20.943582,79376.779497,80243.043602,69915.890694,0.000000,0.000000,0.000000
7.898857,5uVp10hz_ch2pga1.bin,250,1974,47959,1,0xA3,1,0,0,192,0,0,53018.175066,-21.055341,79383.417964,80250.576138,69921.031594,0.000000,0.000000,0.000000
7.902860,5uVp10hz_ch2pga1.bin,250,1975,47960,1,0xA3,1,0,0,192,0,0,53022.220731,-21.010637,79390.235245,80258.153379,69926.306605,0.000000,0.000000,0.000000
7.906860,5uVp10hz_ch2pga1.bin,250,1976,47961,1,0xA3,1,0,0,192,0,0,53026.311100,-21.055341,79396.985471,80265.685916,69931.425154,0.000000,0.000000,0.000000
7.910863,5uVp10hz_ch2pga1.bin,250,1977,47962,1,0xA3,1,0,0,192,0,0,53030.289710,-21.055341,79403.713346,80273.017287,69936.543703,0.000000,0.000000,0.000000
7.914864,5uVp10hz_ch2pga1.bin,250,1978,47963,1,0xA3,1,0,0,192,0,0,53034.335375,-21.055341,79410.508275,80280.572176,69941.684604,0.000000,0.000000,0.000000
7.918864,5uVp10hz_ch2pga1.bin,250,1979,47964,1,0xA3,1,0,0,192,0,0,53038.157523,-21.167099,79417.146742,80287.992954,69946.780801,0.000000,0.000000,0.000000
7.922867,5uVp10hz_ch2pga1.bin,250,1980,47965,1,0xA3,1,0,0,192,0,0,53042.069077,-21.167099,79423.852265,80295.436084,69951.876998,0.000000,0.000000,0.000000
7.926867,5uVp10hz_ch2pga1.bin,250,1981,47966,1,0xA3,1,0,0,192,0,0,53046.181798,-21.032989,79430.580139,80302.923918,69957.062602,0.000000,0.000000,0.000000
7.930870,5uVp10hz_ch2pga1.bin,250,1982,47967,1,0xA3,1,0,0,192,0,0,53050.205112,-21.100044,79437.352717,80310.456455,69962.158799,0.000000,0.000000,0.000000
7.934870,5uVp10hz_ch2pga1.bin,250,1983,47968,1,0xA3,1,0,0,192,0,0,53054.139018,-21.100044,79444.058239,80317.944288,69967.322052,0.000000,0.000000,0.000000
7.938873,5uVp10hz_ch2pga1.bin,250,1984,47969,1,0xA3,1,0,0,192,0,0,53058.095276,-21.010637,79450.741410,80325.320363,69972.462952,0.000000,0.000000,0.000000
7.942873,5uVp10hz_ch2pga1.bin,250,1985,47970,1,0xA3,1,0,0,192,0,0,53062.006831,-20.988286,79457.335174,80332.741141,69977.581501,0.000000,0.000000,0.000000
7.946876,5uVp10hz_ch2pga1.bin,250,1986,47971,1,0xA3,1,0,0,192,0,0,53065.918386,-20.988286,79463.995993,80340.251327,69982.811809,0.000000,0.000000,0.000000
7.950878,5uVp10hz_ch2pga1.bin,250,1987,47972,1,0xA3,1,0,0,192,0,0,53069.874644,-20.965934,79470.790923,80347.739160,69987.952709,0.000000,0.000000,0.000000
7.954877,5uVp10hz_ch2pga1.bin,250,1988,47973,1,0xA3,1,0,0,192,0,0,53073.853254,-20.921230,79477.474093,80355.182290,69993.071258,0.000000,0.000000,0.000000
7.958880,5uVp10hz_ch2pga1.bin,250,1989,47974,1,0xA3,1,0,0,192,0,0,53077.943623,-20.943582,79484.336078,80362.714827,69998.279214,0.000000,0.000000,0.000000
7.962880,5uVp10hz_ch2pga1.bin,250,1990,47975,1,0xA3,1,0,0,192,0,0,53082.123399,-20.854175,79491.242766,80370.359123,70003.598928,0.000000,0.000000,0.000000
7.966884,5uVp10hz_ch2pga1.bin,250,1991,47976,1,0xA3,1,0,0,192,0,0,53086.191416,-20.854175,79497.970641,80377.958715,70008.762181,0.000000,0.000000,0.000000
7.970884,5uVp10hz_ch2pga1.bin,250,1992,47977,1,0xA3,1,0,0,192,0,0,53090.080619,-20.764768,79504.564404,80385.312438,70013.746619,0.000000,0.000000,0.000000
7.974888,5uVp10hz_ch2pga1.bin,250,1993,47978,1,0xA3,1,0,0,192,0,0,53093.969822,-20.831823,79511.202872,80392.576754,70018.865168,0.000000,0.000000,0.000000
7.978888,5uVp10hz_ch2pga1.bin,250,1994,47979,1,0xA3,1,0,0,192,0,0,53097.791970,-20.965934,79517.908394,80400.042236,70023.939013,0.000000,0.000000,0.000000
7.982888,5uVp10hz_ch2pga1.bin,250,1995,47980,1,0xA3,1,0,0,192,0,0,53101.725876,-21.032989,79524.569213,80407.552421,70029.102266,0.000000,0.000000,0.000000
7.986891,5uVp10hz_ch2pga1.bin,250,1996,47981,1,0xA3,1,0,0,192,0,0,53105.704486,-20.965934,79531.319439,80414.995551,70034.220815,0.000000,0.000000,0.000000
7.990891,5uVp10hz_ch2pga1.bin,250,1997,47982,1,0xA3,1,0,0,192,0,0,53109.817207,-21.032989,79538.069665,80422.595143,70039.473474,0.000000,0.000000,0.000000
7.994895,5uVp10hz_ch2pga1.bin,250,1998,47983,1,0xA3,1,0,0,192,0,0,53113.751113,-20.965934,79544.730484,80430.015922,70044.524968,0.000000,0.000000,0.000000
7.998894,5uVp10hz_ch2pga1.bin,250,1999,47984,1,0xA3,1,0,0,192,0,0,53117.729723,-20.988286,79551.503062,80437.503755,70049.621165,0.000000,0.000000,0.000000
8.002897,5uVp10hz_ch2pga1.bin,250,2000,47985,1,0xA3,1,0,0,192,0,0,53121.641278,-21.100044,79558.275640,80444.991589,70054.784417,0.000000,0.000000,0.000000
8.006899,5uVp10hz_ch2pga1.bin,250,2001,47986,1,0xA3,1,0,0,192,0,0,53125.619888,-21.100044,79564.958811,80452.434719,70060.014725,0.000000,0.000000,0.000000
8.010899,5uVp10hz_ch2pga1.bin,250,2002,47987,1,0xA3,1,0,0,192,0,0,53129.665554,-21.077693,79571.709037,80459.922552,70065.110922,0.000000,0.000000,0.000000
8.014903,5uVp10hz_ch2pga1.bin,250,2003,47988,1,0xA3,1,0,0,192,0,0,53133.666515,-21.167099,79578.526318,80467.410386,70070.318878,0.000000,0.000000,0.000000
8.018903,5uVp10hz_ch2pga1.bin,250,2004,47989,1,0xA3,1,0,0,192,0,0,53137.645125,-21.167099,79585.187137,80474.786460,70075.392723,0.000000,0.000000,0.000000
8.022906,5uVp10hz_ch2pga1.bin,250,2005,47990,1,0xA3,1,0,0,192,0,0,53141.690791,-21.122396,79591.892660,80482.341349,70080.623031,0.000000,0.000000,0.000000
8.026905,5uVp10hz_ch2pga1.bin,250,2006,47991,1,0xA3,1,0,0,192,0,0,53145.647049,-21.055341,79598.687589,80489.873886,70085.741580,0.000000,0.000000,0.000000
8.030908,5uVp10hz_ch2pga1.bin,250,2007,47992,1,0xA3,1,0,0,192,0,0,53149.558604,-21.100044,79605.370760,80497.249961,70090.815425,0.000000,0.000000,0.000000
8.034908,5uVp10hz_ch2pga1.bin,250,2008,47993,1,0xA3,1,0,0,192,0,0,53153.492510,-21.122396,79612.098634,80504.737794,70095.956326,0.000000,0.000000,0.000000
8.038912,5uVp10hz_ch2pga1.bin,250,2009,47994,1,0xA3,1,0,0,192,0,0,53157.404065,-21.055341,79618.781805,80512.158573,70101.052523,0.000000,0.000000,0.000000
8.042912,5uVp10hz_ch2pga1.bin,250,2010,47995,1,0xA3,1,0,0,192,0,0,53161.472082,-21.032989,79625.509679,80519.758165,70106.148720,0.000000,0.000000,0.000000
8.046912,5uVp10hz_ch2pga1.bin,250,2011,47996,1,0xA3,1,0,0,192,0,0,53165.517747,-20.921230,79632.349312,80527.313054,70111.423731,0.000000,0.000000,0.000000
8.050916,5uVp10hz_ch2pga1.bin,250,2012,47997,1,0xA3,1,0,0,192,0,0,53169.496357,-20.921230,79639.054835,80534.867942,70116.609335,0.000000,0.000000,0.000000
8.054916,5uVp10hz_ch2pga1.bin,250,2013,47998,1,0xA3,1,0,0,192,0,0,53173.497319,-20.943582,79645.805061,80542.244017,70121.705532,0.000000,0.000000,0.000000
8.058919,5uVp10hz_ch2pga1.bin,250,2014,47999,1,0xA3,1,0,0,192,0,0,53177.542984,-20.921230,79652.577639,80549.687147,70126.935840,0.000000,0.000000,0.000000
8.062919,5uVp10hz_ch2pga1.bin,250,2015,48000,1,0xA3,1,0,0,192,0,0,53181.454539,-20.831823,79659.216106,80557.264388,70132.032037,0.000000,0.000000,0.000000
8.066923,5uVp10hz_ch2pga1.bin,250,2016,48001,1,0xA3,1,0,0,192,0,0,53185.522556,-20.809472,79666.055739,80564.819276,70137.195289,0.000000,0.000000,0.000000
8.070922,5uVp10hz_ch2pga1.bin,250,2017,48002,1,0xA3,1,0,0,192,0,0,53189.568222,-20.854175,79672.805965,80572.441220,70142.358541,0.000000,0.000000,0.000000
8.074925,5uVp10hz_ch2pga1.bin,250,2018,48003,1,0xA3,1,0,0,192,0,0,53193.636239,-20.831823,79679.645598,80580.018461,70147.611201,0.000000,0.000000,0.000000
8.078925,5uVp10hz_ch2pga1.bin,250,2019,48004,1,0xA3,1,0,0,192,0,0,53197.793663,-20.854175,79686.619341,80587.662756,70152.997971,0.000000,0.000000,0.000000
8.082928,5uVp10hz_ch2pga1.bin,250,2020,48005,1,0xA3,1,0,0,192,0,0,53201.749921,-20.921230,79693.436623,80595.307052,70158.250630,0.000000,0.000000,0.000000
8.086929,5uVp10hz_ch2pga1.bin,250,2021,48006,1,0xA3,1,0,0,192,0,0,53205.862641,-20.965934,79700.119793,80602.772534,70163.458586,0.000000,0.000000,0.000000
8.090932,5uVp10hz_ch2pga1.bin,250,2022,48007,1,0xA3,1,0,0,192,0,0,53209.841251,-21.032989,79706.914723,80610.260367,70168.621838,0.000000,0.000000,0.000000
8.094932,5uVp10hz_ch2pga1.bin,250,2023,48008,1,0xA3,1,0,0,192,0,0,53213.842213,-21.055341,79713.553190,80617.725849,70173.718035,0.000000,0.000000,0.000000
8.098934,5uVp10hz_ch2pga1.bin,250,2024,48009,1,0xA3,1,0,0,192,0,0,53217.843175,-21.055341,79720.303416,80625.213683,70178.858936,0.000000,0.000000,0.000000
8.102935,5uVp10hz_ch2pga1.bin,250,2025,48010,1,0xA3,1,0,0,192,0,0,53221.799433,-20.988286,79727.120697,80632.790923,70183.999836,0.000000,0.000000,0.000000
8.106937,5uVp10hz_ch2pga1.bin,250,2026,48011,1,0xA3,1,0,0,192,0,0,53225.845098,-21.077693,79733.960330,80640.412867,70189.140737,0.000000,0.000000,0.000000
8.197233,5uVp10hz_ch2pga1.bin,250,2027,48020,1,0xA3,1,0,0,192,0,0,187499.977648,-23.737550,187499.977648,187499.977648,187499.977648,0.000000,0.000000,0.000000
8.201233,5uVp10hz_ch2pga1.bin,250,2028,48021,1,0xA3,1,0,0,192,0,0,187499.977648,-24.676323,187499.977648,187499.977648,187499.977648,0.000000,0.000000,0.000000
8.205236,5uVp10hz_ch2pga1.bin,250,2029,48022,1,0xA3,1,0,0,192,0,0,187499.977648,-24.944544,187499.977648,187499.977648,187499.977648,0.000000,0.000000,0.000000
8.209235,5uVp10hz_ch2pga1.bin,250,2030,48023,1,0xA3,1,0,0,192,0,0,187499.977648,-25.346875,187499.977648,187499.977648,187499.977648,0.000000,0.000000,0.000000
8.213238,5uVp10hz_ch2pga1.bin,250,2031,48024,1,0xA3,1,0,0,192,0,0,187499.977648,-26.196241,187499.977648,187499.977648,187499.977648,0.000000,0.000000,0.000000
8.217238,5uVp10hz_ch2pga1.bin,250,2032,48025,1,0xA3,1,0,0,192,0,0,187499.977648,-26.285648,187499.977648,187499.977648,187499.977648,0.000000,0.000000,0.000000
8.221241,5uVp10hz_ch2pga1.bin,250,2033,48026,1,0xA3,1,0,0,192,0,0,187499.977648,-26.576221,187499.977648,187499.977648,187499.977648,0.000000,0.000000,0.000000
8.225244,5uVp10hz_ch2pga1.bin,250,2034,48027,1,0xA3,1,0,0,192,0,0,187499.977648,-26.419759,187499.977648,187499.977648,187499.977648,0.000000,0.000000,0.000000
8.229244,5uVp10hz_ch2pga1.bin,250,2035,48028,1,0xA3,1,0,0,192,0,0,187499.977648,-26.084483,187499.977648,187499.977648,187499.977648,0.000000,0.000000,0.000000
8.233247,5uVp10hz_ch2pga1.bin,250,2036,48029,1,0xA3,1,0,0,192,0,0,187499.977648,-25.793910,187499.977648,187499.977648,187499.977648,0.000000,0.000000,0.000000
8.237247,5uVp10hz_ch2pga1.bin,250,2037,48030,1,0xA3,1,0,0,192,0,0,187499.977648,-25.458634,187499.977648,187499.977648,187499.977648,0.000000,0.000000,0.000000
8.241250,5uVp10hz_ch2pga1.bin,250,2038,48031,1,0xA3,1,0,0,192,0,0,187499.977648,-24.408102,187499.977648,187499.977648,187499.977648,0.000000,0.000000,0.000000
8.245249,5uVp10hz_ch2pga1.bin,250,2039,48032,1,0xA3,1,0,0,192,0,0,187499.977648,-23.514032,187499.977648,187499.977648,187499.977648,0.000000,0.000000,0.000000
8.249252,5uVp10hz_ch2pga1.bin,250,2040,48033,1,0xA3,1,0,0,192,0,0,187499.977648,-23.268163,187499.977648,187499.977648,187499.977648,0.000000,0.000000,0.000000
8.253251,5uVp10hz_ch2pga1.bin,250,2041,48034,1,0xA3,1,0,0,192,0,0,187499.977648,-22.888184,187499.977648,187499.977648,187499.977648,0.000000,0.000000,0.000000
8.257254,5uVp10hz_ch2pga1.bin,250,2042,48035,1,0xA3,1,0,0,192,0,0,187499.977648,-22.172928,187499.977648,187499.977648,187499.977648,0.000000,0.000000,0.000000
8.261257,5uVp10hz_ch2pga1.bin,250,2043,48036,1,0xA3,1,0,0,192,0,0,187499.977648,-21.882355,187499.977648,187499.977648,187499.977648,0.000000,0.000000,0.000000
8.265256,5uVp10hz_ch2pga1.bin,250,2044,48037,1,0xA3,1,0,0,192,0,0,187499.977648,-21.412969,187499.977648,187499.977648,187499.977648,0.000000,0.000000,0.000000
8.269259,5uVp10hz_ch2pga1.bin,250,2045,48038,1,0xA3,1,0,0,192,0,0,187499.977648,-20.541251,187499.977648,187499.977648,187499.977648,0.000000,0.000000,0.000000
8.273261,5uVp10hz_ch2pga1.bin,250,2046,48039,1,0xA3,1,0,0,192,0,0,187499.977648,-20.653009,187499.977648,187499.977648,187499.977648,0.000000,0.000000,0.000000
8.277260,5uVp10hz_ch2pga1.bin,250,2047,48040,1,0xA3,1,0,0,192,0,0,187499.977648,-20.831823,187499.977648,187499.977648,187499.977648,0.000000,0.000000,0.000000
8.281263,5uVp10hz_ch2pga1.bin,250,2048,48041,1,0xA3,1,0,0,192,0,0,187499.977648,-21.368265,187499.977648,187499.977648,187499.977648,0.000000,0.000000,0.000000
8.285263,5uVp10hz_ch2pga1.bin,250,2049,48042,1,0xA3,1,0,0,192,0,0,187499.977648,-21.703541,187499.977648,187499.977648,187499.977648,0.000000,0.000000,0.000000
8.289266,5uVp10hz_ch2pga1.bin,250,2050,48043,1,0xA3,1,0,0,192,0,0,187499.977648,-22.552907,187499.977648,187499.977648,187499.977648,0.000000,0.000000,0.000000
8.293266,5uVp10hz_ch2pga1.bin,250,2051,48044,1,0xA3,1,0,0,192,0,0,187499.977648,-23.290515,187499.977648,187499.977648,187499.977648,0.000000,0.000000,0.000000
8.297270,5uVp10hz_ch2pga1.bin,250,2052,48045,1,0xA3,1,0,0,192,0,0,187499.977648,-23.759902,187499.977648,187499.977648,187499.977648,0.000000,0.000000,0.000000
8.301270,5uVp10hz_ch2pga1.bin,250,2053,48046,1,0xA3,1,0,0,192,0,0,187499.977648,-24.832785,187499.977648,187499.977648,187499.977648,0.000000,0.000000,0.000000
8.305273,5uVp10hz_ch2pga1.bin,250,2054,48047,1,0xA3,1,0,0,192,0,0,187499.977648,-25.168061,187499.977648,187499.977648,187499.977648,0.000000,0.000000,0.000000
8.309273,5uVp10hz_ch2pga1.bin,250,2055,48048,1,0xA3,1,0,0,192,0,0,187499.977648,-25.615096,187499.977648,187499.977648,187499.977648,0.000000,0.000000,0.000000
8.313276,5uVp10hz_ch2pga1.bin,250,2056,48049,1,0xA3,1,0,0,192,0,0,187499.977648,-25.615096,187499.977648,187499.977648,187499.977648,0.000000,0.000000,0.000000
8.317276,5uVp10hz_ch2pga1.bin,250,2057,48050,1,0xA3,1,0,0,192,0,0,187499.977648,-26.732683,187499.977648,187499.977648,187499.977648,0.000000,0.000000,0.000000
8.321279,5uVp10hz_ch2pga1.bin,250,2058,48051,1,0xA3,1,0,0,192,0,0,187499.977648,-26.844442,187499.977648,187499.977648,187499.977648,0.000000,0.000000,0.000000
8.325279,5uVp10hz_ch2pga1.bin,250,2059,48052,1,0xA3,1,0,0,192,0,0,187499.977648,-26.129186,187499.977648,187499.977648,187499.977648,0.000000,0.000000,0.000000
8.329282,5uVp10hz_ch2pga1.bin,250,2060,48053,1,0xA3,1,0,0,192,0,0,187499.977648,-25.995076,187499.977648,187499.977648,187499.977648,0.000000,0.000000,0.000000
8.333281,5uVp10hz_ch2pga1.bin,250,2061,48054,1,0xA3,1,0,0,192,0,0,187499.977648,-26.106834,187499.977648,187499.977648,187499.977648,0.000000,0.000000,0.000000
8.337284,5uVp10hz_ch2pga1.bin,250,2062,48055,1,0xA3,1,0,0,192,0,0,187499.977648,-25.436282,187499.977648,187499.977648,187499.977648,0.000000,0.000000,0.000000
8.341283,5uVp10hz_ch2pga1.bin,250,2063,48056,1,0xA3,1,0,0,192,0,0,187499.977648,-24.631619,187499.977648,187499.977648,187499.977648,0.000000,0.000000,0.000000
8.345287,5uVp10hz_ch2pga1.bin,250,2064,48057,1,0xA3,1,0,0,192,0,0,187499.977648,-23.961067,187499.977648,187499.977648,187499.977648,0.000000,0.000000,0.000000
8.349287,5uVp10hz_ch2pga1.bin,250,2065,48058,1,0xA3,1,0,0,192,0,0,187499.977648,-22.754073,187499.977648,187499.977648,187499.977648,0.000000,0.000000,0.000000
8.353290,5uVp10hz_ch2pga1.bin,250,2066,48059,1,0xA3,1,0,0,192,0,0,187499.977648,-22.016466,187499.977648,187499.977648,187499.977648,0.000000,0.000000,0.000000
8.357290,5uVp10hz_ch2pga1.bin,250,2067,48060,1,0xA3,1,0,0,192,0,0,187499.977648,-21.904707,187499.977648,187499.977648,187499.977648,0.000000,0.000000,0.000000
8.361294,5uVp10hz_ch2pga1.bin,250,2068,48061,1,0xA3,1,0,0,192,0,0,187499.977648,-21.860003,187499.977648,187499.977648,187499.977648,0.000000,0.000000,0.000000
8.365294,5uVp10hz_ch2pga1.bin,250,2069,48062,1,0xA3,1,0,0,192,0,0,187499.977648,-20.921230,187499.977648,187499.977648,187499.977648,0.000000,0.000000,0.000000
8.369297,5uVp10hz_ch2pga1.bin,250,2070,48063,1,0xA3,1,0,0,192,0,0,187499.977648,-20.742416,187499.977648,187499.977648,187499.977648,0.000000,0.000000,0.000000
8.373297,5uVp10hz_ch2pga1.bin,250,2071,48064,1,0xA3,1,0,0,192,0,0,187499.977648,-21.167099,187499.977648,187499.977648,187499.977648,0.000000,0.000000,0.000000
8.377300,5uVp10hz_ch2pga1.bin,250,2072,48065,1,0xA3,1,0,0,192,0,0,187499.977648,-20.809472,187499.977648,187499.977648,187499.977648,0.000000,0.000000,0.000000
8.381299,5uVp10hz_ch2pga1.bin,250,2073,48066,1,0xA3,1,0,0,192,0,0,187499.977648,-21.368265,187499.977648,187499.977648,187499.977648,0.000000,0.000000,0.000000
8.385302,5uVp10hz_ch2pga1.bin,250,2074,48067,1,0xA3,1,0,0,192,0,0,187499.977648,-22.083521,187499.977648,187499.977648,187499.977648,0.000000,0.000000,0.000000
8.389302,5uVp10hz_ch2pga1.bin,250,2075,48068,1,0xA3,1,0,0,192,0,0,187499.977648,-22.396445,187499.977648,187499.977648,187499.977648,0.000000,0.000000,0.000000
8.393304,5uVp10hz_ch2pga1.bin,250,2076,48069,1,0xA3,1,0,0,192,0,0,187499.977648,-22.821128,187499.977648,187499.977648,187499.977648,0.000000,0.000000,0.000000
8.397307,5uVp10hz_ch2pga1.bin,250,2077,48070,1,0xA3,1,0,0,192,0,0,187499.977648,-23.782253,187499.977648,187499.977648,187499.977648,0.000000,0.000000,0.000000
8.401307,5uVp10hz_ch2pga1.bin,250,2078,48071,1,0xA3,1,0,0,192,0,0,187499.977648,-24.497509,187499.977648,187499.977648,187499.977648,0.000000,0.000000,0.000000
8.405309,5uVp10hz_ch2pga1.bin,250,2079,48072,1,0xA3,1,0,0,192,0,0,187499.977648,-25.011599,187499.977648,187499.977648,187499.977648,0.000000,0.000000,0.000000
8.409308,5uVp10hz_ch2pga1.bin,250,2080,48073,1,0xA3,1,0,0,192,0,0,187499.977648,-25.480986,187499.977648,187499.977648,187499.977648,0.000000,0.000000,0.000000
8.413311,5uVp10hz_ch2pga1.bin,250,2081,48074,1,0xA3,1,0,0,192,0,0,187499.977648,-26.464462,187499.977648,187499.977648,187499.977648,0.000000,0.000000,0.000000
8.417314,5uVp10hz_ch2pga1.bin,250,2082,48075,1,0xA3,1,0,0,192,0,0,187499.977648,-26.687980,187499.977648,187499.977648,187499.977648,0.000000,0.000000,0.000000
8.421313,5uVp10hz_ch2pga1.bin,250,2083,48076,1,0xA3,1,0,0,192,0,0,187499.977648,-26.419759,187499.977648,187499.977648,187499.977648,0.000000,0.000000,0.000000
8.425317,5uVp10hz_ch2pga1.bin,250,2084,48077,1,0xA3,1,0,0,192,0,0,187499.977648,-26.889145,187499.977648,187499.977648,187499.977648,0.000000,0.000000,0.000000
8.429316,5uVp10hz_ch2pga1.bin,250,2085,48078,1,0xA3,1,0,0,192,0,0,187499.977648,-26.553869,187499.977648,187499.977648,187499.977648,0.000000,0.000000,0.000000
8.433320,5uVp10hz_ch2pga1.bin,250,2086,48079,1,0xA3,1,0,0,192,0,0,187499.977648,-25.771558,187499.977648,187499.977648,187499.977648,0.000000,0.000000,0.000000
8.437320,5uVp10hz_ch2pga1.bin,250,2087,48080,1,0xA3,1,0,0,192,0,0,187499.977648,-25.168061,187499.977648,187499.977648,187499.977648,0.000000,0.000000,0.000000
8.441322,5uVp10hz_ch2pga1.bin,250,2088,48081,1,0xA3,1,0,0,192,0,0,187499.977648,-24.922192,187499.977648,187499.977648,187499.977648,0.000000,0.000000,0.000000
8.445322,5uVp10hz_ch2pga1.bin,250,2089,48082,1,0xA3,1,0,0,192,0,0,187499.977648,-24.028122,187499.977648,187499.977648,187499.977648,0.000000,0.000000,0.000000
8.449325,5uVp10hz_ch2pga1.bin,250,2090,48083,1,0xA3,1,0,0,192,0,0,187499.977648,-23.111701,187499.977648,187499.977648,187499.977648,0.000000,0.000000,0.000000
8.453325,5uVp10hz_ch2pga1.bin,250,2091,48084,1,0xA3,1,0,0,192,0,0,187499.977648,-22.776425,187499.977648,187499.977648,187499.977648,0.000000,0.000000,0.000000
8.457328,5uVp10hz_ch2pga1.bin,250,2092,48085,1,0xA3,1,0,0,192,0,0,187499.977648,-22.217631,187499.977648,187499.977648,187499.977648,0.000000,0.000000,0.000000
8.461328,5uVp10hz_ch2pga1.bin,250,2093,48086,1,0xA3,1,0,0,192,0,0,187499.977648,-21.144748,187499.977648,187499.977648,187499.977648,0.000000,0.000000,0.000000
8.465331,5uVp10hz_ch2pga1.bin,250,2094,48087,1,0xA3,1,0,0,192,0,0,187499.977648,-20.787120,187499.977648,187499.977648,187499.977648,0.000000,0.000000,0.000000
8.469333,5uVp10hz_ch2pga1.bin,250,2095,48088,1,0xA3,1,0,0,192,0,0,187499.977648,-21.100044,187499.977648,187499.977648,187499.977648,0.000000,0.000000,0.000000
8.473333,5uVp10hz_ch2pga1.bin,250,2096,48089,1,0xA3,1,0,0,192,0,0,187499.977648,-21.055341,187499.977648,187499.977648,187499.977648,0.000000,0.000000,0.000000
8.477335,5uVp10hz_ch2pga1.bin,250,2097,48090,1,0xA3,1,0,0,192,0,0,187499.977648,-20.876527,187499.977648,187499.977648,187499.977648,0.000000,0.000000,0.000000
8.481335,5uVp10hz_ch2pga1.bin,250,2098,48091,1,0xA3,1,0,0,192,0,0,187499.977648,-21.435320,187499.977648,187499.977648,187499.977648,0.000000,0.000000,0.000000
8.485338,5uVp10hz_ch2pga1.bin,250,2099,48092,1,0xA3,1,0,0,192,0,0,187499.977648,-21.860003,187499.977648,187499.977648,187499.977648,0.000000,0.000000,0.000000
8.489337,5uVp10hz_ch2pga1.bin,250,2100,48093,1,0xA3,1,0,0,192,0,0,187499.977648,-22.172928,187499.977648,187499.977648,187499.977648,0.000000,0.000000,0.000000
8.493341,5uVp10hz_ch2pga1.bin,250,2101,48094,1,0xA3,1,0,0,192,0,0,187499.977648,-23.268163,187499.977648,187499.977648,187499.977648,0.000000,0.000000,0.000000
8.497343,5uVp10hz_ch2pga1.bin,250,2102,48095,1,0xA3,1,0,0,192,0,0,187499.977648,-24.005771,187499.977648,187499.977648,187499.977648,0.000000,0.000000,0.000000
8.501342,5uVp10hz_ch2pga1.bin,250,2103,48096,1,0xA3,1,0,0,192,0,0,187499.977648,-24.385750,187499.977648,187499.977648,187499.977648,0.000000,0.000000,0.000000
8.505345,5uVp10hz_ch2pga1.bin,250,2104,48097,1,0xA3,1,0,0,192,0,0,187499.977648,-25.123358,187499.977648,187499.977648,187499.977648,0.000000,0.000000,0.000000
8.509345,5uVp10hz_ch2pga1.bin,250,2105,48098,1,0xA3,1,0,0,192,0,0,187499.977648,-25.592744,187499.977648,187499.977648,187499.977648,0.000000,0.000000,0.000000
8.513349,5uVp10hz_ch2pga1.bin,250,2106,48099,1,0xA3,1,0,0,192,0,0,187499.977648,-25.682151,187499.977648,187499.977648,187499.977648,0.000000,0.000000,0.000000
8.517349,5uVp10hz_ch2pga1.bin,250,2107,48100,1,0xA3,1,0,0,192,0,0,187499.977648,-26.285648,187499.977648,187499.977648,187499.977648,0.000000,0.000000,0.000000
8.521349,5uVp10hz_ch2pga1.bin,250,2108,48101,1,0xA3,1,0,0,192,0,0,187499.977648,-26.933849,187499.977648,187499.977648,187499.977648,0.000000,0.000000,0.000000
8.525353,5uVp10hz_ch2pga1.bin,250,2109,48102,1,0xA3,1,0,0,192,0,0,187499.977648,-26.687980,187499.977648,187499.977648,187499.977648,0.000000,0.000000,0.000000
8.529353,5uVp10hz_ch2pga1.bin,250,2110,48103,1,0xA3,1,0,0,192,0,0,187499.977648,-26.062131,187499.977648,187499.977648,187499.977648,0.000000,0.000000,0.000000
8.533357,5uVp10hz_ch2pga1.bin,250,2111,48104,1,0xA3,1,0,0,192,0,0,187499.977648,-25.883317,187499.977648,187499.977648,187499.977648,0.000000,0.000000,0.000000
8.537358,5uVp10hz_ch2pga1.bin,250,2112,48105,1,0xA3,1,0,0,192,0,0,187499.977648,-25.346875,187499.977648,187499.977648,187499.977648,0.000000,0.000000,0.000000
8.541358,5uVp10hz_ch2pga1.bin,250,2113,48106,1,0xA3,1,0,0,192,0,0,187499.977648,-24.788082,187499.977648,187499.977648,187499.977648,0.000000,0.000000,0.000000
8.545362,5uVp10hz_ch2pga1.bin,250,2114,48107,1,0xA3,1,0,0,192,0,0,187499.977648,-23.558736,187499.977648,187499.977648,187499.977648,0.000000,0.000000,0.000000
8.549362,5uVp10hz_ch2pga1.bin,250,2115,48108,1,0xA3,1,0,0,192,0,0,187499.977648,-23.491681,187499.977648,187499.977648,187499.977648,0.000000,0.000000,0.000000
8.553363,5uVp10hz_ch2pga1.bin,250,2116,48109,1,0xA3,1,0,0,192,0,0,187499.977648,-22.977591,187499.977648,187499.977648,187499.977648,0.000000,0.000000,0.000000
8.557366,5uVp10hz_ch2pga1.bin,250,2117,48110,1,0xA3,1,0,0,192,0,0,187499.977648,-21.815300,187499.977648,187499.977648,187499.977648,0.000000,0.000000,0.000000
8.561365,5uVp10hz_ch2pga1.bin,250,2118,48111,1,0xA3,1,0,0,192,0,0,187499.977648,-21.770597,187499.977648,187499.977648,187499.977648,0.000000,0.000000,0.000000
8.565369,5uVp10hz_ch2pga1.bin,250,2119,48112,1,0xA3,1,0,0,192,0,0,187499.977648,-21.547079,187499.977648,187499.977648,187499.977648,0.000000,0.000000,0.000000
8.569369,5uVp10hz_ch2pga1.bin,250,2120,48113,1,0xA3,1,0,0,192,0,0,187499.977648,-20.809472,187499.977648,187499.977648,187499.977648,0.000000,0.000000,0.000000
8.573372,5uVp10hz_ch2pga1.bin,250,2121,48114,1,0xA3,1,0,0,192,0,0,187499.977648,-21.211803,187499.977648,187499.977648,187499.977648,0.000000,0.000000,0.000000
8.577371,5uVp10hz_ch2pga1.bin,250,2122,48115,1,0xA3,1,0,0,192,0,0,187499.977648,-21.815300,187499.977648,187499.977648,187499.977648,0.000000,0.000000,0.000000
8.581375,5uVp10hz_ch2pga1.bin,250,2123,48116,1,0xA3,1,0,0,192,0,0,187499.977648,-21.703541,187499.977648,187499.977648,187499.977648,0.000000,0.000000,0.000000
8.585374,5uVp10hz_ch2pga1.bin,250,2124,48117,1,0xA3,1,0,0,192,0,0,187499.977648,-21.904707,187499.977648,187499.977648,187499.977648,0.000000,0.000000,0.000000
8.589377,5uVp10hz_ch2pga1.bin,250,2125,48118,1,0xA3,1,0,0,192,0,0,187499.977648,-22.776425,187499.977648,187499.977648,187499.977648,0.000000,0.000000,0.000000
8.593377,5uVp10hz_ch2pga1.bin,250,2126,48119,1,0xA3,1,0,0,192,0,0,187499.977648,-23.066998,187499.977648,187499.977648,187499.977648,0.000000,0.000000,0.000000
8.597381,5uVp10hz_ch2pga1.bin,250,2127,48120,1,0xA3,1,0,0,192,0,0,187499.977648,-23.826957,187499.977648,187499.977648,187499.977648,0.000000,0.000000,0.000000
8.601381,5uVp10hz_ch2pga1.bin,250,2128,48121,1,0xA3,1,0,0,192,0,0,187499.977648,-24.721026,187499.977648,187499.977648,187499.977648,0.000000,0.000000,0.000000
8.605383,5uVp10hz_ch2pga1.bin,250,2129,48122,1,0xA3,1,0,0,192,0,0,187499.977648,-25.682151,187499.977648,187499.977648,187499.977648,0.000000,0.000000,0.000000
8.609386,5uVp10hz_ch2pga1.bin,250,2130,48123,1,0xA3,1,0,0,192,0,0,187499.977648,-25.995076,187499.977648,187499.977648,187499.977648,0.000000,0.000000,0.000000
8.613386,5uVp10hz_ch2pga1.bin,250,2131,48124,1,0xA3,1,0,0,192,0,0,187499.977648,-25.905669,187499.977648,187499.977648,187499.977648,0.000000,0.000000,0.000000
8.617389,5uVp10hz_ch2pga1.bin,250,2132,48125,1,0xA3,1,0,0,192,0,0,187499.977648,-26.039779,187499.977648,187499.977648,187499.977648,0.000000,0.000000,0.000000
8.621388,5uVp10hz_ch2pga1.bin,250,2133,48126,1,0xA3,1,0,0,192,0,0,187499.977648,-26.777387,187499.977648,187499.977648,187499.977648,0.000000,0.000000,0.000000
8.625392,5uVp10hz_ch2pga1.bin,250,2134,48127,1,0xA3,1,0,0,192,0,0,187499.977648,-26.240945,187499.977648,187499.977648,187499.977648,0.000000,0.000000,0.000000
8.629391,5uVp10hz_ch2pga1.bin,250,2135,48128,1,0xA3,1,0,0,192,0,0,187499.977648,-26.173890,187499.977648,187499.977648,187499.977648,0.000000,0.000000,0.000000
8.633395,5uVp10hz_ch2pga1.bin,250,2136,48129,1,0xA3,1,0,0,192,0,0,187499.977648,-26.129186,187499.977648,187499.977648,187499.977648,0.000000,0.000000,0.000000
8.637395,5uVp10hz_ch2pga1.bin,250,2137,48130,1,0xA3,1,0,0,192,0,0,187499.977648,-25.011599,187499.977648,187499.977648,187499.977648,0.000000,0.000000,0.000000
8.641398,5uVp10hz_ch2pga1.bin,250,2138,48131,1,0xA3,1,0,0,192,0,0,187499.977648,-24.497509,187499.977648,187499.977648,187499.977648,0.000000,0.000000,0.000000
8.645398,5uVp10hz_ch2pga1.bin,250,2139,48132,1,0xA3,1,0,0,192,0,0,187499.977648,-23.737550,187499.977648,187499.977648,187499.977648,0.000000,0.000000,0.000000
8.649401,5uVp10hz_ch2pga1.bin,250,2140,48133,1,0xA3,1,0,0,192,0,0,187499.977648,-23.066998,187499.977648,187499.977648,187499.977648,0.000000,0.000000,0.000000
8.653401,5uVp10hz_ch2pga1.bin,250,2141,48134,1,0xA3,1,0,0,192,0,0,187499.977648,-22.105873,187499.977648,187499.977648,187499.977648,0.000000,0.000000,0.000000
8.657402,5uVp10hz_ch2pga1.bin,250,2142,48135,1,0xA3,1,0,0,192,0,0,187499.977648,-21.949410,187499.977648,187499.977648,187499.977648,0.000000,0.000000,0.000000
8.661406,5uVp10hz_ch2pga1.bin,250,2143,48136,1,0xA3,1,0,0,192,0,0,187499.977648,-21.614134,187499.977648,187499.977648,187499.977648,0.000000,0.000000,0.000000
8.665406,5uVp10hz_ch2pga1.bin,250,2144,48137,1,0xA3,1,0,0,192,0,0,187499.977648,-20.965934,187499.977648,187499.977648,187499.977648,0.000000,0.000000,0.000000
8.669406,5uVp10hz_ch2pga1.bin,250,2145,48138,1,0xA3,1,0,0,192,0,0,187499.977648,-20.809472,187499.977648,187499.977648,187499.977648,0.000000,0.000000,0.000000
8.673409,5uVp10hz_ch2pga1.bin,250,2146,48139,1,0xA3,1,0,0,192,0,0,187499.977648,-21.278858,187499.977648,187499.977648,187499.977648,0.000000,0.000000,0.000000
8.677410,5uVp10hz_ch2pga1.bin,250,2147,48140,1,0xA3,1,0,0,192,0,0,187499.977648,-21.211803,187499.977648,187499.977648,187499.977648,0.000000,0.000000,0.000000
8.681414,5uVp10hz_ch2pga1.bin,250,2148,48141,1,0xA3,1,0,0,192,0,0,187499.977648,-21.569431,187499.977648,187499.977648,187499.977648,0.000000,0.000000,0.000000
8.685414,5uVp10hz_ch2pga1.bin,250,2149,48142,1,0xA3,1,0,0,192,0,0,187499.977648,-22.418797,187499.977648,187499.977648,187499.977648,0.000000,0.000000,0.000000
8.689415,5uVp10hz_ch2pga1.bin,250,2150,48143,1,0xA3,1,0,0,192,0,0,187499.977648,-22.441149,187499.977648,187499.977648,187499.977648,0.000000,0.000000,0.000000
8.693418,5uVp10hz_ch2pga1.bin,250,2151,48144,1,0xA3,1,0,0,192,0,0,187499.977648,-22.619963,187499.977648,187499.977648,187499.977648,0.000000,0.000000,0.000000
8.697419,5uVp10hz_ch2pga1.bin,250,2152,48145,1,0xA3,1,0,0,192,0,0,187499.977648,-23.826957,187499.977648,187499.977648,187499.977648,0.000000,0.000000,0.000000
8.701422,5uVp10hz_ch2pga1.bin,250,2153,48146,1,0xA3,1,0,0,192,0,0,187499.977648,-24.855137,187499.977648,187499.977648,187499.977648,0.000000,0.000000,0.000000
8.705423,5uVp10hz_ch2pga1.bin,250,2154,48147,1,0xA3,1,0,0,192,0,0,187499.977648,-24.788082,187499.977648,187499.977648,187499.977648,0.000000,0.000000,0.000000
8.709423,5uVp10hz_ch2pga1.bin,250,2155,48148,1,0xA3,1,0,0,192,0,0,187499.977648,-25.235116,187499.977648,187499.977648,187499.977648,0.000000,0.000000,0.000000
8.713427,5uVp10hz_ch2pga1.bin,250,2156,48149,1,0xA3,1,0,0,192,0,0,187499.977648,-25.793910,187499.977648,187499.977648,187499.977648,0.000000,0.000000,0.000000
8.717426,5uVp10hz_ch2pga1.bin,250,2157,48150,1,0xA3,1,0,0,192,0,0,187499.977648,-26.509166,187499.977648,187499.977648,187499.977648,0.000000,0.000000,0.000000
8.721430,5uVp10hz_ch2pga1.bin,250,2158,48151,1,0xA3,1,0,0,192,0,0,187499.977648,-26.866794,187499.977648,187499.977648,187499.977648,0.000000,0.000000,0.000000
8.725430,5uVp10hz_ch2pga1.bin,250,2159,48152,1,0xA3,1,0,0,192,0,0,187499.977648,-26.531518,187499.977648,187499.977648,187499.977648,0.000000,0.000000,0.000000
8.729433,5uVp10hz_ch2pga1.bin,250,2160,48153,1,0xA3,1,0,0,192,0,0,187499.977648,-26.196241,187499.977648,187499.977648,187499.977648,0.000000,0.000000,0.000000
8.733434,5uVp10hz_ch2pga1.bin,250,2161,48154,1,0xA3,1,0,0,192,0,0,187499.977648,-25.682151,187499.977648,187499.977648,187499.977648,0.000000,0.000000,0.000000
8.737434,5uVp10hz_ch2pga1.bin,250,2162,48155,1,0xA3,1,0,0,192,0,0,187499.977648,-25.190413,187499.977648,187499.977648,187499.977648,0.000000,0.000000,0.000000
8.741437,5uVp10hz_ch2pga1.bin,250,2163,48156,1,0xA3,1,0,0,192,0,0,187499.977648,-25.145710,187499.977648,187499.977648,187499.977648,0.000000,0.000000,0.000000
8.745437,5uVp10hz_ch2pga1.bin,250,2164,48157,1,0xA3,1,0,0,192,0,0,187499.977648,-24.050474,187499.977648,187499.977648,187499.977648,0.000000,0.000000,0.000000
8.749440,5uVp10hz_ch2pga1.bin,250,2165,48158,1,0xA3,1,0,0,192,0,0,187499.977648,-23.044646,187499.977648,187499.977648,187499.977648,0.000000,0.000000,0.000000
8.753440,5uVp10hz_ch2pga1.bin,250,2166,48159,1,0xA3,1,0,0,192,0,0,187499.977648,-22.262335,187499.977648,187499.977648,187499.977648,0.000000,0.000000,0.000000
8.757443,5uVp10hz_ch2pga1.bin,250,2167,48160,1,0xA3,1,0,0,192,0,0,187499.977648,-21.949410,187499.977648,187499.977648,187499.977648,0.000000,0.000000,0.000000
8.761443,5uVp10hz_ch2pga1.bin,250,2168,48161,1,0xA3,1,0,0,192,0,0,187499.977648,-21.323562,187499.977648,187499.977648,187499.977648,0.000000,0.000000,0.000000
8.765446,5uVp10hz_ch2pga1.bin,250,2169,48162,1,0xA3,1,0,0,192,0,0,187499.977648,-21.010637,187499.977648,187499.977648,187499.977648,0.000000,0.000000,0.000000
8.769445,5uVp10hz_ch2pga1.bin,250,2170,48163,1,0xA3,1,0,0,192,0,0,187499.977648,-21.390617,187499.977648,187499.977648,187499.977648,0.000000,0.000000,0.000000
8.773448,5uVp10hz_ch2pga1.bin,250,2171,48164,1,0xA3,1,0,0,192,0,0,187499.977648,-20.943582,187499.977648,187499.977648,187499.977648,0.000000,0.000000,0.000000
8.777451,5uVp10hz_ch2pga1.bin,250,2172,48165,1,0xA3,1,0,0,192,0,0,187499.977648,-20.988286,187499.977648,187499.977648,187499.977648,0.000000,0.000000,0.000000
8.781451,5uVp10hz_ch2pga1.bin,250,2173,48166,1,0xA3,1,0,0,192,0,0,187499.977648,-21.949410,187499.977648,187499.977648,187499.977648,0.000000,0.000000,0.000000
8.785454,5uVp10hz_ch2pga1.bin,250,2174,48167,1,0xA3,1,0,0,192,0,0,187499.977648,-22.038817,187499.977648,187499.977648,187499.977648,0.000000,0.000000,0.000000
8.789454,5uVp10hz_ch2pga1.bin,250,2175,48168,1,0xA3,1,0,0,192,0,0,187499.977648,-22.284687,187499.977648,187499.977648,187499.977648,0.000000,0.000000,0.000000
8.793454,5uVp10hz_ch2pga1.bin,250,2176,48169,1,0xA3,1,0,0,192,0,0,187499.977648,-23.022294,187499.977648,187499.977648,187499.977648,0.000000,0.000000,0.000000
8.797458,5uVp10hz_ch2pga1.bin,250,2177,48170,1,0xA3,1,0,0,192,0,0,187499.977648,-23.938715,187499.977648,187499.977648,187499.977648,0.000000,0.000000,0.000000
8.801458,5uVp10hz_ch2pga1.bin,250,2178,48171,1,0xA3,1,0,0,192,0,0,187499.977648,-24.385750,187499.977648,187499.977648,187499.977648,0.000000,0.000000,0.000000
8.805462,5uVp10hz_ch2pga1.bin,250,2179,48172,1,0xA3,1,0,0,192,0,0,187499.977648,-24.944544,187499.977648,187499.977648,187499.977648,0.000000,0.000000,0.000000
8.809462,5uVp10hz_ch2pga1.bin,250,2180,48173,1,0xA3,1,0,0,192,0,0,187499.977648,-25.525689,187499.977648,187499.977648,187499.977648,0.000000,0.000000,0.000000
8.813465,5uVp10hz_ch2pga1.bin,250,2181,48174,1,0xA3,1,0,0,192,0,0,187499.977648,-25.749207,187499.977648,187499.977648,187499.977648,0.000000,0.000000,0.000000
8.817465,5uVp10hz_ch2pga1.bin,250,2182,48175,1,0xA3,1,0,0,192,0,0,187499.977648,-26.129186,187499.977648,187499.977648,187499.977648,0.000000,0.000000,0.000000
8.821468,5uVp10hz_ch2pga1.bin,250,2183,48176,1,0xA3,1,0,0,192,0,0,187499.977648,-26.397407,187499.977648,187499.977648,187499.977648,0.000000,0.000000,0.000000
8.825468,5uVp10hz_ch2pga1.bin,250,2184,48177,1,0xA3,1,0,0,192,0,0,187499.977648,-26.263297,187499.977648,187499.977648,187499.977648,0.000000,0.000000,0.000000
8.829471,5uVp10hz_ch2pga1.bin,250,2185,48178,1,0xA3,1,0,0,192,0,0,187499.977648,-25.659800,187499.977648,187499.977648,187499.977648,0.000000,0.000000,0.000000
8.833471,5uVp10hz_ch2pga1.bin,250,2186,48179,1,0xA3,1,0,0,192,0,0,187499.977648,-25.749207,187499.977648,187499.977648,187499.977648,0.000000,0.000000,0.000000
8.837471,5uVp10hz_ch2pga1.bin,250,2187,48180,1,0xA3,1,0,0,192,0,0,187499.977648,-25.346875,187499.977648,187499.977648,187499.977648,0.000000,0.000000,0.000000
8.841474,5uVp10hz_ch2pga1.bin,250,2188,48181,1,0xA3,1,0,0,192,0,0,187499.977648,-24.676323,187499.977648,187499.977648,187499.977648,0.000000,0.000000,0.000000
8.845474,5uVp10hz_ch2pga1.bin,250,2189,48182,1,0xA3,1,0,0,192,0,0,187499.977648,-23.514032,187499.977648,187499.977648,187499.977648,0.000000,0.000000,0.000000
8.849478,5uVp10hz_ch2pga1.bin,250,2190,48183,1,0xA3,1,0,0,192,0,0,187499.977648,-22.999942,187499.977648,187499.977648,187499.977648,0.000000,0.000000,0.000000
8.853478,5uVp10hz_ch2pga1.bin,250,2191,48184,1,0xA3,1,0,0,192,0,0,187499.977648,-22.351742,187499.977648,187499.977648,187499.977648,0.000000,0.000000,0.000000
8.857481,5uVp10hz_ch2pga1.bin,250,2192,48185,1,0xA3,1,0,0,192,0,0,187499.977648,-21.614134,187499.977648,187499.977648,187499.977648,0.000000,0.000000,0.000000
8.861481,5uVp10hz_ch2pga1.bin,250,2193,48186,1,0xA3,1,0,0,192,0,0,187499.977648,-21.703541,187499.977648,187499.977648,187499.977648,0.000000,0.000000,0.000000
8.865484,5uVp10hz_ch2pga1.bin,250,2194,48187,1,0xA3,1,0,0,192,0,0,187499.977648,-21.278858,187499.977648,187499.977648,187499.977648,0.000000,0.000000,0.000000
8.869483,5uVp10hz_ch2pga1.bin,250,2195,48188,1,0xA3,1,0,0,192,0,0,187499.977648,-20.407140,187499.977648,187499.977648,187499.977648,0.000000,0.000000,0.000000
8.873487,5uVp10hz_ch2pga1.bin,250,2196,48189,1,0xA3,1,0,0,192,0,0,187499.977648,-20.630658,187499.977648,187499.977648,187499.977648,0.000000,0.000000,0.000000
8.877488,5uVp10hz_ch2pga1.bin,250,2197,48190,1,0xA3,1,0,0,192,0,0,187499.977648,-21.323562,187499.977648,187499.977648,187499.977648,0.000000,0.000000,0.000000
8.881489,5uVp10hz_ch2pga1.bin,250,2198,48191,1,0xA3,1,0,0,192,0,0,187499.977648,-21.860003,187499.977648,187499.977648,187499.977648,0.000000,0.000000,0.000000
8.885492,5uVp10hz_ch2pga1.bin,250,2199,48192,1,0xA3,1,0,0,192,0,0,187499.977648,-21.368265,187499.977648,187499.977648,187499.977648,0.000000,0.000000,0.000000
8.889493,5uVp10hz_ch2pga1.bin,250,2200,48193,1,0xA3,1,0,0,192,0,0,187499.977648,-22.351742,187499.977648,187499.977648,187499.977648,0.000000,0.000000,0.000000
8.893493,5uVp10hz_ch2pga1.bin,250,2201,48194,1,0xA3,1,0,0,192,0,0,187499.977648,-23.446977,187499.977648,187499.977648,187499.977648,0.000000,0.000000,0.000000
8.897497,5uVp10hz_ch2pga1.bin,250,2202,48195,1,0xA3,1,0,0,192,0,0,187499.977648,-23.603439,187499.977648,187499.977648,187499.977648,0.000000,0.000000,0.000000
8.901497,5uVp10hz_ch2pga1.bin,250,2203,48196,1,0xA3,1,0,0,192,0,0,187499.977648,-24.206936,187499.977648,187499.977648,187499.977648,0.000000,0.000000,0.000000
8.905501,5uVp10hz_ch2pga1.bin,250,2204,48197,1,0xA3,1,0,0,192,0,0,187499.977648,-25.570393,187499.977648,187499.977648,187499.977648,0.000000,0.000000,0.000000
8.909500,5uVp10hz_ch2pga1.bin,250,2205,48198,1,0xA3,1,0,0,192,0,0,187499.977648,-25.726855,187499.977648,187499.977648,187499.977648,0.000000,0.000000,0.000000
8.913503,5uVp10hz_ch2pga1.bin,250,2206,48199,1,0xA3,1,0,0,192,0,0,187499.977648,-25.682151,187499.977648,187499.977648,187499.977648,0.000000,0.000000,0.000000
8.917502,5uVp10hz_ch2pga1.bin,250,2207,48200,1,0xA3,1,0,0,192,0,0,187499.977648,-26.911497,187499.977648,187499.977648,187499.977648,0.000000,0.000000,0.000000
8.921506,5uVp10hz_ch2pga1.bin,250,2208,48201,1,0xA3,1,0,0,192,0,0,187499.977648,-27.358532,187499.977648,187499.977648,187499.977648,0.000000,0.000000,0.000000
8.925505,5uVp10hz_ch2pga1.bin,250,2209,48202,1,0xA3,1,0,0,192,0,0,187499.977648,-26.464462,187499.977648,187499.977648,187499.977648,0.000000,0.000000,0.000000
8.929508,5uVp10hz_ch2pga1.bin,250,2210,48203,1,0xA3,1,0,0,192,0,0,187499.977648,-26.419759,187499.977648,187499.977648,187499.977648,0.000000,0.000000,0.000000
8.933511,5uVp10hz_ch2pga1.bin,250,2211,48204,1,0xA3,1,0,0,192,0,0,187499.977648,-25.905669,187499.977648,187499.977648,187499.977648,0.000000,0.000000,0.000000
8.937511,5uVp10hz_ch2pga1.bin,250,2212,48205,1,0xA3,1,0,0,192,0,0,187499.977648,-24.944544,187499.977648,187499.977648,187499.977648,0.000000,0.000000,0.000000
8.941514,5uVp10hz_ch2pga1.bin,250,2213,48206,1,0xA3,1,0,0,192,0,0,187499.977648,-24.452806,187499.977648,187499.977648,187499.977648,0.000000,0.000000,0.000000
8.945513,5uVp10hz_ch2pga1.bin,250,2214,48207,1,0xA3,1,0,0,192,0,0,187499.977648,-24.273992,187499.977648,187499.977648,187499.977648,0.000000,0.000000,0.000000
8.949517,5uVp10hz_ch2pga1.bin,250,2215,48208,1,0xA3,1,0,0,192,0,0,187499.977648,-23.290515,187499.977648,187499.977648,187499.977648,0.000000,0.000000,0.000000
8.953516,5uVp10hz_ch2pga1.bin,250,2216,48209,1,0xA3,1,0,0,192,0,0,187499.977648,-22.262335,187499.977648,187499.977648,187499.977648,0.000000,0.000000,0.000000
8.957519,5uVp10hz_ch2pga1.bin,250,2217,48210,1,0xA3,1,0,0,192,0,0,187499.977648,-21.949410,187499.977648,187499.977648,187499.977648,0.000000,0.000000,0.000000
8.961519,5uVp10hz_ch2pga1.bin,250,2218,48211,1,0xA3,1,0,0,192,0,0,187499.977648,-21.882355,187499.977648,187499.977648,187499.977648,0.000000,0.000000,0.000000
8.965522,5uVp10hz_ch2pga1.bin,250,2219,48212,1,0xA3,1,0,0,192,0,0,187499.977648,-21.032989,187499.977648,187499.977648,187499.977648,0.000000,0.000000,0.000000
8.969521,5uVp10hz_ch2pga1.bin,250,2220,48213,1,0xA3,1,0,0,192,0,0,187499.977648,-20.943582,187499.977648,187499.977648,187499.977648,0.000000,0.000000,0.000000
8.973525,5uVp10hz_ch2pga1.bin,250,2221,48214,1,0xA3,1,0,0,192,0,0,187499.977648,-21.189451,187499.977648,187499.977648,187499.977648,0.000000,0.000000,0.000000
8.977524,5uVp10hz_ch2pga1.bin,250,2222,48215,1,0xA3,1,0,0,192,0,0,187499.977648,-21.211803,187499.977648,187499.977648,187499.977648,0.000000,0.000000,0.000000
8.981527,5uVp10hz_ch2pga1.bin,250,2223,48216,1,0xA3,1,0,0,192,0,0,187499.977648,-21.323562,187499.977648,187499.977648,187499.977648,0.000000,0.000000,0.000000
8.985529,5uVp10hz_ch2pga1.bin,250,2224,48217,1,0xA3,1,0,0,192,0,0,187499.977648,-22.105873,187499.977648,187499.977648,187499.977648,0.000000,0.000000,0.000000
8.989528,5uVp10hz_ch2pga1.bin,250,2225,48218,1,0xA3,1,0,0,192,0,0,187499.977648,-22.955239,187499.977648,187499.977648,187499.977648,0.000000,0.000000,0.000000
8.993531,5uVp10hz_ch2pga1.bin,250,2226,48219,1,0xA3,1,0,0,192,0,0,187499.977648,-22.619963,187499.977648,187499.977648,187499.977648,0.000000,0.000000,0.000000
8.997534,5uVp10hz_ch2pga1.bin,250,2227,48220,1,0xA3,1,0,0,192,0,0,187499.977648,-23.178756,187499.977648,187499.977648,187499.977648,0.000000,0.000000,0.000000
9.001534,5uVp10hz_ch2pga1.bin,250,2228,48221,1,0xA3,1,0,0,192,0,0,187499.977648,-24.788082,187499.977648,187499.977648,187499.977648,0.000000,0.000000,0.000000
9.005537,5uVp10hz_ch2pga1.bin,250,2229,48222,1,0xA3,1,0,0,192,0,0,187499.977648,-24.698675,187499.977648,187499.977648,187499.977648,0.000000,0.000000,0.000000
9.009537,5uVp10hz_ch2pga1.bin,250,2230,48223,1,0xA3,1,0,0,192,0,0,187499.977648,-25.235116,187499.977648,187499.977648,187499.977648,0.000000,0.000000,0.000000
9.013539,5uVp10hz_ch2pga1.bin,250,2231,48224,1,0xA3,1,0,0,192,0,0,187499.977648,-26.285648,187499.977648,187499.977648,187499.977648,0.000000,0.000000,0.000000
9.017541,5uVp10hz_ch2pga1.bin,250,2232,48225,1,0xA3,1,0,0,192,0,0,187499.977648,-26.486814,187499.977648,187499.977648,187499.977648,0.000000,0.000000,0.000000
9.021540,5uVp10hz_ch2pga1.bin,250,2233,48226,1,0xA3,1,0,0,192,0,0,187499.977648,-26.196241,187499.977648,187499.977648,187499.977648,0.000000,0.000000,0.000000
9.025543,5uVp10hz_ch2pga1.bin,250,2234,48227,1,0xA3,1,0,0,192,0,0,187499.977648,-26.598573,187499.977648,187499.977648,187499.977648,0.000000,0.000000,0.000000
9.029545,5uVp10hz_ch2pga1.bin,250,2235,48228,1,0xA3,1,0,0,192,0,0,187499.977648,-26.464462,187499.977648,187499.977648,187499.977648,0.000000,0.000000,0.000000
9.033544,5uVp10hz_ch2pga1.bin,250,2236,48229,1,0xA3,1,0,0,192,0,0,187499.977648,-25.458634,187499.977648,187499.977648,187499.977648,0.000000,0.000000,0.000000
9.037546,5uVp10hz_ch2pga1.bin,250,2237,48230,1,0xA3,1,0,0,192,0,0,187499.977648,-25.190413,187499.977648,187499.977648,187499.977648,0.000000,0.000000,0.000000
9.041548,5uVp10hz_ch2pga1.bin,250,2238,48231,1,0xA3,1,0,0,192,0,0,187499.977648,-24.832785,187499.977648,187499.977648,187499.977648,0.000000,0.000000,0.000000
9.045550,5uVp10hz_ch2pga1.bin,250,2239,48232,1,0xA3,1,0,0,192,0,0,187499.977648,-23.826957,187499.977648,187499.977648,187499.977648,0.000000,0.000000,0.000000
9.049549,5uVp10hz_ch2pga1.bin,250,2240,48233,1,0xA3,1,0,0,192,0,0,187499.977648,-22.955239,187499.977648,187499.977648,187499.977648,0.000000,0.000000,0.000000
9.053550,5uVp10hz_ch2pga1.bin,250,2241,48234,1,0xA3,1,0,0,192,0,0,187499.977648,-22.754073,187499.977648,187499.977648,187499.977648,0.000000,0.000000,0.000000
9.057553,5uVp10hz_ch2pga1.bin,250,2242,48235,1,0xA3,1,0,0,192,0,0,187499.977648,-22.262335,187499.977648,187499.977648,187499.977648,0.000000,0.000000,0.000000
9.061552,5uVp10hz_ch2pga1.bin,250,2243,48236,1,0xA3,1,0,0,192,0,0,187499.977648,-21.234155,187499.977648,187499.977648,187499.977648,0.000000,0.000000,0.000000
9.065555,5uVp10hz_ch2pga1.bin,250,2244,48237,1,0xA3,1,0,0,192,0,0,187499.977648,-20.720065,187499.977648,187499.977648,187499.977648,0.000000,0.000000,0.000000
9.069555,5uVp10hz_ch2pga1.bin,250,2245,48238,1,0xA3,1,0,0,192,0,0,187499.977648,-21.032989,187499.977648,187499.977648,187499.977648,0.000000,0.000000,0.000000
9.073558,5uVp10hz_ch2pga1.bin,250,2246,48239,1,0xA3,1,0,0,192,0,0,187499.977648,-20.921230,187499.977648,187499.977648,187499.977648,0.000000,0.000000,0.000000
9.077561,5uVp10hz_ch2pga1.bin,250,2247,48240,1,0xA3,1,0,0,192,0,0,187499.977648,-20.921230,187499.977648,187499.977648,187499.977648,0.000000,0.000000,0.000000
9.081560,5uVp10hz_ch2pga1.bin,250,2248,48241,1,0xA3,1,0,0,192,0,0,187499.977648,-21.614134,187499.977648,187499.977648,187499.977648,0.000000,0.000000,0.000000
9.085563,5uVp10hz_ch2pga1.bin,250,2249,48242,1,0xA3,1,0,0,192,0,0,187499.977648,-21.927059,187499.977648,187499.977648,187499.977648,0.000000,0.000000,0.000000
9.089563,5uVp10hz_ch2pga1.bin,250,2250,48243,1,0xA3,1,0,0,192,0,0,187499.977648,-22.217631,187499.977648,187499.977648,187499.977648,0.000000,0.000000,0.000000
9.093566,5uVp10hz_ch2pga1.bin,250,2251,48244,1,0xA3,1,0,0,192,0,0,187499.977648,-22.821128,187499.977648,187499.977648,187499.977648,0.000000,0.000000,0.000000
9.097567,5uVp10hz_ch2pga1.bin,250,2252,48245,1,0xA3,1,0,0,192,0,0,187499.977648,-24.117529,187499.977648,187499.977648,187499.977648,0.000000,0.000000,0.000000
9.101570,5uVp10hz_ch2pga1.bin,250,2253,48246,1,0xA3,1,0,0,192,0,0,187499.977648,-24.586916,187499.977648,187499.977648,187499.977648,0.000000,0.000000,0.000000
9.105570,5uVp10hz_ch2pga1.bin,250,2254,48247,1,0xA3,1,0,0,192,0,0,187499.977648,-24.721026,187499.977648,187499.977648,187499.977648,0.000000,0.000000,0.000000
9.109571,5uVp10hz_ch2pga1.bin,250,2255,48248,1,0xA3,1,0,0,192,0,0,187499.977648,-25.637448,187499.977648,187499.977648,187499.977648,0.000000,0.000000,0.000000
9.113575,5uVp10hz_ch2pga1.bin,250,2256,48249,1,0xA3,1,0,0,192,0,0,187499.977648,-25.838614,187499.977648,187499.977648,187499.977648,0.000000,0.000000,0.000000
9.117575,5uVp10hz_ch2pga1.bin,250,2257,48250,1,0xA3,1,0,0,192,0,0,187499.977648,-26.240945,187499.977648,187499.977648,187499.977648,0.000000,0.000000,0.000000
9.121578,5uVp10hz_ch2pga1.bin,250,2258,48251,1,0xA3,1,0,0,192,0,0,187499.977648,-26.799738,187499.977648,187499.977648,187499.977648,0.000000,0.000000,0.000000
9.125577,5uVp10hz_ch2pga1.bin,250,2259,48252,1,0xA3,1,0,0,192,0,0,187499.977648,-26.687980,187499.977648,187499.977648,187499.977648,0.000000,0.000000,0.000000
9.129579,5uVp10hz_ch2pga1.bin,250,2260,48253,1,0xA3,1,0,0,192,0,0,187499.977648,-25.838614,187499.977648,187499.977648,187499.977648,0.000000,0.000000,0.000000
9.133582,5uVp10hz_ch2pga1.bin,250,2261,48254,1,0xA3,1,0,0,192,0,0,187499.977648,-25.749207,187499.977648,187499.977648,187499.977648,0.000000,0.000000,0.000000
9.137581,5uVp10hz_ch2pga1.bin,250,2262,48255,1,0xA3,1,0,0,192,0,0,187499.977648,-25.726855,187499.977648,187499.977648,187499.977648,0.000000,0.000000,0.000000
9.141583,5uVp10hz_ch2pga1.bin,250,2263,48256,1,0xA3,1,0,0,192,0,0,187499.977648,-24.721026,187499.977648,187499.977648,187499.977648,0.000000,0.000000,0.000000
9.145586,5uVp10hz_ch2pga1.bin,250,2264,48257,1,0xA3,1,0,0,192,0,0,187499.977648,-23.849308,187499.977648,187499.977648,187499.977648,0.000000,0.000000,0.000000
9.149587,5uVp10hz_ch2pga1.bin,250,2265,48258,1,0xA3,1,0,0,192,0,0,187499.977648,-23.089349,187499.977648,187499.977648,187499.977648,0.000000,0.000000,0.000000
9.153587,5uVp10hz_ch2pga1.bin,250,2266,48259,1,0xA3,1,0,0,192,0,0,187499.977648,-22.463500,187499.977648,187499.977648,187499.977648,0.000000,0.000000,0.000000
9.157590,5uVp10hz_ch2pga1.bin,250,2267,48260,1,0xA3,1,0,0,192,0,0,187499.977648,-21.748245,187499.977648,187499.977648,187499.977648,0.000000,0.000000,0.000000
9.161590,5uVp10hz_ch2pga1.bin,250,2268,48261,1,0xA3,1,0,0,192,0,0,187499.977648,-21.390617,187499.977648,187499.977648,187499.977648,0.000000,0.000000,0.000000
9.165594,5uVp10hz_ch2pga1.bin,250,2269,48262,1,0xA3,1,0,0,192,0,0,187499.977648,-20.943582,187499.977648,187499.977648,187499.977648,0.000000,0.000000,0.000000
9.169594,5uVp10hz_ch2pga1.bin,250,2270,48263,1,0xA3,1,0,0,192,0,0,187499.977648,-20.720065,187499.977648,187499.977648,187499.977648,0.000000,0.000000,0.000000
9.173594,5uVp10hz_ch2pga1.bin,250,2271,48264,1,0xA3,1,0,0,192,0,0,187499.977648,-20.921230,187499.977648,187499.977648,187499.977648,0.000000,0.000000,0.000000
9.177598,5uVp10hz_ch2pga1.bin,250,2272,48265,1,0xA3,1,0,0,192,0,0,187499.977648,-21.211803,187499.977648,187499.977648,187499.977648,0.000000,0.000000,0.000000
9.181598,5uVp10hz_ch2pga1.bin,250,2273,48266,1,0xA3,1,0,0,192,0,0,187499.977648,-21.412969,187499.977648,187499.977648,187499.977648,0.000000,0.000000,0.000000
9.185602,5uVp10hz_ch2pga1.bin,250,2274,48267,1,0xA3,1,0,0,192,0,0,187499.977648,-21.949410,187499.977648,187499.977648,187499.977648,0.000000,0.000000,0.000000
9.189602,5uVp10hz_ch2pga1.bin,250,2275,48268,1,0xA3,1,0,0,192,0,0,187499.977648,-22.664666,187499.977648,187499.977648,187499.977648,0.000000,0.000000,0.000000
9.193602,5uVp10hz_ch2pga1.bin,250,2276,48269,1,0xA3,1,0,0,192,0,0,187499.977648,-23.558736,187499.977648,187499.977648,187499.977648,0.000000,0.000000,0.000000
9.197606,5uVp10hz_ch2pga1.bin,250,2277,48270,1,0xA3,1,0,0,192,0,0,187499.977648,-23.871660,187499.977648,187499.977648,187499.977648,0.000000,0.000000,0.000000
9.201606,5uVp10hz_ch2pga1.bin,250,2278,48271,1,0xA3,1,0,0,192,0,0,187499.977648,-24.519861,187499.977648,187499.977648,187499.977648,0.000000,0.000000,0.000000
9.205610,5uVp10hz_ch2pga1.bin,250,2279,48272,1,0xA3,1,0,0,192,0,0,187499.977648,-25.235116,187499.977648,187499.977648,187499.977648,0.000000,0.000000,0.000000
9.209611,5uVp10hz_ch2pga1.bin,250,2280,48273,1,0xA3,1,0,0,192,0,0,187499.977648,-25.436282,187499.977648,187499.977648,187499.977648,0.000000,0.000000,0.000000
9.213611,5uVp10hz_ch2pga1.bin,250,2281,48274,1,0xA3,1,0,0,192,0,0,187499.977648,-25.480986,187499.977648,187499.977648,187499.977648,0.000000,0.000000,0.000000
9.217615,5uVp10hz_ch2pga1.bin,250,2282,48275,1,0xA3,1,0,0,192,0,0,187499.977648,-26.531518,187499.977648,187499.977648,187499.977648,0.000000,0.000000,0.000000
9.221616,5uVp10hz_ch2pga1.bin,250,2283,48276,1,0xA3,1,0,0,192,0,0,187499.977648,-26.710331,187499.977648,187499.977648,187499.977648,0.000000,0.000000,0.000000
9.225616,5uVp10hz_ch2pga1.bin,250,2284,48277,1,0xA3,1,0,0,192,0,0,187499.977648,-26.173890,187499.977648,187499.977648,187499.977648,0.000000,0.000000,0.000000
9.229620,5uVp10hz_ch2pga1.bin,250,2285,48278,1,0xA3,1,0,0,192,0,0,187499.977648,-26.375055,187499.977648,187499.977648,187499.977648,0.000000,0.000000,0.000000
9.233621,5uVp10hz_ch2pga1.bin,250,2286,48279,1,0xA3,1,0,0,192,0,0,187499.977648,-26.397407,187499.977648,187499.977648,187499.977648,0.000000,0.000000,0.000000
9.237622,5uVp10hz_ch2pga1.bin,250,2287,48280,1,0xA3,1,0,0,192,0,0,187499.977648,-25.570393,187499.977648,187499.977648,187499.977648,0.000000,0.000000,0.000000
9.241623,5uVp10hz_ch2pga1.bin,250,2288,48281,1,0xA3,1,0,0,192,0,0,187499.977648,-24.341047,187499.977648,187499.977648,187499.977648,0.000000,0.000000,0.000000
9.245626,5uVp10hz_ch2pga1.bin,250,2289,48282,1,0xA3,1,0,0,192,0,0,187499.977648,-24.005771,187499.977648,187499.977648,187499.977648,0.000000,0.000000,0.000000
9.249627,5uVp10hz_ch2pga1.bin,250,2290,48283,1,0xA3,1,0,0,192,0,0,187499.977648,-23.357570,187499.977648,187499.977648,187499.977648,0.000000,0.000000,0.000000
9.253627,5uVp10hz_ch2pga1.bin,250,2291,48284,1,0xA3,1,0,0,192,0,0,187499.977648,-22.418797,187499.977648,187499.977648,187499.977648,0.000000,0.000000,0.000000
9.257631,5uVp10hz_ch2pga1.bin,250,2292,48285,1,0xA3,1,0,0,192,0,0,187499.977648,-22.038817,187499.977648,187499.977648,187499.977648,0.000000,0.000000,0.000000
9.261631,5uVp10hz_ch2pga1.bin,250,2293,48286,1,0xA3,1,0,0,192,0,0,187499.977648,-21.837652,187499.977648,187499.977648,187499.977648,0.000000,0.000000,0.000000
9.265634,5uVp10hz_ch2pga1.bin,250,2294,48287,1,0xA3,1,0,0,192,0,0,187499.977648,-21.077693,187499.977648,187499.977648,187499.977648,0.000000,0.000000,0.000000
9.269635,5uVp10hz_ch2pga1.bin,250,2295,48288,1,0xA3,1,0,0,192,0,0,187499.977648,-20.653009,187499.977648,187499.977648,187499.977648,0.000000,0.000000,0.000000
9.273635,5uVp10hz_ch2pga1.bin,250,2296,48289,1,0xA3,1,0,0,192,0,0,187499.977648,-21.032989,187499.977648,187499.977648,187499.977648,0.000000,0.000000,0.000000
9.277639,5uVp10hz_ch2pga1.bin,250,2297,48290,1,0xA3,1,0,0,192,0,0,187499.977648,-21.189451,187499.977648,187499.977648,187499.977648,0.000000,0.000000,0.000000
9.281639,5uVp10hz_ch2pga1.bin,250,2298,48291,1,0xA3,1,0,0,192,0,0,187499.977648,-21.211803,187499.977648,187499.977648,187499.977648,0.000000,0.000000,0.000000
9.285641,5uVp10hz_ch2pga1.bin,250,2299,48292,1,0xA3,1,0,0,192,0,0,187499.977648,-21.927059,187499.977648,187499.977648,187499.977648,0.000000,0.000000,0.000000
9.289643,5uVp10hz_ch2pga1.bin,250,2300,48293,1,0xA3,1,0,0,192,0,0,187499.977648,-22.508204,187499.977648,187499.977648,187499.977648,0.000000,0.000000,0.000000
9.293643,5uVp10hz_ch2pga1.bin,250,2301,48294,1,0xA3,1,0,0,192,0,0,187499.977648,-23.178756,187499.977648,187499.977648,187499.977648,0.000000,0.000000,0.000000
9.297646,5uVp10hz_ch2pga1.bin,250,2302,48295,1,0xA3,1,0,0,192,0,0,187499.977648,-23.916364,187499.977648,187499.977648,187499.977648,0.000000,0.000000,0.000000
9.301645,5uVp10hz_ch2pga1.bin,250,2303,48296,1,0xA3,1,0,0,192,0,0,187499.977648,-24.586916,187499.977648,187499.977648,187499.977648,0.000000,0.000000,0.000000
9.305648,5uVp10hz_ch2pga1.bin,250,2304,48297,1,0xA3,1,0,0,192,0,0,187499.977648,-25.078654,187499.977648,187499.977648,187499.977648,0.000000,0.000000,0.000000
9.309651,5uVp10hz_ch2pga1.bin,250,2305,48298,1,0xA3,1,0,0,192,0,0,187499.977648,-25.324523,187499.977648,187499.977648,187499.977648,0.000000,0.000000,0.000000
9.313650,5uVp10hz_ch2pga1.bin,250,2306,48299,1,0xA3,1,0,0,192,0,0,187499.977648,-25.883317,187499.977648,187499.977648,187499.977648,0.000000,0.000000,0.000000
9.317653,5uVp10hz_ch2pga1.bin,250,2307,48300,1,0xA3,1,0,0,192,0,0,187499.977648,-26.911497,187499.977648,187499.977648,187499.977648,0.000000,0.000000,0.000000
9.321653,5uVp10hz_ch2pga1.bin,250,2308,48301,1,0xA3,1,0,0,192,0,0,187499.977648,-26.352704,187499.977648,187499.977648,187499.977648,0.000000,0.000000,0.000000
9.325656,5uVp10hz_ch2pga1.bin,250,2309,48302,1,0xA3,1,0,0,192,0,0,187499.977648,-26.486814,187499.977648,187499.977648,187499.977648,0.000000,0.000000,0.000000
9.329656,5uVp10hz_ch2pga1.bin,250,2310,48303,1,0xA3,1,0,0,192,0,0,187499.977648,-26.352704,187499.977648,187499.977648,187499.977648,0.000000,0.000000,0.000000
9.333659,5uVp10hz_ch2pga1.bin,250,2311,48304,1,0xA3,1,0,0,192,0,0,187499.977648,-25.838614,187499.977648,187499.977648,187499.977648,0.000000,0.000000,0.000000
9.337659,5uVp10hz_ch2pga1.bin,250,2312,48305,1,0xA3,1,0,0,192,0,0,187499.977648,-25.480986,187499.977648,187499.977648,187499.977648,0.000000,0.000000,0.000000
9.341662,5uVp10hz_ch2pga1.bin,250,2313,48306,1,0xA3,1,0,0,192,0,0,187499.977648,-25.078654,187499.977648,187499.977648,187499.977648,0.000000,0.000000,0.000000
9.345662,5uVp10hz_ch2pga1.bin,250,2314,48307,1,0xA3,1,0,0,192,0,0,187499.977648,-23.894012,187499.977648,187499.977648,187499.977648,0.000000,0.000000,0.000000
9.349666,5uVp10hz_ch2pga1.bin,250,2315,48308,1,0xA3,1,0,0,192,0,0,187499.977648,-22.955239,187499.977648,187499.977648,187499.977648,0.000000,0.000000,0.000000
9.353665,5uVp10hz_ch2pga1.bin,250,2316,48309,1,0xA3,1,0,0,192,0,0,187499.977648,-22.530556,187499.977648,187499.977648,187499.977648,0.000000,0.000000,0.000000
9.357668,5uVp10hz_ch2pga1.bin,250,2317,48310,1,0xA3,1,0,0,192,0,0,187499.977648,-22.083521,187499.977648,187499.977648,187499.977648,0.000000,0.000000,0.000000
9.361669,5uVp10hz_ch2pga1.bin,250,2318,48311,1,0xA3,1,0,0,192,0,0,187499.977648,-21.524727,187499.977648,187499.977648,187499.977648,0.000000,0.000000,0.000000
9.365669,5uVp10hz_ch2pga1.bin,250,2319,48312,1,0xA3,1,0,0,192,0,0,187499.977648,-20.831823,187499.977648,187499.977648,187499.977648,0.000000,0.000000,0.000000
4294.907268,5uVp10hz_ch2pga1.bin,250,2320,45970,1,0xA3,1,0,0,192,0,0,45735.821128,-21.055341,67175.723612,66882.021725,60594.655573,0.000000,0.000000,0.000000
4294.911272,5uVp10hz_ch2pga1.bin,250,2321,45971,1,0xA3,1,0,0,192,0,0,45739.263296,-20.988286,67181.356251,66888.079047,60599.014163,0.000000,0.000000,0.000000
4294.915272,5uVp10hz_ch2pga1.bin,250,2322,45972,1,0xA3,1,0,0,192,0,0,45742.526650,-20.988286,67186.854780,66894.024611,60603.193939,0.000000,0.000000,0.000000
4294.919272,5uVp10hz_ch2pga1.bin,250,2323,45973,1,0xA3,1,0,0,192,0,0,45745.745301,-20.943582,67192.442715,66899.970174,60607.463121,0.000000,0.000000,0.000000
4294.923276,5uVp10hz_ch2pga1.bin,250,2324,45974,1,0xA3,1,0,0,192,0,0,45749.008656,-20.854175,67198.030651,66905.982792,60611.620545,0.000000,0.000000,0.000000
4294.927276,5uVp10hz_ch2pga1.bin,250,2325,45975,1,0xA3,1,0,0,192,0,0,45752.361417,-20.831823,67203.596234,66911.973059,60615.912080,0.000000,0.000000,0.000000
4294.931279,5uVp10hz_ch2pga1.bin,250,2326,45976,1,0xA3,1,0,0,192,0,0,45755.758882,-20.831823,67209.139466,66917.940974,60620.136559,0.000000,0.000000,0.000000
4294.935280,5uVp10hz_ch2pga1.bin,250,2327,45977,1,0xA3,1,0,0,192,0,0,45759.133995,-20.831823,67214.749753,66923.953593,60624.383390,0.000000,0.000000,0.000000
4294.939280,5uVp10hz_ch2pga1.bin,250,2328,45978,1,0xA3,1,0,0,192,0,0,45762.397349,-20.831823,67220.360041,66930.010915,60628.652573,0.000000,0.000000,0.000000
4294.943283,5uVp10hz_ch2pga1.bin,250,2329,45979,1,0xA3,1,0,0,192,0,0,45765.794814,-20.764768,67226.015031,66936.023533,60632.988811,0.000000,0.000000,0.000000
4294.947283,5uVp10hz_ch2pga1.bin,250,2330,45980,1,0xA3,1,0,0,192,0,0,45769.259334,-20.831823,67231.670022,66942.147911,60637.235641,0.000000,0.000000,0.000000
4294.951287,5uVp10hz_ch2pga1.bin,250,2331,45981,1,0xA3,1,0,0,192,0,0,45772.746205,-20.854175,67237.347364,66948.339343,60641.683638,0.000000,0.000000,0.000000
4294.955288,5uVp10hz_ch2pga1.bin,250,2332,45982,1,0xA3,1,0,0,192,0,0,45776.166022,-20.943582,67243.114114,66954.530776,60646.109283,0.000000,0.000000,0.000000
